0000
0000
0000
0000
0000
0000
0000
0000
0000
0000
0000
0000
0000
0000
0000
0000
0000
0000
0000
0000
0000
0000
0000
0000
0000
0000
0000
0000
0000
0000
0000
0000
0000
0000
0000
0000
0000
0000
0000
0000
0000
0000
0000
0000
0000
0000
0000
0000
0000
0000
0000
0000
0000
0000
0000
0000
0000
0000
0000
0000
0000
0000
0000
0000
0001
0000
0000
0000
0000
0000
0000
0000
0000
0001
0000
0000
0000
0000
0000
0000
0000
0000
0001
0000
0000
0000
0000
0000
0000
0000
0000
0001
0000
0000
0000
0000
0000
0000
0000
0000
0001
0000
0000
0000
0000
0000
0000
0000
0000
0001
0000
0000
0000
0000
0000
0000
0000
0000
0001
0000
0000
0000
0000
0000
0000
0000
0000
0001
0001
0000
0000
0000
0000
0000
0000
0000
0000
0001
0000
0000
0000
0000
0000
0000
0000
0000
0001
0000
0000
0000
0000
0000
0000
0000
0000
0001
0000
0000
0000
0000
0000
0000
0000
0000
0001
0000
0000
0000
0000
0000
0000
0000
0000
0001
0000
0000
0000
0000
0000
0000
0000
0000
0001
0000
0000
0000
0000
0000
0000
0000
0000
0001
089d
241c
727f
75b2
b8e4
9687
e205
5b77
5849
6b86
bcf8
2ae9
ff0c
9bdd
c4fa
5397
d576
5524
939d
ffd3
405f
43de
690f
12d4
fae3
9132
ba5c
fbd5
a467
356b
fdbc
4b02
ceec
4010
4237
7126
b815
e991
3421
56fc
8f86
5cbb
29ea
f410
940f
a0c0
208a
fd4d
a2ac
f72f
b7c7
4972
3fc5
3515
d636
d225
720e
2cec
f225
87a6
b489
49f0
c3a5
91ae
0001
0001
0001
0001
0001
0001
0001
0001
0001
0001
0001
0001
0001
0001
0001
0001
0001
0001
0001
0001
0001
0001
0001
0001
0001
0001
0001
0001
0001
0001
0001
0001
0001
0001
0001
0001
0001
0001
0001
0001
0001
0001
0001
0001
0001
0001
0001
0001
0001
0001
0001
0001
0001
0001
0001
0001
0001
0001
0001
0001
0001
0001
0001
0001
0001
0000
0000
0000
0000
0000
0000
0000
0000
0000
0000
0000
0000
0000
0000
0000
0000
0000
0000
0000
0000
0000
0000
0000
0000
0000
0000
0000
0000
0000
0000
0000
0000
0000
0000
0000
0000
0000
0000
0000
0000
0000
0000
0000
0000
0000
0000
0000
0000
0000
0000
0000
0000
0000
0000
0000
0000
0000
0000
0000
0000
0000
0000
0000
0000
0000
0000
0000
0000
0000
0000
0000
0000
0000
0000
0000
0000
0000
0000
0000
0000
0000
0000
0000
0000
0000
0000
0000
0000
0000
0000
0000
0000
0000
0000
0000
0000
0000
0000
0000
0000
0000
0000
0000
0000
0000
0000
0000
0000
0000
0000
0000
0000
0000
0000
0000
0000
0000
0000
0000
0000
0000
0000
0000
0000
0000
0000
0001
0001
0002
0003
0004
0005
0006
0007
0008
0009
000a
000b
000c
000d
000e
000f
0010
0011
0012
0013
0014
0015
0016
0017
0018
0019
001a
001b
001c
001d
001e
001f
0020
0021
0022
0023
0024
0025
0026
0027
0028
0029
002a
002b
002c
002d
002e
002f
0030
0031
0032
0033
0034
0035
0036
0037
0038
0039
003a
003b
003c
003d
003e
003f
0040
0001
0002
0003
0004
0005
0006
0007
0008
0009
000a
000b
000c
000d
000e
000f
0010
0011
0012
0013
0014
0015
0016
0017
0018
0019
001a
001b
001c
001d
001e
001f
0020
0021
0022
0023
0024
0025
0026
0027
0028
0029
002a
002b
002c
002d
002e
002f
0030
0031
0032
0033
0034
0035
0036
0037
0038
0039
003a
003b
003c
003d
003e
003f
0040
0001
ffff
0001
ffff
0001
ffff
0001
ffff
ffff
0001
ffff
0001
ffff
0001
ffff
0001
0001
ffff
0001
ffff
0001
ffff
0001
ffff
ffff
0001
ffff
0001
ffff
0001
ffff
0001
0001
ffff
0001
ffff
0001
ffff
0001
ffff
ffff
0001
ffff
0001
ffff
0001
ffff
0001
0001
ffff
0001
ffff
0001
ffff
0001
ffff
ffff
0001
ffff
0001
ffff
0001
ffff
0001
7fff
7fff
7fff
7fff
7fff
7fff
7fff
7fff
7fff
7fff
7fff
7fff
7fff
7fff
7fff
7fff
7fff
7fff
7fff
7fff
7fff
7fff
7fff
7fff
7fff
7fff
7fff
7fff
7fff
7fff
7fff
7fff
7fff
7fff
7fff
7fff
7fff
7fff
7fff
7fff
7fff
7fff
7fff
7fff
7fff
7fff
7fff
7fff
7fff
7fff
7fff
7fff
7fff
7fff
7fff
7fff
7fff
7fff
7fff
7fff
7fff
7fff
7fff
7fff
8000
8000
8000
8000
8000
8000
8000
8000
8000
8000
8000
8000
8000
8000
8000
8000
8000
8000
8000
8000
8000
8000
8000
8000
8000
8000
8000
8000
8000
8000
8000
8000
8000
8000
8000
8000
8000
8000
8000
8000
8000
8000
8000
8000
8000
8000
8000
8000
8000
8000
8000
8000
8000
8000
8000
8000
8000
8000
8000
8000
8000
8000
8000
8000
7fff
7fff
7fff
7fff
7fff
7fff
7fff
7fff
7fff
7fff
7fff
7fff
7fff
7fff
7fff
7fff
7fff
7fff
7fff
7fff
7fff
7fff
7fff
7fff
7fff
7fff
7fff
7fff
7fff
7fff
7fff
7fff
7fff
7fff
7fff
7fff
7fff
7fff
7fff
7fff
7fff
7fff
7fff
7fff
7fff
7fff
7fff
7fff
7fff
7fff
7fff
7fff
7fff
7fff
7fff
7fff
7fff
7fff
7fff
7fff
7fff
7fff
7fff
7fff
8000
8000
8000
8000
8000
8000
8000
8000
8000
8000
8000
8000
8000
8000
8000
8000
8000
8000
8000
8000
8000
8000
8000
8000
8000
8000
8000
8000
8000
8000
8000
8000
8000
8000
8000
8000
8000
8000
8000
8000
8000
8000
8000
8000
8000
8000
8000
8000
8000
8000
8000
8000
8000
8000
8000
8000
8000
8000
8000
8000
8000
8000
8000
8000
fffd
fffe
0002
0000
fffc
fffd
0002
0002
fffd
0003
0001
0001
fffd
fffc
fffe
0001
0004
0002
fffe
fffe
fffe
fffd
0003
0000
0003
ffff
0002
0000
ffff
0001
fffd
fffe
fffd
ffff
fffd
0000
0003
fffd
fffd
0001
fffd
ffff
fffc
fffe
0002
0003
0002
fffe
0001
0003
fffe
fffd
fffe
0003
fffc
0004
0003
0001
fffd
0002
0001
fffe
ffff
ffff
ffff
ffff
ffff
0001
ffff
ffff
0000
ffff
0000
0000
0001
0001
0001
0001
ffff
ffff
ffff
0001
0001
0001
0001
0001
0000
0000
0001
ffff
ffff
ffff
ffff
0001
0001
ffff
ffff
0000
ffff
0000
ffff
ffff
ffff
ffff
ffff
0001
0000
0000
0000
ffff
ffff
0001
0001
0000
ffff
ffff
ffff
0001
ffff
0001
ffff
0000
ffff
0000
ffff
0000
ffff
0001
3456
8200
4b97
ca0b
a36e
6eb3
44d2
2124
0567
63bc
f960
d542
cecc
0410
53e7
c6bd
cdd4
d6a8
a9ef
1c6c
3734
b5d3
0b5f
ecd5
2878
73e7
2e63
6b00
a2bf
e5e3
cf2f
59ba
5f51
32cb
f282
f871
c811
06b0
e4d0
0ca7
41e9
f79a
cf22
187b
ab62
6157
aa69
7bf8
44b9
a883
2d18
8334
2713
36df
4623
b8e7
93f3
db0b
90c5
0439
42fd
4683
8094
9ff2
0544
be04
d51b
8c1e
c6e7
3a9e
a9c1
55ea
b4f9
d8be
dfb1
41ef
34f3
f7bc
e005
b4c8
d5a8
90cf
593e
eedf
2d17
58df
a779
3044
2314
35d0
f080
2e50
b9a3
e028
2e8a
b42c
75cc
2edf
db74
9b83
36db
079e
e5c1
e934
7c09
0f0b
2b9f
4e81
0d92
eb61
0b92
83a8
ca69
8e8f
6068
ed15
36b6
4108
b44d
31db
4871
7ce6
060a
fc2b
b998
3ab4
65b4
19be
c4e5
8347
6c0e
516f
f0c0
860f
aacb
42b8
8932
a4a9
d6c4
4d7d
38a5
dc68
7975
0ddb
2450
3318
e92b
da05
1c26
716e
faba
2b86
d605
4823
9def
0641
3fbd
a1a4
4d7d
8498
1015
e624
8e4b
9b95
2627
eb7c
2a10
3fed
4678
eab7
7001
84b1
3d18
6b24
5c4a
8265
79a4
4ea1
11b7
6e99
1bf9
9202
74de
9aac
a58a
350b
c453
e3e4
695a
e473
09e0
7372
e4da
db24
9b6c
572d
a43a
19e7
8d3f
68d4
c50c
3549
51ac
f9b6
efe5
d861
13f6
7a95
3851
807a
f1a6
313d
e5a3
4104
b9a8
5c59
dbfe
0241
387e
225a
cdce
a04b
50ff
3a3f
3244
2a28
ebbc
ac96
36bb
8056
6268
e942
22f8
1e44
0ff8
5e7c
9e12
25e5
88d3
db11
2027
f7f4
61ee
2a25
30a3
da19
2cca
299e
650b
c5ce
d616
fed1
05b6
b6f4
78b4
01a0
6dbb
d8b9
0e47
a357
3c97
8992
3ddc
1399
963b
f6a4
b3a3
3344
4231
677f
5e4b
dde9
fc13
6aab
a2b9
badd
2efa
f1ee
9cda
33ee
636e
0035
bc08
fb8d
de6c
c24a
760b
f820
1ba1
1189
91d6
928d
0fc0
d97f
c3b8
1f0c
9a73
9be7
1305
f1eb
c0e6
a603
616a
7762
e60c
446f
db28
f2d8
2054
493f
7262
e25f
546b
e74b
8e86
935f
00a6
1fda
cf15
1a21
b0d5
89c5
1141
e70f
c355
7a9c
0034
f818
d704
19f7
1754
8f60
eea4
394d
d55c
b385
09cf
9fa8
7571
420f
2f67
f67c
b0d4
85bc
3af1
26c9
f5c4
7032
ef7a
aa7d
3de8
f453
55b6
ec5d
1b2e
6657
508b
b4d8
c00c
f19f
5ec9
25fb
8e87
9184
0f9a
5936
785c
7a04
290d
15d6
ee5e
aa60
6b0e
1e77
f612
4c7b
e484
b5b9
42b2
6695
28d5
10a9
4ad1
3231
37cf
3ccc
8aaf
e457
9ec7
7c7a
a6ca
963f
7694
9055
97e5
24e8
3396
6c1f
9110
2f63
9cfe
94d4
a47a
2173
3beb
bff7
6076
3f38
c805
4d23
f72e
694e
6350
3066
fd0a
2a24
7828
25d0
ccb5
5faa
5192
9c73
4abd
f4b1
5401
c722
e100
f5cd
40a9
ff49
4ef7
0e84
db34
45db
527e
6e9e
4520
a1fa
a0e3
f26d
e44b
dee8
cf9d
6643
c59f
4c4c
5060
1cc6
8dd6
a22f
5ef7
fb37
99b5
916d
3d91
a47e
cf92
8bbb
e5a0
26b2
c29e
f6af
42ef
3aee
5404
b182
9093
b4bb
feb9
a678
9bed
93ce
77ec
0c86
82e8
c82c
2b23
2551
7341
86f2
ee34
8d40
560e
dcd7
aa54
1c6e
d117
d935
9f8d
ffd8
b2d7
45e8
be61
83f2
c349
d86b
8c85
f322
0206
b672
ee5e
18aa
1235
1767
3627
a76b
b4d9
2410
c922
ce56
848b
e112
7d71
b428
6f43
3d31
1439
f49f
c7c3
082c
0521
98a1
e701
b9be
5a5e
7a0d
eed6
0b95
329f
3ad5
dc28
f271
f30f
3d00
1195
5bf5
e2e2
d189
c55b
5200
ef58
88d2
ad83
9129
3003
5403
f430
4749
43c2
2f06
8864
cb15
84b6
45ab
5a4d
9159
4d46
be24
be60
d3f4
a935
b593
8510
e284
0495
e145
03e9
70de
02b2
59ee
b36f
945f
8806
4999
23a4
9108
a4f5
84e8
9fdb
2639
5a77
c828
27cf
65c7
3731
003f
b400
0218
9ebd
c68e
9276
165c
1892
477b
9345
ede5
e4b9
be39
3152
d27a
810f
a79e
4b91
f9c8
fc8d
d61b
d7d3
f98f
1aa8
5af1
806b
3232
9eb1
962c
775b
925f
a7a2
3d62
6473
1e07
85d9
505f
cd70
e915
e824
098c
cce8
2693
49d1
a314
0a13
282b
26bb
fdb8
2416
9a3d
de31
25e2
9075
ccff
e53f
3fe3
b34e
46b9
97e0
8e28
cdce
9de9
173b
7e7d
2094
ebfb
8ce6
890c
a687
8b33
fc8c
4099
cc42
f674
aabc
fc87
cd2c
0095
cc69
eaf1
5ead
bc2d
4ba4
2000
2ea7
71db
5076
cef0
5f8e
56de
5081
9ea5
6391
3a15
b888
8c26
475f
d048
ef29
24b3
bd91
24bd
0a06
3f74
a50f
1729
52f6
08ec
3982
1aa3
6708
dd64
c3dd
c2b6
537c
a87d
163d
72a8
b032
9c48
de3a
7249
2eb2
d2f8
0737
005a
9975
1d4d
a9d4
7418
3d17
8a19
3b9f
74d3
f65d
8551
3bc5
e42b
75f7
f57d
1a51
8b38
836e
b25d
d9cd
9bec
75b6
b887
bd3b
1bed
5bd9
edaa
c8bc
47b2
dd36
2d6e
ce36
ab75
747c
3c5c
79a5
eb9f
604c
2f1f
ebea
737b
3349
6735
927f
875f
cdbd
cd19
de59
e0cf
9359
196f
a2f5
dbe1
d6ee
cb28
0d42
1adf
7052
31d1
e53f
8674
cbf1
b868
bf91
f25d
0bab
acb5
cd08
6d33
66de
2298
605c
757d
d1a5
caf0
b67a
84de
5d9c
887b
6ad1
1908
42db
8190
2155
4b0f
c7f2
8b9b
3189
57d6
109c
9288
a437
01c9
4c29
d19b
48f9
a5f5
0ac2
881d
5a5d
6180
2589
e4c1
95cc
a95c
d001
35e1
d7e5
56d7
ca62
2375
f90d
4d8e
b4a8
6f81
eebd
0ab4
0ade
263d
f14b
2f18
be68
48fd
ce06
05bd
5e52
09cd
db48
2210
33c8
d9c5
fe4f
2ea6
3d72
155f
9c70
9c7e
41d7
aa2c
6b44
53e6
632e
bdb0
ca07
0be0
2920
7ea7
a209
5d1d
3137
0325
f952
94da
c409
acde
2ad7
c917
330d
86c0
cf3b
38d2
71fb
2c5d
2517
3066
d904
d6a9
1c74
f86b
a5fc
0223
cf9e
f58a
ac1f
cc5f
4cdd
ab37
7ec0
1ad8
03ba
054e
65e8
94a7
a81c
7adc
4f4f
6db0
f81b
f663
1c92
d0b7
47af
c501
7537
281e
8901
bae7
b3b5
1edb
aa37
2b7c
876a
7e5a
d480
02f0
317c
0512
a278
edb8
2749
a3af
87f0
c71b
2cd4
4785
6e6c
528c
2b5a
db91
eeb6
a911
4a1f
5306
1adb
f5bd
067f
5562
ae4e
1163
7b51
1282
6207
48c0
be17
5f98
fe60
a992
63a1
95ca
839a
97a2
2f9d
32cd
81b6
39ea
a70e
5df0
5202
1bb0
796a
389f
7101
aaf7
78da
6d22
803f
15d5
de3d
8057
1837
864b
4f9f
d34c
9eaf
1414
9b3b
9189
cc09
0128
c124
8dfb
c5c3
9cc2
8f83
04da
0724
d736
3aa2
a9ff
50a9
a8d8
7d5c
a794
8710
ed5d
1807
1680
aee8
0917
0164
ccd7
ba94
5f86
92e5
d2ef
99e1
d026
20f9
68d8
46b4
c7b6
fd49
5482
3a98
cb87
9bf0
e7cf
bcdc
5747
bd0c
af73
c174
b815
c3ba
efe0
5abe
68ef
5b58
ef74
a226
c32b
3efb
dd8a
6d66
069c
84e9
7f89
bc26
4522
d796
81f8
be6d
09db
a856
d742
eef8
45e4
b538
fe9c
c8f8
8d68
cfd3
9cb8
cbda
e5f9
9b21
0b41
09cf
f2ec
ba50
bcb1
350b
4f7c
47c6
d7a7
1832
a69b
20dd
4a99
8ba3
2502
32e4
7089
31a8
0587
2434
1478
12f1
0066
4478
99ab
10fa
ea85
ad57
ee58
03e6
7e2c
e402
d7af
1d0f
0f48
4c0f
0738
1a70
bee5
4a7b
1403
d044
162c
be3c
96ef
2b20
e3b7
f6fe
0a1d
9bc0
ac23
4c84
c5a8
b6f2
7e31
ae9a
8df3
2029
7f21
fb86
a341
fa40
4ec2
869f
190c
37d5
87a5
308a
7878
5fd4
b7f6
73fa
99e7
5df2
f935
eb44
4e82
f6b3
cdda
1465
de9e
1206
e3d1
7960
8c70
72e0
ec3d
fa10
e080
20c8
b3f6
2f70
7598
0ee2
a90c
61d8
6fb1
3dfc
db1e
0beb
9a4d
2568
a5cc
90ee
af87
9fa4
5750
ad61
93ba
c511
fbbe
21c3
12c8
52aa
b915
2b5c
74fd
dc34
e73c
7ea3
0015
2dad
ad35
c829
ac32
6d74
e1cc
709e
3117
ecfc
ec0c
985b
5bcb
6ce3
7dd8
7c72
f9c4
6e3a
cd05
f988
32f9
5461
bbe3
c6c5
8608
c151
01a4
a9f8
446b
9c16
5aea
baf5
9d59
43b7
6b4f
7b6f
d69f
bee5
c5b7
d070
4ddc
e019
b01c
b3bf
0566
caa8
c08d
1260
826e
e664
0cc4
3295
d600
21dc
01c9
f582
5115
9761
c495
9013
74a9
7808
1482
84ea
3462
a662
8eb5
9785
d631
9160
b3f4
6f7b
3af1
0f51
e50e
1704
5ea3
a454
0282
0ca6
82be
ee46
5f52
c5fd
6c3e
87a8
65ae
9cbd
3156
fa44
4557
5fa2
cf8e
72bc
1736
790c
cb70
c24b
a3f2
66bc
0adc
e98d
af5d
e9e5
79cb
08a6
e0ae
65e3
8f8f
ec58
9957
e06b
fdd4
bc6d
9ad7
9303
b3b0
e72a
21b3
1592
6508
a586
db87
03d5
1cb3
8f7a
0cfe
9866
9cf6
98af
3557
0c76
b814
8040
343c
bbd2
28ac
d312
c824
11c1
5359
8de3
4bb8
85d8
7b84
9ecd
807a
8390
69a2
980b
427d
7f6f
87c0
72a8
8272
ba59
3e05
f0aa
aa80
68df
ec62
39a3
0dd5
eb83
5793
2938
b685
8271
1765
3604
471f
dbd4
b706
c39e
d98a
3fe8
855a
f770
827e
4441
cdc5
5fe1
3d47
0b04
755e
5011
dbd0
e2c0
d298
4170
0732
76d0
eacc
0952
9038
a6fd
aee5
2cc2
2dde
b1b5
3808
0ee8
ee51
e22c
c9c6
a31c
e502
babb
ecc7
1ae1
e710
a431
ba1d
32ac
d15c
cb0c
7375
5796
7634
0089
0147
73b8
97c3
9f6d
b648
828a
ea5d
ada7
04de
5bf2
cfb7
812e
d1ad
d886
9fa9
37d7
674d
74c0
a449
f4d8
0773
a502
60ba
1736
ad59
d82f
d9c1
0814
3669
1935
ade1
484d
5aa6
72ae
f814
57f0
4272
7a6b
572c
aa45
6025
02f8
d318
3782
315d
f114
3941
6020
edd2
74d4
65af
f3d7
d787
0626
f1f6
76d4
8230
ed6a
12af
2310
d24d
edee
28c1
c5f9
3c91
6a7e
e784
c834
77f9
c797
9723
0be6
2a8e
2637
5f0b
f969
8e37
52fe
5374
81fc
7726
3da3
5e72
ebcd
9bc6
ba43
fe8f
d27f
2078
a493
227a
373b
59f1
2f7e
a7eb
6c68
4d37
92a1
4a81
4b73
9b7b
495e
14f6
849c
e7a3
b06c
d564
37f8
8408
ec4a
38d7
d855
2311
062d
bb14
8ad9
66b0
24a9
dbf8
5ddc
9aa3
9935
167e
e3d2
6431
ae7f
ab59
e397
0d97
06c9
f020
e84a
97b7
e108
476d
c8bc
a3a0
2dd3
0dab
cf2f
8288
6a39
e01e
e88e
8027
dec9
d9c2
d574
7196
2eb8
b8c1
e5ea
78f9
f8d0
612e
20aa
9293
a001
dac8
7683
58a1
69ab
df2b
aa7a
5b08
7a35
8162
6af1
c13c
d5e6
0064
b05e
caf2
9a13
31e5
8847
c4e2
8c25
4616
907d
ae8b
6501
3efb
c48c
33a8
aba5
939c
9056
1a14
01ce
d9b2
e9e2
39ef
142b
6442
ab0b
6ded
a718
c23b
2ae1
5637
1ee9
c7d5
366c
5fb2
f365
a465
b323
4408
8ed0
9e46
4340
39c9
7a01
ed10
aedc
5c9f
8436
5e4b
b026
6972
f53b
1ff0
26d9
0ee4
3117
d2be
4e59
c097
14ae
6e18
fb23
7f9b
0a0f
f1e7
dc24
728c
813a
d0ee
4554
59d3
b438
7905
c994
03b5
656a
9e39
f2bc
c640
0e6f
0854
0196
ac71
d205
08cb
ea68
a724
3414
ba5b
7153
0928
fb56
cc2c
160b
7788
3d4a
048f
b298
73f2
449c
da86
52c6
0e86
f7b0
d501
5c99
3695
5129
2184
c4f0
a4e8
4a8f
bc08
f480
dc0a
4d2e
d579
5afe
651e
cd3f
ef1a
42d1
fdf5
98ec
2a67
fdc4
6429
9191
d96b
4d0c
12a4
6b83
66bd
eac5
3692
e687
7f25
2d9a
049d
9f49
377b
d677
c5db
f508
88c2
cd11
c40f
d843
439d
8b92
943c
b224
2b16
934b
a813
f2ea
4a5a
8ea2
ce49
8542
da23
4060
8fc9
4e78
7661
85d7
330e
6e81
9d9a
f6c9
4bae
f471
8f53
004d
ba70
25b2
a43c
5e84
098f
c125
eb7d
70c5
83c7
91ba
4b37
5cac
688e
2a4a
ceff
3708
92aa
35f7
0a80
59f6
9d36
9c34
7954
6f36
8ce8
b827
8128
0550
d905
ba7d
ff4d
86ac
b370
0bac
0c89
1f45
8179
e29d
93d9
26a7
cf51
541e
56db
cd3e
0a77
8461
a8ef
ffca
d5fa
536b
53cf
d181
b0fb
42a8
1c6e
1f77
9e7c
e560
9e51
6b82
6ba4
65d9
b55b
7570
db99
8f1d
f787
1168
7aa7
d234
9e9a
7280
7eaf
af09
e9f6
15c4
0681
d4ea
1be2
d8fe
15ad
07d8
4039
1017
8c1a
ff1e
0d75
8ccf
cd96
d594
4e2c
0982
76be
560f
3e1c
ee43
17b6
53b4
84c3
a197
bd70
67d0
b376
bc04
1cae
aca9
bd39
4a8d
8149
cfba
7faa
63be
cbca
b2c8
c0c7
423f
3b27
636a
2fe1
0efd
1672
f7c2
866b
360a
cd94
0abc
4e29
c484
7b78
ae31
3270
784a
050d
a03b
229f
264a
ddd0
0021
f202
ab48
f368
d34b
fd63
de9e
1d56
fd37
ab5c
08f3
9a71
96f4
c633
a851
b0ca
55a5
0220
13bf
0384
9e51
9baa
83f4
a7cc
fa34
f499
330a
915a
c25a
c0a4
d53f
e9a9
4a26
85a0
2a54
d1e3
f84f
3b1d
b82a
4fe9
048e
083f
8bed
afe3
5bd5
1845
0dc0
4ce2
ae4b
73ce
81c9
609e
c075
9461
27bb
3875
5857
b85e
7932
9c06
184a
0a61
5d14
f808
4783
c35e
3308
7912
686c
f798
ab29
157a
2e41
0bf1
fc6d
6798
ca0b
0ce9
a638
860b
2fd3
239b
92cc
a7a5
2bfa
d963
0428
2951
f1c3
2725
f6dc
6648
4c84
e70b
732d
96de
6b6b
4186
0345
e21a
d32d
d809
c9b5
5dfb
0e63
bd8c
ebea
4fb1
9710
94ba
9ef3
f889
879a
98ee
b64e
248f
1e06
2831
e6ea
ef39
67b1
16f1
6111
9f4a
af5d
b56b
776b
7648
3202
be39
d894
5521
7e70
52fe
7fc7
b510
c74c
46b5
f928
f039
894d
2a26
edc9
dcee
e88b
dc18
0743
fa28
9973
809a
3069
7173
1bd1
6646
330f
1c90
ad01
64f2
6691
a014
39c0
47f8
3d06
6e4b
cd8a
f544
3842
8231
a93a
7e1a
edb2
189f
d6d3
5a07
9df2
809f
07cc
ebd5
8896
623c
0663
736a
fe2b
7160
c94c
d44f
5b57
b1c0
87ca
e132
9fa3
eae7
11b7
608e
96f9
cfbf
d855
1147
4556
e18f
66ae
b919
cfa0
1633
840d
7bff
44e5
7a19
7e4e
1afd
cf55
028c
880c
4401
fd92
a4d9
6ba5
1c29
cb55
866d
3de9
34a7
2f08
2339
2515
3c57
c9e6
ca7c
25be
d7c0
86c3
7f2c
9bcc
0e5c
0314
5707
d1c0
5382
b695
cdca
f909
c949
a68f
1de3
3e72
9158
decb
1737
630a
9616
28f4
ebec
012f
c626
e336
4beb
12ea
16e4
c660
28e8
2d3e
2076
c6e8
a2ac
ade2
73b5
5b5e
31c2
22c0
7ddf
89a7
2772
2141
dee1
ff36
bae0
ddea
5cc3
1f2b
1d35
49bf
02c6
c6c7
0486
7a2e
a7a0
5e64
03ce
0497
9c54
fc83
15e5
1655
fd35
8140
5cd5
821b
7746
2b51
344f
8ab6
223b
712a
8f95
055c
aadc
5deb
0b31
fcbd
7a14
a1f7
e5fe
ef6f
e127
eb76
6b33
35b8
7593
3b21
bed5
3785
e0b3
46f1
25cc
be88
3c96
6780
8ed8
8c41
c0ab
55dd
77d6
2fb6
7f5c
4694
c5cc
9b97
dfda
1a77
a082
a262
d1ab
b1e8
5fee
f3b8
ab5e
1f92
273a
565a
5874
e5d8
6eee
d2f1
c19e
9533
44ef
e921
1dad
cbd7
92c4
0578
5219
cc87
732a
7960
d5e4
66a3
3037
0ebc
2c7e
5daa
a2f2
4cc0
27d6
f80b
b3eb
77f9
6eb9
aedc
af23
4991
fcc0
bbc9
c644
3224
46d2
7a78
5f7f
0e86
fdce
95da
2b26
cc1c
8f85
2663
1269
5fc8
0b77
8ca0
0734
aaaa
04e3
a94a
16a7
3a1d
e7c5
58ff
60c6
1ed2
d8fd
9ca1
de8f
53fd
6bfc
dc7e
6db7
31c8
d5ab
579a
d449
64f2
20df
bcdc
4253
8415
44fa
43cc
304a
54ad
1d51
d503
414e
9ea0
ed12
2762
6889
199b
dfe6
7619
f377
cb61
9a09
b0f9
4ccf
490b
7612
9f64
89b7
1a81
1fb2
a841
4c84
5201
8992
e50b
3de7
725c
d50b
44c1
71d3
d810
4b69
1006
e88b
48cc
695c
a365
7de7
0287
3946
2dc2
6819
de12
be0a
8f6c
f50e
a773
f640
6844
5174
87ba
eb36
1b5f
f310
3170
5d55
bdeb
8b90
a757
7c55
4900
d365
212d
2eb3
d021
9535
82e3
179b
9967
d092
64c5
3bbc
2e99
b6cc
5386
be4e
1f88
1e02
4b40
dcc8
db18
4781
bf41
3a51
084c
ccd9
b4f5
ba57
f3bd
ea06
baaf
625f
5c72
81ae
66ed
f76b
f01d
f451
cf2b
3c8a
38f7
573f
95bc
5794
6cf0
8805
75c0
564e
0164
60ba
02c1
2c84
5b42
d482
1dfe
a7e2
7833
8157
dc0d
9262
d1de
c343
906f
b717
a6af
593e
eb67
0d49
4f93
f8ca
babd
a289
2e71
f175
4370
e50f
410f
82b6
b7d2
1bc2
359b
8416
3795
d65a
a72b
15fe
0c6e
094c
7b0a
6a41
db1b
815a
c8f2
0e38
a9f5
9c65
0197
0433
ecc5
0e0a
1eda
4fcb
b2d6
e75e
a908
e112
14f1
b89b
c5b9
bf25
3cbf
18ce
8566
6378
4ae0
a88c
6c69
43ff
93ef
841b
6b0a
75c5
96a9
a952
8a91
90fa
110d
b650
0a1d
ccb9
2b63
7659
d591
c75e
e74d
a899
fdb8
ddf8
0558
d96f
f0a1
5309
0cec
7cdf
9b51
e17e
ba44
0f42
b6b8
933e
2ac3
445c
2d43
3f3a
b363
1e8e
c8e3
db7b
63e3
4db2
ab9b
d463
b249
c382
fa80
2664
1c9b
c98f
db4c
eb38
292e
4402
351d
dafd
8a31
83ee
654a
af92
e6ab
8e95
7617
30ce
f051
9e0c
41d5
9479
685c
3436
8852
ae9f
4328
9124
835a
165c
5b9c
41e3
22f5
2e52
7bea
fe88
64f9
11b5
a522
8a58
9e55
bc75
35d0
5abe
8722
90b9
669e
9925
34a5
973f
4f3d
3253
961d
12bd
f8e4
a16c
6ff3
cc98
8e11
240c
2a1d
1e5f
4378
9e03
85ae
30e2
b06f
bb56
4603
9eda
30b5
2e50
fcef
b65f
d5b9
271b
beec
485a
40c0
c9e0
7bce
0f97
7c5a
fa56
70f9
1c0c
bd95
6767
6cd8
865b
2da8
11d1
3773
25bf
0c43
8531
affb
12ce
0176
2b12
c80f
05af
3355
c40e
0353
a234
2533
a449
5dde
d46d
9ba4
4403
f66a
4d2f
aa7a
7ef6
9670
bb78
c51f
f50b
d688
2873
dd6d
7c2e
2246
a97e
3ece
6174
3037
880b
2a74
f7fa
ba5d
692a
2716
b86f
fb5c
0e62
e2a6
5913
bbef
c0d6
58ee
5bc8
18d8
6a77
e154
9abb
4270
33ef
1650
98e4
ea44
e76a
da7f
ac41
25b5
4803
00b6
6d98
5822
7e9e
f04c
3496
d19b
4c90
f971
ca16
173f
cb7c
a650
9538
e840
c47d
1364
d11d
a76b
76a4
758a
4869
3c5d
7885
a158
f19e
7e87
9b3f
9b34
3f69
439e
7a00
7d67
8f1e
e1df
d98a
d437
6097
69f7
cb4a
ee5f
9ccb
1f64
88b1
8936
df70
75bd
2615
4ffc
3b49
634a
13b9
efed
3db5
4cc1
21a7
adb7
16b4
a21d
9cb2
dfac
cc06
141b
1fc2
aa30
024c
1a64
1550
73e1
2b67
4b49
db12
dc7a
d9d6
3246
bc3a
1cca
3625
bd0f
08da
40c7
bfd9
3926
08db
20a5
1518
554a
753d
42e0
9f4f
523f
6c02
548e
7c72
bd89
6be4
88b9
75ad
d59a
eee0
6fb9
fa8c
defe
7539
36dc
bfa8
3709
d821
944c
b4cc
0047
590d
654c
cd5d
12fd
8f32
15b6
6172
a230
5874
b8fc
1603
2d6f
dfc5
2961
d4b7
8670
1502
b9a3
9dc8
5200
d672
a121
e10e
307b
c950
19ce
899d
47b7
d00b
9b3b
1aa2
508f
2fdb
fcc7
52bf
82c9
dfa5
1e1c
900a
9e5a
6fe6
c843
1ff9
9baa
6a5b
5c73
62b1
a7c5
5740
f842
f014
dc52
099a
cd80
90ff
24ac
825e
eda4
b4da
265b
2fa5
118c
b112
d0d4
8b53
b21f
7a4f
3800
5a50
184a
a949
6479
caac
3c56
bf9b
0295
b8b1
d5c7
7cb9
1439
d4b9
a4b4
0424
4cdf
2795
7f3d
56e9
de33
e528
7914
35ea
e65e
cb4d
3321
eb2b
9a2a
e686
2ac8
ae45
8de0
b63f
f971
2b29
f333
f06c
c6c7
9c5c
6ed1
aa68
6783
aba0
aa93
fef8
abf2
be61
f802
a61f
3d22
0fe2
98e5
52db
9cef
230d
9a12
1f90
dce9
db3a
1aad
b8b3
bed8
24ea
a50a
5d1c
2477
9e4a
3cd3
7cca
ac51
4154
6691
7e6b
7355
57c4
2a9f
1b63
ac96
1d13
5db6
b2d5
4821
206e
22c7
8a2b
622f
137b
2cf5
2209
29c4
da6c
586a
e239
040c
3a83
8ad3
d2b0
2b53
15da
4f7d
69a1
ec79
e201
17ac
8838
917f
0a45
8781
5e0b
8987
3d96
b6a9
f847
02c9
0600
8aed
141f
5aa0
20ae
d05c
6730
26b0
2f96
b8ce
9d95
54f2
edd4
7c07
7655
25b7
c846
4dbd
4d89
941e
6e71
d4c7
f918
239c
6d60
0c05
26d4
333b
da71
c90a
b3e6
7f32
4cb3
f1c0
6eca
112e
dc62
33d6
7ac3
3ad8
b078
bfa8
ec76
03d5
db75
1611
2444
0149
594e
7f94
80b7
645a
d9a2
34d6
299a
0cc0
405f
d9f7
2da2
1663
d6c5
8897
85ce
2ce5
77d9
c59b
033d
6fb8
8925
288a
03d0
e1d7
37e9
5fc4
4b79
32e2
fa33
5e68
1dc3
c9e0
40e4
163c
59d7
48d6
2b4c
5282
5b36
1181
e82a
6057
0b89
388a
a599
ed06
c846
b06d
cbe6
f84f
bbd9
e633
9e5b
e111
497b
8056
a660
4b23
308a
33ba
c8fc
806d
ef71
1f9b
8ede
906e
370a
c1f0
418f
6bce
9f8a
63d7
948a
6ae9
ccca
30ab
64fa
0934
4a20
c119
f408
2775
62ba
1d19
a796
5ff6
fc1d
f614
e588
ac44
8cf6
8b51
c417
06ee
1d44
add3
1c7d
3957
c8b9
3207
9dbd
6550
26b1
7165
041b
a699
1136
5f4f
e845
f935
c5bf
fbea
48da
666f
e363
eff5
569d
28c1
e60d
30e0
dd5b
64c4
0b18
5e89
a3d0
7156
7c14
f80b
7f9f
889c
d096
b29a
016c
5add
f825
5ab8
32bb
0d5e
f6d7
f09b
6b82
ef56
a7bc
315a
cba1
9038
4904
2bdc
e03f
3c04
cd3a
3368
2c4d
6291
0c13
1b23
28da
eb32
69e1
ee28
1b60
d22e
0734
8a34
024c
259a
d609
58db
1efd
03d3
c28e
3340
6364
505d
c353
d1af
4c2b
d613
bc25
72ac
04e4
cdd9
5b82
e58f
7351
8f01
3e30
ff87
c4b3
d845
3390
633d
a0d0
781c
2cd0
455a
6d44
6ecd
4c5e
85c4
52e3
268d
4fdb
b5ab
2041
a47f
c528
f377
0afe
8010
8044
4d50
8b7c
a367
e3f5
6bd1
3650
6d27
ac24
3366
71b2
b9f5
8ca4
fede
3be7
ebdf
7389
199c
f366
eafc
03b7
a558
5ca6
364e
08b8
63b7
dfe7
3272
0592
2a7d
fae5
4a28
75e6
a6a3
be35
05a2
bc2b
415b
c8e7
477e
2366
dbdb
aae1
a2ce
d7df
421f
3472
2eb1
ebcb
91ea
4d35
ce98
344d
66c1
985f
00ca
1f52
4e47
d60d
9d34
5f9f
3fd5
46c6
306b
94a8
832e
acfa
4a81
c5f5
08eb
3f0e
4970
0b4f
3a55
cfbf
593a
37b1
d6c8
9f40
5322
72ed
a872
b392
990a
83f6
18c0
686d
6db2
b3f9
4630
d55c
fa4a
eea7
b867
7b7e
50bd
a91c
0777
a697
85d5
32ea
7f73
1e7d
cd52
2fcd
8310
b657
bf3e
6da8
a5d5
4b9d
fe2c
43a4
477b
ca25
810f
33d4
10b7
d811
9229
4823
1a19
70bf
237b
4629
0879
d062
e1d8
0348
85d8
ffee
d08e
4fe0
c19b
597c
1069
8342
1c96
47a0
2a27
ba4a
61bf
4830
efae
1e2b
0e58
4b3b
9eb9
ba2d
8a5e
badc
29d1
b74d
e7ac
13c3
d771
efc9
1fbb
6577
f7eb
5b2b
347e
13e5
45b3
a7be
d2c6
5758
732b
e11c
d30a
c5d3
159f
d453
b41c
6da0
48c0
e31e
b74e
8b3e
54ab
ccb3
9f5c
db6d
5cf5
4bcf
6c19
54ff
9972
72bf
e923
d12c
3cbd
fca8
82e2
4734
fe16
8795
00e3
cc7b
5797
86d2
b611
ed67
3307
3403
6ed7
46f0
ef9f
7fb5
5fa4
7746
9272
bf48
0229
5d5e
c8fc
51a7
0b33
ceb2
a996
6cc0
68f0
a8c1
a1ab
237e
3e28
54d6
448c
8ebc
c455
e9a3
7d5c
2c74
877d
fb49
5ff1
67fa
a8b0
c427
c614
9c5a
0a63
cdba
8919
c1ab
3225
3ab8
4b59
493a
ae84
bdcd
7ce1
6be8
347a
e49d
8493
9eb3
f948
0460
7a23
d133
2c08
c81d
1de5
e509
36ae
099a
61e3
2a68
7d9b
1615
5de6
7250
3301
b5c2
150a
6a66
968b
db04
1c35
57bd
92b8
548d
7189
d774
eeaf
83fe
f3e5
6316
325b
e72e
5dff
5889
adb0
11c2
0805
94d6
d7b3
7d86
2ad3
2204
493b
57af
cb22
441a
d170
831a
45fd
287c
6d46
fd34
a116
5011
99fc
dae5
d74c
06aa
3c19
c5d1
d43d
a543
7177
ef4a
0741
d1e2
a713
3b8c
494d
ae5a
9e84
621a
71a6
c15d
058c
5944
7828
35ae
6fff
b1e8
fcbc
f7ee
5d8d
2133
a827
698e
3822
782f
4301
9c16
00b0
85b2
a97d
3e47
e9a5
b374
2312
5b4a
ef9c
6af7
96eb
5f49
a652
3ec9
5890
8a50
e8f8
b788
76ad
3fd9
bab4
8be7
ef00
c168
ba81
68e6
d204
ece0
e781
0e93
3ce9
8554
d5bd
ff6a
6a2f
9138
4408
84f3
1f07
3e85
635a
656a
3992
1960
e351
a5e9
1ff3
a7d3
aeef
c0ba
c1db
8a30
8028
b65f
f251
9f92
8d78
7867
9ac7
6a0a
2648
8a8c
61b6
9e23
f77b
a990
a52e
2513
7485
9d1c
5d77
4ddc
e56f
553e
0a5a
a494
08b9
5f0d
3c93
9823
de19
0898
b4b7
a917
515c
3a8e
0fc2
7298
626b
9d98
2bcc
45a8
79c8
1bd4
8c53
9e10
e3f7
683c
ae3c
2167
f94e
e9da
aef6
bf80
b8a0
948b
f753
64d5
d3d6
3f43
6433
b41c
e2ad
b794
f665
929b
000c
f097
8bc8
7eca
6f83
2724
a31c
de42
18e8
f8ef
c776
11c6
ccd2
bec1
9c42
d1c6
c8af
5c36
6452
94ad
e986
2794
4fc0
125b
cf7b
5bf4
e0b6
ab57
8b10
fd50
f030
efd8
a95f
27af
9f9d
5b07
f624
5dae
5ec4
7b56
5ec1
9098
1c13
09b5
7fcb
bbc2
eb29
3c78
4a54
fa11
9d95
547e
0eb5
b241
aecb
b784
0e01
0080
cabe
69ec
d48a
6105
9b0a
e2cf
f3a5
605c
f08f
5eca
3166
80f6
48eb
016b
b921
9485
4a6d
4c02
d346
3199
f602
3e25
8e68
4cbb
0053
ba31
d869
3141
4dca
58c0
dfa3
8e36
ac39
3e6f
297d
688e
160f
7084
7d49
b858
a67a
e656
1f8b
c945
182f
13a5
517d
25e8
6503
b0f0
f4f4
8f14
feae
f86e
3682
79a7
0c25
81b9
0b1b
7b88
1d40
50f8
a173
3fc4
f8bc
a5f5
9ccb
d6d3
bdfd
3ab7
4fff
dbf2
7035
d045
a86b
212b
7032
9e98
dbef
16ae
47ca
ff8d
6559
4e6e
7b68
ecfd
08b9
801a
b4c5
56e4
faae
99c8
aa95
dc48
2921
a82f
a536
335f
dc17
3ee3
6e49
6dd4
06db
8714
c6b8
e40e
8c67
6621
668b
426f
b5b1
2a4c
d120
9380
1c5c
dfa6
6db4
4784
97c8
459a
c3cd
96ab
3dcd
0d30
26a7
193d
04d3
6f47
2612
5436
bc9d
2ed3
77f0
cd89
565a
0ab5
af79
2a5d
e695
7f5b
7c13
56f2
54c4
8918
9474
ffea
d27c
e16f
3d52
2a7d
08fc
42e8
9e39
6f52
08ad
971c
0068
35c3
d1e4
a455
48d6
d9c1
8a29
8f35
9335
7161
185b
d190
203c
098f
ecbc
a236
c9bd
8594
315b
d563
5cf3
007d
7dc5
3105
f3f5
6f19
9a23
5693
9b63
cdb1
4726
f044
be5a
7dea
1d95
5d77
62af
f39b
1310
7b6a
0b0e
2a07
ff1c
3624
56aa
3430
6692
f8e5
4cda
1739
04f3
3e34
c39a
15b0
f788
f722
49fa
0634
13f4
2d51
cdd3
02fa
6370
c975
4f79
6341
234d
6769
f547
b751
39ff
0244
4a3b
63ce
d819
1d3e
f57b
c839
1d58
af3d
2660
db6e
934a
1fff
f115
0ca2
b17b
1ef0
0054
a4a2
0685
87e3
371b
1831
fefd
3d0e
0a7e
deac
8341
c6d0
1beb
1c5c
d969
acb0
89d8
dc8f
6456
7a71
02ec
4cc2
e5ef
70ac
4dd8
3a33
06a3
fe04
2499
727d
5d3d
be5c
733b
bb53
7416
83bc
ab5d
1970
cef8
aa0e
3eca
03da
3621
3161
9512
1ee3
808b
d371
164a
0920
6048
9fb2
1617
cf02
a05a
6277
c591
c9b8
9dec
53dc
51d0
e672
e48f
55c3
73f4
2d1e
3a9f
e226
2232
971e
7cf0
00ec
3edd
d76b
0d13
7bd2
607e
3c9c
6ce4
6d33
c3ea
4acd
8faa
bf2c
74ca
adab
fad5
c26a
3aed
feb7
6239
f472
f7eb
759f
3dcc
eeb5
b98b
f2ce
fdd4
8284
533c
2753
881a
e899
5b95
7f08
45b4
d562
40d4
3f42
6971
2780
fdcd
97a5
aaae
8586
1364
74b3
ed01
429e
d4d6
8b16
0a5b
59a2
0c17
8b73
04ee
31c0
b5be
d623
50c0
1051
4329
c95c
2c94
8ff8
8dba
d240
0aac
aa30
b323
c5e0
c3f6
eafd
0a6f
96f6
5b81
9933
45ea
2ca6
ba70
1efe
f0e8
4550
3751
a736
b14b
2ab9
4e79
328b
5fd3
84e4
71e6
6d9a
f78d
890f
3047
20c7
85da
0555
1194
af53
a821
8eee
d21b
17c0
21fc
2329
8693
a546
51e5
0b12
6a97
35c4
16b8
4788
8642
27f7
9b68
ce0e
0dce
4ff6
5624
42d0
1c94
672b
e377
8dfa
a72e
a5c7
09ff
8d1b
3ab9
ecd4
c7c8
0eb9
510c
3e7c
e70e
2a1f
9a5d
ac6e
1459
d9ef
8c63
ecc8
ae3a
fac2
3af2
9b10
156f
3719
da35
3d44
1d85
26b3
278d
2fe9
5cb5
35d5
f8dc
ca56
5bb1
d5eb
670c
614b
e05f
98c1
b07e
8d2e
6fe0
7052
4e87
2572
884a
652b
3380
3721
4a8a
3236
372d
35e7
cdc1
84ac
ef28
e6de
045c
b052
d869
8e8a
1e20
e859
10a6
f79a
7460
63fe
9ce8
2a77
48a1
a965
d4ae
a47a
3417
e187
60a4
02ef
3aed
87c3
1ebb
1f02
2f6f
c354
074d
272f
b82b
8c61
4fce
2d1b
1547
d9b2
d497
ed58
f562
3023
1a47
3124
5fa8
fed6
2d77
348e
c19c
0433
d711
3e34
fe34
5a47
a095
ed2b
a45b
75e3
9298
dbfc
7e77
75f9
c442
aa75
3d65
146a
3ace
6d13
d2a7
d5f8
cc48
31dc
7548
8bbb
d6d6
c902
d61f
4291
d95c
9793
c0d7
70fe
c5c6
0ad0
ef9d
bf8a
2363
4763
4410
33a5
fac5
9fdc
a894
bfa3
8e03
6a6b
cb43
ff7b
1b6a
ac62
049a
6d21
ac62
4b66
6d44
7a1d
a60c
0c11
9216
c04b
cf52
9bf0
d39c
6607
f5ad
c61a
2c53
2958
d766
a0d2
6cfd
4623
0f50
89a5
93b9
1c7f
6a35
571e
b652
4346
63d6
822a
8df5
1008
ce69
a7c7
b2da
ca27
f012
ce23
9998
140d
a92a
8440
d829
e77d
d82e
6f41
bc9b
6047
cbee
820e
5d17
cf2e
17c8
4947
d2cd
a033
08ce
5f51
512a
322f
59b2
6597
c7f3
3ae8
6fe3
03ef
54b2
9597
eee0
421a
0525
8891
071c
317b
2c1a
e139
9626
63e6
0a4b
9ef3
6cda
9d6b
8ef2
5184
ff81
6b88
1fed
4d9c
4bc2
c514
c827
30b3
7ef8
73ba
2fbe
612a
8a39
337b
dff5
e39d
5608
f9e7
0b00
025b
77e1
d351
fa21
fe09
bc0b
e5ec
6b5a
bc1d
8939
0522
1a9d
dfc8
3961
f4ef
17d3
6790
cd6f
865e
58bb
ad5c
aa23
e981
e14c
d3d7
7742
0c24
faad
ce31
ac08
a861
dca1
6ad1
579b
0d83
46c9
fbbe
df88
4b9e
6e2f
5ba7
046a
44fc
d279
bc17
b58a
f786
4cf4
a556
0402
81d6
f977
b2c0
3dbc
abb9
f4c8
c866
d778
5950
9470
ed63
a323
e665
7965
7e05
8325
de07
85dc
743f
a62e
cfda
f953
f567
0f16
8ebc
c1fc
efc9
3303
e8fa
3c6a
994f
3c23
1b3c
7ec2
b5a3
c94f
8956
65b2
c586
2c8b
a30c
121b
22d3
a068
cdf3
3e68
e00b
d33b
e923
990d
c5ce
f7e5
f50d
507d
a9c4
6436
9ee9
271b
687d
6877
0677
cd92
e17e
fd6f
63ab
fb7a
956e
5d72
bede
9efe
15d4
9499
bee1
be3f
a4ed
e44f
1f7a
4484
98de
7f9f
249a
07af
6678
7bf4
d4ca
38d6
d429
1f64
6aa1
8f83
7483
9c81
7230
668c
ee9d
cb7f
0672
347a
2d86
1358
0291
633c
64a9
fc52
2dda
b542
6ee5
6908
abfb
5830
22a2
0c03
680b
6993
ea39
1889
f744
40a4
9c99
9b75
421e
68cd
cac5
6a07
fc4c
d489
55cd
dc36
b618
faee
6084
0904
92e7
c7b6
9a3d
72ea
0154
d814
d07a
180e
46c6
d7fb
1b70
1d0e
8427
43d6
2358
e164
7e3f
7cc8
f724
29d6
d8d4
513c
e844
d4e2
1104
93ec
85ef
b9f7
3156
e8e7
d81a
7e7e
25dd
fa2b
7812
5aea
a4a3
72ac
d1b8
2fea
780f
d0a1
df2c
6269
e371
8aa7
5aa5
f878
58ad
f5cf
074d
ea31
47dd
353b
398e
a823
3d7d
e477
b0bd
cbb7
eba7
0b12
ada1
9d07
231d
498c
e9f2
5ab5
0793
133c
00ec
0b4a
bb8b
ba4f
d3c5
fd50
0757
5086
b7bb
7b8a
44f7
f98d
4ce2
f3a3
7f7c
9050
70ad
16f1
d2ca
1389
da97
e5c7
6226
a431
c09c
6e44
0e42
f676
b4a7
1667
d08a
f80f
eabc
79b6
49e0
25e8
42a3
2d24
d331
63e8
4455
924f
f960
1be3
8845
e8e4
b11e
7c1f
c68f
fef0
c465
b4b5
54e5
a8c8
3db3
99ce
e1d4
a4d2
89ad
98f1
034c
dcd4
7e65
843f
eaa9
f507
5ae2
6b28
7873
f83f
dc75
12e2
b18b
1a1d
3e8d
633f
dfef
1a3b
de9f
aa67
8c34
eaa3
4060
7bee
ba1e
a550
8416
33aa
1ff4
1dae
ecb5
9410
d8ce
f685
324e
a41a
7651
3132
2c45
ac05
b7d0
2b84
139d
e0df
5953
7649
8411
e187
0ffd
a208
c4f5
e84e
33ee
fc2e
2a45
9c15
4d09
0e5c
d248
84b7
12d4
28ce
cbad
cc49
f44b
a085
46c9
3be5
32af
fb12
a778
380c
83d4
5382
305c
45c9
b2c6
26df
186b
8934
6422
9a79
c229
f4fc
26cc
41dc
510e
ddaf
4507
6f24
d2c1
4e71
82b6
ed99
75bb
2a44
9add
1a91
c2be
e473
c2ad
3fd2
2873
e4e0
5b8d
954e
89cb
ec9d
f795
8bd6
9f6f
4734
33cb
5f91
4569
afc4
6ee9
88ac
4dbc
67c5
d7e2
20eb
fd94
aa5d
81fb
4501
cd8e
ba29
c4ad
21ef
5621
919a
880e
d9b3
80cf
e423
cf56
796f
9dca
841b
cfeb
17e3
7c3a
8e86
ef80
0ea9
c3e1
59c4
898b
2f45
a27c
c6d4
3bd8
e21a
756a
6d97
6e22
f828
0942
a12e
f910
bda0
0ec2
ea59
9595
a0ff
fa31
f29a
2c40
384e
3edb
ace3
05ef
e63e
e82e
7b01
cbde
2528
6862
2618
e02b
4855
fd97
5caa
95be
7282
2ead
737a
3cef
95a3
b417
0b1f
11eb
2bbb
e337
401b
2d2c
4d71
6289
414d
6452
18f2
cc2a
8a74
8112
551b
9ac2
688b
3605
e7ff
06c5
e1fb
5309
da30
55c6
9b74
522c
fd44
e9b6
0709
302c
27fd
c99d
2396
85b4
e786
fbff
0ede
b078
483e
4bb3
a010
e7ca
cace
bd39
95cb
28af
2c81
5092
1cf1
7e82
3bed
286c
4d89
7ad0
c35d
4410
e8af
5bf2
2839
4223
6c59
6521
449e
ef82
455e
13d9
f900
70a4
ad02
b593
1e66
0235
c4ad
d46d
3ecd
7df6
5ed9
063c
29e5
4f28
83f3
80b1
e880
4f02
1e72
1c88
cd8f
8876
4879
20d8
9ce3
e386
0ce5
cdf0
d60d
9452
b138
212c
1b35
c578
3ce2
1696
8ed2
68fe
bc94
1fbd
8dd5
5926
0b25
c022
41b6
1256
5f26
0f61
1c15
b1b4
79a5
09d9
d427
5fed
5563
2fb3
a2b5
0750
7fb1
5348
c997
5cbf
5de2
4086
47f7
14cf
1062
be25
0b52
993d
aa7d
9363
0886
4136
4019
66e1
eeb8
9ef2
632b
adcc
875c
749f
114c
bc9a
7d0b
f1e6
048d
1981
b67d
4f54
0823
9e7d
bb09
e009
0854
d9e1
b09e
15e0
a9fd
6821
5581
128c
5919
8d10
2fc4
8dc1
5818
8ad8
e69a
d5e2
7613
d63c
e158
d862
4034
a432
4e97
e864
5221
703e
b65b
6eba
9857
ace3
374d
0541
ebc9
7512
3c62
fa7c
a7e5
1970
85fc
65ed
6510
c30a
6b5e
1987
b654
1616
80ff
ecc6
6cff
f697
1218
ddaf
9da5
9ab1
799d
8e9c
4285
ad3c
0a93
486b
d745
2110
50c0
5aef
2620
3ff4
2673
4a3f
7143
1d0a
7f8b
2b15
9058
a4d8
8f49
ba17
f5fc
9a01
54b5
c9ac
79b2
4d3b
e768
a20f
730f
d185
f672
9a96
fcb0
769a
b8c9
3e51
73fb
c2a7
aa8f
acb6
fc2d
d7e2
f598
750d
2ea9
4574
4907
0495
39b0
1a50
88be
bcf0
3b67
ccb8
cdf9
bb2d
c3c8
d3dc
be08
6b8e
b950
233c
eae9
bdfd
470b
a47e
1d5a
7980
b810
24ad
1571
feac
abd3
be28
3aee
3b0b
838b
cca8
b61b
733d
5bf0
3105
6b62
d7dd
5cb8
83f6
cb6f
94dd
72bd
01a0
330b
909a
0a78
d9ab
19a6
e08e
a4f5
89cb
b9df
11ae
44e1
a715
2580
020c
7980
fb93
1aa2
ba80
4069
53e7
76b4
8c1e
f10e
81e5
34b9
e055
9342
6cdc
69b6
ad86
1c1a
2e0b
22ec
2d53
825a
f9a5
0b6a
328c
6c91
5c94
7c0f
e2a5
8eeb
e292
8358
ea93
f8ea
0656
74da
9860
4223
75c5
49e7
1575
83c5
c0a6
f221
a91a
8062
4686
a65f
711f
889c
b0de
73a4
c08c
7553
2d51
1734
1677
082f
72b3
84ef
eafd
ff48
2a43
ae8d
17b4
aac9
aec9
d577
ea2f
7085
bfb6
59a4
2dfd
1566
75a6
1a2b
7cc3
7621
5b9f
e341
9df4
778a
a98d
c463
3526
5052
2cd0
79b1
ceb0
73e2
5bb6
f671
9913
c8b5
924c
6b81
a85d
6518
1a97
6210
7dfc
4d5f
ad84
4776
026b
b00c
cc45
db61
c860
0ac2
7e66
db10
bd3f
0fe9
3536
c5be
8b0d
38fd
4e1d
b5c8
85c9
5255
5c3a
5183
2b80
1001
68e8
27f8
42d3
24ba
2256
5103
17ab
b6d3
da92
c5bd
6928
a3c2
1838
7fa0
7a55
3140
2857
6f0c
d916
f428
72ec
5cf6
e7fa
aa4d
43dc
da2d
7a43
6994
a5ca
850e
800c
107e
0ef2
41dd
341e
0c09
8dd3
9b41
40cc
29d0
c81c
565d
4c9d
49a6
0ad0
5452
f17e
9b7e
5d92
c09e
3c64
6ec9
aea4
b7eb
9304
9b3c
c463
3cd3
7d20
ce9a
a95b
f66f
9c93
3bbd
4835
d078
6e4f
9049
b733
30c8
d834
303a
19a2
ecf2
6a3c
acfd
1ed6
9216
ac01
dcd3
02f2
fa43
6d6e
cb99
1c48
b7bd
e630
af95
6b72
076a
2dc6
9bbe
cea0
0a79
a032
9e7e
2b39
5cae
0d17
1541
3c47
c6aa
bbe3
786d
db42
d824
2208
8599
e2a1
7e3e
0ba9
e178
ca12
57b4
39a1
a3e9
802b
505f
beec
2c5a
e9a9
f814
4e52
d31c
b6b9
67ae
1d66
382f
ff6c
bb86
1092
e6d8
5005
b5f9
453b
a88f
79ae
4f2a
b71e
3dfd
3885
0ff8
b4ca
67c3
bf3e
50fc
de92
f762
1b2f
082b
9c08
5867
1f23
b384
6855
5031
a26d
8d7d
2637
f27d
f5b5
77e8
3332
2594
2874
cea0
971b
8997
3164
fe52
1d7b
1563
c92f
442f
deef
ecd4
bd77
c92d
6357
5ef3
6b02
1686
b1c3
23c7
21b1
f1bf
694a
4ebc
57df
3780
9d0c
60be
0a9e
1aa9
3d1b
963c
0e72
b783
4063
193d
4c06
2a2e
345c
8204
8a3b
0c71
5133
726f
e5b5
d766
072e
ad34
7fd1
6cf0
a6bf
7da3
23be
fae4
5d6d
633a
6854
b74c
2368
1811
c681
19bb
880c
ff29
6069
ddbc
ace1
5e63
c60d
3e0f
b146
0e87
d56e
c2e4
1d18
3afb
989a
82f7
04b6
a552
2b4b
2bb2
1fe4
eb26
f201
601a
713d
b872
42be
a0ce
62ef
415b
4d33
2faf
1e02
d01d
aa6a
2f44
f940
70f7
cb60
557d
2467
c195
9149
12c3
0d11
2beb
4781
185d
084a
98b7
dd0b
3373
77d3
c3d4
bbc8
5c50
bb07
c6dd
a706
98c0
4d18
9bbd
b78c
8a5f
101f
c8f2
f21d
1b03
6006
5dec
84e6
bd23
65ad
c150
3c76
6688
5bc5
2f59
7377
e30f
8fdd
014d
53af
def7
d73c
5929
073e
d34d
f9f7
196c
778e
0284
0022
d5d3
841b
b645
2534
cd1f
ff4e
5da3
0404
3dab
ab22
2b35
bb56
3114
1968
2cf6
863b
92e9
a176
a5d1
1993
bd1b
c144
b2f3
7ac7
0703
20cd
6c8b
78cd
b33c
99ba
e002
13e4
f352
74f2
f134
04fa
6160
160d
7d90
6d86
eec7
b5dd
06cb
e59e
d873
3bb3
f115
8223
78b4
3571
64e9
ae20
bc23
6707
9e48
1da7
b961
dafd
c817
0c95
e14a
e654
2ecd
e5f4
e77a
90d1
3b97
be1e
d7d0
c035
697c
63e7
9b38
8af2
4bee
8801
9160
0edb
6005
ee6a
9b3b
3eab
10d3
c012
3336
33d3
6431
3884
b116
fa51
c298
6a90
51ac
c0c2
6a5f
6d53
4bb8
6e55
6847
216a
ea0d
d8b1
d70d
4a07
6c83
ee42
5069
61c2
be5d
594c
4650
8c09
94c9
8864
9065
01e4
e215
582a
cb47
82c9
a16b
59ae
3825
1142
4407
c0f2
9fe2
df6e
d73a
1821
72f2
69ba
e33f
0e8f
1975
e394
4de0
3eea
c620
f631
ec86
9b6b
f302
4fa6
a897
cdd3
5d49
6cb8
99d8
7665
12c3
21b3
dc07
6505
a205
4169
f4d5
3eb7
9f9a
16e9
b990
dfda
e95f
a8c3
5a6e
150e
9926
e466
2637
3236
af41
58c5
bd8e
9cab
5c9d
b66c
55de
e0d8
cf5d
4a27
2a22
8b83
1bed
426e
1035
7f14
b644
8791
e054
f489
3d4b
fa24
563b
1d09
2c1b
f61d
c64a
61b2
068a
d3da
218d
7376
052b
ff78
36fc
2f4c
d9cb
34ae
e0bb
635a
207a
c750
c941
f5e7
54ca
ff11
914f
be46
1e38
3415
7e67
85b0
aa8d
b479
29ef
6760
fe3e
4875
5c60
33b2
fc0d
cb1c
3de2
16b7
b7ba
b96b
77c6
02c2
9cdf
d168
5a91
6638
44c4
477b
70d7
2284
960c
b74b
3c49
8e01
9b53
4cea
771a
88dc
844d
9960
6550
4c4d
5622
baf0
2d2b
2c20
44e9
7bb0
7e03
8a29
1a8d
0452
83ab
ff05
f584
0a00
985c
9208
303e
89bc
daf8
e4b5
8933
e103
9bb2
8f61
c2bb
826d
8af1
a355
5836
bd06
9ce8
676d
5819
6168
955e
8f64
0d97
796c
7bfa
d3d1
8c3c
66c0
3fff
d8d4
51ab
94c8
1ef4
69ea
6de9
f4f6
49d3
4333
bd8a
bb8a
1a35
132b
13b1
73fa
70bc
d1c4
a6f8
54d3
3420
db6e
1b3e
9c1b
c59c
0784
1c3e
b595
35cf
99ad
8d49
505d
b17c
288f
527d
9a22
5792
4a2e
d514
3221
0465
7161
fde0
ca97
21a4
1a32
8966
8f69
be64
a772
6fed
1857
f8b0
5ae3
3dc3
33dc
aaa6
6639
9e62
3fe4
aec3
5d09
ac70
f8d5
0a75
f4fd
c4b4
e124
eed5
8ff8
cff9
786c
e7c2
16b1
8f39
d4ad
18a7
3375
a35f
8541
c344
e4cc
14b5
d0f2
806c
9f9f
e82e
969d
d9ba
8bac
a9f2
f9c3
1cfe
39a9
1ea9
07d8
59ee
d165
37aa
d51f
1e1d
bee0
0e43
0980
9993
bd45
0352
368b
2f23
8a50
150d
aa86
04e0
ae07
d334
a521
6c94
06b7
71fd
9777
2751
fd0d
133f
067c
b509
521f
79b3
a49d
4a9a
e576
6601
a571
3ea4
e6f3
40f1
b69d
b16f
55f9
867f
8531
7f59
dba4
8a29
602c
413f
af54
795f
8c59
b1a5
fbf3
6bfa
3f3d
e26f
7bcc
b94d
8d72
304c
7944
d538
7b03
fb32
3839
46cc
fd54
02ad
4c10
4d3c
6656
501f
9c4e
adaf
a7a9
21b8
82e5
72a5
b95f
f28c
a49e
c96b
09e6
1459
3030
3e2e
a868
c643
08c7
8635
85a6
e7eb
d8d6
0c89
87e6
e6a4
d529
499f
0f13
86d8
b606
5244
a95e
f800
3875
a774
0448
0c7c
c3be
ef52
16f8
3ee3
6215
f94d
16cc
226f
6126
d0fe
3b8f
218d
5273
ddd7
e04d
f5be
de31
c115
de87
3649
03d2
77bb
8fdc
1813
d6cb
5acf
1fb3
ee7a
a25b
f408
2a3d
af50
7c03
b99a
d26d
f300
c86a
98f7
3586
ad53
d635
8468
7df9
8a1a
3053
6716
0dad
66e3
f013
276e
1709
a38d
4cf2
6a61
4b68
ff96
067a
6d93
dd2b
8fc1
31cd
73bd
4414
79c2
b30d
46d2
fa80
7d58
db7e
dc54
f6b4
2afc
90cf
8269
3291
2343
15cf
ff30
f32a
af6b
b80d
a5a2
cc84
b71f
4ff3
92a1
fa95
88b2
d15e
c6ca
b82f
ede0
d66a
11a3
545e
730b
e0d1
b916
098c
9101
1685
c704
8cf9
5da1
effe
bfb9
e226
e287
6a49
4128
1c98
58a2
c327
d021
a85e
ad66
f623
49ac
6ecb
3e8c
cd0b
6b2e
884a
915a
2319
53ac
8c12
9526
0186
dab7
cfac
e0e6
58e5
7d86
1904
3049
ce51
26e9
4987
f531
3806
cabe
06f1
1724
0c7b
36bf
e1cb
3ecd
f408
8da4
61fc
3d0b
e929
aa9b
df5d
fd66
61b3
3a2c
1984
92b2
0903
e272
aaa8
c75a
6273
6f57
fe08
f978
2589
8ae6
a561
3701
bb4f
5c21
1e98
4e9c
eda7
c003
86d5
aac6
8699
b55c
a79f
151d
d18b
28f9
bb51
d5d1
74bc
9c7b
e5c9
36db
4476
6ce3
0184
20a6
a519
ebcc
2268
317d
018d
2f67
870e
1153
e225
fdb1
cd1c
fc40
29ef
9f9a
3393
c784
a5fd
040c
841d
07e6
9026
c494
8b01
c190
f435
42fe
9e52
aca1
5d5d
5a1e
820a
6e6c
f7ec
3eea
705f
725d
fe27
a034
1bb3
5f57
3df6
434a
b7b8
7eb3
ad67
1e01
2d49
5ad3
03a9
01b8
e699
2c09
f23a
614e
9cbd
39ff
92a2
8434
f85f
9dec
3cc5
b54f
b93b
dd42
aaa3
ad28
bc7d
3642
c34f
39ae
99b4
a478
357f
86c0
7167
6285
34a3
0342
dc62
eb56
c1ed
c754
a072
0b75
9cd5
2177
2358
e17b
037b
28db
caca
84da
0343
78fe
a3aa
035d
693d
0155
d55d
d001
bcd0
d6c3
1ba3
3839
97c5
0eef
eb07
cb56
38d9
c3f2
10ba
b6fd
48e5
e82d
556c
dea6
b1e9
a6c0
76ed
0532
8baa
bb16
d8e7
97e8
96ca
ef32
b162
b509
fdb4
34f0
0680
b4bc
3ecb
8725
5eae
31ed
167c
5fef
a284
6751
77af
b95c
bace
d0e8
b0ca
376e
e21a
8445
da88
ba64
fe82
aa88
eb90
d130
485d
335d
6a1d
1b30
8b3b
2425
410e
1f31
f27d
2b0e
04cc
a9d2
c8ef
cfd0
58fa
3d67
fa3b
3ad8
f047
83c4
c28c
a437
c7ee
288a
7d47
9c05
0e05
da9e
4938
f9db
26a1
afcd
5915
0e81
8481
c0db
6176
ded0
bde3
5a72
79b1
53d3
b81c
b495
2921
3a13
2ad9
47d8
468a
ac97
554c
cd62
1a6c
9b37
0fe6
86ef
fff3
fb69
4d68
3b48
0c69
6a9c
7fbb
6847
780e
af23
42f6
5499
4545
6d92
bc91
baea
5c06
3dd8
d950
75bb
29bd
3801
57ef
a2b5
640e
c77d
52ec
7134
ecff
e01b
88d0
7fc9
bc26
3104
2e4b
e4f7
d120
e13e
5d14
5a8d
cd68
3caf
6803
ae39
bd82
be7a
2c89
f166
04a4
1bc0
19ca
7731
6972
2ada
479c
57a8
1969
e598
f9c2
56f5
e9c3
c665
9c07
2888
5bac
8da7
fceb
014b
ef04
91cc
5dfd
6247
afae
78b6
b3b8
3ec7
4171
7465
4a0a
502a
4187
6bd6
f620
003b
3d7b
9c00
75ed
17b1
9e30
5258
7092
62be
446e
9bfc
9cfb
0bca
431a
351b
dd84
eec6
cbf7
48df
1fc6
f550
36cd
ef00
71f1
5028
195b
1bdc
8d8c
31f0
22a9
fd4f
678e
6070
036f
7684
e9d4
813d
84fd
1fb1
b93b
52ad
92ae
9403
9577
6257
9415
ec71
b82f
f810
2613
dbf6
b946
ab1e
8834
f217
967c
f644
db58
4df7
f82b
7352
1ad7
27ff
017f
5e50
77e8
91cc
5b75
418a
9a27
1aa4
43c7
f107
10bf
6885
c574
aeae
d0a9
364a
51b4
131b
94d9
4021
653e
9ffd
6aa9
bb9e
d9a8
3630
700a
5c18
8389
875e
c203
d283
b7da
aa37
d38a
2d67
80cc
0b71
7515
e58e
27ee
9e44
77f0
bcb9
3f89
3843
c6a2
ac1c
6610
492f
3b3d
2513
4ebe
1c73
1160
6d74
4646
0067
ba09
83bb
465d
0ef6
aab4
816c
f8dd
c068
f867
98a4
a114
fc0f
555e
619b
5bc7
25ac
cd5f
f274
acce
c839
2883
9b57
6ae7
c548
b333
4026
6d16
8a4a
0abc
4547
bd88
2127
81df
cff4
4011
42bf
2931
621a
cf72
41b7
311b
7078
8626
6f46
2ca7
f8ec
1ed4
e5d4
c89e
518d
ec11
934c
ecab
bb19
c888
54b5
a526
7902
e889
df07
7af3
f639
abad
0af2
3ee7
c4c6
9c86
5297
9e62
8324
e511
b2aa
f44f
6c29
d4c3
1b40
96d6
76a6
e0c4
aa7b
5dd6
fa52
5f95
62e4
6fae
ce9e
6f89
ed07
5bd7
9cd5
dbea
fd2e
8c14
ba74
bf77
b9b2
6ee5
cf13
32f6
1c95
f630
2816
bae4
e706
616b
9168
1216
f775
5bc0
bd93
0a3e
0761
3a42
3df3
ca6a
63ee
87a6
cdd0
3d3d
7817
20d5
6a86
656a
4c41
28f9
388e
e975
0cdb
db44
ecc0
3e60
b5a0
b53d
9bfe
fadd
a25d
a758
1548
13bf
9435
665e
436b
8490
3929
e7b5
d920
4e95
eb39
30f5
c985
71db
8cf0
8cbd
26b1
aec3
1b06
0b6e
7b7a
3998
cc9d
67d6
a914
4501
e7b3
f117
2f66
3141
527c
cb15
143c
00be
e65f
c47b
0704
235f
c3fa
187f
cbb0
fa5b
bc65
fbea
ecc9
e399
eb78
6078
8ca2
b55e
26ae
3ba8
bf6d
cf9e
7c81
8907
4556
4bc4
a6dd
3276
c7c3
342f
dc19
2349
274d
55ae
1981
5465
85e1
7c77
1388
39a8
afa7
d0df
947b
5ca2
6ed7
eb99
81a3
aa16
be9a
b653
b2fe
0eb9
7a9f
acfa
85b9
bdaa
71d5
1259
5180
5d61
5bfd
dc6f
4374
09cf
7a2a
34f1
e102
ecc1
8a69
dc4c
693b
d1df
34d2
1f3d
be08
502d
3b7b
85fd
af6b
2eb1
b495
60c5
3ec8
5c33
7fb5
73c6
904d
1944
6633
ce04
a4d3
63b7
76e3
75a1
e56f
53b1
3f89
d6dd
17a0
a040
f8d7
07b8
0d33
9abb
73b7
14e6
6cff
754a
1ff7
6adb
e06a
7416
c34c
280b
e1db
3a5c
4fac
d60e
1f12
0423
420c
9e3d
28ab
f3e8
92c2
0a20
18f5
1866
4f0b
b20c
4c83
9ba0
9b7e
606d
15d6
1dab
93fb
a7b1
c2bc
94ef
b481
bfe2
23e4
cc32
b7b8
a41a
28ec
dbde
c54e
4113
f5d5
9fb6
ec46
3029
e3e5
2a9d
b278
fb55
9f7d
8072
0b45
4cc2
5182
66a5
44cb
9c51
0c0e
d834
da4f
b36f
bdba
904e
66db
6dc3
9e6d
81ba
538f
b981
7460
e648
e049
cc71
6ac8
48ff
22ef
99b4
dfcb
00eb
0783
8838
f9c9
5f2f
455f
88ab
4686
63f5
eed7
b443
ed21
7c4d
bf43
ae27
f01a
5777
fcfe
8f8c
7408
8ff5
6caf
b69e
1e12
0e40
f82f
c30b
24d6
fd8b
eb1c
1821
1f22
bba7
7570
6795
b9fd
cafa
f4f6
bd06
4ee9
d3d2
ffef
4c01
3021
e6cd
5919
b3fe
74e3
dc4a
4a8e
88e0
6573
53e4
178e
cb52
2d85
d039
c2b1
a70e
bc11
e257
329f
e594
1bde
beba
06db
ec24
15f5
7f19
0dc1
98ad
1087
c5bf
31a8
7060
15f3
25ae
df1d
7b04
9b3d
dc50
a138
c4e4
2bc2
656b
d073
4b02
3f46
643f
7ae3
22e2
3e8d
828d
76d9
c13e
57b7
3fda
77d3
b0cd
ed2e
506a
5ad9
5175
0854
8802
9321
c97a
426e
922e
c932
75fa
42c9
f3f0
c894
2606
9f07
d28c
d148
5692
dbaa
66e0
e613
7a7e
3428
32ca
f2d5
b2f9
e92b
f553
c279
2c2b
0fe5
ecee
16d0
f686
1e6c
7bb9
0b83
4cad
8ffd
870f
9b27
4639
db03
2c6c
e743
44ca
8b71
4b48
2758
26ae
4aeb
d612
bebe
abaa
0190
fa2c
950d
2d6f
ccf5
940a
1073
f4a5
5ebb
26ab
89e7
04f5
f4be
4cd4
30f2
159e
99a0
3f7b
7372
5d84
77f9
091a
f60c
65a3
94dd
171c
6bc6
bcaa
47d5
c898
64bb
11f0
d0cf
daac
d426
5ef1
dd8c
3f29
791e
a75b
6fd4
70ef
c5b2
752e
39dd
cfa5
8425
6553
e5b4
e71a
9822
8970
e211
418f
3bda
25aa
32db
18b1
55a7
736d
a395
a97e
a32f
d783
fb60
a38c
af77
25c0
3a54
401f
01f3
c2cc
068c
6ef2
3e88
2407
a97a
dacf
9667
087f
eb0e
83b9
6ae5
da35
b736
e0b3
db5b
b7ea
776e
6a12
7cdc
4973
4bb8
08b9
b9f7
3540
c5ed
fd57
3b10
e2a5
4cce
b963
80cc
a074
9c1a
0ada
9068
12b7
92cf
9d5d
6746
a785
f977
eede
a18e
82ee
ba03
1314
ed40
964d
c329
b610
024f
5730
2d25
63d7
f456
e16e
5a0d
6eaa
b7e1
9c22
8178
10ec
6026
34ae
c069
039f
64eb
bf68
5214
4b2d
06e2
1f16
93f0
717a
40c5
463a
f387
78d2
a84b
c7b9
ecb8
4bb1
9105
a496
d8dc
b178
c998
401e
7cc5
19cc
6df8
2534
7b9d
f0b2
a23b
c8f1
4b46
2475
8ba8
cd73
7977
e4b4
196c
5881
9888
bfa4
95db
3b64
c96b
e252
f10d
1518
8de8
d469
a984
d177
6e71
133a
de00
e3ee
94c4
e0a6
24cd
83a3
4077
a6dc
9d6a
0a39
dc87
5d1f
876e
5a8a
4627
7a9c
b359
6bc1
1069
de59
79e7
fe01
e910
b916
f530
f4b5
620c
bdb1
f420
abb9
d3fc
3a03
de99
5e2b
1712
3d72
2e98
8e73
9b9c
1437
452c
0dc4
5a36
066c
6658
7b2f
a221
401b
18c0
40f3
68f0
24e0
3fb2
ffba
c6a8
f0fa
ac42
c0b8
fc46
2182
a012
26cb
e5a6
eb50
94b1
5d99
d988
bba5
b16c
2921
9c4a
e307
25e7
a109
73a6
dbe4
a2e8
168d
817c
f1cf
24e7
9651
a45d
d979
39aa
6084
1440
8a5d
95b4
2eab
ca1d
558a
02b7
35bf
2c59
a985
d88d
d46d
190c
e9ce
3b93
9c7e
5c6e
1677
abe6
59b6
a1bc
21ab
4ca1
c344
a760
85cb
8081
8aae
d476
7988
4d12
a948
d280
a856
7f29
916c
663d
1ae6
e550
2c92
5f1b
a575
3fe2
ee7d
1756
ee0c
38ca
7d10
2c96
ebef
814e
e50b
07f1
c098
974d
c9e6
af97
9eb5
0e66
d6d2
0edd
3e47
4118
5052
d828
1435
cedd
53b5
bd46
3570
b021
3c27
47ca
2cbd
05fe
a873
4a20
23e1
061d
d5e6
0db6
5919
ca12
664f
22af
856f
1f24
898a
3adf
165d
a319
c108
b916
3c23
1ce9
9ecb
8935
a452
b2a9
6398
0491
20d2
6695
68d1
dfef
d179
ab17
7ae3
da2e
01a9
8960
6d79
200c
0891
003b
2e3e
c9f4
cc9f
1250
d7c5
4d6a
336b
02a4
8161
7f32
440e
2cd4
3769
c657
84d2
4625
d729
4d52
a3ba
0635
9061
6fef
60fd
0855
6fdc
ed5a
8a46
e10b
3780
7621
2f0b
4ba0
9f71
4f51
f706
8bce
2685
700b
5253
6899
4090
d146
82d6
8056
73c4
2245
639d
0e28
20d6
2b72
2189
1512
9e26
2639
c814
1deb
4769
707f
0203
1fed
9bba
963c
750c
6bd9
657c
fceb
df8e
b18f
fe0e
df7c
6d8d
8671
e7e4
2511
a91c
cefe
d160
44dc
3571
c70c
e645
26cd
1a23
af7f
34de
f322
addc
e887
c326
6f05
7383
a18e
d869
d448
d225
b0bf
3473
3ab0
9efa
c1d2
da21
2f50
35c3
2627
0bec
e3f0
2cca
32da
7c44
8928
bccd
f632
4220
b2bf
9a11
4453
6b6e
309c
0be8
ad51
ad41
e9a9
4e49
e9ed
ad62
3169
a1cf
2ae7
1b52
0a0c
1df4
1e7d
57ec
fba9
9c95
0410
9218
ace3
91e3
ecd8
06fc
ea97
f367
5134
07d0
87a8
b69c
4605
427f
3196
2997
7bdc
4ff3
60e5
2372
a219
36cd
c867
03f7
68c0
5528
2fd2
e14a
0f66
1fb6
97fa
eb6e
c26b
f5df
0bcb
b767
4908
b638
845e
c2ca
a4c8
a450
b36a
b577
668a
76a8
7bc2
3050
7c9a
d7d9
2f80
2111
fc5b
7949
62dc
6c2a
0d55
ee28
ae04
e675
05e5
b311
48c5
984f
276f
00e9
cb89
c81b
bd1c
04f8
3e9c
2089
b1e9
49eb
a455
62e1
bc51
9706
fb09
c382
739f
fe99
f054
72a7
e4e8
e5a8
3c38
7632
134c
2948
1104
7656
765f
5506
3f61
009c
9f2c
3e79
ca07
5989
5880
9190
c619
25d4
175b
43af
2c2f
be94
2aea
7110
7d6d
22ec
a053
3f8b
e9f0
318a
b45a
940d
6e02
958a
eae0
be0b
526a
fba2
3eff
f227
fe81
046a
a18d
d295
25f7
6763
26d0
7199
9b0c
9c48
b125
30f7
2553
0acb
06c8
08c6
76e7
044d
e4e6
7973
7ca5
33ef
a867
299f
cf22
a7b0
d723
7bc7
9714
6ca0
31d7
67fe
b06d
8dde
595a
c22c
19ee
ff7b
c44f
de9c
f4e0
a22d
0a51
a0f2
a4a0
37c3
b626
bf50
8156
7abd
a7f9
f9ad
526e
e5f2
a6f0
887e
f79d
d943
80ab
e928
9037
7cd3
c22f
4b37
a62f
c976
c386
689a
ef92
1984
3979
27a8
39f4
74b7
4ae8
fd3c
f9d0
cad5
9a1b
aa86
9432
059d
477f
2a89
1ef6
62cc
0f86
8526
269b
c0e7
d389
bfbc
5538
a97b
5d23
a963
1076
af27
4c50
6b82
0489
54a3
bb4f
ea65
ec9c
914c
aca9
5785
5c79
f865
a40d
63e2
d4ed
eb33
64b2
8fda
cc6f
24d5
381d
168c
1e35
8786
befd
42b4
d1ae
ea5b
93fd
1f40
6c21
53cf
f461
cfd2
4ef4
76c2
c31c
e135
7072
303e
84cf
f9c3
7626
8ac0
e914
77f6
5bcf
fcdf
9399
43c6
680c
1c4e
d892
43cf
e619
ea80
23c0
c702
55dc
c12c
5e4a
52c5
a3cb
0d9a
0d7d
ad29
9444
962a
4171
f0ab
53ee
0be1
9c4e
24ae
1653
ec7f
8216
3f91
2f5a
30a9
16d6
0598
563c
242a
1f30
48d8
8295
2391
e76d
ce0a
8f0c
00b0
e88a
2b6c
6502
33f6
2897
fe2d
681f
4f59
416c
e6bd
d283
03da
9400
9992
980b
d536
2235
2884
c33c
5426
df31
66d7
9b8b
320e
d739
80fa
9176
3086
6b23
8f0c
fadc
5ee0
3263
b2a4
4e69
a9a9
51b3
77f3
8bbf
185c
5e72
5a31
0011
cca6
7472
0f45
d47b
2ffe
bf19
15bc
8417
1955
0baf
f869
edcf
0f7e
ff40
6512
e648
69ac
505a
b29e
8dfe
2b2b
378f
fd5d
7cd8
d887
4af2
c47f
29a7
2b78
3a4f
2451
e2ac
6e61
f8db
5e3a
cf08
7242
455d
484e
d505
7bd2
ec67
0719
35f7
e7c4
8937
5692
eff4
c985
132e
b118
0860
2cd5
ef51
ac99
f578
8006
4e2b
f8f9
4741
8c2a
f83d
4803
bf66
55fe
6233
5244
4531
0447
aebf
8699
bb53
49dd
76a6
6423
b26b
fb3d
a7a5
f2ea
ff96
baea
b785
d394
8d17
09e5
c260
d462
4970
a61b
77be
d22a
8eb4
04c8
2642
1eed
9f8d
2c26
af8f
4af1
797c
9404
15aa
6adb
77ab
6a18
d91e
718a
bc6a
fb23
8884
760a
489c
38b6
25c7
fb89
c9e3
a2c4
33af
ac96
dd04
17cf
6549
6c43
cffc
9fcd
9f73
1a05
d22e
09d7
592a
e932
37f6
ada0
c1a4
2690
b3ac
c146
c170
35d2
6f76
de40
266a
56fd
a645
bba5
da32
b5ae
62d5
3583
522c
9e59
f9ba
4836
a92b
c762
51cd
8aff
dbfd
1b49
9596
3550
28d1
68b1
3387
37a1
477a
e1b4
54a6
80c0
b9ca
a54e
d9f3
4ed1
5f8b
71e1
43b5
567b
e6af
4834
a001
1fda
ecdf
2646
9421
9f0c
be51
e387
140f
2b97
36b0
a1cf
cba1
0469
21f8
e2a8
125a
d8a6
505b
748f
d3c3
5d6c
f5a1
d449
aa64
3e5b
be54
d977
5287
7cce
fde2
4939
0474
6a42
4bd3
3762
9506
bd47
ee64
2a33
61a7
5a21
14cb
8269
aaf5
4e71
57ac
c526
387c
d591
57f1
fa73
b74a
f385
a7a7
70ea
ece7
0bb2
3172
2514
a5b3
c4af
78d9
64b5
3a4e
664c
1c05
5d7d
fbad
ce3a
0c54
de8d
9456
fb83
6b4e
055a
6f19
cde7
400d
be7d
8640
4589
42ba
0798
8652
0d35
edaf
fdcb
81c0
335a
1d41
74c2
75d0
8a31
24aa
b6bb
53b2
39e1
922f
7b23
f625
9487
eb9b
bdf5
b4ba
6f09
6515
d870
557d
7090
62e0
29c6
b94d
7867
e796
923e
037c
9b2f
755d
661f
c8cd
2f7e
13fe
07f7
cf6f
2f5d
4d5a
3e77
417c
570e
8c53
11ed
7a02
3d1e
2cbc
fcb6
8ca9
5fd4
e9e6
ae7a
10cf
adac
8f9c
1100
9491
fb24
b28c
3851
5ce4
17c3
3482
15d2
eadd
2eda
4f5f
d4ec
7b31
803f
7140
a4af
1ce4
ded3
5e1f
591f
29a7
dcaf
b697
5fc0
c062
7f4f
8345
7484
7146
16e8
a2c8
7a9f
a41f
2880
59b9
2da3
84ee
5e18
b66f
f171
61b6
b840
7b9f
4a76
6526
66af
f1b2
97d8
db38
9ae8
50a6
2fd3
9891
5bfb
ad67
bf69
7afb
6545
8730
653d
5ca3
41e7
8868
1cb4
36b1
39a5
89d0
a73c
7597
8611
b0cd
e3f8
273d
a482
5cc3
b2a6
5438
1a76
53b9
a8ed
c3d0
951d
2a8d
11c2
44b0
c733
1b52
674b
ecbd
7d8b
5576
87e4
5506
13ce
5bf6
1988
8e3f
ebaa
7351
3dce
a3f0
eed3
6488
ddb6
fe2f
45fb
062b
bd84
2c23
02f3
e891
1e3e
bac9
6c11
0bc2
f02c
a2e8
e500
54c2
1d2d
e7e7
7356
5e48
07e2
b744
eb16
e5dc
8c51
2811
bd09
3073
10c3
aeb8
306c
cd5f
f14f
f77a
99e0
ebde
c7c7
af9c
ef43
605e
53e9
ecfb
75d8
9cc3
328c
876c
b71c
490c
5cd5
a371
6e9b
4dc1
ad9c
89f6
39e7
2b12
6ab4
3cb6
f2c3
8c7b
287b
78f7
2989
2651
bbab
8728
55a6
c6ea
4c1d
13da
cd51
dd92
4b67
aa7f
26c1
1dde
6aae
dccf
5f4f
fec8
e74a
8d9d
6111
f073
d969
5947
6e1f
bd1f
93e5
0b0b
79ae
16a7
ef10
b944
52f8
2e61
9e24
7971
8338
1d87
5dd1
4cab
f967
7b6f
ca8f
376f
5c25
25ab
6712
49af
afad
4378
eadd
6047
84ec
45d6
b946
d270
5a45
839e
362d
b01d
e438
903b
0d72
7d4a
1e2e
8c5c
faea
0510
e253
0099
3eb0
64b8
bd20
86da
2337
1625
a1bf
53f8
216b
5f25
debb
322d
22d2
756d
6949
47c9
edeb
25fb
22ca
354a
9927
1ed2
8ba0
eca6
d5ef
2f54
0e2f
864b
673d
7506
ffdd
d8ac
694c
f00a
ed4f
458e
bd88
120f
3f90
0990
fb43
5b48
dfb8
d7b5
7150
3d5a
ffcf
29b8
8ac1
4997
64c1
d8c8
f160
c78f
4bed
d0b1
0650
24aa
ccf6
5807
c88a
c1f1
afa5
5022
0f82
ccad
d32c
5ae4
7500
a15d
8f55
cf93
9424
7a79
91c0
f753
e655
f142
d7a4
281e
b3c6
b1c0
cab3
5bf9
13de
ca4b
0de7
526d
4b0b
4480
86ea
3148
6eb1
85ea
e2ad
fa46
fd18
193a
457d
ade3
bb11
52e9
b0e9
68fa
991d
6442
5467
950f
5a5b
edfe
0709
9bba
730f
3920
ad92
2e73
4cbe
e763
8f5a
e2d2
0686
4f1f
b4bc
c782
84d5
fe76
22cb
d348
bddf
ced6
789b
412f
27c2
d6f7
5c47
fbd4
4dd8
90da
27f8
e778
8973
bb4e
57d2
9745
0cd9
9ec3
d1b6
264a
b2c7
1b02
01e3
b0c4
403c
f685
9442
6c87
aa31
a0bc
049f
85e5
0a25
9bb5
cbff
4b23
05a0
51bf
2e06
19ae
ed41
5654
4f5e
46dd
eca4
674a
c017
421f
6644
0a3f
178c
3ba6
c40f
2f51
afd4
24c0
9132
8a1f
2fb9
edb8
7a91
c98f
3f09
f9d0
6b64
34b9
33be
d376
ce97
c499
2880
3781
116b
18f4
ac13
c2f1
19a5
7997
022b
6cd3
3059
1441
c6fa
f073
db59
3a8d
5bf7
e9f0
48fa
f1c0
9625
2d7f
e191
9be9
57ec
94d3
66f6
68ab
f89c
4868
c36f
c49c
7fda
cf11
abf6
6f25
ab4f
f372
040a
12c2
e35b
abe5
30c1
f8b5
45e7
7a42
b8ae
1abb
dc36
1b97
4cb7
f832
abeb
84d2
0913
85ca
c332
56ae
3628
0ae1
8221
04ca
91bd
4df2
5b18
62fe
bff5
c2a8
3f7f
036f
311b
af45
0cf1
107c
fa4b
7de2
fb76
6730
0e78
94d8
9f6b
e868
e6ca
c71f
8921
225d
f320
5820
a76b
cacb
9d0f
adf7
1c4a
108f
190e
6fd7
683f
4d2e
7096
9534
28dc
ee96
f6f2
5e8a
0349
9804
06b6
8552
b338
f353
30be
c520
70e2
2baf
6641
5d74
4d1d
312d
4c5c
6d59
d752
d515
f108
f870
6660
658a
fe7a
9bcd
cb85
2a7c
56f6
24fa
d2b9
fdb4
03f4
88a0
dc50
7089
b6d5
be6d
b916
4fad
a85d
33d8
904c
85d1
e0e6
3dce
cd86
dea4
9e00
c5bc
7e32
e32d
4b45
fa5e
b107
fb64
9243
983a
2c86
97e8
b457
bbb5
f52a
896b
403a
2492
085a
a9fc
1466
3d45
701d
ce43
af87
479b
b088
3285
9cb8
e514
5a84
6537
b88a
8d03
b20f
9409
dbb9
5879
dd96
551e
785e
4da3
eac5
ae74
83e5
a6e0
c78b
632d
bdbb
d2a4
9f3b
876a
7a92
cbcb
b803
3e5b
9107
0a31
3c0c
70e6
fab1
c5c6
d859
6dd9
76fd
2726
b265
fb7a
572c
4b4e
83f5
ba86
0a6a
233a
cb77
311c
09e7
71fd
1c27
bce4
6584
a995
1f8f
a82c
f940
d07e
e74f
4fb2
8802
efd8
7bc4
55d9
a874
1013
ecb0
7433
3a89
9284
bd8d
f187
01a3
b7ac
203e
1633
ce3b
627a
9a7f
8f47
ead4
629a
c574
1b6a
d40a
e233
40b0
c92b
c498
2798
919c
4634
855d
fae1
c3ee
389d
a3b1
76c4
6977
1fe4
c39b
56a2
3b8b
eed4
b656
4f4f
f509
f513
eda8
4d56
a646
8930
cbe1
2889
0bb8
9c89
8392
ce21
fa99
9bf5
b409
f56f
3b65
0f73
a166
851d
e2c5
05c7
3ebc
fd7a
cd55
3496
9c4b
d156
a006
b878
bcb6
d481
b0d6
7864
3f3e
f4f7
da36
11a2
7a67
7823
5a51
d7a6
11c3
3166
b7c9
a86d
e038
4455
6593
6287
3147
2de7
2e77
802a
b799
9cc7
12c3
08f2
6a0c
14d6
4168
c009
deeb
864d
940f
f058
c781
2ca6
7fe8
c4e4
32be
e877
2c20
1645
e96d
469b
b3aa
3fa9
2dcb
aa16
54f8
cf64
bad5
cac8
c93e
f65c
6d9a
8113
c97c
3a2e
1372
7d33
7b41
f63a
ed33
20e6
4bf1
c017
8a52
e044
90c3
2e12
ca60
77fe
a1d6
24f7
ee09
30ca
4eb5
d6b1
ecf0
c995
18d0
4edf
3d81
f705
2092
be84
74bc
703e
04be
c55c
357f
f20e
3bb1
cb3d
c551
371b
aa5c
8a8b
09ef
bde8
b3aa
2cb3
f386
ebfa
9f2f
cc4e
2006
3b4d
ee16
2870
f3d6
e765
5c2d
84ad
f9e7
59ea
3702
20b0
1e66
9067
cd1d
1828
33be
750c
73fa
83cb
bfb9
5663
4280
873f
ec0b
0aa4
fb2e
d83f
6291
493c
5e03
69f5
85e6
c3e2
7826
a56c
5ad0
7c65
1462
4f6e
6730
7d46
12eb
2bdc
5280
c104
f1d1
9f90
1b98
ab22
c520
99a1
1d91
a355
33b9
04ce
38d1
cc0a
6daa
9586
36ea
3fdb
d0d0
2cb7
1982
f75b
72d0
a30a
de23
9690
d903
d7fa
e14b
caa6
b0d3
318d
6ff9
e4c2
4ba2
758c
6ed6
2ca4
8908
82e8
6886
ea9f
662a
5fd7
a467
8dcb
2f67
3256
6677
269f
f264
c56e
cc70
925a
effd
8517
f0ae
761a
8e76
5e9d
290a
5589
768c
c798
e662
1b71
e510
a5a1
2086
c18e
1ca2
3482
4f2c
51bb
41bb
63f9
d82f
4659
c201
e508
a9a7
00af
49af
3f24
0edd
933a
0afb
c0e3
0561
42de
0f00
8793
2f17
c62d
031e
0826
26e0
0bf2
5c70
c760
a608
cdc9
af02
8c1d
a8ff
e00b
d077
5e43
42ed
314d
1cce
c15e
e434
b410
193b
e77f
7ca7
c0b6
b6da
568e
5586
fe3d
8a62
b877
111c
f736
a703
285d
0af8
e714
b4b3
1aa0
de29
e22b
8671
da4b
41d1
0fe3
fe62
f7d0
3be4
dcde
7846
cf52
5761
6041
2792
324a
3b04
7199
5b5b
4204
0e80
6fc2
4699
a37b
ec85
835c
1841
0e7d
791f
5dd9
f11f
be82
fb0f
4297
7853
6762
ee55
9233
3bde
2821
0d50
f056
4ba9
2014
750c
e82e
e59e
4825
8227
e5bf
132a
a3c9
0ec2
36d7
0fc4
bb76
b6df
eb0a
3470
cb80
1c03
71c8
8f30
4927
4407
afba
5814
2009
de37
ec51
5c11
78e5
8a3b
7b30
3eb4
d62f
a815
fcac
fb0e
e1e3
a1c3
2af3
1d05
cd6a
939e
c0ba
2288
9021
f545
2ae3
f822
52ed
266a
dcec
751a
cf61
1c73
a223
827d
5c10
39c9
8a0e
2a7a
2df1
1c8c
027b
5415
4b86
4efa
bda4
3125
0fe9
32f9
6778
6933
75ef
a11f
2477
5e1b
2679
3053
6c42
af90
40c4
bcf2
39de
fa46
db3b
f98b
a188
9c50
2540
12a9
a6c4
cc7f
ca15
e9df
f5a3
918c
0b84
666e
bee5
991b
b0ce
4abc
571f
9018
2f0a
e292
fd63
8b11
6257
eebc
c97c
edac
651a
2bea
7cd4
9849
c4b2
6c55
00dd
7c81
4b6f
765a
4b6e
9ef5
785c
7e7d
696a
9c09
6cb9
26b8
a925
c0ef
261a
2f62
25c1
7147
b0f5
573c
7d28
9fdb
2e15
aca0
1fc5
1f2d
fd60
3694
fc5a
a4ce
fec2
ab07
e94b
7a0b
81dd
97b2
3d4d
2373
7bd8
e4fe
50ee
63ff
aad2
074b
3375
55d1
bf1d
eb03
32eb
d1b4
e47b
d3bb
8b20
d110
e55c
798e
8a61
c5c4
73dd
bbcf
b0eb
f557
6442
7f60
b877
7327
5ffd
e2a7
e1f2
3683
a274
6013
d077
b40e
1bd8
0f2b
6969
3aee
adfb
5831
676b
959c
ba5c
b9c3
34bd
0f1c
8a8e
3833
e871
8043
e02a
991e
95ac
8fcb
5b11
2666
65b0
f8f8
bb21
cb81
b73e
511c
9d1a
d792
c84c
626a
bf9a
30c1
583f
42ed
c561
d308
b4a0
b1f3
118c
b162
b7d1
ac17
72d4
23ec
fe91
7fc3
75c2
993b
aa8d
f124
18aa
8ab5
2100
b2e6
ea58
96ac
e7de
13a0
add7
f176
b34d
5b46
f4d7
16ff
5f34
0f84
799f
e876
3572
4dbc
286b
856a
25bc
db21
5059
1ab3
992e
bccd
4658
33e3
492d
d847
e93c
1b0f
f81a
1bd6
65b3
5a02
841f
545d
85dc
a3a1
be20
e385
6a43
a522
8cb5
c762
41ed
7891
164a
2067
5ea4
20e3
32a2
51bf
e5a9
8397
9cbc
4736
d1b5
2a56
2d70
abf5
ecb4
4b1d
5903
0623
92ea
e773
d92e
347d
926b
5ef6
d159
fefd
7de7
4db1
a134
0cce
91a6
5e50
3589
3118
29af
296e
097c
5bb6
2428
bec4
c17b
ae87
4929
d816
7317
c212
dd12
cba3
345e
2d3f
a70f
73db
70b3
86f6
f563
0abd
127f
4966
123f
82af
1b9f
1088
3fde
547c
d6f9
914d
66a2
ff56
ecc7
255b
c40c
f66c
b121
1e3f
b00b
e317
650a
0692
f399
3b92
70ef
f82d
40f2
ac22
5736
42b7
8b91
5324
1a8c
1e71
c41e
a390
1725
d76d
c477
f546
9a61
5daf
1540
bab5
4e5f
fef7
38da
9a5e
b8fa
0e01
5fe1
2714
4ef2
064f
dd71
cf62
0bd2
cd0d
24c3
6491
2e1f
07d0
67a9
59a2
b549
cd57
a37e
a355
5a2f
4adf
b7e0
9ae7
a84f
b01c
301b
7c15
1d49
39f9
e952
aa12
0c96
6c2f
8e03
3573
c481
b20a
f6ff
7cf3
2a00
16a6
02d9
31a6
57c8
3878
1b01
8230
18d0
cb0b
43e8
9ab8
09e9
dab4
2713
6c97
aca2
32eb
50ec
89a0
a198
6c16
cd67
e46d
dfd2
1a56
a4d4
793b
c84e
607b
0b53
2d38
6a68
c08d
9892
346e
0ce0
8ce3
4970
add1
e942
6d2f
78c5
406b
1670
9d2d
d7f7
d77c
8b31
fd16
ff70
dac7
a028
51c5
0f97
7ad7
02ea
b069
03f5
d4e9
3ef5
3a39
2b53
700d
064a
ce34
495d
8b8f
1066
d4ee
8b8f
37db
a8de
c8bb
0381
7c0a
d653
1a5c
dab3
0cc7
1076
5974
dc80
e523
ed2a
89dd
56cd
942c
bb73
b0a0
a83b
3525
7e56
5d9f
4287
ef45
2acc
d76e
8f97
8f2a
333d
b113
7418
32b8
3be6
d5a5
b7ff
48a5
13c1
8080
a484
0566
986a
eebd
dbe1
2b4b
2573
b147
e7c7
1c1d
0c2a
b6b5
cb2a
3da5
b6f2
2270
46ea
f170
4ff4
a409
df7b
d717
6af3
cc6c
9c09
f0e6
ce1e
752f
c381
7065
ba72
f50e
003b
bfb5
a53a
9bd2
b14a
3583
9bc8
689e
8d66
d996
3be5
4e65
fb35
65a8
095f
d923
0807
3176
fb7e
63e8
e468
5cb1
9e28
6e6e
0f52
a5c4
1fc6
63c5
9879
657e
8edf
0c87
a44e
a194
4afe
1b3d
0eae
9dea
3697
497e
a90a
8aaa
f9b0
d4d6
dd85
90ed
fd7c
dc7a
e094
7777
4abc
cde2
18bf
28c4
bdf2
3d27
c4a5
075d
795d
c928
6208
726e
e418
696f
5fd9
c490
5cc9
1747
b7aa
90e9
de16
de8d
0f5c
fe20
e914
f513
18c8
258b
3f10
4cb4
61da
8e94
6a1b
dc37
cae7
c5f7
0050
c193
d964
6bf2
6f92
f4d8
7e9c
71b4
29ed
9d0b
e286
758a
9b2e
9c71
d8ad
9ff8
2010
7a5f
c760
303f
7b21
88be
1821
1f65
5cff
7316
d369
ce7e
ea5e
733f
73e7
b641
101d
59ac
5d27
ff44
af4d
54fc
314b
9c4f
009e
04e6
1e7e
82f4
3e36
3161
a5e5
6bb7
4fb3
1453
b1c0
0662
bc7e
11ab
a524
0e1e
04b5
dd38
e78c
4a02
6321
d20e
7228
6530
ee89
2547
2b4e
2bbd
4d9a
b8f8
bd45
29c8
1eaa
9647
3a76
3fdf
3868
ebc6
430d
2c7d
0e03
f47d
861c
076b
5aec
6ec2
0e13
29ea
53ff
6a01
b6a6
b957
93cd
70e6
5647
14ca
2048
4dff
619e
c0fa
09f2
e1ad
aa3c
dc34
1d20
c207
c524
354a
4a40
fe25
1778
1536
004e
a4fa
0935
67a8
dbee
5969
8852
aff3
913e
8b97
b69c
7fbd
dbea
6f6e
e4de
69a8
c27b
e348
2ed3
5295
9728
18a7
a391
fd37
5b6f
9bd3
15bb
a34d
8810
647e
4516
af7f
c2f3
d6c0
e6e7
ab84
646f
d8c1
f91f
4f96
7054
24cf
4d65
7ee9
fccb
6cc9
9938
f235
df41
5b38
14e6
96c2
1401
4bf0
a01b
171c
31d5
8477
bda8
7efd
c46e
489c
32c6
b2ac
8972
3e25
8c34
630c
2f25
8277
706d
f5f3
9cd7
4dba
95e8
9175
75a7
ca72
7177
60ae
a87b
2e99
16ab
0e7f
5454
30d2
d0f5
8f1f
1443
3c79
e6e4
2c7c
32e5
317e
5185
6c8a
e24c
b2d6
bce5
9b3e
e444
02d8
2f59
7ec7
4f2a
30ff
f21b
b579
c1f3
6f1d
8ffe
5cb5
7703
0bc3
adee
1cd7
1516
cdb3
49f6
ccd5
cf42
599f
c82e
8a58
1d68
d355
685a
6ec8
64b4
a5a0
6463
45ed
9fcf
6526
614b
f00d
286c
ced8
4c33
08c9
bb19
7bb7
66e7
bab1
d898
72ed
e54f
566a
be3d
e2d0
6fce
619c
b900
8ffb
ca13
ba22
3b17
42fb
bf5b
3d35
42c0
e7c6
ef20
af68
191c
42d5
9fae
f973
db96
c18c
4268
6fb0
ae9d
1b50
29fb
0592
d123
f4e2
1503
83b7
c198
f1b5
8fb1
06fe
cbba
e5da
6858
7a8a
1836
ca0d
c09f
09a4
1a38
54cb
6315
10d4
45a1
3249
16f3
c399
2631
7641
2453
a740
08e8
81cb
fa25
e717
eb6c
514c
4294
475a
c77f
fa1d
d94f
216f
16e6
5409
9308
58fe
f4c0
51cb
7a33
fe09
a88b
8f1e
91bb
b2dc
95e0
fa9a
4c7c
3e8e
d52e
b1c9
da93
e795
5c67
dcc3
8dbd
3b1a
1974
e060
0e68
7d04
f15b
e3ea
8149
5c05
df89
f7eb
e290
8490
3bc3
dfe2
111e
2359
d3a5
a034
671c
2975
6d85
6883
66ba
740a
b9c2
3422
fe8f
e935
8ae7
d279
1f19
3428
2642
51f5
54d5
7486
ff16
892f
1f27
f43b
c2b8
269b
5d9b
ef5d
bf0a
1dc0
4c74
41b8
5e61
d67e
cf3e
727a
4619
1479
bccc
0a09
98a5
d81e
01ac
457a
abbd
a2a9
942a
e081
e1d9
2f25
b328
c70b
3ed1
3ac9
4ff4
ffc4
9665
096d
3700
ab58
279c
0fc4
7a79
ff67
7089
c746
e3cb
dacd
b8f0
86cd
3016
521a
bca9
578a
f69d
effa
eefb
62e8
8c0a
ae42
0758
ef83
8854
27f3
0172
f43c
f4f8
6b67
e4d6
eeaf
9854
ce53
fc98
6f5e
dca5
0570
34a5
aa05
84cd
344d
8704
2afc
d2d9
69e6
eaa6
31b8
9211
c392
8b0d
9edb
e4df
f166
ff71
08c7
02f2
daaa
0d25
ab7a
e39f
e75e
4a2f
5c01
bcd6
605b
5242
1d79
ce49
30e2
e38f
dd05
2694
bff1
8bea
1fb3
92d5
023b
56c5
9094
2783
c168
e426
a39c
dc9c
ea05
2e0c
fb0f
b0e1
0523
8422
c61d
8974
1c95
c5d2
5823
7a9c
a78c
22cb
3392
60ef
7128
294e
a9da
b073
3481
c99b
f686
d1e9
65db
d5d2
f0e5
4a03
490b
637a
0f36
6cfe
8c01
9be1
1846
533c
1409
d8ca
6a6e
6db8
7e36
ed34
1186
d900
9d53
e9f4
7a4f
90eb
8a1b
3562
65bf
fb94
d1dc
3a61
6412
c22f
a1a7
4287
bd65
d00d
e771
032e
55a5
e9a1
c444
3a7a
988e
66f0
caae
a707
3cb4
d9ca
b6a7
6a46
6cb4
7518
ed6e
f090
dfe6
5ace
746e
9a34
0b96
df02
e80a
cc69
4b2b
9420
f81e
184f
32f3
ec39
361b
cdc1
f59f
06d6
c2e5
eec8
647b
243a
1351
6894
2f39
cb65
6c08
7528
8684
89c2
e687
061f
3065
2361
f70f
bd16
17a2
2c94
7ea8
eed8
14e6
4ca6
6420
0cb8
1b74
623b
b9e9
9f39
01de
beb1
ca51
aa36
95d1
9390
2ed2
7470
1ed5
9159
6eaf
a728
bb0c
4d61
33aa
3d98
1ca7
06a5
650f
65c4
d149
1428
eef4
4882
1b97
07f7
060e
a2da
3dd0
25f2
1885
f371
f41a
c536
55d5
c4d3
aea4
c27d
7884
9918
37ac
cccf
5799
4419
b06a
7e46
9fc3
137d
2471
3846
f042
f42f
4471
69da
07ff
8a2f
6e59
9012
9e8b
951d
4393
0703
8832
bf0e
0917
7492
5b80
7a10
d57d
2344
7fb9
7191
1c0c
ed00
092c
8834
6ff0
8387
728a
a2c4
b520
6d85
70ac
8ae7
1298
be8d
4aa4
b4f8
4d77
4eea
665b
95c4
80eb
b859
7ae7
eaa9
8aa2
c4c8
49af
26f8
2e95
cab3
91ca
c674
166d
eeb0
f673
760b
3bf0
1a83
1376
bd28
29f5
51cb
7d83
5e61
1c20
9bbf
9cf5
5731
65bf
ce1b
6a55
f233
e54d
5759
8ed8
a1cf
3649
0902
3448
784a
73eb
5dd4
99a8
f2a0
ab8d
a55e
80b8
22c1
ed49
0d75
499f
6061
6198
2378
68d8
421a
77bc
71d9
b43a
579f
d28c
7909
718f
8361
a4fc
8160
aefe
ecb2
4c14
7be9
f11d
d47e
c923
7b48
5ddd
293a
a1ac
b84c
f504
3acf
fc90
8f65
564b
66b3
5ae0
de53
ffcf
0689
5a88
1842
3037
dd04
b3d1
0877
147c
8dba
a5a9
6862
1c2c
27ea
dace
1fe5
4a3d
598b
b215
201d
a5e9
aac8
9826
85f1
af69
7ed9
a102
cc8e
990b
0fbb
3c98
89b7
6d10
bccc
00cd
2216
3c4b
d034
498a
a622
5d3e
e781
f838
3394
8ff3
2d9d
8e53
6f60
21a3
e1d4
a88a
c639
5bd3
e8c9
50d9
6248
e27a
6fbb
482f
2888
6fd3
3f0b
1859
0975
654b
b830
085c
81ab
f719
bf6e
cc6a
33c3
5fd6
e035
eec6
31f8
f4d5
4824
83a9
1b7b
68b4
72ce
6f29
7dc3
de0f
19f1
49c1
2680
3b7c
fe7d
1d2c
5afb
c34b
cd93
76a0
c48d
4f2c
740c
bc45
c4fc
6ebb
fae2
830b
b617
6f54
3492
8265
168d
02c6
7303
3d7b
a6d7
781e
e417
4402
c7cd
21c9
4671
af09
0982
1950
a78d
3af1
0447
9a3b
d2a7
2359
89e7
2342
82ac
b18c
791c
4185
6553
a389
9be9
808e
bd0d
d24f
cc9f
53f9
ff0a
3925
7068
ec9f
9f68
9c42
4bb4
6cf3
6b03
db11
da95
b923
d7db
3428
5d63
5994
892d
8b12
6a07
ec2a
be51
f420
3748
d005
b285
5a7e
a665
bb29
3014
0eb3
e7c6
22e9
c0ef
b263
377b
2a41
41f1
710d
950a
d5ac
de30
8217
cae4
b448
ed04
1c98
b046
93b4
7521
f4b7
e1c2
daa3
74bb
4b85
ca15
cd6d
7edb
3503
5bd1
dac8
dfc0
fc7a
a578
0b5c
c2ed
6070
a2b8
78b0
c770
927c
5e1b
fc60
a2bf
1bc2
de3f
5121
ac88
c71e
5817
da4e
d1f5
9854
2f77
22fa
a524
d82c
147d
5c4d
5b43
0040
5598
8d2e
e164
c522
1fa2
b5da
d524
570a
5ccf
86cd
70db
764f
1f5f
3948
51c7
c71e
bf49
1009
623c
abd7
bf3d
eecb
3e7e
58d1
1c4c
fa65
7acb
a53a
8c41
e299
d447
6651
28cd
d73e
4ec6
edad
52f8
118f
011c
99ac
d4d2
45c0
a39e
7e9d
fd01
215d
e85b
690c
f81f
b53b
64bb
a851
48b5
5ad0
1392
bda5
1fbc
5f8a
7fa2
1bcb
c415
9730
9c3a
1f0c
307a
b3be
c06e
d659
6978
ee12
6a96
851d
f080
8014
5f9c
0301
bd84
a947
4963
d454
d9aa
3218
6136
a895
ca3a
d33c
c33f
3c1d
1cd0
5f9d
9e88
793e
e3ef
855a
eaf8
33d9
6d72
a44e
cd18
83ba
336d
bfe0
b76c
545e
6d74
fe4b
0569
54fa
7019
c9f9
23ac
dbff
53ce
44b7
96ca
0464
8983
98ad
7db5
c77f
64b5
608b
876a
e570
4c72
13f4
4718
974c
1ed8
d16f
50da
0a66
6324
cef2
6eb8
d3c2
2eb3
b49d
fad3
b2eb
7922
771b
79da
dd3a
07b9
a238
aa7a
7d11
b7e1
3c60
b63c
aec9
8f70
ffa3
7d91
87a4
8d6d
4f61
44f1
ab3c
2454
7563
4128
7b0c
a503
7141
0c23
5b63
6d18
48af
2ed9
c8ef
81f2
928c
2209
ac5c
d83d
2f47
6fce
bb9e
5ecb
c36b
b60a
c71d
2346
58e0
f2a5
435c
d251
7733
2661
a4b0
8005
345b
637f
a92a
255a
34f8
e3e2
fd00
510a
b88b
6c34
73e9
17c8
db5e
67e5
eba7
a776
f86e
2452
1591
601b
2064
a6c9
f178
6a3f
7983
5ffa
ddf4
b3ed
def6
3c9a
a9b5
c9cf
2faa
a192
a793
0f09
e204
8162
a3e4
6993
6d2d
22c6
59e3
79f4
ec38
dacd
e4c8
f29b
4298
21fb
09a3
8076
e134
1678
3322
07b0
7cfb
213a
cd7b
c7db
243f
e3ea
ec0c
0aa6
a400
8f50
10f5
5767
1262
805d
9dd6
1043
71d1
d0ca
c7ac
99fd
d132
c83f
9e2e
e522
9575
092e
c756
f074
a054
7408
1b11
2a53
d3bb
9755
47f9
4011
e60b
bbb6
405a
6e14
4d4e
aabd
6341
0803
3d73
2bbd
c010
dd7a
c1db
6bcf
f3e5
4a33
ade2
ea1d
5033
34e4
6c3a
88f4
c7d7
df4c
fc05
9ce6
0aab
f999
c40d
562c
6d53
695c
73b6
c1d0
10ab
0d39
d19f
9286
b2b5
1963
21dc
41f1
ee72
4216
b4c1
f63e
c05b
3619
3f93
db2f
5b47
e1cc
482e
13d0
46eb
85bf
adef
88f7
21ca
57ae
3c2e
b2f1
037e
4e6e
65fb
0928
8962
3d8c
fd2e
effa
155f
7e0a
6257
88f6
d03d
1a90
b4bb
190e
485a
b6f9
8ace
c593
4e00
68a9
4323
c1e5
a122
3d12
c621
0330
378b
60c6
27b9
3a45
ae99
8783
3b08
86ef
18d3
669e
c1b2
6159
d203
3ad4
2a26
e4ea
fce6
34cb
966d
055b
d038
80bc
a7c9
04f1
e22a
52de
5f27
20d9
53b7
18d8
9a77
217f
c8cd
ea20
3491
12e3
a159
324a
d6e3
9d39
3f90
78a8
3bc6
da7d
cb1f
ce59
6d01
3dea
9f35
0467
7a2a
b0c6
e3bf
8f8e
76fa
fe28
7af0
fe0e
5de6
57de
b9c0
962b
9eea
aa4d
b24b
297f
eb96
47e1
bee4
5160
cdcb
f7e9
40d1
00a9
a247
6207
79d5
6a19
a91b
93bf
f7c2
3f53
59b7
9a22
ba77
9922
6d00
c8fb
ed00
dc5a
0da3
0053
87a4
1a1c
707c
be66
0913
8bae
4fe9
7807
3389
3d28
c005
b86c
68db
4c09
30f6
30b3
1f51
d074
72bb
5c3a
5ccd
0c34
13b7
3989
9452
d2f9
16be
bc9b
4c8f
6efd
6f4f
2d82
8d48
0980
ea1d
3f07
3290
4d50
9760
5a41
0446
3b4c
faa7
d4cc
231f
4343
7862
9491
ee99
6839
88cf
1427
0981
1b44
107f
846a
f61b
832c
d154
4d9c
103f
5596
756d
2785
9249
9c2e
6a0d
9b1e
924d
d01a
5487
211d
adb6
09d8
44ad
c486
e50f
ac8c
b0b8
5ba2
fa68
795f
1b9a
3f13
4cb0
2ce1
f086
1e6b
957a
e363
66ea
a9f9
0489
335d
8854
09e0
fe6a
e5e6
baae
081f
6083
0778
d08b
83e6
f8d5
e20d
3818
3355
be15
30ed
cefa
d9b2
e065
0134
a0c4
f07d
039a
8c6a
d0e8
fba4
fd89
e924
ebbf
ea1d
6b92
f73a
3ee9
0b1b
d6a3
ed95
47a3
4194
e0bb
7d0f
e0b2
1558
606b
9e50
fc31
7503
f271
724b
2ea9
e82b
cbcd
2cfc
c7f5
835d
bc6e
bff4
345a
0128
f7d8
0789
81cf
3e5c
4c44
f7de
08df
0de7
714a
fdc9
d042
6d05
49a6
c061
8c4e
ffb8
9908
e55a
445c
06e1
e544
6dcb
c1ae
af25
5fd6
a6bf
63e1
2c91
c063
ce2a
54bb
25b9
3650
f04a
10cd
1a42
c6a6
bc3b
0465
653b
260a
bbcf
ace5
abfd
7ae6
b8d3
10f0
3f05
be46
1ba9
a57b
e935
3351
913f
8a70
e86f
95e1
2eea
9130
e14a
3d2b
68eb
9a2d
5ec1
c3b3
fa27
6549
40a8
b6a4
551c
82c4
0ea4
afef
a243
e592
45fe
b012
e822
0945
68f7
6c22
080d
a866
763a
c055
f2b7
5cc3
f98c
4565
c5fd
87d8
fcd8
7635
1ddc
57eb
8e23
9ffa
8124
7072
2d09
e265
0476
56fc
b8e8
6310
e104
8255
6b6a
ad9f
91ee
b976
b612
6d8f
23f2
985f
5291
ab58
d1fd
cdf0
d226
b155
6640
b8dd
f36b
085e
122b
8db7
e023
dbc4
2d05
28a3
5c5c
e94a
1d5b
8c92
155f
884d
4dd9
7bb3
0707
81a6
2090
ad17
3474
762a
55ab
d1e3
9bad
df61
45c9
2879
823e
3e0f
37ef
4a02
9fbf
a7bd
512a
8c8c
1220
7a6b
9ab8
bcda
8917
2e30
5ea9
4db9
4e44
a950
f878
4220
23f1
7077
37a8
07ce
2249
8489
4998
ddb3
8753
11a1
7524
e286
5b51
9fab
57c4
0313
87ce
e54d
e43f
1aa4
4b4a
5f0d
2f41
3d4a
795d
7ff4
b55c
b412
4b6a
c9bd
f94a
4a26
2cfe
0d19
5947
58cc
fda2
53fe
c4a5
4772
a24f
d069
a1a5
d091
1c18
c1e1
3bbc
b85e
6a6f
1a0e
89e8
4c65
d05c
c47e
b291
3c9b
b9ef
94f3
97f1
ec9b
b123
1f2d
d7c6
cf6d
fbe3
c011
7ffa
1111
e768
78e4
7877
c61f
1387
77a8
ce60
a891
c661
c636
ed7d
9151
7c5d
0708
1412
9b85
7da3
fca7
fcc4
144d
e3ef
eaf8
e988
9c04
e211
0114
0e1d
a125
8b51
763f
24a4
84f9
1970
65bd
1d0f
26e7
0fa6
d469
50d2
7267
babe
3e18
e38f
d66e
afbe
7423
ccfa
0139
186a
f7e1
5e9f
9ce0
e23d
b53c
11db
e874
60c7
2733
d837
bea2
1419
f0e9
5360
8e72
26a1
f55d
8ca7
a872
c145
76c7
467c
47dc
c44d
d5b0
813f
22e2
b570
5c6f
2803
fd4e
4eea
e5d1
985e
f020
4bf5
51f6
0371
ec0d
6cf4
410c
c401
9da6
a80d
9f70
f598
d1f5
0522
4656
48d5
b58d
3db1
4f0a
0aaf
3dfb
6478
ac49
3f18
770b
57a3
8f8b
7ff2
210b
070c
207f
f93f
f482
13e2
384d
f614
182b
4be7
ef9b
3c20
8748
89ea
9ffb
b082
52f5
acf8
8e3a
c7d5
26b6
724c
1b97
5175
66e0
0fd2
6c28
d9a6
a10b
3d9a
63a3
4727
a864
97ca
28f1
dae2
c5f7
b6d4
fbfe
4605
a9c5
8105
7182
2566
6b67
a937
1849
ff05
d740
aabf
6242
5688
cc3c
6214
75f4
d0b6
4e16
89d5
17e4
f21f
bb2d
f3a0
fa1a
5aec
8ab6
3fd6
ebf2
a517
c64a
af10
ddf4
1806
5e57
eaae
ecf1
3f98
30f7
36fd
bad9
9687
2f10
6afd
524b
e68f
e7a1
24da
7615
8e90
fa71
1b84
e444
c73d
1fe6
9146
52e2
082b
87d8
2f8f
cdbc
b99d
6ae0
8a50
e521
c05c
3fa9
8f72
9c5f
125b
f7f4
40bb
34ba
21aa
b05a
0abb
9e10
7724
7c1c
a07a
083a
8aa5
cc90
6cd9
a343
9600
f285
eec5
e8ec
de51
607e
c219
ecb5
6bf8
6517
4bd3
e3c3
d8b2
d17c
4e49
096d
0a62
c7cd
0cbe
4c6e
ddcf
0675
b967
eb03
610a
fec7
0c60
2363
918c
e4a2
b771
bd60
1c91
0808
a346
3f4b
b1f5
141e
8389
65f0
f9e9
ef65
8bff
7108
d608
a321
180e
6bd1
ab46
85c1
b590
d35e
2080
ace4
f7c5
3b46
811b
114d
d328
934e
c4c7
0ee6
fc1e
bfc8
2f7b
e3c5
2b7c
57dd
b1f6
8bdf
c531
1171
99f6
5fdc
4c83
3784
4936
23ef
eaaa
963b
c494
4cad
5074
8f85
39ce
8af3
c381
bd4e
af6b
a425
b42c
3c2c
5ee0
2f80
d0d0
8610
e070
aa3d
f2eb
c373
d80b
ef63
c9b3
87c8
b36b
5847
b191
7a5b
038b
f588
cf9f
6c27
4171
6fb8
6ec4
ba11
367c
1b58
6e38
497e
d064
de98
7c79
69c2
47c0
098a
3df7
dc86
2f4d
9f52
f0f3
943e
7207
52f9
ffa8
6810
8942
ad0c
0dd7
75a8
63b0
b26f
c29d
4eca
b123
0c09
7316
a789
1d82
2409
2068
ad3c
5d10
1f69
f78a
e839
1bb8
4251
3d61
0b5b
c8dc
cb7c
9518
66a7
53c9
b57d
7438
5880
d862
6b46
5b80
6f2c
5e71
49ed
56f5
2fbd
5d89
6488
f7c5
f3a9
0f05
c27a
4e0d
f6b4
7135
c126
cb76
b2a3
e0ea
6b5b
7973
548f
1fd7
067f
6dfe
a749
dec9
2301
55f0
1e69
048a
bd22
3f54
a74c
a722
ff93
6a99
2f72
058a
d4be
2922
3e4a
ce8e
fd3c
c78a
ea28
f5ff
2d5f
5410
fce7
d71b
0338
8c11
7ce0
c336
2a9c
2e4f
e85b
140e
cc0b
110f
c6c5
57cd
7e0a
b68f
1c21
ce74
1c0d
014d
2c83
8aae
1c27
bc1b
a4a0
0a59
3302
badc
921c
b544
83d8
efb5
edd7
9f45
5005
a761
e39a
c5aa
2814
6070
96ca
0961
d306
e4d8
4106
7226
e646
3a14
65e9
9980
92b6
1af1
fe11
0690
f31b
2d6e
9cf6
8796
c622
c7cf
6abc
100f
27a0
a053
51e1
188e
433d
0656
4431
3423
55b7
9fe0
845d
9a8f
d9a2
ef2b
9ee8
617a
e243
9503
d1ff
1608
0dff
764f
5f0d
8082
5878
f34f
6cbd
b448
a23d
9b42
9180
b6c8
b114
82c4
2d47
8709
2f5a
76a0
da85
6f08
5c3e
6a46
88f0
64dd
fee5
5717
a76b
d02e
f3fc
a903
2601
cc6c
02f1
c5e1
9095
8886
345a
2eb0
c35a
94fa
03e4
5937
b69f
8fc3
9e62
64a2
7e6e
afe0
f1d7
09da
161e
8452
e811
8eb1
e121
dfc4
1ca0
eeda
8610
0f06
2634
21f2
6d91
6db0
1b41
de71
feaf
82df
7046
603b
6dd7
4a3d
9c92
0bc6
a094
d4e5
0135
574b
4fb7
6fbc
f517
58f5
0a11
0989
5baa
d229
c52f
b980
53a6
3c04
9711
43f5
8c47
eb83
1405
9499
487a
0f6e
3b0a
45ad
bbc3
772a
e643
a8f7
27d3
5efa
6b01
4429
65c2
2b80
cdda
ddff
709c
d388
2020
2608
fc7b
2cbf
9879
8b8f
85eb
6bb8
b82b
98ef
af50
173b
8aa2
9364
12e6
d794
c268
48a1
99b2
2b66
2872
eff8
0729
1e29
dc62
385f
8de9
c38d
e353
17cf
9b30
f968
be4b
6d0c
2703
cb16
a40d
1e0d
6509
e7cb
11f9
5f34
dfc4
f931
8686
ae83
f3ea
074b
d3d0
d49d
377e
d7af
a66e
cf9a
0b03
cc71
9679
4c1e
e49f
b3ec
16da
c701
3ca5
b16b
96ae
4c97
e7b4
28fc
cd2a
b8fd
234a
9485
282d
c0fe
6186
56d9
e30a
2a51
9f8c
d606
98ad
e817
8475
b714
83db
69eb
bd99
55a7
c10b
f707
2b8a
7f92
633a
9cab
2650
a2cc
3248
123d
1254
4730
40f4
56cf
6307
a32c
4740
0859
d1d4
9785
34c7
389b
1f6d
d81b
1c76
b0b5
5d79
5b90
fff8
3d41
3fb6
1744
f88a
63d4
ed5f
2feb
2d38
4d3d
72a0
f5e6
dedf
62fd
f321
9fb1
2440
daea
44a9
0b4d
9659
0553
969c
2ff6
a51e
4ee0
31ff
9176
4513
4e11
c9e9
5b7f
0a07
b6af
990d
818c
9362
414c
a964
2c71
2c16
b408
b0f2
5ef5
4ddb
b8f9
cc41
74f2
6894
bb85
c968
f54f
d240
b620
7bf5
d18b
6098
1f65
0e12
52aa
deaf
e106
93b9
0b33
365f
3a52
02cd
9757
a22f
240d
0349
9635
eb46
6885
659e
2951
fe7c
8022
de63
cc87
1eea
0253
e46f
7f25
bb07
9673
f708
d09a
a6f1
b0fb
990d
ae9d
9179
b30e
c168
9631
f5ef
f1bf
e04d
007f
f3e4
38e3
e8f1
9f49
3052
9387
16ba
3d4f
4f9a
9949
643a
3dd2
0dd0
567a
9df9
e344
e5a1
b9fa
628b
300f
430f
b665
9672
50d7
e2e4
9895
0e92
eefb
103f
822f
acc4
e672
7fd7
ea73
0893
4738
349d
5879
94b3
d772
0cfc
4dc6
9108
64e3
19e3
9bed
ce54
0878
b1ec
42bb
c7ac
a3bc
0f98
6f28
d855
2232
ea01
5fad
9e6c
3a09
e50f
43a8
b4ca
c0ae
3b2c
76b6
9e2d
a733
129f
9993
ab7b
134d
b351
90b8
ceb2
db48
f649
4b4a
e695
e3c5
9f33
ce72
bff5
1ec2
40f1
f318
40db
14be
7e73
4026
085d
d39b
28e2
782a
989a
45d7
7b2b
caaf
50bf
7f48
cd06
c558
68c7
009c
0055
ef02
72f7
b92a
3566
84db
2d35
449c
3f5d
672e
0ae9
e261
91c6
39e0
9f7e
55e8
c68d
d4b3
102b
8503
cfa4
d716
ef46
80e5
2c38
76fc
82a6
0dee
349c
fb35
547e
cd3a
d754
3abe
82ce
432e
280c
df9f
809f
b3af
dfad
9841
f1da
ce68
8197
e77a
99cc
75b7
73d1
8980
260f
3013
3256
338a
8971
406a
0c4d
04ca
7278
1e19
3365
9cc6
eaed
c753
0e29
82d4
4f57
1805
434b
bd78
a3e3
6940
c69a
7f75
c143
2a21
e29e
48ee
c15a
0ea7
ecd8
c076
6b48
c58d
40d5
04f2
7b3a
7325
e09b
c3f1
ef8c
da9b
2d58
fcb2
16e1
77dd
e030
184a
3e0c
5c8f
131f
2570
c30c
b14b
5b8e
0135
ed06
5d4f
f976
a9d3
6711
e970
861a
5240
68d9
c162
53c0
f44e
06ee
479d
4ab2
3163
bf6d
8ef2
68c5
c400
0715
cabb
9cf3
c69a
8393
40d9
1df4
51ba
b9cc
9de9
357e
730b
a431
81cd
64c2
c0c7
d732
11a3
034a
3602
9835
2394
8f75
bf31
994f
f685
f0be
fd7e
64e9
93d7
686c
5208
caea
2b0e
d3a3
c777
9ef8
9165
9576
c5ed
39bc
19fd
f960
06d9
d69f
33ca
9bdb
49a7
718f
22af
374e
5a9b
7909
0b4e
4987
2e14
c7f8
c6be
319c
5d39
8b0a
002a
72cf
b9b4
9ed0
bec3
1a8d
5848
8fdc
7980
64a8
8d05
e1eb
43ae
1703
280e
a84f
5c1a
1769
60dc
993c
11f9
2b33
ed8e
caf8
f677
d73f
f3e8
734c
e238
9d98
3b4e
a046
6b9b
8060
8597
cbc3
8e0a
7d05
4213
5171
190b
240c
e6bf
2987
438a
4de5
0cd5
a65e
6b9a
ff51
a950
04f1
35c8
0bad
e183
53bb
f9ad
7dd6
a294
6e00
8ddd
3ae2
3e3e
1f85
3c58
f654
867c
232b
9d7d
8d54
3f1e
1cab
89c3
162c
9dd4
ded4
c472
c0ef
ec3c
6122
8fc9
8bdb
47b2
6d8e
fdb4
c990
8172
fc1c
c253
8f98
f3a6
2dc9
c3a6
7acf
68ac
4abd
0292
2f0d
6837
3117
3fb8
ce3b
59ca
6d39
3a10
d5d2
6dc1
823c
58a3
e932
d6a1
cee7
efbd
7e71
25fb
7d79
0479
cb50
37ee
51d3
11ba
3615
7cec
70fe
1325
2558
c128
7b46
ae13
1f7e
5dac
68e0
cf05
9d0c
17c5
8415
706b
841b
13d6
6034
6a20
b63f
836a
824c
67d2
8b8b
684d
9047
6520
fdc1
ab59
9c6c
33db
7b44
a364
5f95
1f52
310f
bb62
deda
dcee
b524
c95e
7750
7a99
b88f
eaca
b536
c5ca
6278
2877
e083
1667
1e27
c49b
4db5
17a5
08ed
0af5
1a10
e7f5
164a
ca02
60bc
bdba
e068
582c
7dc9
8ba0
fc3f
279e
675f
9a97
45c3
5959
25c6
ad56
3249
1e0a
5300
dcd0
c5ae
6e84
5dba
e835
f750
f957
10e6
0c57
d274
62fb
a598
2b10
63c2
336a
080a
f119
9d0a
ac5d
2a2f
d36b
5f76
79b8
a158
36a1
9331
3937
5a43
904f
ceed
87bd
c9d0
7c6e
ce5c
dbb2
5127
4db2
924e
b2f4
aa31
617b
2972
e99f
905d
24f1
24fc
326b
14aa
1e20
f4d1
dd5b
7bb9
9bea
5632
a15f
e806
739e
7188
29d9
5b6a
5d0f
cdf4
6836
6e4e
d9e4
25d7
cd46
6ecb
c834
2c10
bc45
81fa
feaf
0ca9
1460
52e7
2fba
8d8e
c9fd
be5e
7eb0
1a94
0304
afbf
1acb
6dac
47a7
a018
cea1
d4df
a15b
2f1b
a9af
a53a
47ef
bd1a
61c9
cddb
e939
86f4
991f
4b8f
6846
48e7
5a13
9549
1843
75e4
7c8e
40fa
d4aa
cd2d
5c0f
201c
62e4
344a
d5d9
78e0
3617
5344
e992
b453
ba14
3863
0e8d
efbb
e719
a721
7680
b5e4
c8a3
f11e
e12f
bd41
5dd9
c014
8770
50d6
5854
d4df
1d10
7ba0
3034
bf29
e856
ee6a
7432
36c0
32f7
4dd2
53d3
97e7
dcd2
5695
5f2a
2242
f4c5
d817
1648
e5b4
cef3
b0bd
8e24
2afe
b8bd
864f
b17a
a45b
c259
9042
4b07
fff0
b1da
8306
d16a
af5e
bcf2
6ef6
b1d0
1bf2
0e13
3bc8
8f48
b571
0c78
5af9
e16d
0226
1dda
0f08
cd4c
2f57
3cc3
9bdb
a6bb
fc92
942d
dbec
5216
2f3c
64d5
95b5
c266
bd9d
1898
82bf
91e0
6e71
32d0
cecc
aeaa
a2f2
8dd9
409f
475f
33e2
6985
aca9
5923
0c34
5366
32c8
28cf
6d9a
327a
2ec8
1180
c494
980c
cf93
9a6d
061f
d298
698e
3e50
b8d3
1003
888d
dec4
8783
bc9a
c296
11a8
2aac
0b34
d70d
255e
57fa
e2b1
3ab0
f9da
dbe2
7b23
6c2e
1edb
a5cf
af9d
1a0a
8262
c54a
7032
bc7d
9f7f
6220
d515
e075
0dbf
e2d8
4532
daeb
e047
556f
f778
effc
40ec
4583
98b6
8493
ba11
eb89
3309
cfea
ec9f
7291
4ccd
ffa4
e95d
bff4
b2bf
3cb0
4595
f5bf
c7a9
481d
d100
395b
d40f
171c
e32b
5df3
0be4
26de
d7ba
4a2d
c18e
f66a
0848
69f8
fc19
ee63
803b
4958
5f2d
a4f7
78a2
d3f2
016a
5ce0
a9cd
836a
3e59
a954
907a
fbf1
e15b
ad36
bca2
c0be
d5ee
8f6a
f242
166d
9759
d388
ddba
1411
a7b3
5f6c
827f
f8a1
5356
9a0a
f4b4
33f7
173c
1b3f
2479
6516
90f8
9123
c205
1d5b
86e4
ce3a
eb12
c094
99bb
94a1
1032
6561
013e
2062
6660
56e8
79bb
10eb
ba56
44e1
f52f
5dcb
bb26
99aa
d657
68aa
12df
9d54
b198
768a
8b71
6fa1
56ed
bd0c
16af
8043
d537
e798
ddf3
c693
d22b
20dd
07cb
1ad6
9b93
b6fa
3007
0da7
8e43
ff37
4839
a092
1b21
5af8
e814
165d
38c0
6208
e3d2
e412
a5d8
4211
ee8c
9069
fe7f
8d5d
56fa
9946
7b5b
143e
c304
e15e
3006
1d8c
bba4
b9e9
6a3c
da7c
edb3
6331
6386
33d9
8b2e
491c
6fdf
f272
c71e
733d
8581
aab7
3c2a
8ed8
c045
0bcc
038f
f74f
4bda
74f6
e803
15fe
5fa4
fffc
6dcb
5ffd
89df
1506
211c
215a
16cd
6cbd
77cf
0ce9
7330
c310
db13
098f
0982
23c3
1e8e
dde9
f334
e7ae
ba2b
51bf
0016
402d
6ff2
8f35
c960
2177
a42c
a78c
0eeb
b366
7f07
e5cf
db65
695b
676d
710e
2f03
4105
2f66
11e6
197e
a298
a889
5fe0
5f6e
b894
33c6
ab4a
e342
7c72
211e
12d6
e9d1
8e65
fb8a
b353
13bd
5c4e
b9f7
f16f
a686
b227
3a4f
e30b
c088
7143
ed4b
d340
6636
c729
6c05
b126
d2c2
28e9
876c
5aba
1bb9
328c
5596
4f72
7b1d
11e6
b826
93fd
458b
a613
2632
6650
3b6d
daaf
ba3c
a893
a256
5042
6aba
6b96
ccc6
7fef
de8a
1edc
da73
034e
0643
59e6
ba8a
ec86
9f76
9f74
69da
4005
519b
390c
72e2
4d65
72dd
858e
c624
fa6c
99e3
a6be
3f43
5de9
3c6e
f076
8733
8050
60a7
1743
4269
48df
cd2b
3652
d22c
3308
d418
4f09
829e
15f3
3196
dbfb
5d71
584b
3244
6b2e
9da5
68b3
1d0d
fa7c
5ada
2c02
7ecd
752c
1d8f
d7ad
f830
a6b9
b817
e303
a78b
c75d
95c6
39a7
3bbb
2fba
12db
6691
894f
25a9
5f6a
73f6
ca2e
50a4
a9aa
0a54
0d9d
9447
55b8
168b
c6c9
30b1
9b15
298b
a3ed
a031
084d
2dfe
4588
0778
2f00
e765
e3f1
aadc
9707
999f
9e95
7290
2156
3722
22c0
696f
9589
1782
372c
2229
b0a7
ce27
4dd3
a04b
1951
f6f2
c535
57b3
fea9
01bf
7647
4556
7a37
b00c
c42b
bb5d
2280
5731
9b1a
25f3
7007
b026
758d
9a1e
8163
fdc0
d865
e2e8
d9b5
912d
f207
ac02
b229
9d21
aa90
97f7
4894
2d94
466e
9afb
8a98
8f28
3d99
ef4b
5961
a109
86ab
c63e
7ffe
e948
6022
3855
7401
4863
4c37
c38a
1379
8447
11a0
9afd
a876
cd0c
de58
36e2
2a7c
9693
fc02
da0a
f9e3
43db
2298
1229
36af
bf90
5c0f
3d36
ce34
6923
1cb0
3763
b38e
f0d0
e108
315a
5f01
2a80
b57c
685b
14ad
979b
015e
8d80
0847
6ca2
5dc3
0c3d
9559
4221
1119
f2be
1d6d
8b71
bdf5
c2cb
18d6
7275
2a5a
4df5
157a
fc36
716c
3ea4
5b98
d797
1a72
eee6
fc04
0d13
a01e
e651
2857
e140
368e
a15c
edb3
d61b
8f60
fb93
700f
f6a9
07b1
fefb
3277
1aff
44ee
18e3
87f4
7103
6ffd
e1d8
2fa5
0a4a
8877
0a74
bae0
83ae
b59b
783a
759c
33fd
d6cc
71f5
eb70
811b
0f0c
8a91
3269
5949
8926
9fcb
6915
0546
cb7d
4433
05a7
f8e4
ef69
c534
1f3e
2350
eb32
de87
5466
4b38
340f
e7a6
6347
1b40
4d6c
2c24
0b89
e805
b706
82aa
1dea
d61d
ed14
edcf
0a2a
4b3a
79bf
88a5
c495
7dd2
c2d0
0a01
36fc
b9d9
6ec7
0e0e
4a7e
e861
003e
ef9b
df67
7935
21ef
c076
6f7f
dcff
425b
95ac
78ca
12d6
6706
194b
d75f
78a4
4dc7
afbd
c09c
4d16
80e2
7947
85b3
6cc0
5246
34e1
463c
d13c
f707
33dd
919e
f4fc
c625
2595
53b4
5246
636b
71da
bc32
b081
f00a
7153
6825
8c3e
9050
6aa0
ec4b
3bfc
4fa5
bb0e
b943
710d
035e
43c8
8307
5a46
a5b6
4876
6509
0a6b
c37b
0ee0
be2d
9ec1
8fdc
9709
b88c
79d4
e5d6
397f
0b06
a6b1
ab22
a87b
ac5a
5c57
c323
24f4
52dd
e039
ab4e
7fb5
8d74
8acf
8d94
2694
f34f
24e7
086d
beee
cdc1
2238
becc
b3da
63a9
8ec2
1774
6ce2
47ec
82ba
ffda
d21a
0367
4d65
f999
2995
f5c8
dcf3
71a5
a800
a91d
92aa
6a25
79ff
c997
965a
e5b3
6707
88e5
71be
5649
54ce
b6e6
c65d
a595
3317
1645
0810
71cc
4a12
71fe
0cf2
863a
bb64
1c42
2dbb
c44c
5dd6
a63c
62d9
426c
994d
8836
eeb7
2e30
4c4b
8def
27b0
63c6
3da3
4cd6
7333
8d5a
e474
d1f3
f909
8b4d
832a
1fcd
9a5a
f8cf
7c27
8ab1
34ed
2370
6dfd
2bd8
2a78
eaec
a87f
8f14
11e0
5da9
10dd
3948
d5b8
64ad
d63f
035c
5678
ea2f
37fe
aaf4
3dee
5ecd
1489
720a
2c50
89e1
e06e
99d0
09a5
eb4b
9256
f184
2c92
6e49
3a83
a763
7be3
7b0a
341d
8f41
93e3
3beb
63a1
4781
db20
28b2
a57b
6468
ebbf
b18d
b866
a83c
8301
2eb9
b4dc
7d5e
0c90
f42f
a538
7741
e7e0
9e8d
b222
d3d7
8814
0f83
313f
1837
a686
d316
dd64
d47a
447c
009d
37e0
316e
a28d
412f
8bcd
cd65
1034
2c8b
0baa
0ebb
3f5d
08e1
830a
7e82
eea1
6ea6
4a81
aedf
1644
45b1
889e
2d9c
621d
3da1
ad57
dea0
fce4
5f53
e175
9573
2919
679d
0f13
9bc1
e008
a81e
c01c
eb28
6c12
9f80
64ae
2a59
0ef8
e00d
41c5
3eea
75e4
af1a
6efd
d168
0c5e
86d8
6a0d
0abc
67be
970d
00d7
6568
4aef
4ac2
6001
336c
7bb9
9ff1
a826
47c9
680b
1e9f
3848
06fd
2497
8000
9d3c
74f1
1436
ce51
595f
d9a1
fbf3
2099
de4e
b7e8
713b
9c78
7bc5
f038
0e84
2d46
1f70
dedd
32e0
c598
6004
6f8f
f9ab
e082
1199
fef2
b6ba
9a11
244a
934e
7054
5a64
ee40
a32c
4a9e
0501
7b69
d858
13c3
6eaf
311d
0d09
a480
ff9b
a3da
4415
d387
7728
187f
4b13
b527
b8d2
f923
084c
d937
0c05
6c8d
d873
7a63
6d9d
31d9
664e
0916
b9ae
80aa
e07f
73ca
590c
20b9
b39b
ee0e
ee37
1f3c
d6a0
d637
92b4
4047
6153
8e37
0907
b3f5
39db
4842
d0d5
554e
d98f
d116
f218
9f7c
5fb2
0e92
fc0a
a97a
6049
b0a9
bc25
aefd
aa58
5a8a
ffe9
17de
62e5
9ebb
dd48
0d5a
481a
68a5
4172
6e78
82e1
7229
ba01
2e80
76e8
5143
c4e8
5bdd
2155
396f
ca30
e7ad
ecbf
bf3c
6f13
7cbe
2f87
d9a7
a5ec
c96c
49ab
057a
a5af
a876
fd6c
f26d
e385
318f
bcf7
0839
e6c6
f0dc
0d80
1825
e2de
f7b3
ed46
83b0
e882
5e33
554d
7376
ae4f
0e84
24a9
2f22
2572
0931
8d81
500a
b8ad
adf7
9782
513c
b5d6
8a67
0401
cdd0
419e
a0fb
9e7c
395c
007d
1374
ac53
23bd
5839
6282
bdec
0cf4
58f7
5cd1
55d4
5d45
d7bd
404d
8244
71d8
c25f
a1ef
cea0
2deb
24f1
ff14
318f
2da5
66ce
1cfb
6695
ee2a
bbaa
00bd
6db8
6ecd
4a11
af0c
0569
1a63
1487
49ac
14ee
1524
84d9
3fad
bb0c
351f
c8d4
80e9
3a0b
cf60
faa5
4d89
a152
990a
25e7
117d
4f67
9c51
5e9b
25ae
f774
6478
69fb
4a5c
b729
8b49
d496
b3b6
238b
f926
a6b9
e083
c7ba
bf9d
4a53
47a1
fd61
a464
2898
b3b7
dc19
5b81
bd4f
37f3
6edf
f2b3
dd90
a7b4
5344
8c01
70a0
bc7a
b28b
9aac
9cfd
024a
d4e2
88d0
994b
ea2a
bc72
0d0d
93c7
9bba
fcc8
c787
84ca
8ee8
e118
038e
371b
f959
c88c
293e
8783
bbb1
0bbf
6467
bf63
7caf
7e64
7720
7160
1f35
479a
737e
880d
538f
02c8
15fe
514c
64b4
6b1b
9463
6d2c
c58c
e2aa
9d72
40ac
e364
8227
f639
a292
8aaf
ebde
7b26
5ea6
57ae
5b77
426b
6549
92b1
1575
0159
5c55
b20a
3e65
de03
03eb
7964
34cd
0636
1f14
54f7
ee37
7cba
6cf0
7a60
700d
bd1e
f8fd
c2ac
4f1f
4432
f53e
625d
d9f3
76cc
efaa
e183
a54e
f7d1
d51c
b4ae
73c8
f5bf
3105
d6a5
995e
b928
7e2c
2a2f
55a9
5823
d6a6
5f0a
42ee
58ec
8f2a
aa6f
306d
0e97
746d
977b
a889
ab36
521f
be6a
1efe
54f8
00c7
6ce2
bc43
0515
1de2
f343
ce17
b34f
6eb8
6337
1323
c38e
8a52
a451
5881
8fe3
4e6e
9c9d
b283
edd0
2a1b
3c1d
4ff0
22eb
4e79
ae1b
84e7
f47b
5224
7ef1
7cd7
83e8
2295
ca88
43e1
15be
a97a
cac8
10ec
acd5
9ce6
8976
4a7c
5df4
e53e
4b36
b1ad
ee4e
b92e
c7af
e405
5486
be93
76d0
4918
343c
0332
205b
31f0
7792
c03c
050f
9be3
7a66
f5f9
9083
ef9b
6b43
9cc0
51c9
b958
007b
fce0
3803
9062
c52b
5092
ef4d
e40a
ebc7
da74
915f
898c
8401
7a0e
5483
f9ca
50b4
b0df
9751
dbc2
ea18
5143
511e
34ac
6035
4d3f
8c4c
c48b
d52f
229c
514a
33ed
63f6
4a76
0ba9
f90e
271f
de2c
3e1e
9dfe
b1aa
88e1
7df9
17bb
aad6
44cf
6d93
de21
7f89
af82
39f3
7ebf
e9e2
3581
cf75
6021
20e0
b92b
720d
7b5b
0e7a
d6ab
0b06
edeb
bced
66c9
3e43
c82a
f539
c90f
6ec8
1986
a0d1
8376
1b6a
96aa
1f07
68da
c1af
2861
9603
1866
0dd4
dd9c
6a4f
592f
b5aa
b009
f42d
0441
1b40
4dec
e84b
23e1
3dfc
08af
43f8
bfc5
3f0f
047a
39a2
d05d
1252
ba28
b2e3
5bb8
cfc0
5f5d
552e
7eeb
f676
8442
eca1
8d6c
411e
90e7
9425
dac8
99ca
a3be
527f
abbc
f367
a4e8
2e8e
2741
45ac
665d
c272
7340
5a8b
e8a3
c320
b12d
f67a
3d62
9f60
4adc
af44
7972
31c2
7331
1ee1
1e9b
64ec
580e
25db
fddc
017b
42de
350b
b4b8
b7cc
320b
06d9
6728
7eb2
1fb8
80ed
56e4
d1c9
e5e9
bf41
f156
4128
7e25
79ac
cc05
cfa4
d623
96f5
d78f
993a
2141
9df7
df3b
6746
204e
820d
8aa3
69df
dbd3
ed7c
1a94
9612
46b0
4391
ea3a
609d
cb9b
2289
6acd
7ae8
edc5
673e
7ba2
adb2
afad
69eb
523c
551d
0837
861f
7ca9
0cf0
724c
10b8
0d67
13be
0cdf
f6a3
da40
9476
c010
a2b1
d1ff
dc03
6625
f992
cfdd
0880
ad58
68b9
62f7
6c98
dece
e9d3
97de
e3b0
e953
f2f7
91ec
ea72
1b2b
7b6c
ae35
ecbe
7f62
1b39
2fa2
23ac
5d9b
68d4
aa36
1458
f0f6
ed75
462c
43eb
aedc
7af0
b4be
3d75
0b05
d661
1a2e
274f
4461
14f9
1da3
38c3
0904
b89f
bab6
865d
c2c5
ccf5
7918
ba9c
9715
a1cd
2eee
7d55
14b6
3af5
976b
272d
c7e0
a4db
1b4b
6a01
68e0
69d2
c2b6
e310
4560
5bd4
1f38
09e1
7ce5
254b
1193
d2ce
0dc9
ce2c
b9e1
d4dc
af95
eff9
b5fd
ae51
9556
f517
c0ce
b55c
4d5e
cb88
f9a5
ab82
ac98
5134
2552
3537
f7e0
ccc9
0261
1690
9f90
20cd
9e09
1dc1
f2d2
8bd2
e805
a2dc
5bba
4a04
ae14
fa8f
548b
b99b
2930
4acd
b0de
704d
2b88
4d09
9592
84bc
f2ee
17da
d0af
f7bb
4416
8b8e
7d2e
aeea
fd66
cb27
a814
151d
e16f
8c40
2e58
15d5
efb8
6da2
e2fd
edfd
a23b
36bd
f049
3270
e71f
17a3
52d5
3682
cb42
47d5
841f
e8d8
4129
f57a
6e5d
2ad4
f1b8
11bc
90ff
390d
cc07
6ba0
de24
fd6b
7c2b
470c
884a
cf62
2970
dcf6
41dd
8bed
8ced
20a3
3265
03b5
1df4
0ba1
0f0d
bfad
889d
e75f
6275
c354
49ee
c8f5
29de
d6c3
5113
3887
71ee
d531
1ed5
7dab
8254
fa0c
7337
8ab7
372d
0e51
9bb0
a781
07ee
d35e
e046
74b0
e26a
90b4
78cb
3349
0a0a
d2a8
6a38
c3b8
1658
bc6e
40d3
3914
9809
49cc
6145
6e10
75a6
1e04
c79d
8898
5b05
f5d3
141d
8282
36a9
9462
fe79
b503
0c37
7a63
65a6
cafb
ce61
9f4d
cad4
6f31
e6f0
ccf2
02de
42f4
b931
400a
e809
48f5
185f
c054
3054
ac76
0da0
3b5b
141c
0179
be2e
e2bf
218b
a91c
5b3d
ccfa
fc8c
3451
f855
8938
5c97
4666
003c
7c30
bfa6
f20d
42ad
3fd4
dc31
c2e1
67dc
2e8c
a1c7
1a06
02a4
b3b7
61b2
76d2
4045
616d
cd46
dce7
f430
a4c7
116b
e080
1415
d6a4
f827
1f45
6853
fcd3
1a8c
edce
658d
1df3
3c2c
ffd1
d47f
3337
8559
a45a
360c
56ef
cec2
b70b
b26c
13a8
9ca9
0b4c
d01b
eed6
486e
afdb
8162
9911
9609
b9da
8f08
b98e
f2c1
7adb
4f0b
591a
6b93
3b00
d985
7b64
f234
63f8
0a8c
9326
a5c6
e6d8
e03c
ba5c
ee43
d290
293f
ad49
8f39
f90a
6ad9
a6f9
5640
cd74
0932
9f68
83c9
fe94
0b4e
1258
8b22
dacb
a259
8e3e
fa85
2fbd
f14c
ae1f
743b
ab3d
2d71
e802
b7ce
d46b
7708
2a38
067e
175b
6fc3
1ffb
6f42
178a
84ec
28a6
302b
db00
67cb
6e6e
8aee
9eff
1f95
5198
75be
d345
9aef
6cff
abed
1d3b
5828
13a5
5931
0692
3af2
15da
5120
c287
8420
f82b
3489
c044
c54a
2dec
35c6
f2c0
f5d9
e180
1974
0b3f
ee1e
4d7d
7563
3b50
7e79
85f2
d8c2
1347
4175
5f91
63d1
51b6
4c85
a411
3575
1a26
9b71
e78b
c2c9
d3cd
3697
0ea2
3987
035c
e49d
4c28
1633
7f49
159c
6170
e5da
e183
270d
92e2
dc24
b6df
1644
f6af
787b
69eb
cde8
47cc
0b94
93f5
f8ef
8a30
9ce0
e339
e73e
184a
23f8
f744
92b0
5f13
c64c
2ed4
50a9
6e06
3542
8ca9
7fb2
be8b
ad9c
103b
8779
28a3
1cbc
be96
9731
13ac
2854
6080
0ea4
bf35
b770
95bc
28ec
7d56
40bc
69d2
0912
11fc
302a
dfc2
c96b
30f2
2a90
a83d
43c0
cf39
c4bc
9c92
4971
c4f3
d8cb
52d4
3b2e
7d6e
1790
7c27
8462
4fbd
ea0d
c1ab
49a2
ae15
3409
72a8
e414
c622
c68e
a210
5665
ca16
fec8
87a2
fc7d
6e09
8d45
f90b
a793
c823
03ab
3cdc
447e
e988
aad5
0f19
234a
61c4
d404
0645
b07a
e026
3dcb
b0f9
1d83
9d21
2b98
da8e
a590
b00a
a059
558a
adf7
9036
3dc5
9cb6
d26f
593d
843d
b9d0
986c
83fe
3631
6262
cc85
1645
b499
9388
24d9
b883
3054
fce5
3708
c901
44b8
3e6f
77b0
77ab
e4e0
f921
2425
3b81
49d7
6563
f92f
2c5d
a147
2abd
d1ea
ed68
81f2
a5eb
dcb4
27da
53d3
1e17
d946
3aa5
5cf8
cc12
bd1e
8d51
a9b6
dfa0
a96f
088f
a931
1c90
6452
5e43
cc88
8340
21c1
a9bd
8a1a
a6f6
f258
99fd
df9e
98bd
051f
1771
8514
8fb9
6f67
a8c5
f316
28f8
c3a5
989f
2560
4c4d
89d6
7660
9375
d210
05bf
212f
0fe8
711b
9bc0
e985
ff65
471f
854e
2da8
8834
1685
711a
438a
27ac
bac2
cb06
c1c4
8f90
d414
a54c
908a
12ce
51af
9acf
13af
ebe6
6c3c
8d29
98cd
5674
9afb
4abc
583e
268f
cbd0
2159
f0b6
f863
6f73
3412
31ba
26e3
ed14
2775
3e2c
bcc1
3567
da7e
397a
c12f
fdad
2ba1
5816
231b
5255
244e
bb40
f660
dbf9
7da0
a7cc
0f3e
801c
dca7
9851
406a
9c08
487e
2f11
43e1
6639
7bff
13e2
0508
9206
b884
b906
c80f
7b43
5524
727e
a819
bc37
465d
f7ed
e76b
696a
1349
e3ce
fc55
2376
a54c
0914
82a6
6e4d
49cc
b22a
ba5e
130c
716b
1dd7
658a
a473
a432
2aa4
10c3
fcfe
1a15
f6a7
4104
115c
8abf
7b2d
073b
88ea
4edc
5691
802c
836e
0519
7cad
0cf3
834d
c313
6cbc
4b88
dfa0
7f9f
fabe
ccd7
d6f1
49c6
737d
add7
f8c1
a9b0
2c31
a28d
3550
2bac
3ce5
1440
c505
aa8f
ec3b
e040
1e8d
3eff
30c4
bcc7
437d
1542
0aa7
dece
0ec3
4d1e
28ec
52ae
665b
b63e
1e6e
7dec
a44c
4c69
e888
a801
9520
c751
a50c
806c
010c
6d0f
bcc2
b401
0b2f
523a
431c
f10d
8714
d671
7eb6
241d
acc4
8a1f
7e4e
d49c
9b75
e166
a8ce
6847
99e6
44e6
3df5
307d
681d
fdee
3a86
f78b
cace
125b
9e21
f25c
7b14
41b7
3a25
2633
447f
dcde
fbe0
f757
30b8
eb5b
49c5
3efc
eef7
93a3
b7fd
dab1
3b43
17cc
0eb2
6e69
8432
e9d7
b258
e63e
2cf1
7eb9
7bd6
e837
9520
6564
b752
77ef
572d
765e
022a
4fec
bbca
64d8
9ab3
9102
eba0
4948
564b
77d9
2d77
3930
4de8
6edb
64e8
f336
ac60
5adb
1a2f
868c
239b
fb0a
3492
c4ac
0932
5c4b
94a8
70ac
9fe0
c0ec
dfa9
d5b0
6388
4ff0
0ba7
d626
13f8
4992
8672
a81e
f7d0
bedf
f62e
ca5a
0f52
488f
e137
f57a
cdd3
9ba5
67d2
e83d
cf09
7c54
2726
66a9
2fc0
4e5f
189f
f343
a3f1
306f
c7f9
5cb1
4649
29c5
d04d
b091
1e1b
faae
aaca
19a7
f453
c22b
2aad
d4a0
743d
1fcc
1513
4a1b
8241
f5e6
e688
3323
1f41
04b9
9f81
d74b
ef4a
f5bc
34c5
6c51
e736
7a75
d1a8
57e6
4fb5
8af0
06dd
c8df
fa29
9986
1f2d
1768
b8b5
061c
b9dc
11c3
9112
50ed
7928
6b3d
f7e5
272c
ab06
a405
33ae
7afa
2f80
4e01
d758
acc1
a4ca
c3f1
1658
26c5
e7e3
e4d6
2ea4
e648
37ac
a4fd
41df
298f
d982
9d5b
7a5d
273b
fb65
b7b3
11ef
00a5
bce1
123a
445f
1be7
078d
d6c4
7740
3ca0
9a2b
b5eb
9b22
fcc3
9f64
748e
fed4
f4ac
4a94
c022
7174
c99e
938d
1ff8
c4e9
185c
b29a
7b69
843d
0c0e
36c2
2a26
1ff2
faa7
8719
46f4
2cc9
68cd
6a1c
81ce
0e83
ccef
da69
dedf
3fb0
81f0
727d
2484
07e9
bee3
eee0
c6e7
1351
d657
157a
8ce8
3d7f
1f38
2020
d5cf
0028
d936
e518
fd6b
3bb5
4308
f05f
2eb3
b83a
75fa
7c12
da2f
6507
0ab1
4b75
e558
081d
1cc8
666e
2c58
f91d
ed57
b433
1e85
13c8
d9a0
c254
3605
bc3b
cd4b
8791
db29
5704
2d31
8fd6
2353
57ad
a39d
42a8
930b
0a6f
27c3
7bf6
98e9
2d1f
1008
177f
eec4
bac5
0100
c9ad
03ee
1ba6
eb0c
192f
e6b1
d23d
6018
b078
062e
e1b4
6c48
7bc7
6ef1
8245
7d7a
5057
0ae5
8ca2
175a
44a0
f13a
59b7
ae9c
bfe4
c4de
6228
5f1e
015c
9004
f6e3
7a26
1a6e
8a58
14ac
1266
210c
95c1
de88
e22b
f368
76a3
0451
3f1f
818c
340c
2050
33f2
1a12
b34b
210f
2178
05de
f174
6af1
ec60
06e9
c3ce
bdd7
1bed
9733
e891
a0cb
9d83
c947
059b
cd02
6bf5
9581
1ab8
01e1
19c0
015c
cbd9
7f54
48a3
4c26
3767
d93b
dfed
8c24
9e7f
5f28
2ede
c0d1
7b17
fa84
071a
4572
24d3
aa9d
6379
67eb
9738
6531
b82e
0c0f
0f8a
435c
cef8
9cec
6996
cfc1
d64a
2cc4
7c64
b6c3
78d8
2600
9f77
ba0a
0e90
dca8
8e58
eacf
2605
0ad5
d617
a3cd
09c1
0e9a
eaa4
bd59
e13d
503a
7a79
9feb
a3d4
781b
f010
851a
3130
cddf
ea65
1806
7a98
b67d
f13e
5afb
d006
18d0
1030
a6f4
3429
20e5
ead2
a66c
47e7
d9c7
b873
2768
4baf
b0f9
5c60
1c2d
90d3
a0eb
9676
5a4d
4349
7aa1
8e5d
fdd6
fd8b
6bf4
3018
e62c
2343
43a3
8eeb
cbc8
7199
849f
2172
4671
6da7
950c
db89
b150
fb12
2c32
2a48
6ac9
fb09
f022
3593
0995
7eaf
3996
10cd
925b
ead8
e7cb
9831
bd79
ea07
912c
107f
5bd3
4d63
beb4
9afd
6960
cc50
5283
a102
f25b
2fd3
29e8
65e4
957a
b57e
7f2b
4564
2237
87af
e22f
e99a
db9b
027a
7a75
cc69
6a28
e3cd
0ba1
6639
a544
c9c0
b333
a6e7
eb47
9f3d
4431
58ab
65bf
25ae
f79b
4ecb
d27d
f6f0
58b9
3cb4
9b71
447f
39cf
ae81
9549
c9d7
9028
bfb3
465b
eac0
a30a
04b1
b708
76a9
5c72
d212
eee3
f5ca
288b
6806
b959
bfa5
b692
ad72
80fb
6ece
cc9c
b65c
070f
d6b6
b81b
ca06
01d2
5035
c859
d01e
fddc
0bb2
06fe
1b8f
6371
ce08
7eab
8a8c
b337
4fbc
986d
8856
b750
5136
f8d3
a1c4
6c8d
d27e
07c2
2801
7261
72d5
be33
0015
2014
d403
2c14
97d1
2d3c
de9d
b518
7f40
47c4
ec39
54bb
ee00
76a2
ff72
9318
abdc
07ea
d2c3
21ca
fcee
8ad6
b3b4
9032
f653
1735
91a9
5558
0477
5a73
5613
04c8
a936
b00a
3637
d929
cdb0
afb4
9814
f826
98f2
4e7c
72f5
1493
1427
aaea
b97e
4a13
2242
396d
3a60
fad2
8be2
335d
e680
50bc
de0a
ea76
73ad
0d4b
7a94
36e3
ebc7
073f
2697
ab82
d355
27ce
bf90
da82
6f9c
274b
173b
a278
46c4
d62f
98a3
33e3
e476
2748
2598
9af2
af82
1b18
6991
d7b0
d1d8
98e9
3de1
b775
6687
7905
232c
c09d
0eac
959b
8e73
1a13
88f1
31e5
58fc
6325
a00b
d044
3f5f
fe1b
5e56
ec4e
2f1d
a71f
da78
b460
d6bc
f1cb
267c
5a37
40cb
422f
fb83
af5a
a422
416a
8e65
8cd5
fedc
4356
79ad
3980
3261
382b
589d
a6b4
91dc
4a25
8734
631c
29b0
55e2
758d
b6df
2450
6ae6
d4f9
f208
3673
614d
45bf
6d4c
a4cf
b5b6
1662
0706
a8df
d493
e629
7980
ddf2
bc7f
3e14
46f8
2dd1
c443
2930
0c19
d85c
0d8a
c81f
9cf7
8ff7
f2f2
e56b
4d7c
172e
0221
174f
db2e
d683
6baa
12e0
26ce
4392
e737
d68f
1edd
0815
100c
4dc8
3d01
23cd
6e06
c976
c941
133f
e986
f764
6a01
20c8
97a3
bc47
bbe5
ed04
d52d
91d4
5272
4630
828a
305e
a9c9
799c
c465
76fd
1a60
f8b5
63e3
6420
c3e3
b378
46f2
800c
8d33
d103
0781
c5dc
e887
6e8b
6e01
0811
cd65
ad90
e0fc
5a66
6143
28f5
7b04
71b9
48c5
4753
d618
e827
b6c7
217e
9a5d
10b2
51cd
bf7b
8b7d
25c8
37f0
347b
e717
8287
f0dc
51c7
39a8
21cb
584a
b4f1
8107
6d17
b330
9b5a
cb58
64de
07f3
9463
3e10
3944
5c17
94b5
42a7
0fa3
1de1
43eb
aa94
342d
3d5d
e395
454b
7c47
7365
07c3
b9b9
1387
999b
b9e2
4cfb
11aa
beca
3285
e92b
1135
f5d7
549a
7885
6d88
c0f1
66e0
d07a
4185
597a
07d5
6408
ad0d
73db
6544
a73e
86b3
26fc
203e
ff9e
a87f
25fe
46e7
ae06
9370
4fc1
da3a
7274
7abf
5f67
7043
8032
42bf
7df8
8cc1
fe74
329c
1c6b
07d5
f1bb
761b
3237
a5ad
a5c8
0e75
5c1a
570e
f762
a90d
cd8b
72fd
ed11
4794
1415
5ead
83d2
b2c1
4b83
133a
4de4
0345
4fbe
5aa1
2280
e510
ade0
032a
1f30
0362
0987
1b95
0ab4
379b
1294
b007
694d
01c3
f5a2
5f4b
9c5a
2185
7798
93c0
bcf8
31d7
ea31
31b0
e0cd
3faa
d47a
cc9c
419a
0367
bed3
0a63
7ff1
cc50
b162
1f1d
8062
5214
a9b2
3d1c
3810
6354
bd7b
5451
06e7
49e4
5e6e
6a4c
6f91
d355
900d
b2a8
caff
2544
4962
0cd3
ebb4
67d4
30fd
ce60
c15c
71b0
3ad3
12dd
82ec
1cc6
2bab
aee3
bd06
8d4b
7f37
e912
de6d
0abc
d2fe
627e
eacd
60cd
ee34
5b5e
4357
9394
b539
5ce5
24a6
f7fe
8d21
af14
01b5
2544
f979
aac9
d8e9
e962
b959
860e
7854
b4c5
319e
40ec
6d47
9996
6dae
5ef5
f9ed
7f14
69d7
b243
31b0
a9d3
e886
c196
cae0
4ab3
43b9
cd3f
828a
8836
ec02
9db1
0d2a
e07b
f5db
23d8
c73c
36c4
9a56
51f9
2029
e4bc
0165
25c1
5fd6
37e4
1ebf
09f7
eb13
ca83
d324
da41
6cbb
b979
aa1f
d39d
14da
c7f1
c1be
0201
6480
4be0
d973
dafb
ab7f
5806
2811
4fcc
635c
2437
ab46
4502
ade8
96d2
5a1b
3bed
a3c8
be8f
e620
4b2c
8e86
d42a
5f67
32c3
85d4
eddc
3ebc
ebee
8261
e0d5
b054
9b9e
8b98
ce97
1285
3376
e392
a316
b6be
36a5
c16c
363f
52b1
c872
7fc2
6344
e2ba
8ba9
7245
c393
4769
4e9c
8ddd
447a
c5fe
d869
870e
81a2
240d
429f
40a9
2ad9
685e
5e41
8394
53c4
57b3
096f
20c5
050e
497f
fb5f
c7e9
a9ce
ba65
e5e5
aae7
ada2
ffa8
5d3e
3a3d
1554
be2a
7611
79fd
9ec0
0dca
30c2
22a8
237b
aa7f
a1a0
07e9
cfe5
5558
23bc
deda
9585
c156
ff1d
3cd2
3dfe
64fd
5124
f35d
bba8
7d86
5bbc
e6f5
d526
ced8
c2a4
32e2
8bd9
163c
b543
1892
1501
07c4
28bf
174d
e91c
9f32
5039
54ed
e531
6d9c
3804
867f
24ff
a58b
2fd3
cab5
7212
e1db
b6a3
1740
51f6
a5b7
744b
dc93
cfe5
227e
b989
c0d8
48e3
21db
3f36
e0d9
9a23
3df6
cbeb
3f94
a610
dc7e
f363
16ea
49d0
150c
2448
b764
b0dd
79dc
4bce
bbf4
a7be
b9b1
7b75
d0d3
2b5d
8edb
9e21
f598
9168
cd5c
fb77
fbeb
a450
18b8
77db
55c5
4738
b2a9
88fc
87bd
4cfe
f7ef
c1bf
9778
f91b
df09
442b
138e
d723
99a9
04c0
b9bf
bb05
5343
0a1f
5f1b
c7e8
03a3
004d
dc52
1c02
6cdb
9126
5b24
5a5a
1894
5aaf
2e81
5862
4d35
e28e
d5ef
4a83
bde8
0205
c76a
cfa4
ee46
901e
2d16
90da
0a11
c0f9
764a
ee40
8a80
bd0f
7150
de1c
4215
1d92
6abe
f4e7
8d31
8fdb
9076
51f8
72f5
8c8d
e487
586a
821d
b5c5
31d6
166f
10b3
b42c
df02
7fb8
7d05
35de
ad8e
03f5
4f18
8eec
655e
7b33
c992
c60e
658d
b9a1
646f
fbaf
696f
e5aa
28c1
4894
adf8
44a0
d288
df72
8ccf
3199
186a
8eae
a893
97a2
39c9
2174
8a6d
c437
a60a
ce64
499b
538b
cdd2
c875
2028
7b05
6d73
f95d
68c0
4fcd
ca3b
ed3d
1666
7a27
820a
5952
d5e0
f998
b446
a15e
12f6
cf05
069c
2326
b7ae
7841
c6dd
2f89
49fc
9f17
6844
6138
9001
6626
fa9c
79c2
210e
5ca3
9547
9c31
c555
1ab4
4361
1b0f
4090
04d7
992f
eaea
6275
04b6
627a
d5f7
5438
d2a7
25f2
47ea
09c0
f148
effb
15d1
6516
9a15
5ec8
1371
c956
eafd
2bd1
db91
b19a
8b30
3593
3b49
0490
36bd
b1ce
19b1
beba
9111
7fee
b1e6
57b5
e3bc
5f5e
befc
d06d
a23a
baff
d07e
3e01
2e97
ce57
165c
1ff4
40f4
2812
892a
329d
a2be
f584
62d0
2dc5
792d
a9d6
273c
4f43
7d28
e596
8569
df39
291f
d9b1
ad1b
917e
c73b
945f
1d6e
25c0
79fe
3c51
ea96
ccd6
2bbc
6492
b205
46f6
e911
ac2a
2818
35c6
678f
3a76
9d1b
9dbc
41ce
cd74
2386
6980
a023
ff7a
49ed
d046
7cb9
ed68
5227
20c3
221c
3143
4d98
aea6
8381
295e
8556
861c
4d7d
b0c8
2f26
4e14
a761
ca59
ccf3
3ce0
10df
d6b6
2cd2
8098
7ccf
2c2b
d239
fa09
b380
c577
d869
17ab
f046
d7b6
54e7
3930
f577
55d5
ec88
4e68
9552
deb3
df7f
cf3f
1ccc
ecb6
3bf5
5895
6f21
123c
c41e
e242
af47
9cff
8872
bd6f
f022
6a10
d1b6
fac2
83a4
4979
6742
a0b6
347c
8d46
5393
b629
2e9f
081e
9c0f
0574
f9fd
9287
a262
c460
6a7e
8092
134a
028f
28ed
225c
ce33
65f5
bfd0
c9d9
9de2
b808
f504
a566
2f72
c4af
b885
cb91
5391
5424
b5aa
bdb1
d581
e763
9d7d
7b75
7e83
13bc
4826
f6bd
864b
549d
0459
0e7d
7b02
74cc
bccd
7476
1f38
d020
a304
e661
70bf
e1bf
e2e0
edde
1113
5eaf
e254
f9c4
74dd
1ce2
e31e
3be1
4209
0b6b
3c4b
638d
4607
5b42
7528
35c8
6724
c7d6
979b
112f
a6c7
773f
c24a
252c
8a98
bda9
65a7
0552
45b4
e63d
1910
8d21
2e59
b8ec
09a0
8412
0fe3
dc0f
7d02
fcd1
702b
52a1
5896
02e2
d180
54a8
bca6
f614
9568
1bae
c8fc
694e
6d16
faa2
fc4c
ec0e
8381
ce28
5a10
72e1
ea6f
12b3
7abe
2338
fdc4
6460
db5b
cbd7
535e
0467
e13c
9251
b273
7e87
4afb
cfac
6958
2768
d2d3
d81d
0f56
de4e
9e12
7931
1051
2d97
8b4e
aa9a
0a2d
aab9
d4ca
28d7
6cb5
edb8
4305
71d3
ea5f
8843
634e
cd5c
b4b7
fbc9
925e
1ec0
dd8e
d0dc
93a3
89f0
c374
7576
2865
bbc8
cc5f
3b9b
66d4
2e2b
62d3
1cbe
a690
f9f2
27b3
55e1
b69a
e4d2
3962
c978
974e
8041
743a
01b0
c1a7
ac93
83b6
717b
b97f
f106
8ce0
2e83
0d79
302f
8aaa
b798
1b13
41ff
b822
5831
94a5
4b7f
f047
529c
6c15
9bb4
fd01
98c4
5e44
6169
ea0f
4a0d
7d1b
ab18
cfb2
b9d3
dc54
1a93
7e2d
c491
2789
d9fd
343d
b66f
8514
fe03
5306
0cab
bd43
d74a
5620
f062
a303
1578
bf7a
fc16
3491
095d
03ca
c89d
b1d7
6673
25d1
650f
2669
b73a
c9ab
67fb
584c
97e5
c181
9a0b
156a
a2e8
3767
96db
f6b3
812a
cbfd
0803
a5af
4858
6e8b
64b2
9dde
bc73
b9a2
7bb8
a47a
69eb
9d68
b31f
0f1c
4592
9338
d087
1e84
3008
3a4c
bf39
6643
d533
3d2d
b908
6b10
b56a
9a0a
f163
6021
13e1
0757
60dd
d6ee
5873
2674
df9c
3792
e766
f2a5
9117
7f13
121b
3447
5e04
a4e7
b87c
83b8
e27a
647b
2328
f7d9
5bc8
693b
91b8
a49d
7e5f
be0a
d34c
a3e2
e8cf
3377
eb4d
725c
4374
46dc
2abb
2e7c
8217
0422
bd3f
d15d
a2aa
c775
4ae9
6ae4
adcd
bb5b
f129
22db
d895
b40b
eedd
1e3e
d589
8b66
6bf9
7773
a573
5287
d9fc
87ad
fb14
2f08
5ab9
2e68
02a0
d04a
2798
11f6
5023
6589
360a
ca96
ac38
2a04
fa32
51d7
21a3
5ecd
78bb
021a
5b3b
5e45
d584
0677
728d
b548
0f21
59d3
e46c
f41e
1269
94bd
9446
aa9a
00ab
f6b2
9d14
df88
ad72
5d33
b0d8
0bdc
8285
f3e9
29e3
1cb4
ae9d
21fe
3610
9a0e
c1fd
cd0f
e634
d25f
ee6f
d333
217b
6322
0f74
1a6a
c64d
68f7
5b39
298d
fe54
3adf
d954
f0d0
7ca4
8470
3934
fddc
185d
5c3d
c2d0
0bd2
0134
0135
78ae
b3d6
9db8
2d55
aa2c
054c
696e
eb03
5477
3135
799a
8698
5ea5
51c4
6b54
e46c
5c29
88ee
9de4
462d
19a7
684c
c104
a4ee
61ad
0749
fc59
ee3b
59fd
382c
7fb4
e4d5
9368
1f8b
8269
1bf8
f292
6229
7317
f75b
6a84
8bbe
74fd
8cf9
b9b6
19e5
7c49
e230
efbd
e496
d19d
020c
df40
95b1
fe0c
df03
55f4
0cdc
654a
c5ef
8c45
e2b0
69dc
6085
8097
a497
533f
8d57
77cb
e00e
2d69
5623
e8dd
1b79
cb7e
bee6
88f4
fef1
0d27
3a13
e8bf
18a0
17d9
b951
943e
2095
b47d
d151
93c8
7b8f
172f
a31b
3cde
7e75
7926
c6dc
daf0
028a
58ff
58ef
9b95
9c86
f53c
62b3
83e9
25c2
d8f6
30ea
cf3c
272b
1980
780d
abce
cf9f
59a2
7f25
9fc1
06e5
996d
f593
b925
9d49
e699
39e7
3f11
b332
6861
e6ac
6811
6658
a8be
a1bd
bf67
ee4c
16f8
e434
e004
3d6a
6b14
4540
69a9
0d3d
76d4
4a21
b440
4a44
552e
9432
a44d
eb0c
5689
687a
ec5b
d689
04b9
2c2e
b71e
41c0
4b3a
65d3
9ed0
9de3
833b
8cb5
3f1e
1e5c
6323
e7a5
3b1b
1f36
ff82
a014
ef11
338b
25f3
9d9c
edac
d98f
3a00
8d8e
0013
4515
bb6e
d5c4
ef57
b211
3366
955a
355a
ee70
5667
ee37
9a0e
2d91
c5d0
f8fc
b3e2
dd8e
99b2
bef0
89cd
1897
9efd
353f
7100
ba07
a6df
e6e7
e6b4
439d
d54c
a553
059a
ad07
18ac
82e0
e8f0
46d6
f938
9835
af8d
c159
6a09
3f61
2ac9
342c
c62c
989b
5a2d
b17d
c2af
ad4e
3c09
bc9b
921e
0416
a756
55dd
5c74
26cc
66ee
d7ad
9e49
4fc1
5e69
3218
8fbb
25f8
8f1c
b918
eb81
db0b
b336
54e5
e286
676b
9494
aa7f
1d4d
ae49
023d
727e
7ba3
40a5
2c91
887d
2b41
06f3
fbf5
c521
6a9d
e7a1
680d
fc5c
a614
8e3f
6cdb
d04f
1076
9d1d
393c
0334
5090
ab48
57ae
d0c7
c168
0d6c
bff0
b98f
6e95
e1d5
b6e4
3712
fd1c
9205
da50
9ea2
ad73
404c
f2b3
98ec
fed4
efa6
d874
f6e6
8bf0
4bf3
9024
2995
f94b
252e
d65a
f464
f618
469f
0d43
7d6b
a7bc
eee1
cd13
45f4
d314
b02a
ba1b
1654
c10f
e6e1
9665
097a
b82e
4dcc
76d4
6e1b
741a
eb44
1d06
c0c2
8360
490e
aec9
8a95
79f3
eef9
4e88
7fa9
90ba
5a27
bf03
338d
bf56
10d3
efa8
f388
7452
addc
26c4
0e40
7f22
f3c8
e908
e1f7
7fce
fd6b
a491
94ed
9794
c59a
d296
5620
8162
8b51
bac7
6ae1
7674
6887
e25d
ed3d
4f94
4e2c
dcde
40de
0bc6
e5a3
899a
2c7b
b6a3
4f57
7164
faa3
5dfa
ad22
4e86
de24
00cd
81f8
204d
9703
d4b4
a146
8c3f
4b24
21e2
48b7
1334
9c01
c7a6
b59c
3621
0f72
2aff
8826
64f0
6dcf
bc5a
00dc
b056
2fbe
1af9
bb97
7135
d381
970d
da42
04eb
dc7e
6c4b
c5a8
b743
416b
cb07
f04d
98ed
894b
5762
8adf
5b8f
d646
bf00
7777
dde5
7616
546a
a891
aeab
6cbe
6612
a3ea
20aa
4366
ee9e
bad4
818f
4145
fc07
67b8
9a7b
b693
e939
1324
b32e
463b
8f37
c9bd
fdbb
fc00
c13d
14bb
4afc
64e3
64a9
3b8e
3d4e
a00d
67ab
971c
7be6
7d51
7583
f529
533e
e6c6
8a11
7aee
574c
7999
8462
c87b
3bfc
7043
f47c
50c7
857d
5906
5613
c239
e574
a56f
136b
4668
3ec6
33d8
9539
8048
5e99
0681
1f7d
e9e5
27e2
2c6c
2758
280c
8cbd
3bc3
45ef
96ad
02fa
c7ed
66a5
d446
895b
049c
3382
9b87
a24a
1461
eee9
5852
139e
33be
9a89
e42c
d67c
19dc
ba23
a654
736f
35f5
e98b
6ff3
3085
a592
8328
3c7b
d7ac
6dd3
1d5b
053c
c263
07d4
912d
ffb4
679f
5bb5
cfd5
9a19
9268
b14a
2971
ea00
cc53
3107
84ad
854a
1853
ff87
e8eb
788f
c80e
000c
65b5
cfd5
1736
8e6c
2e1e
8778
70c2
7e14
157e
dfd3
ae5f
9cb1
6e81
e75e
e6b6
de9e
7b10
3dff
6793
d5aa
b7fb
3a5d
2020
8bf5
2fbb
7585
ff4d
11ac
7189
510d
d27d
02df
91d4
feb8
aa4f
2980
ac0d
98a4
7afd
3683
6214
da65
6d6c
d4ad
9e91
3cae
4e66
0a64
4a74
7402
df9d
039a
0c20
a0c5
9b5f
efd6
d77f
5ad9
90ce
0d3d
2f88
1dfd
45f1
c30f
7745
eb93
dfcd
b053
1578
ad25
6d2f
e4d8
06f8
fcf0
a26c
d5e6
2667
995e
fdcc
ade4
8a0a
8a8b
bd67
5ab7
5270
6e2a
a2fb
c8ac
5326
cea2
9cc5
2e6e
bc24
39af
51cc
200d
fb22
e279
14fb
1d1d
8e01
f479
de16
9266
3fe9
65ba
1a53
221b
ced9
ec7d
958a
7299
419b
4649
dd35
0f09
8a69
1200
e5e3
5c05
44df
e1d1
bcb2
b7a5
ea50
2d41
e33d
285e
6055
6d9b
323e
b44e
2471
54d3
133f
d5d8
3d29
994d
894d
810c
5c59
c4fa
98dd
fc02
a5b5
0017
f106
ae8e
e9dd
1a03
f557
8d9b
71d5
9012
8697
6e84
6c11
b98e
1712
dbde
914e
d254
2365
605f
71ab
d020
cde8
1a34
c44f
ca9b
5263
c09b
37fc
23d4
8bc4
64f5
bc68
6f54
166f
f312
7b33
8fb4
b8f5
559e
1cfb
61cd
bdae
bf2c
b5ea
7ce7
0676
ced4
149b
af38
ce8c
7aaf
f47e
2844
109a
aee9
c135
fed8
2858
bb24
562c
e9e0
76d5
5f92
2342
aee2
f912
c4c3
098a
90b3
4263
a283
9802
879d
d3eb
108d
c849
d4a8
b1de
bed3
b341
dbb7
6428
7daf
a19e
86ba
25db
2c6b
33cd
08e7
a1ad
0f48
72de
0a0d
f43a
5c38
7824
efe8
71b5
300a
3b63
9cbc
842a
e28f
c54f
3970
70bb
b3fa
7738
3b69
ad85
a485
0e40
d185
8b52
1e97
88b0
3bdb
e959
1de3
7ede
a7b7
54a9
b46b
b331
b614
b39f
6da4
d6fb
0fe1
c1ac
7b93
da9d
7b7d
9b28
0a33
5501
64a2
9174
bc2c
4ffb
6ab6
c935
76d6
761a
9e44
751e
5c69
c8dc
00db
1605
66c5
ed72
3739
e23b
30a5
83c5
f7b0
98fa
fae3
b622
e007
612d
bc3b
fdcc
f7b3
beb4
770a
48bb
e863
54da
87a6
9990
04f7
42b6
5201
73a6
a0a3
69dd
a7d4
bbf0
b7c9
4a10
3554
75bb
6a14
f826
b199
0669
5455
9f69
da31
f332
f260
1e18
a075
bf91
bf15
5c19
a93b
d7f4
1402
6fb5
7b76
5aac
266b
faad
02d2
5a6f
8a51
c620
c738
2f6e
df67
fe26
a77d
218b
ea8e
7c2a
f3dd
cba5
ee4f
b954
6dd5
5eb0
2043
eac0
2402
56e6
ddd9
4b71
7f0d
b205
f5f2
df0c
94db
8ca8
8599
5e8d
aecf
70c0
5019
1749
f844
9888
e2f7
ef3a
a68a
c9e3
268a
67b5
336d
9a86
3e47
bbb8
7de5
4bf5
6b87
5964
439b
cec3
9f6f
ebe7
6af2
b1f4
0404
dc2c
e17c
59b6
3152
967c
e7f4
7cfd
676f
2714
fffd
2443
9e67
d04d
ccbf
737a
3210
367a
356e
410e
38ee
e468
984b
5e4d
1fb4
1229
cd85
76c0
db68
4bf6
3dec
db75
ae13
b741
02fa
581c
e40e
ed4f
c299
423e
1cde
1b49
5cdc
7136
db65
0bfc
b307
5d56
66dc
1d42
390f
23c6
8b58
7cac
db3d
a873
afbe
e681
be43
f0b3
2e49
a713
a65e
5825
203b
f674
1a86
19e2
f33c
fe18
e759
a1bc
aeea
47e3
0eff
d81a
5b81
d398
ef07
6e9f
2008
bd1f
abda
2e99
fa6f
7eef
9c23
fb57
3f38
368f
927f
c3ac
46d7
bf13
0ccd
93e5
e19f
ed38
fc9b
225e
d11e
1715
68c7
36fe
0b19
bec1
751f
43dc
676d
c839
8ed5
049c
e959
608d
10a9
2637
4669
263e
cf9f
339a
d049
0b9f
958f
3aec
3a89
9890
3286
cd47
090b
21de
c8bc
a762
e1d7
17d7
1239
57ba
860b
c90a
8d6e
fa87
d8fb
83a8
7b5a
b1c5
5b9f
526c
7545
689e
a739
53f3
631c
b79f
1588
cb93
f816
8272
d19a
d13e
37b8
5d2a
a1c1
8f2b
a5e5
039d
a765
c18e
5933
fdef
9a07
7514
3c0a
741f
12bb
a79d
94e0
02a6
3bb4
3ec7
a2b7
a59d
35d8
b15a
173e
054a
0b43
757e
49a9
154c
ea23
c2d9
4124
e699
3228
012a
8ec6
8de6
570b
9396
4661
30c9
1727
6491
b92c
b766
8e7d
7f3e
cf61
6a33
6366
fdff
ab27
6420
c58c
3877
a8c3
053e
c77b
4fde
ea5d
d9a9
f559
2491
c2c2
6cb2
3bcb
1bb3
b9d9
35e6
60ed
4099
7fd0
2dd5
fd8f
20d6
3199
f541
cf0b
0598
852e
a2fb
987b
7a87
fc21
2091
e3a4
b8c7
2296
f184
1854
ee6b
cfae
be2e
6e76
e547
f676
c27a
f8bc
2040
a658
0408
522c
017f
98c5
12ec
e1a9
076a
0740
c70b
0a0d
c9ec
6b52
60cb
fc30
8d37
7540
782f
0498
cf08
f540
a2ff
097f
37a4
a030
d40f
1a73
e7f6
9a19
c87b
e8eb
84fb
4145
1a23
fe15
a045
0d80
9ebd
65ca
3178
2710
795b
68da
54e6
5efb
54ff
69fb
a91c
7f18
20e7
aef7
c31b
21e7
e4e2
7d68
9cf7
6e18
0070
9127
9508
87a0
bd6b
7254
05b3
ebed
17ff
4d1c
f689
b7e8
41fe
083a
0c92
6317
07b3
1a74
2984
4cae
667e
b4c4
0cc8
3a48
3fb9
6ed9
520f
3c45
4d50
faae
b4cc
6bab
8f7b
323f
7695
4b18
09d3
07cb
c6f0
d531
fcc1
890f
f0eb
f0fc
79df
e391
235e
ebfa
1aff
caab
c7da
2345
20d9
72df
92ef
5b61
7c2f
87d0
002d
82b8
d054
b7da
148f
0eb8
8772
3839
4383
8a85
a3f7
b1d2
980f
d49e
b96c
1755
2770
0c6b
23ba
53d5
372d
18fa
04f0
22f7
1ef9
957b
193f
adf7
441b
002d
4eea
996e
063c
77b8
834a
a3f1
c096
a062
dab2
4e22
b8a9
fb5c
96f0
f4a3
c3da
0857
2eca
6f91
8eb0
d1fd
d95d
9952
0a41
7e65
84a3
7da3
5b3e
1cc1
e21e
bd2d
f7ae
298d
400e
0405
426d
00d2
228d
a1e0
000a
d22b
5025
17c2
be7d
4227
55b8
5067
bb6b
80a4
33d6
e933
9903
6067
1864
fd69
7e49
1e64
0084
8933
3172
f4dd
2aeb
8e4f
7bf3
1926
994c
ec84
8807
f73c
c764
d12f
ae58
117e
eb8e
570b
1afe
1616
de20
e69e
f7fb
7c7c
f3e1
fa76
dde4
e169
ce0b
dd35
6aed
cdc9
5785
2f6b
e4f6
a702
a22c
b8d4
aeda
1796
129b
dda0
05c8
71fc
ee5b
87a3
0dcd
82aa
7391
2e26
5c0b
e7f3
1324
c548
a152
3b2a
6df2
2dbb
bcaf
eb71
49eb
4f0a
02a4
2084
5502
8870
18eb
4383
e969
4655
8291
e482
dfea
da76
5ce8
b5d7
703d
d50f
3964
e54e
576a
d49a
c3f4
3a1b
7515
acbb
2580
a065
2495
dd94
4fef
874e
ab5e
a752
6ac1
38d6
e4d8
b40d
a44e
573f
902d
a394
0f8f
16a4
e2c8
b8d4
4af6
f1cb
d551
b462
9987
4e6c
901e
8a5d
b1fa
229e
55df
9045
680b
bafd
b96b
caa5
1ee8
035f
de38
64c6
77ab
3abd
0b25
c391
62fc
d091
2cde
1593
1d8b
ae14
f834
56b2
a4d5
0d99
11b5
5200
1100
de81
71f6
72eb
fbd0
e4f9
41b6
00e8
b277
12b0
9bc9
0c4d
a2a3
2f00
befc
72a1
908b
e21b
b9aa
f505
63a2
91a2
78fb
02a3
a233
cb38
bf47
adcb
e11d
83bd
55eb
7bae
48fa
7bbf
3444
825f
f2ec
023f
64aa
1fbf
92e1
0d53
07c2
5c21
cd76
492f
8e9b
2a99
1004
3b38
1ea3
2999
e0b4
47b5
2289
bd9d
0ea3
5a1d
b982
c264
d7e3
ae83
c885
c4f0
6103
1be6
aba9
f6b4
4209
c028
618b
9727
9410
58aa
9ee3
3931
4103
985a
af8d
0e73
84f9
0671
a0d3
b6ef
2e33
4d56
3c77
0883
dd0e
c3a0
fe0b
0f7e
379e
87b2
2236
85db
8dd7
c07e
0fb0
9602
f0fa
5987
e89c
231e
138f
f164
fd56
e218
e1d5
d6ea
bc0d
6101
2e90
9f42
630c
6918
fd27
d97e
03d4
1bde
6194
844f
9cf9
4153
77fd
da6c
552c
f38a
e415
4840
2afa
7aa9
2d07
0158
d223
1de1
0d4c
f6cc
3123
c1a1
1901
d19f
9e5a
478e
2376
a7bf
6247
0241
a3f7
2972
b29e
c535
6fc9
3407
2f61
6e7a
fe9d
ecc3
4c6d
1258
4567
f0f5
d28d
4e9e
7497
e092
ae22
c25e
991c
8783
ed76
fc97
7d09
a493
391b
e396
e140
4029
5428
cc4f
0615
f3da
28d4
c5c5
f567
f687
29fc
ac3e
9dbf
7fbd
b285
5c7a
c9cb
52b3
def2
3fb1
a5a8
7bf6
24b0
aa13
0862
a6ad
cfa3
ef10
a0fa
aaa3
db2a
759f
a7b0
f1ff
fae8
a044
5416
a845
f974
f373
307f
99a4
2dba
db77
78a3
37bb
4c13
ccac
f9d5
9622
2d39
b725
9ffb
4091
842f
3a7e
8828
44c1
a779
4361
72e3
e209
6ddc
e0ef
27b9
0a36
334e
d496
26b6
2e72
cc87
6855
8f51
c1d8
8283
f014
77f9
fbaf
27d8
216d
33b5
acb7
493a
72d9
e89c
57ba
8081
ff6a
337d
937c
23a9
839d
f5bc
65c4
28a0
3de8
204b
eaca
fe12
2d7f
1cac
78f2
cf9c
1113
fe7e
5adc
ac81
c7f4
2eee
16b3
437c
c101
646e
10cf
8a88
e38b
9bef
ea01
19f9
1958
d4c6
37c7
6ad2
5e7a
6739
db4f
5986
4ea9
c4f1
b838
75df
ca3d
3f76
35c9
10f5
2eae
cc61
1a5f
900b
d27d
1548
c7a7
96ad
577c
93df
e197
4ac7
3542
3a0b
4859
1b01
f442
dfe1
63cc
b233
fb89
a2a4
e313
aa51
1077
2f86
235c
339a
da77
b2d5
94c8
0962
f972
0017
93c7
3471
f9f6
2a15
1cdc
92f0
4f70
8b3e
87ea
eaf6
f17f
9d29
ce99
31b6
439f
912c
652f
4a03
64c3
3ddd
4878
6f68
a265
02cf
cca5
5d71
e85c
cfb2
a03d
c403
b15a
b4b6
895e
0367
49c3
c7a8
5294
13c0
fdbf
0db1
c7c2
3a99
4493
b860
bdb2
be88
412d
43fb
1028
0b25
ed8a
9e8b
9213
5e85
b4e9
544e
98fe
19d1
90fb
1448
f90a
4043
8286
2178
bff5
33a0
a4b7
091b
a13f
fa49
b5a1
21d8
5310
2dd5
2819
a5eb
eeb2
545f
c52d
551f
efa1
ff05
83f9
827a
0c0c
34f6
03cd
aa1c
0c1e
6db9
431b
1a0a
ee17
1052
4af9
9cbe
13c1
f867
53c0
b983
771c
d2be
b240
ef12
d846
51f1
08e3
f680
89a1
6717
afd1
6dfd
cdb6
960a
6318
0b0e
a45e
5558
183a
9613
5d8f
f05a
272d
6be8
fc86
45d4
b8ca
90a1
d1f6
f558
f819
2c7e
57d8
3fdd
ee5a
95db
55fd
9d11
3ee1
da13
dc54
d56d
4ce5
1c6c
ca0a
f903
d0a3
a276
68fb
9adb
1f8f
4139
9ef7
aa6e
820c
2dcd
c98e
2a85
a730
18a8
2c87
8f3a
8614
ad70
cbe5
d420
c650
2225
6951
848c
dd43
18bf
3562
e762
786a
e144
43ca
9072
d661
8d39
c89a
15b1
cd30
2d84
dc36
b56c
345c
3fc3
9b0b
1c03
d020
0ac7
8dd1
2de6
ea2d
fa61
2982
deac
80f6
0a70
5737
e83f
2d14
e74f
3175
d645
a71d
60f0
d55f
d425
64ae
d4f3
7638
e863
0a3a
34bd
5a66
7839
8853
a02e
2c8d
c81b
4b86
76ac
8e11
2eac
3cbc
ce91
6f77
3b23
d9cf
c41b
6d92
0b48
dee2
8cd6
6463
c230
2eeb
3c8a
ff87
058f
2e8d
1ad6
afda
b8f9
0656
e465
ee28
40f1
b624
5aea
bbbb
7eb7
42ba
3ea2
d835
c650
7a3a
a9f5
8994
5f24
e0ca
72a3
e358
0796
cf39
a54b
4c30
acb3
8dce
dd9a
6337
fff9
cddc
5afa
38ee
2421
19b7
1642
780e
8c41
eb4a
006c
fa20
6c5a
73fa
b78c
b403
1385
09a9
8470
9825
09ae
286c
758f
4d74
4808
801d
ee72
a27d
438f
a8cb
f41d
5eea
2662
216c
bfc5
5e5e
fbb3
1737
3882
9cad
ab61
8d33
54a9
7865
dc58
e6f3
fba2
ae6a
ea53
06ab
e3d3
9529
2b48
230e
60a7
44a0
979d
090f
d98b
9756
a838
8c28
1282
83c8
6b35
9e06
e677
999f
aa26
1f00
74ba
9a99
61ea
d96e
c50f
33de
8a89
f8e0
c890
8dbb
5c18
e3f6
a7a2
dc34
75de
2015
21a6
8089
ed53
97d8
efff
cedb
999d
5366
22c8
b751
7fdb
e1d3
f285
db68
097f
9988
a105
b464
e67b
282e
41f8
5c97
abbe
f72d
89b8
dbd5
6258
dad1
2523
dba7
72cc
97d0
69d9
5dd7
1c65
7f98
f6dd
4529
f971
24df
d029
fb4f
c9fb
0b42
e237
2e8c
dd43
3bab
42ba
b175
bfbc
2784
9c3d
7ea7
41ad
ae73
7c1f
bc0a
e91d
7bf3
2ec6
3998
add4
5dbf
7aed
e3e3
6678
384b
ddac
b55f
dea4
733f
0b2d
5314
e2ba
7fa3
0745
c0e5
f84a
2371
28a4
e1b0
8eb4
9225
2641
a469
ba96
0c62
cf18
d0bb
faff
99e4
a8cc
768a
1f05
ddce
9557
b6fb
0c4f
96d2
0c1a
8408
4b55
647e
cdb9
89d8
06ab
9c56
ece6
2132
dd97
8ad1
2372
d379
f5c8
c3e6
47bb
0f80
120f
9ab2
277e
ed44
8b84
7ef4
6a65
0b5f
2ed8
aedb
0e58
3f09
de09
a278
97e6
2496
3e85
c6b9
8d0c
bdd1
440c
d7a6
041c
97a0
4247
e5d5
330b
95af
d69b
9ea9
356c
db4a
dc1d
de48
29d6
88ab
605f
a1b9
1c9b
9064
11e6
631c
1939
722c
fff4
fe98
8b76
7f68
973b
a698
d6d4
1100
a34d
c27a
aae5
fb54
58a3
1076
c7db
e378
c9f8
eac6
d67e
c4b3
a5df
00d2
81d5
247f
6820
4a3f
bb55
ad33
0e8a
ce2e
aa2b
7e34
6bbc
aa54
9d5d
6775
ddd9
b759
85fe
b80d
f410
69ab
001e
c63f
5c9a
c14a
7694
2f61
a293
e26a
571f
dda9
31a4
7e2f
5555
7e52
9b8f
df94
2e39
3dfa
6a8f
05c7
f76d
79e6
1e71
411a
ec61
2eba
0cfe
0172
eb90
bc13
0460
94ac
b0e5
d298
3bd5
95e2
12c9
64e2
b4e4
7cea
5c07
6f41
76aa
f82b
aa88
aaf4
2540
6ef0
4140
28d7
b4b2
49ee
45e3
b6d6
4687
0482
50e1
baa6
3a64
75e2
ead2
b8fe
40ed
a9b5
d2f5
6fd3
2c0e
66dc
ee22
7341
8c56
fe71
0cdb
1af1
0dfb
6b98
258b
2ce5
81ed
b98f
2297
c071
779a
77ec
71f3
9004
bf62
d032
8078
b2a0
d011
5ddc
3b5f
a4fe
435f
ccc1
8e11
70c3
9802
fe94
a48f
5909
439b
1c44
9a01
9cb7
0ac7
2508
3fd8
575d
f9c1
c315
8e75
1c42
dee5
ef0c
afd2
de2a
3987
6a4d
9a74
18a6
3dff
1578
19f7
31bd
caaf
5957
9171
fcad
afb6
d305
9dbe
ae7c
5492
8c1d
0ce9
fd43
334b
cdd3
c79c
03d2
24b6
0c5d
1d56
86a3
d9db
5c5e
3499
242a
9576
5e69
b62b
4ada
05e4
1d8b
6f24
3371
dcd8
782f
2e17
a583
6c91
7287
d179
510a
5f12
e387
a68e
cf12
c1e7
19a9
e521
c3db
a940
80b6
8383
2868
ba7c
b573
1a5b
e7c3
a4d9
1cf8
18f2
3183
cb6a
0c80
eeec
329e
a84f
202f
c710
ced7
c4da
b9cc
567e
572c
1516
6750
5fa0
d317
c66b
8f2e
14ab
e9ef
8d4d
ce7b
e7fe
9eb6
292c
ba97
fef5
5f50
2a3f
9b73
d39a
fb23
4924
3967
050e
4c1a
7326
9c04
15ce
a263
d2d0
3c14
b07b
b810
de1d
cdbe
4eb1
c0fe
53e7
2475
5111
53eb
25c2
3dd7
6b2f
0406
e6ae
4bf3
a290
be8d
0a9e
d54f
3e1a
5e60
442b
4211
7e0d
1f50
b798
423f
6ab1
02de
54e2
d7fb
b601
b56e
c8bc
8676
2ee9
488c
bca5
bc88
c121
612e
95bb
69f7
6630
49f0
c5a2
9226
0d33
a676
135f
484e
7fb0
c3c6
3737
8e9d
59b2
8f15
3349
7b17
8ba6
f2c3
bbb6
c06d
3916
6eb7
b437
432f
7d64
d25c
e3bc
a925
6919
b1c4
7cde
aef1
301d
d474
eaad
9c89
6f07
dbdd
d7be
f881
fa6b
a606
ac8d
bfff
4180
b35d
3595
ee91
26d3
2008
2ff9
014a
c26b
a0a8
403b
6cce
2efe
e2be
5731
3047
1b4f
73b0
3650
92dc
322c
5b65
4b8a
c4ce
aec2
6e4c
ce9e
89e8
2cde
5485
1ee3
a648
d949
648d
6f0d
e94c
ea6a
40f6
8c7c
b901
6427
cc6d
f712
749f
5a56
ea41
faa2
32da
79f5
9157
e7ad
efd9
bc8c
7f61
caab
e8cf
aec3
f9b8
0d0c
605c
ea6c
801a
8b9c
24b8
43bb
2b6e
ad56
db80
8085
4163
a917
d67f
0412
780b
c33b
e058
5632
2359
43d3
343e
a000
6ed8
a0be
14eb
7584
a260
2ba1
c7a4
3d82
6e66
2351
fec3
1af3
b9c7
48b6
1192
743b
1a59
3953
9e50
ac3c
15b3
c704
6b7f
cb22
2ed1
7545
6997
03ff
1b9b
93cc
886d
78a4
afe2
4c47
817f
2650
384d
cd26
3216
6ee7
a396
75cd
1c70
8a0a
d514
6725
a493
3f33
8c94
efe3
0506
0e85
b322
6f8a
e442
2ac6
a609
8528
d9a2
f0e8
3945
bb2d
618f
0c57
4ed8
953f
c1ee
354d
4b0d
6bfd
49aa
7c9d
1c8a
324d
e6a2
191a
b45d
ad3f
2373
2119
56ee
2a50
a58a
853d
cfec
4876
7367
afc3
1bea
2d83
62f3
3b9d
b7d0
4da5
8647
f503
e36f
6859
b861
2f69
6650
4ebd
d41a
ca1e
57b8
508a
2aec
dfb5
0f4f
0223
ac70
6dfc
9339
31ec
ae01
8563
818d
24b8
e3bf
a290
80ff
e716
202d
325c
ee74
c77b
ec97
2ec2
6048
a59d
a9c6
13c1
0ca5
70f0
b2d0
3da8
8a92
4acc
ba00
04af
4823
086f
6c54
7bb4
c25c
51f3
9d4b
5a40
a441
0483
5b50
e6e8
8dd1
56ab
eda6
c9ae
71a3
1fcc
aa20
64eb
1136
d26e
829f
080c
3406
3406
7c65
e933
6a53
5ce4
ad75
53e5
d8e6
379c
607a
080d
50dc
ed15
3764
0a0c
1cd6
2583
9445
b982
1f8d
11f4
edb4
1a74
3864
0370
d089
b1ae
af10
3020
b38c
fd4d
fb9c
60b5
1b20
a512
7a88
2945
a305
a30b
a438
0ad1
a6e0
f5df
e386
979b
9b35
906f
c04a
350f
5721
bcaf
19ce
98f6
077a
53a5
2fec
a9a6
3b54
5220
10e1
5868
cb10
f055
8754
da0a
e6a7
605b
12a8
0998
1f77
31d8
ece0
ba43
cfbb
92de
fa7c
59d1
9a45
82b9
8894
ff1e
888d
cfad
ff92
06e7
80fa
ac96
92dd
1a42
d534
dc64
b6a3
40b0
fc91
fdb1
4cc5
42f8
2c23
63fd
50fa
83ee
c3d1
8af9
bd93
abe9
933c
146b
4dfa
108e
86ef
ed38
db72
b242
ca8c
4fae
d704
be39
e34b
79ce
8c46
1733
b6d9
d044
7960
7f87
90cd
6371
de2e
6a46
7f78
56cf
76f3
94d7
edcb
1268
d79e
eff7
f8c5
1523
e843
641c
02c9
73a1
cc25
7488
8bca
e8c2
86fd
3317
8e1d
cde9
7f5d
6610
00ed
12be
1d8e
fef2
d48f
6512
3e6c
8207
af8b
de1e
7386
7b8a
f7ce
2fd2
93ab
0ce0
1960
9db5
4fb3
b9d4
3bd1
087a
e36c
a86a
5d86
58d5
b662
9980
e79b
aa97
6472
3ae4
2758
536f
d4df
3861
66b4
e3b8
4561
35fd
5620
81c4
7a62
8468
93fa
04b0
3774
b86b
35f5
d38d
1ea3
fd6a
2c30
5fa7
627f
f34d
22ef
8dc7
960c
d93f
681d
71f0
a7aa
8770
1116
2922
1050
07ad
a17f
817a
6101
4c67
7e76
0a70
744c
35fd
f16e
e828
1473
349b
450a
39eb
7b4f
8f76
3c2d
14b0
01b3
b9f1
395f
88c1
f6b8
0860
28a0
9769
d30d
0ce3
3e59
cb9b
00a2
5531
3832
f166
3a43
20f5
dab5
52aa
3684
472a
f1e4
f705
29ad
d12c
ec75
f7ca
b7b7
4cce
63c6
d8e5
0e69
12c6
2ba8
813e
c979
1bad
b83d
4cc2
a320
aaf4
bb51
e9fe
6ed7
72af
e793
ecfe
d2c3
a1aa
cc5f
b284
afd5
deae
d2be
8bc3
a8b0
c63a
ce0b
9f06
00c5
c96d
ee4e
b3c2
fd06
2c2d
1609
70c5
8590
23ec
0b3b
74dc
ea80
59a5
f525
213c
74b4
b8a8
2033
458b
c243
41ad
4540
bf83
2190
2dfa
7141
6101
e008
24f5
8912
2964
1a1b
c49f
3c8c
3e06
c19e
3952
18ca
041a
4049
f852
70f5
a6b3
3c5d
2d00
3d58
8260
a2a6
e6a3
154c
2a47
3502
01a7
d80a
a7a8
7d7e
b0f9
1a1d
2513
fe49
1318
854d
5d16
12a1
8126
cc55
09a6
4d53
741f
1e99
8bb4
13aa
da5c
b564
6388
9bcd
1bf2
a3da
9917
3db3
5d7a
4cd1
fc16
eaef
10c4
a1bc
022d
316e
a33c
78d8
bf78
6cc7
e5bc
52ac
85c1
affd
ffa1
4d2d
8a22
66f7
699c
694b
3168
bec8
5a8a
41e4
c42d
6dbd
8d7d
1c3a
1894
e4e7
dc91
22fe
1e0f
2dd3
dda5
1964
9292
4ca8
061e
f2d4
cca2
486d
201d
ead5
2df7
03d1
a84f
3892
d30c
c0ac
fb35
18d2
6922
a8ce
e930
bebc
ce3a
8413
e26c
f090
5b7a
2935
e4cc
9fb2
bd5e
d749
2e5b
78ba
0b5e
88b7
8b0e
eead
22d4
1cb3
a16e
7794
8034
f29b
724f
9719
f8a4
128c
3b06
3dcf
5b37
1ca9
0436
9400
3290
9bd5
bcc0
cf73
ebd0
0943
9a42
1dd3
846a
9171
2a75
53a7
ba8a
de87
adda
b0f1
4ca8
0dde
de25
12b7
2245
6267
6f1f
775f
b55a
459d
f2ca
d194
9f87
7abf
10a7
19af
a974
9ab6
60e5
b1a1
f1ee
61d1
4727
0980
1be2
c75c
d8f4
5fa4
7073
368e
bfbb
df4c
b203
bdd4
6b8e
3cae
3f5b
ac79
a784
da24
5836
c408
fe76
1a5d
f370
40d3
72b9
e0d1
7500
b0dd
71a5
2fb8
b50a
18ef
ab9f
c9c2
88d8
0d3f
7e0a
bae3
252f
3e6f
0e13
c2ba
2958
bd20
1aa9
5b2b
d2f0
f9d2
3659
5eff
7a86
0221
e499
167d
8fc0
2a39
5b17
15be
8f49
9a2b
0b6e
210d
21e8
95ed
be84
aad3
2b20
317d
05dc
d664
798c
8a72
fe09
6ee4
cdc7
2e3a
741e
d3cb
9496
935d
3197
8426
8029
48cf
c3f3
6b6b
2b3c
a845
0856
8968
d795
9b2b
76c1
9e7b
f8eb
df7c
2677
2a5e
b682
90c6
e229
3ca4
9908
94d7
3560
3119
a93b
d01e
83f0
1515
eb4d
774c
c01f
808d
4c8f
1656
4dc6
984c
74a0
5783
ea3a
89ae
b12a
4c18
4ad0
90fd
a2c3
8dd6
9aef
bc04
5292
6570
abd0
a7bf
abad
5bd7
e2db
7d3e
0660
d17e
1c76
f599
4bf8
2b84
05e8
6ea9
39ef
15f9
2e67
3d5c
cfff
9aca
5c2e
4d7e
951b
ac3a
10eb
7f9b
6928
2030
f086
c0b7
fca2
37c2
c883
fa6d
a590
99c6
ccaa
99f8
8be3
baff
208c
b710
98a3
aa9b
ac50
ef09
21fd
6922
41c3
f680
0dae
4868
cff0
6d16
b8be
3248
91b9
7338
a8ac
0f85
4b81
dc20
14cf
6a8f
f9db
ad5a
86cb
cbbc
82a2
bb65
c65a
6a6b
d828
b2f5
203a
419c
1373
b639
356d
65db
7474
0782
4e22
01f2
0bf0
8b9f
23a6
dd7c
ae07
cc8c
3f46
ecdd
2e24
f6cb
3b4d
e8e7
9929
e1c8
8d24
fdde
1030
9730
2f8f
e6e4
2977
9030
7a8f
e17c
573a
4ccc
6258
dcdd
73a7
9867
ae96
4cde
48da
ef89
ade5
8cf3
3cfa
b451
5901
7ce7
16f5
9d93
791d
139a
3d75
7fa6
f447
9acb
9555
92a6
2d4a
646c
657d
8a40
3d92
080e
d8a1
89df
46b2
b0d1
3547
21a1
5e02
5bab
66ab
97b1
ed99
4bd0
a7bf
2843
03c3
16b8
6ebb
0769
f259
5cb0
5a4b
255b
b6cb
16af
e0f2
8b9d
4af0
2bfa
c679
f9cc
16d7
3e4c
6455
a2ae
ac6e
3cf0
3ea0
b6c9
b079
ca89
c8a8
8d98
26cc
284c
3591
e1f9
acbb
2e8d
2451
4145
ecaa
d37c
b953
2096
f748
5649
977c
d369
fc4a
9b2e
9343
8f7b
7d96
4d50
0496
bb04
f5d4
a92e
dc7e
d1eb
0cf5
8477
baca
0fb4
d92f
232c
d3d0
f4d0
78d8
3d21
d976
76bc
aed5
081e
851a
d97f
f375
fbdd
2826
8595
6c10
b905
1386
3c3c
4a7a
9f2b
0ac4
e412
48be
76a5
cd9b
3175
8921
7237
eeff
860c
0b34
fcb5
913f
9ffc
fdd6
0b78
a017
e2b3
1d00
23ab
4df9
b454
02c2
3371
910e
56fc
98be
e7e2
dc1f
198a
d559
7003
8be7
7daf
92f5
2c07
5bb3
6eec
33ff
76bf
c89b
aa9d
6a2b
f3f7
4b33
3648
8466
785e
430b
1e87
ec0d
6fc2
9efb
72ea
478c
d397
5d73
5ac4
15a1
b43e
57e5
a292
7810
f197
463e
fa66
fbf8
2f84
f9a3
a034
7ec1
a764
2ff4
ec31
6353
b16b
c225
8164
5aae
36b0
0207
b77f
7bd2
67b6
69a4
9d40
6e9f
5901
801a
1e7c
557f
4f2d
c7b4
b7f9
2bba
fe46
a21b
58bd
a846
98cd
150c
f1e9
0962
33b1
c86a
24f4
3ccd
691f
9706
7226
5a5b
74f2
8a86
ed31
633b
9dde
7638
61b5
e98b
d0b1
c3ac
6baa
5a23
443e
e16b
3d0d
195a
566f
eef4
f30d
d712
80dc
0da5
fc12
edc3
3211
49cb
a167
8738
7d93
5b96
1d4b
c44b
8a67
ebcd
6124
c57e
79c5
8d56
3e18
f0b6
53d1
05e3
c708
2704
7f5a
7716
fba4
9742
6efd
573d
6704
abe4
a0ad
5a42
b4bd
818e
c0d8
a67f
d6bb
9764
54aa
8417
a6b0
021c
7ff3
70a2
5168
8493
d9e2
62fc
73ec
e8c5
aaf5
56c9
cc1d
8165
0544
36e2
cb3c
8c1d
e049
a256
662c
78ec
724e
f25f
bcb7
267d
1050
4d4a
c2db
5832
a29c
bc96
6390
ea86
3f62
bf9e
2771
e712
063b
6d84
fbbd
303e
40a1
a707
cf6b
bbbc
3d1e
4399
764d
7bc1
73e4
5c8c
4ea5
95e8
7a84
0b3b
2fe1
221a
73da
8df8
9bca
1dcc
db6a
2ff1
542d
7de6
94f2
0bb9
10b1
2025
1c78
0687
c221
b3e6
b1fd
8305
b5d0
2174
ac90
8fce
3e7d
2607
444a
2654
0f2f
bd23
d7e7
1f49
0f7c
51da
9a90
708c
d646
d5ce
895e
58ed
a86f
9d21
9b7b
608f
fde0
d41d
93d7
83c8
27ed
3910
f6cc
cc58
c74e
02f2
776d
5c7f
618d
e696
0a08
ee6f
d791
f777
f8ab
6618
aed2
887a
edb2
b708
f904
6222
818b
4434
86f3
162b
9a33
8889
9f16
6cdf
ee41
d7bc
051c
a5ea
ee82
ec5d
6b88
c0f2
39fe
1bfd
c812
6d14
2db9
b0bd
883b
6b5e
d5b3
3a4f
7997
90b8
592f
0a96
685e
c8fc
61c0
8c4f
2988
45f8
55cd
9bca
6688
40d2
feca
d8e7
2816
05a0
6a54
8467
6c74
8cfb
b4ea
b734
e802
957e
f2c1
432f
7a5a
473f
ea34
e6d7
3485
8eca
7613
42f0
3955
4e56
c023
a92c
bf3d
96fa
e955
7d78
3d4e
2ac3
a176
4c74
27e2
be49
cc68
df99
8cc2
ed68
09f4
92dd
cb1a
2fcf
d558
b5ef
2c02
43e6
4eeb
a519
f337
9c9e
e35b
c50c
1194
4b8d
4206
4fba
a260
5d8e
3d2e
3162
53db
6fac
4f5c
0970
0177
aaa9
0919
4bbb
f3a4
d580
26cf
70e0
3cfd
3a9c
5029
45d8
86a3
00e5
577a
1459
8718
2508
bc0d
3787
5549
aa5d
23fc
5f4f
a890
ef8e
c889
1f1c
2ca3
7b38
28b5
c7a4
6657
d05c
9bb9
2db4
a576
1fc9
f5c9
b218
b4cc
c65e
9642
7f57
4c06
24e6
5abf
4665
04ad
af06
e64d
bb86
0b9e
09d0
b357
9719
2203
c61f
cb2c
b27d
356c
fe13
024b
1558
1214
4cf8
108e
212d
42a6
a5ad
81e3
87a8
9879
d7bb
a9ce
748d
9022
61ec
339f
3e54
d673
5083
d464
c32a
7837
0dd0
3f1a
4cea
7045
fc4b
a209
840e
fe5c
3b62
4aac
46f9
4abf
218f
9f28
7d1c
5186
9d7e
5f58
7251
5a4f
29ed
a030
5e8d
57e0
ad36
af1f
2e29
6496
f37f
f40f
b7bf
23f7
3934
7da5
c94c
2a25
09dc
6c13
9f2f
d5d1
5f3e
79bb
f2b2
242b
4b0d
65e4
8043
bf3a
dc53
0f4a
c097
562e
cbaa
c69d
d694
0183
3a0e
22fd
0f55
8bee
480b
f8fd
75ab
9bed
9938
b6c2
ab61
94bf
a19e
460d
bc74
bd6a
342d
daee
0ecc
940c
e445
4729
9a93
7d52
efa9
17ef
540b
3767
f0a1
7c17
ccb3
5130
6fcc
d0af
8da7
7ca7
9e13
9b3d
48d7
7f16
6495
6cc8
c275
022d
18c4
2cb1
9699
dfa4
99e9
ba02
62ab
0cf0
7f42
275a
d751
049e
7c15
ea76
8f15
4058
509a
2ff3
a921
69f2
6c93
15ab
805d
1ae3
ab6e
dde2
adf0
fc9b
ae58
c206
43b8
e8c7
eaed
ee64
8b0c
efcd
6cb3
ca9f
0ff7
e466
6f29
9589
fa3d
b9a6
c06e
a4eb
2ef6
3da8
3458
3d7e
9d28
9ce3
2643
717d
12ae
f75a
07fa
7b20
49aa
3699
73dc
27cf
d329
6426
09fa
92dd
4a5e
125d
1250
23fd
b8f0
49e5
22f2
e6cc
3ea5
da17
2910
8007
da7f
6717
d5f0
f85f
7103
1280
5348
360c
653a
4287
280e
e5be
3732
564d
04dd
a241
bce5
5fff
08b0
d1bb
db11
0cec
7759
84d2
92a8
1539
6f43
b712
ccec
b34d
bc01
2c25
4c26
4048
8543
f100
bdfa
5429
79cc
c49d
14ef
7808
6424
055a
7053
0874
e9ce
5c8a
a348
7992
c43b
04a8
d4c8
cf61
d85f
c672
3d9e
1e63
75dd
dc9b
48e9
8287
407e
9ffc
0571
a0ee
2c33
e54e
2503
798c
2b55
4c43
acb6
dd47
b4cb
634d
c438
9262
f6d9
1e29
04cc
717c
9aa5
fd5d
3404
44b9
2c2d
e3e1
d91a
1ebb
1b96
f439
0365
71a4
7f82
8052
4ea4
478f
7dd9
5139
8ebf
59c2
738f
d8de
af4f
30f8
36cb
629d
3ed5
bc54
da3e
5d43
ad58
4ecd
9ad1
0b86
57b8
1a05
d1d6
9a26
f25c
b4d2
5164
615d
d1b1
8710
c709
dc20
3c32
f2b8
029d
9a1c
c02d
1edf
667c
0b7f
3c0b
9f57
adb3
fea8
befc
4074
811c
7589
ae26
1bcc
2277
2f82
598e
c46d
f3e8
1a51
159c
eda2
a09a
1bef
ce26
52ac
66fe
6976
9912
b6a2
74cb
bdb8
7f05
c246
6e24
36b4
fc71
eee8
1ba8
e77c
9be0
6211
5584
a025
6cc7
9766
f7c2
7fbd
e7e8
8f5f
96d6
a841
7cac
6043
63eb
0f82
c0d5
821f
4c83
b5db
a308
a8ae
ade3
3f76
f149
3e03
6cad
c456
8867
2694
2c47
69fc
8ce6
191a
02a7
255a
811a
b30d
8ddb
e0a5
2d58
806f
394f
4e91
f581
fed9
8c73
161b
7cca
73c1
03fb
7d8d
eb4b
a1cd
39ce
8234
ba86
961e
8a6d
4ef8
cfa0
acbf
b7ed
2ced
16aa
2ac0
c1f2
a3b8
b372
b406
e571
aa2e
a560
8456
bea8
05bc
45cb
8ff4
0074
66db
590d
71b2
3a61
fd4c
1f30
9ebd
2d05
1d80
db84
42cb
da84
f434
2d10
970e
bd58
aa13
9407
08e3
a3d3
cb31
30e2
2d00
2e65
f95d
1360
7c82
7c32
0a75
e61f
1c8a
7506
3b86
96ac
37c2
6ea5
c90f
6c9d
305b
b69a
d146
31b2
30d6
72da
3b43
839c
36aa
3ba6
85fd
0f0d
9278
96fc
4d4a
6190
eb3b
abfb
ddc8
bdb6
1fd3
bd16
c82e
b997
093e
6883
3f8c
9dc7
07ff
f028
e7c0
8671
82b1
ba45
a08f
1fc1
53c1
321e
0fd3
9bf3
8313
7caa
955e
584c
1aa3
70dc
d7af
02e6
9389
8d06
2b3c
9a4a
d93d
74ab
5475
5cd7
8ee1
d7a5
80cf
321b
5d2d
256e
fd43
2a15
eea7
77cd
101a
fc32
aa89
22da
4896
9c6e
b509
dde9
ad1a
4088
43e6
0940
7e9c
4123
3cd2
e289
ad90
9dcd
a071
db93
2e58
7975
ac3b
98be
764b
934b
771b
7994
b174
cccc
5c29
1dbd
6686
d7e8
b853
522f
517b
1fdf
6d60
c765
eda7
a40c
58c8
cd9c
dfb2
df8c
0637
c0c0
9628
c033
cf72
2292
076f
7ca5
3f58
4904
ae92
9696
835f
1659
7a69
396e
3567
0a6e
5aaf
1cc9
4238
811d
88f0
6490
6d24
6887
055c
261a
1d91
7294
29f1
774b
a925
1dac
c145
3969
3959
4acd
f4ac
1bf6
f503
1fb3
9387
1726
fd2f
e6a2
029e
2929
18e3
092f
ec36
f3eb
3674
864e
0176
6cc9
febc
fdf6
4873
ab6f
91ee
cab9
a4d8
0720
fec5
4aff
e868
5ae9
92e7
1bcc
f8cb
b99e
f995
b389
69e6
fb3a
882c
e9bf
4f76
6f80
3115
ee94
01b2
134e
6d3d
0140
82ef
1e87
3137
9a19
39d5
ec17
5ccd
f494
ca7d
b371
6be2
3e4f
9626
c7a3
1d5e
191d
c3d0
4b5a
e09e
cc86
83c4
2b4b
6ee7
7d13
6845
7e29
79a4
af61
6584
b368
9a0e
a6d2
8d96
cf8a
9fbb
e1cc
6727
8ee4
e59f
ad5e
ad27
d9dc
c4ff
e60b
efe5
d37a
3472
3bda
9c43
27a8
87cb
86d3
8c00
36d9
13f1
a0e9
a354
bbf2
5f39
00fa
525c
6565
7b3b
e6f8
177d
1ac7
881f
2ef8
ccc3
ca54
24ec
2fa3
6d93
eb3d
72ee
5f43
5d89
da4b
5156
37f8
6170
39fa
e856
0231
7a33
8036
3711
b23b
5f77
4500
a7d9
f482
279a
451e
eb00
3c62
f321
2d20
8312
b459
4485
b3cb
502f
2447
d841
7a17
ee7d
efba
a68e
4da1
dd8b
1d01
5271
9d98
8947
1f86
4120
248e
1f99
6aef
082e
6a39
8eb9
5430
99f6
9d3e
f376
7048
ce7e
c3fb
e7bc
b66f
01b6
b0d9
5546
a556
a756
e009
8c90
28a1
2d34
b133
ba6f
074c
fb78
7f2f
4de1
f98f
abe7
fbae
94ff
1a4d
6211
e4a0
5b66
84d2
983a
81da
120b
b1c4
04b6
5240
dd89
5db2
14b1
ab04
edd6
3547
373c
6810
4a61
4165
3aa2
919c
eedb
29a3
8380
32cf
e239
4bd1
3c4f
cc4b
93a1
ba61
3461
2136
1f5d
f1dd
d3fd
6de0
1029
3a22
d052
e898
a4e9
065d
b881
d70f
8734
9d9e
982f
ceba
a87d
1253
0194
9f8a
baa5
c0bd
a95f
591f
1c03
aae1
7353
7e3b
ac45
8fc2
8157
f775
4e89
3394
806d
b8c8
5fa3
cb05
64ff
b989
4424
eaf8
7fb4
bb39
e2ec
9e8d
b6a7
e73c
2e1a
b2fd
5747
3654
eca7
448e
1022
03c1
a8f0
d1c9
e158
9bcb
8aea
46f8
2b48
8114
6d12
c9fb
2f28
33cf
1e8c
f582
0051
4854
9add
718d
eed8
9e4f
c6e6
41b6
90f1
003c
10d0
133f
3d4d
37a0
bef0
ca18
e4e5
36ed
2e01
f5ca
1e3a
5862
4ff8
8568
1b77
e1d7
b058
de6e
7494
f2a7
d09a
97dd
b5c3
8332
32e7
678d
389b
ff85
e53f
241e
1b72
2b57
0fdc
302b
0974
ddc7
ec9c
69db
f239
64e6
1860
5823
acb5
f499
4275
c958
4bee
7c71
5469
6266
df13
7668
6386
7ab2
efa8
2d13
f434
0d0b
759b
6612
a7f0
82ad
f410
d016
752f
84da
a7b9
b527
cf7f
5913
b5ca
3c20
4c9a
2da7
222f
e45c
170e
c682
a1e1
ccca
1057
d22b
8afb
709d
3d77
1a0d
d640
28e7
3734
177a
6c20
b148
2e67
7172
e02f
ca8f
36b8
8cb3
c1a1
57d9
e382
91e5
0cca
c4b3
2711
0ba3
2153
6373
3d77
5b2c
181e
498a
d03c
d9e9
6e3e
4097
2236
5e55
fa2a
0926
0119
2972
10be
498e
9932
c559
875e
39cb
3539
d8fa
0302
5ab9
adc6
c337
bebe
f4d2
ec26
ab3d
0917
5d6f
5e9e
91eb
aac5
7b45
ded9
c4c5
f171
0fcb
4ebe
b3cd
c381
2e27
538b
bda1
7b37
5f41
5269
6f46
1d03
9f9d
795a
396d
6539
398e
0d83
2bdc
0bb8
f65f
d127
c06e
ac37
a052
d384
6ad3
df29
98ed
101a
b42c
fc27
e293
4998
096f
9913
5eeb
b4cb
778b
3326
e4d5
b6f4
d603
25d8
384f
f7f5
669a
d129
32e3
b5a8
a02b
b62d
3a5d
e5d0
5dce
cb2b
fb88
8876
6a34
2223
af5a
47e6
d91d
a80f
03d5
7fa4
d73e
bc81
1ffd
b5cd
d576
adf6
eec8
f781
5e69
34e6
8075
6eb9
082d
d1ee
b5bd
a84b
adda
c255
dee4
528b
0150
1042
dfbe
b1e0
7493
b57f
16a7
711d
85ce
d919
385a
9585
1905
a1b0
45a0
4ae8
370d
70d4
cf1e
0caf
9cb0
2251
5e63
71c7
7a6f
d7e2
3dee
8877
e9cb
66af
9302
7d80
7a22
8f50
ea78
6d60
5a98
b706
84dc
d346
dec6
936d
7d1e
ea39
1f6e
6db3
69d4
6d37
7830
d0d0
27c2
f955
5506
c463
efd5
4242
7209
530c
8358
0538
9728
d4fa
ce03
42b5
7606
8e31
cad5
a8a1
8378
ad1e
92e8
242c
673b
3a43
1ac1
eaf1
3694
4205
dfa8
3cdd
05f7
98db
aca5
2983
8146
89b3
9aea
a456
7646
3a16
5446
d9ab
7ca8
184e
f869
d7ec
2ab4
8819
277a
0469
d14f
d7df
2911
64c9
2768
6857
af20
fa10
f243
cc16
4635
9a62
8f1a
3b93
8db6
1e43
9ca7
2db7
6fd0
607e
5ec0
145a
8804
45cb
bf5a
dad4
0f0f
1f9a
5187
53af
a38b
b55e
256a
d833
0da1
a525
05ce
7cad
ec56
2887
c4d6
31ee
ec60
8211
637c
5c6e
ee1b
0851
fb95
19e7
4818
b4e3
e379
9ce4
fa7d
07aa
4602
5951
55a7
36d9
7256
1261
52ce
5785
5b48
ac4c
dc78
078b
f6ec
afb2
915a
e8d5
c442
c612
e4d5
2085
3f35
03cc
410b
fb07
6f5c
ad97
ebc2
6bd4
b849
1d1c
6bc2
7c64
88c7
37c4
234b
afb9
60b7
447f
dc99
bbc9
59bf
8c55
adbd
6a6a
fce9
c3ac
851c
7eba
116f
bbd3
3fde
0bfb
178d
ac32
c474
fcc1
d356
7f72
fa05
5790
12cc
73e3
9533
7d83
a33b
99bb
cc91
9e23
2962
b5e8
9a0b
a408
fe38
8fe7
28ca
1482
fbd0
28d8
a15e
e5f2
f020
c3d6
71b9
e0a6
24d8
e41a
7806
71dd
2af3
9714
39c0
f4c9
9ccc
ec47
a721
abaf
5ab7
07d3
8b7b
0216
b3ed
3ad6
3773
fb69
42ab
ebbc
3107
254b
59df
3d32
9054
ab21
3f8b
8cb7
67ef
2ac7
d66b
3b35
0e17
103e
2328
eb98
c0a3
cf66
1e19
61b6
d4ca
c2a4
c47c
e650
88f3
c817
1a79
304a
4402
8b74
9024
cd6f
6b63
bd21
e320
fb4b
f83f
a9e2
1fee
f80c
5b75
255c
8c73
98c7
236c
5b69
9198
8b51
bce4
5972
6254
08a0
d261
3363
3198
2489
f085
0c27
f93a
d024
c2e9
bbcd
fd1b
0e92
1293
5605
19a4
0fc8
c445
ca10
9954
6504
95bd
9860
ff75
7e5a
a2b9
1e20
2fd9
20fc
9baa
b6b2
96d2
9812
a9ae
27ec
eb67
881a
0336
5b1e
b981
f587
4862
bd8f
3b34
bfd6
dcf4
e961
65eb
9f87
d1e5
d870
d54c
8043
0558
ff22
4952
743d
5887
943f
a360
4dad
be4e
894e
50cb
0a49
5fc6
7cfc
e9bd
64c6
9196
43cc
76ee
c640
34cc
20fe
cb60
db42
15cf
3db5
9d75
ec9c
5940
03f5
483e
3249
222e
6204
d330
67f1
d799
3f75
001e
6086
0a75
7825
642f
e068
127f
82c7
9e55
26fe
fdba
4b15
a95b
bc75
05db
1f66
bda4
850c
982d
3734
ad5a
a3f6
a22e
fc94
16cd
b122
08cd
14ab
1aa9
3ad9
f789
339e
acac
0955
e4ff
2610
d28d
724d
996f
55c5
3de5
d660
6ac7
15f0
8e9c
716a
c27a
cd42
3d9f
648c
0778
bacb
5f22
e41c
ca40
99d7
d3bf
c12b
33cb
639c
cc70
db2f
b28e
1463
0b07
f656
c942
73cb
9a27
9c48
c3fc
f091
8899
87cd
3883
a135
5603
5053
0233
cc26
85b2
414e
4eff
0e20
d436
2fda
e4ea
8318
195f
2284
7546
0b46
20ab
7bb0
08eb
f21f
f4ac
c564
fbea
5899
c0ca
de6e
a94f
d2dc
97f6
5a88
336d
1cdb
36ed
8594
a1b6
9fb1
f66c
ed3e
14be
8f0e
347f
d538
4dfe
2d9c
c92d
8021
7380
163e
669d
5aaa
4590
fab6
fdce
998b
fb4e
950a
99b4
db1f
b9a6
8669
dee6
30af
215e
69ef
a613
6aff
67ea
56bf
c26f
08b7
f91e
ba69
38eb
d4c7
8f54
7d66
a853
5070
1925
f213
44ff
e93f
fd81
59e1
f7ae
f277
52ba
cd58
804e
3ba5
7673
68e0
35f3
bfb7
6c21
084e
c51f
3dc4
cb7d
b86e
5a81
2383
168f
6ac6
a3b5
cb25
c71d
2082
b455
672e
514a
aaa1
8232
c49a
062e
568b
e607
ea2c
96ee
addb
b045
635e
ba29
0fe5
854f
5302
dfc9
19e2
4bf4
9d8d
8027
3a54
9a90
c467
4874
13c4
df35
c703
0546
a835
25fc
cc87
661e
3870
573e
ffd8
3924
5728
81b4
38dd
fbc7
9b20
d10a
ba97
7f1f
da83
4484
5f99
c967
32b4
cce1
c744
ac66
71ab
be9d
8004
201c
047e
3fc2
5084
f357
8271
2ec1
bd33
ef0c
2a80
6b03
3888
b48b
ad3a
b12a
6a89
083f
9429
685c
f451
fc91
6950
5cee
93f2
5601
ded6
0d99
1369
847c
f3a7
2956
96dd
8a46
b034
e06a
3d8c
91dc
f930
f529
f9c1
0b23
2707
fcee
c661
5bef
b695
a392
0b4a
6a2b
b1f9
13d7
87d1
475e
8242
15ac
218b
ab11
c222
a59c
47dd
2986
8dd7
bb7d
7921
bdaa
a8db
35c0
aea7
3286
4a77
6267
fa2d
631a
b059
bc96
175e
d743
260e
cdd5
2fdc
eaf4
c911
dfc8
8ba3
5e90
e7ad
3161
fe91
c4df
b11c
e814
669d
501c
0ac0
9fe7
2fc8
232f
5db8
07e0
9f9c
8f96
3461
4d6d
e33f
533c
16fd
e5de
8eaa
f990
4114
ad19
0038
4195
7616
68fa
c6f5
e3cc
9b35
8d33
b5d2
fc22
8640
6f66
019f
90bd
8355
f0eb
82eb
9dd4
411c
d6f0
f275
2e6a
f0b4
7c1c
3c43
9c15
8af4
3670
a45d
64ff
2202
97c4
8745
ff9b
4a09
e7c2
4171
661a
6b5f
a8ee
325e
8ffa
c93c
a0f6
df16
8535
893a
12f2
fb38
237f
5102
b22a
a4e7
9f0d
2abb
d35f
c517
4413
bf6b
1bc5
3222
4b56
92d5
0189
a628
38a8
5119
02ef
f513
40d3
06d0
81ae
a840
5301
0d1e
0f73
13a7
98df
00c7
570c
37f1
fb04
9b22
f09b
2a92
460f
b77f
7554
c821
126d
8afa
8b60
92db
4734
db13
8e7c
6500
bcb1
9290
0028
2c08
d6be
905f
9cf2
092c
3227
a6fa
aa9d
5058
3e14
52fa
a101
443d
cc9a
8895
3a0d
5db3
83ce
3dfb
0219
a8d5
830b
8efe
958e
5f23
f656
ca54
d153
8a22
385e
7245
e4a2
2466
3735
3780
9c57
ac06
252c
ab07
b9ff
e9cc
8b07
f675
0cd6
b5b1
69ff
2692
797e
8753
d193
3121
b4a6
77ed
864f
db60
6d6f
b2b9
b661
e363
91e7
b0e2
0a8d
6ff2
0c78
ba97
a3f0
20d8
b3fa
4841
8e1f
c50b
4425
ba89
9738
f7b4
1608
f1da
fbdd
4fff
e366
fa78
80b3
3ca3
5eee
5236
e8f1
0940
3594
ea2d
463f
f31d
bbe9
8f57
be78
4252
1f5e
531b
9652
a8e2
b969
2d5a
08b0
f64a
f8ab
f45c
ed66
57b4
7351
e90d
abc4
ac6a
9f9b
8c32
134b
d045
e13e
a0e2
1493
f717
78c4
3805
1dcb
bab5
d6f2
47f5
97e2
e099
a712
2c48
7bab
2b34
082a
4a5c
d868
dd31
6d50
4348
fdec
2710
261e
5c62
c918
e46b
9ef6
7edb
6251
e90b
c24a
de1f
e9c4
8e39
9d86
21c8
3e37
3c06
091f
0954
f9b6
f1f1
aadf
a4c6
d69a
d403
c82c
7ce1
e2dd
1825
eed5
d98e
a706
3641
a128
4336
bb1c
4c83
2830
c723
7ba9
72c2
444a
08cb
9ecd
76af
9954
da3e
9d5a
a4e9
e255
9bb5
2049
db7b
f141
fc43
eff2
485d
baf8
f347
19c1
842f
74d4
893f
7ff2
cabb
3dc6
5e63
6303
ef18
eedf
ea3f
d89c
0830
ae43
503e
68ad
7dbb
45ed
9844
390b
3cf1
c3f1
a754
76db
bd3c
e177
e719
0e7f
9988
a977
7a46
257f
6a0c
9dfd
d5cb
e670
a409
47fe
c5d4
c640
ffab
f9b4
0e91
a33a
b040
de9a
ce68
9444
a0cb
3a0c
edff
8326
d891
b6d8
9e52
9e4a
5cb2
5640
2e57
e8cc
f264
89c4
1615
a2a6
9aa8
659e
d94b
8377
4223
db20
1baa
771a
10fb
243b
7881
7cc7
fd02
5bbe
881e
21a0
4e39
e78b
7643
bf3a
18a0
c061
79a1
42c2
71e3
89ed
8649
cd86
2b20
a1e5
8688
3c35
b198
8859
f4f0
7cf5
9cb7
27ec
a03e
cb1e
c286
12b0
5196
c164
84fb
b41a
ea26
8fe0
d160
5061
7f3d
3d54
1a26
5edf
34fa
d2fb
e78a
d580
a222
2d26
f360
3ff1
d6b8
5deb
f056
3a46
cfaa
9dd6
bdd2
6649
93a9
fd44
15e8
0a47
64dc
6a86
bb7f
8f82
a894
b9c2
423b
b2fc
2047
29e9
b708
12d2
08e7
12ab
9561
9f2e
8975
f3ee
4518
c256
8478
d44d
b40d
ebad
b90f
c956
9400
81ec
36be
17d7
2d95
c4aa
aade
5246
a8c7
2fd7
fe4d
ed6e
253a
3754
7b21
fa98
089f
1225
91c9
f0d2
58e5
0770
ec37
56a7
3a2d
faa9
4b05
5b84
4ef4
652d
24af
2a41
d933
d790
dadb
86fd
ad7f
1b23
cd39
4bbc
d86c
6ab8
6955
b471
3fe7
88e7
7baa
0839
dda1
547c
76c2
2b41
025d
0464
dbaa
9093
5db7
2abc
bb5c
4ce3
f3c7
1d60
c673
bded
cd36
a0c0
413b
61cd
4f1d
cb0a
8a60
cda8
553b
943d
df39
f671
b782
2a75
ecaf
c14d
fc13
0923
be2a
dfaa
9b78
3afb
1743
907c
e66d
b99c
e574
cf17
4923
4527
5311
24de
e55c
7cea
cf0d
fda3
56e1
1af9
44c7
d837
7b48
0498
ddd7
22d8
e5c3
b411
f7fc
5544
17bc
5bc7
8586
d71a
3807
c117
3b2a
afd9
d790
b931
4a5b
7996
e5d0
cb1b
c943
61cc
3e68
b937
17ce
4869
0ea0
4d43
afc6
3ed9
a83e
2ce7
a773
5ec0
a0c6
3671
0323
58a4
2d5c
963c
c2d0
c6ee
913b
20fe
ba76
1be1
a967
5295
bb8e
fe24
a46c
70d4
1a46
a0e7
73a7
3dea
db29
dc3c
69c6
fad2
37d6
5b0f
903c
8f52
b055
fda0
14d3
d2e3
ea04
2e9a
969a
2234
ee1b
0cb1
28e0
6388
cbf8
678a
8126
93f3
a2cc
5ebf
e4ee
c029
8275
0185
008b
177d
dcbe
ddfe
bc73
3f10
b8de
a7f2
7651
70a1
cb94
8686
9fac
d92a
c411
4bde
3e39
ba10
24c5
d04e
a05d
594c
5d55
2d08
436b
5f18
9c76
915e
8117
1954
9e0e
ea7d
f7a0
684f
3d13
899c
0125
fc9b
f3e7
cb3a
7858
4cfc
e864
02ee
2d7f
0783
1b55
4804
8411
2c07
d94b
200a
c507
d7cd
f6d2
9176
64f6
4b85
0187
4e52
64a1
39f1
1176
2dd9
8ccf
b3ba
d14a
6f8e
902d
9e4d
cc4d
bfe4
299d
b627
96bd
2035
40e1
08d9
9b3a
850c
741d
038c
f1fa
58c9
26e7
4b6e
31a2
2de2
0592
aa9c
1eba
e1fc
0ad3
48dc
5ac1
c7ca
c29f
fba0
2728
a76e
3ba9
5038
abff
dd7a
c3d5
21ab
c11d
bb08
1035
32fa
2f9e
6f00
a3c3
e9d2
319b
6ffa
dda7
4d9f
1796
964a
8982
a0c3
971e
1a0b
7ccf
2806
1b2f
74da
109f
9cd2
b5a9
5025
e356
c157
bd32
d5f2
9988
f393
9af3
3e57
12a6
0e90
b7db
c167
008e
632c
7373
dee9
1cb4
4e86
d792
1887
7a58
3003
e19a
13bb
2d66
0ae7
d913
fc2c
5e03
947d
e1b0
f33a
6c93
cb33
972b
7be5
8ff5
b794
3be8
a6f7
c40b
57e6
0565
5de7
9ca5
8b5e
4bb3
634d
2832
0476
3424
f1fa
f402
f69a
5fc6
e9fc
779c
450e
3e8d
be9e
4246
514b
1282
83fc
14ae
d11a
048b
efe8
a898
dd6e
cb74
c857
6e02
2e65
59b7
2b9c
597d
1e46
2966
d912
0879
97bc
3324
2762
5a4d
a7e6
3175
a4d2
d19d
4597
13fa
6b07
32c2
fbe7
b348
777c
d69e
01d9
bbc0
0d64
6da4
e9b5
63e9
a294
3b86
1d5e
a3ec
0e74
ec36
782f
7e30
7977
2b44
11e2
c695
ca1b
8d7e
da63
c704
b194
875c
d83e
e10e
659d
f9f6
aa1c
d9b5
f36f
7e67
fc58
8494
16b9
d29c
4514
e6a1
4df3
03c1
733b
946c
c3d1
7433
d2a5
5388
43b6
3646
9026
915a
6aa8
3a8f
e8dd
eb5f
5a8b
c28c
2c75
d7f8
1b53
4390
2764
b37d
ebf0
e993
31d6
e3a6
691c
cfc3
26c9
e1cc
8755
8f6c
19e7
053a
ae06
85b1
9d39
df75
91bd
669d
2508
781f
9282
054e
91dd
6506
ad9a
a516
16ee
d9ba
fb98
725b
5061
39a5
f3be
a05c
4da9
731c
e110
17b2
ab3c
d26a
b8e5
864d
703d
809a
d84e
3f6c
5f16
0bbb
2912
c42b
b94c
5a7d
a908
81a4
4463
940f
9faa
1b54
bfea
164a
c5f6
d0cf
cfdb
bb89
3819
f42c
122f
86fe
3015
9e45
2d50
5efd
4c87
0af7
dae1
457e
6f64
2751
d052
080c
1be4
9869
baf5
aee9
7123
3037
b77e
3b02
40aa
0118
99ac
590a
a73d
2ab5
bade
55b6
de89
da22
8fed
81b1
6699
21e3
c3b3
fed9
0d8c
3106
57a2
6f27
7105
397a
a952
2202
46ae
d6b6
7149
9540
5e2f
5113
9e78
e233
875e
9192
049a
7638
3d54
d3be
8b66
5869
39a8
a0ce
19aa
51cf
738e
802f
6aa8
407a
898c
582d
617f
5a88
c39f
aa98
443c
8dd5
e821
23b2
51b0
8cf6
b8b5
b0f8
3b8b
8e52
b403
aa25
1476
6342
a5bc
1e1b
55e2
5e4a
e0e4
5076
ce2a
ea2b
c3c5
6e05
717d
80d3
1ce9
12aa
b957
f8db
f2c7
3966
22e8
ecec
8ed8
bf2a
683a
4ad0
4a4c
3726
467b
594e
33f4
9a79
ddac
c0ca
dcd3
ea66
6a5a
b0a0
1ac3
6267
47ea
6f7f
cd5f
11d7
91eb
4852
db09
4dfb
4841
68d6
85b7
bfcc
fe17
8eab
d68c
c16a
41ef
917c
ba9f
aeb1
78bb
8e94
9a02
3930
3503
9b8e
771d
7456
580b
7f9d
243d
6dca
2413
4239
9909
6343
dee5
d5cb
93d2
7aa3
dce6
201b
f40d
74d2
013e
65f4
ec62
027b
a057
e2ff
58c1
7250
5b0c
5eb8
90bf
73ec
9f87
c007
05dc
7409
3ca1
3865
005d
e6f3
16d4
6599
deb0
1625
4a4b
87c3
cd84
13b8
7b41
9045
d89e
bfba
ead2
69fe
81b2
f74b
cea8
48e3
ab04
b988
87fe
e33c
892d
69e8
4cbb
937b
90da
03a1
4755
0930
4fd0
57eb
1836
294c
a15d
e851
82a4
90fa
e86b
4a75
14de
624d
d661
87eb
76e8
a643
ab0b
7114
138a
d98c
4cb5
93ac
a742
d9b5
90b6
4485
1d95
77a6
7ffb
27a2
7dd7
92b2
51d0
540d
a814
e05b
5245
d081
ebd4
2a39
03c3
be25
7242
170b
2838
1293
815c
e906
1587
5840
a61a
0bb4
93c3
2950
37c6
ae3f
0739
3087
fcf8
aa17
69e7
f915
18b6
fc68
482c
b86f
5eaa
494a
24a1
474c
55c2
60cd
79d0
f1eb
398c
a081
85c9
4939
4c02
6b46
6465
6fde
4d17
ba69
e73d
db60
6083
8aad
540e
bff5
6dff
21f2
b8fb
f72b
4567
c86e
526f
0879
209c
ff97
9689
d960
00e4
0642
6f5b
9b9f
3cc7
913e
0a72
a623
76bf
80da
a2c7
caa8
dc19
1844
c83b
1b98
ce03
3d2c
1448
399b
e1d0
3f11
08a1
f86e
f426
c6ff
9847
175b
1608
56c0
96b6
d76f
8a45
2033
3deb
6e5b
41cd
6df0
eea1
65bb
9806
e0b1
d92b
5d29
5f9f
7510
cab3
b801
1f4a
8e4f
9bdd
b537
1f48
3f76
b5b0
7e70
9fa9
044b
cdb3
1597
1fc9
bb3b
18dd
ec80
8b9a
cde0
c63e
6d37
df4f
a3ed
de9b
b040
86e7
34a9
4d6c
e25f
b695
af47
4c45
0c37
d60c
8447
dac1
e0d5
dbe8
8eaf
66f3
1964
27d4
1dc2
01d1
a34f
631a
6eea
39fd
9145
5281
882a
cafa
a9ec
e595
8755
809e
0835
35ff
b3bf
1dcb
f7b5
47e6
fc8f
98de
3bb4
d358
11b9
2a0a
d270
89f7
7453
f663
7c0c
5690
3b28
df1f
8153
7175
79bf
ec3b
3a0c
d2aa
4211
76ef
28d8
ae65
3930
5dd1
bf47
4cdc
0df1
69aa
a7fb
eda5
b324
be79
d2e3
ad0c
e3de
2a69
3a54
e733
260c
17f0
8c26
2b03
93e4
ebb1
20ab
d6b6
586b
ac7f
0579
1589
7dfc
1bd8
2c52
8a4d
dc02
c778
710b
d2e1
ad2d
c22c
6529
b6a1
bd69
d031
13ed
4daa
1d19
b808
60d2
c551
1b6a
53f0
2f9a
11a9
9228
e463
e8ff
4c1b
8f49
b3e4
8bb8
936d
0f94
324c
02b3
8e15
0f58
2c60
88ff
c25a
4a25
5ced
c928
a44e
ee0a
a22d
c4ad
f3f0
858c
a9b0
35a4
785f
0aa9
ca8d
d9c1
257a
844e
9e4c
baec
6c2f
3f16
af86
7361
1660
9233
4a3e
18e9
d168
6585
3a55
de1c
70e5
c9e2
a6c7
1ba4
320c
fd29
0eda
c972
6f4d
c91d
5e7a
0fd5
9edd
8a84
11a2
55c2
419a
d508
f7f2
0115
14f8
c811
2211
f4fe
ab5d
02b5
d4fa
724b
d955
791b
09af
def9
9bad
89ea
6256
487c
7d50
f2be
42b4
5313
a480
b2d9
8cdc
41c8
369f
6562
2396
4173
1419
f257
2788
4398
1941
f175
9366
7282
af62
2390
157a
0b87
5b51
a0ea
e088
91f6
c971
a9c0
4db9
5dfe
7eae
b883
edc5
90cf
e878
f8c7
7e9e
e042
15dd
09ba
6f75
b141
a531
1945
49f5
e136
c871
2210
76b2
0242
3da9
5bc4
f7a1
e51e
496c
7bd7
23c5
8c0c
e4e9
a244
d475
0335
c789
9752
735a
4fde
a4e7
aceb
6d7e
38e6
357d
cb1c
416d
7801
548c
ca54
0da9
fcbb
7950
99fa
6232
72f8
13e0
f61d
fcf1
1dd9
5c7f
d03a
3098
4c5f
0590
b715
4f49
9e55
15d2
f2f2
0712
62fb
306f
2246
e33a
b728
feeb
0a45
ae88
7099
8e6b
2e7c
ffa3
2849
cf55
b56b
8730
bd15
733b
4642
0516
fa7c
41c8
79bb
13b7
6180
e134
b093
728b
8682
9393
e50b
9afa
958d
1f84
a123
3148
1974
5a07
0dd3
4f2b
22eb
0ad4
6de3
ab87
f134
ea05
acda
1d77
df3d
a94c
7758
1c85
1dcc
e7d1
1121
0de3
69c8
3c2c
c495
ed1d
60b0
f391
2087
b532
5819
5623
513a
d6e3
7ce3
0ff1
bf01
1446
77c2
f687
c19a
bf65
0335
298f
a9e8
446e
eec4
0dfd
1440
c5a5
9d69
ed9e
edb6
0496
3c10
228f
4179
26f0
e5bc
98c0
31ef
986f
2f20
3195
10be
fb48
5960
14e7
7de6
a1db
e10b
cf3c
db11
926f
0846
ff1a
6dad
d34a
157c
5249
d266
af12
85f7
ab35
a4c9
57eb
d034
b7f6
bf3c
e8c2
e51c
ad3d
3d20
3656
c4ef
a873
46bc
7dbb
da75
3a0c
152f
fc84
415f
f7b3
7c3c
3b65
ef47
34a9
a969
b364
d00c
eaf0
1ef6
6a31
8dcb
6915
ed0d
1fca
2206
ea0a
683b
1d10
2b71
c6a2
ad90
f55e
c7d2
1377
76ab
9d90
7c3b
6548
13df
37d9
906e
7e67
8db6
d808
6760
3434
4917
af80
83d2
55bb
9273
335c
1bb5
e94f
801e
cd0f
92a4
4240
3bae
823f
7d5f
6df9
ea15
2ed4
c1e1
c5da
65f0
a13c
25f1
0d94
7261
cf08
52c8
3e64
dcf2
33c9
35db
ffe5
6807
7cc1
36b4
d50b
d47f
c7e8
7e20
143c
e3ea
22e1
1d32
bdfe
345e
048a
ab5e
46c4
c1c4
a927
45d4
c359
5f2d
e6a1
013f
3405
0819
1688
1a0a
56b1
d258
c081
9a6b
6220
02a4
4a5d
7325
3b4a
5557
2f50
0176
fdd2
864e
cca8
d32c
ff71
7eb3
9893
824c
9dee
7ea8
9283
2d56
ac06
3aff
1398
5a50
9cfd
f513
01e2
a250
1285
efb2
7b30
e351
9d16
d947
fadb
9d64
a1bf
9061
c14f
aaad
0053
929e
1a88
298a
f027
9f28
3978
5e50
dcf4
8219
082c
553e
e9fa
239e
650a
4340
8034
9622
0f31
f223
2e77
1f1a
f992
156c
030f
7b61
debc
957b
2e86
7db7
53ad
491d
780c
2861
310d
727c
d6c0
e92f
d06b
adaf
bef4
3ffa
17be
2f05
b05a
6c59
8a60
3a3a
eea3
fe00
be04
c025
7b80
5d08
52c7
7eb7
a39e
afb7
4b8f
f695
e84f
9471
ee55
3434
32e8
5a81
7e25
362f
7c86
59ef
0789
7a33
336c
4237
1e0c
14ca
daa9
200f
0c0e
1235
2406
2150
e4de
09cb
24da
16f4
fc53
efea
469f
7e56
504c
9f04
daf3
f299
9188
01d4
d225
8b12
eacf
f3be
12a6
66bc
7b78
6d1e
e468
819c
dced
dbe5
2f2c
cc65
67e9
c8d9
0928
f7e4
ede8
56e6
7b65
81a4
a896
69be
9c1a
47b0
76b5
028e
d826
6eaf
1bb6
0afa
5188
def1
e101
0fc1
6c59
33fe
8bda
cc2b
a44a
82fa
a36d
904c
509b
8d15
5cc6
6a3b
df04
8316
b56f
4ed4
5d10
425b
2f6e
f61e
945e
699d
c662
99b4
03bc
d26c
4dd8
af68
0408
cd95
8987
698b
da31
fea3
7b9a
e5a3
cb6c
e3cd
5bcd
cdeb
4a75
da72
0cc0
f506
b722
8e7f
46aa
cc88
6491
a559
32b0
82fb
fa51
33d1
17b6
0f84
7453
6f99
2ee1
4f4b
bfa2
8e6d
0042
7d20
ed04
1a3e
4304
28f0
0ee8
2e8c
d057
2744
fdf5
c09d
05fc
0288
b0cd
af46
e662
93c0
77c7
fe79
56e7
a232
1b01
d172
8bad
e24b
7798
db0d
10e1
2658
dfc6
4115
c0b5
ee2d
9b74
19b4
6018
868a
9379
0b6d
1d37
6e5b
dc7b
ef36
4990
726b
0a58
9837
dedd
725d
4b4b
76f4
a558
29a5
9e1d
a8c2
a82e
2c9b
bd76
5685
027d
38fc
bd43
9815
f61e
8181
5c12
7d1f
632e
b707
05fb
3109
ec54
5b0f
ddfa
4e69
b87d
a57a
1cc9
0d48
200c
144a
bbdf
203c
7543
d9f8
9563
462d
a6c0
45d3
56a4
5441
3ff4
612f
7171
9e51
8d5c
2403
a8c3
bd38
f28a
778e
4f24
a41d
bf1d
97ef
7131
b6da
883e
c562
5a23
77a8
fb78
ad53
aab8
d92b
327e
5f80
e4fa
daa3
03e0
2bb1
fd45
93d5
661d
5b14
9df0
621c
9f12
d41e
3077
745e
14c8
bc50
b601
4506
28a4
33f8
167e
24fa
6c6f
e5f3
d337
b8a1
a8d8
b67e
6828
9a36
e4a2
b17d
05cd
489e
83aa
4885
4b33
d5d5
4ca1
e154
64f4
f6be
7f29
23ad
ae8e
6b97
f276
5705
cf34
cb69
c4de
ce10
16c2
a9a4
b3c6
170a
f082
17ff
42de
6205
fcbe
a09b
1184
cd7d
f2d9
6df3
e42e
96e0
8ece
340b
2d46
e87c
e19b
70f8
a995
2230
6302
d26d
13f3
b28c
a51b
1482
d923
8c2f
9c2d
aa70
d903
60df
8974
f9d6
1d79
75aa
db0a
e5f1
a7c2
338f
015f
9293
8482
68ef
38dd
fbcc
98df
d0d5
3752
28be
31fa
8bd2
bf39
c0e6
1466
5575
3dc5
fcf5
e657
18ea
b750
128a
00ae
8f98
7b9f
f504
28e8
30b1
e0ba
c3dc
2713
0d62
5631
9bc5
91a6
853c
c966
9f1e
d30b
d0e3
5263
5c4c
2848
d230
70df
b55a
4410
cbbf
1deb
54fc
2366
9ea1
51bd
be16
d256
5016
66d2
fc1e
d4fb
2527
dcbe
13a3
ccb6
9cd6
f052
1816
18b6
09a9
fe69
79fe
8294
82a9
bdac
7333
defa
18dd
d41b
7d49
c41d
c820
1d9f
19fb
1ea9
dd42
f036
e7fe
c9a7
a68f
60e9
3c4c
0b17
06e0
bd59
1355
eed6
e751
9973
90ca
2803
05a5
c964
d2d2
a1d9
673d
08a8
8575
6f25
1d9f
2582
dc83
b804
39ea
9c05
9a7d
fc65
6ad7
adf3
7825
288b
97bd
094e
6986
7202
07ab
3b3a
f7fa
c81c
0b93
40dc
5ee6
601f
567a
e9e8
6120
2d86
a9ca
0fe0
8839
16d3
2f96
a126
c21b
362b
700f
a0a8
d3b7
7d11
099c
2cd5
732a
b2e3
e6da
c3f3
f17c
34df
3dec
a840
a573
3cc4
6b87
b94b
ea88
7a00
ea23
e363
669c
a7f9
b4fd
2781
c9f0
d21a
2152
5d53
6d4f
ba75
701d
d603
4dc8
474b
109b
33be
534e
cd1a
9ab7
56c9
534c
ad55
8bef
b16d
14b6
5a86
1f3e
afbe
f294
820e
ab08
3aeb
3598
c89b
5223
80e5
fed3
476e
0584
10f8
e1e3
ea16
83e2
398f
d221
0e07
ef3b
b192
1fc0
0f0b
30b8
a7f1
f78b
657b
7922
148a
2b85
e91b
352e
9d2d
c6d5
644a
4f37
1484
1408
4deb
0f75
d6be
ff91
a8f8
cee9
1c81
7ce1
af9a
93f8
bc30
f155
3c21
c293
b0d8
f7e9
226f
ca7c
644e
bb5e
c3fa
6e2c
b38d
4522
2700
1890
6710
d94e
787d
9cde
e225
4e00
618e
6970
0de7
4fc6
d44f
7f40
93ff
0274
7677
9309
f519
b5f7
662f
036c
96df
e24c
ed43
4c03
2adb
c64b
deee
49f7
39a9
3bd7
2b11
7179
c1c0
b518
925f
5f5f
e46d
4226
3013
af36
a504
8e29
df4f
8b6c
b8d1
01e8
6331
b097
2f76
97d2
9b45
df66
ce65
6340
23c1
8b3f
55df
02d5
6ac7
66d0
e459
2bd8
dabc
efef
9c73
469d
6e25
3d6e
549a
ba78
14f6
4d21
204f
fe27
33f3
8aa2
09c5
85c6
710a
9640
9b5c
712b
1777
289d
38b2
2b2a
4bed
2314
33f4
4900
a90e
0920
ad21
2f3e
85f6
48c9
ff16
5350
1e79
a191
f897
afe1
4885
7e6f
563b
d31c
f7b5
d3b1
db2e
52bf
3695
5a65
1df5
ae2f
012b
2b64
2920
36a0
c73c
a8bd
6cff
f17f
4212
2fa9
800e
d370
be40
3051
4fc1
ab1c
4237
3cf7
84dd
0aed
a97b
7115
e038
07c4
cfb8
dd7b
5893
a9b5
4aa1
8486
67ea
0739
4232
2e48
6dbb
50b4
9c75
9028
0d36
e377
85d5
ebb5
c7ca
87dd
30f5
4cf1
c3f4
3bb7
d2bf
d9a3
c468
deea
cf2d
38c5
56d2
f7c2
ca5b
4439
85be
1fb0
8f60
e499
8b60
efb6
86a8
abca
a94f
136c
3d0a
fc8b
3d7d
5f8f
0780
4f6f
3b5a
f504
ec9f
3b49
d43d
d86a
f7af
e5ee
5155
656e
7648
eee2
5a60
d4fb
91f5
27d3
0355
78f6
6a05
a12b
442f
fdae
d93e
c4dd
1bc0
1eca
50e2
9c96
cb2d
3507
ce0f
5492
0d75
48c9
dda8
0e76
b738
4837
5871
874f
300c
3bd7
2e7e
dd25
cd0a
4e28
0267
1246
20e9
e307
7757
ae18
feb1
79df
7606
0f4f
d6db
6ef8
48a9
25ce
dac2
2e15
18e1
0c73
1b76
af3e
9e8b
8cd2
74f2
4a70
5b98
da49
cc27
87ed
f90c
f6a3
248b
25ed
5b0b
f25f
45e6
ac88
6d6d
9be7
888b
b9e8
c71f
f074
ebb3
205f
8ce3
8dae
38d1
1bd1
b01d
b91f
211a
7593
79f4
6d89
3e32
effb
52af
da4c
dd8f
7444
c8e1
cd3a
6303
23e9
a4b7
84ba
b564
be16
b709
971e
b453
107c
217d
8d3d
eebc
d139
ef63
5c5f
910b
da3c
ad8b
88ec
8247
05cd
8ace
3f7e
b8d1
b473
9f6e
a59c
4da8
75ce
65db
5845
9d53
4a38
b883
9af1
6291
683f
6156
9e6c
3569
df7d
c4c0
dbe5
543b
2d3f
08bf
c9ba
0c0c
177c
e0d4
80f7
6196
5c19
01ad
d9c1
8c52
4d79
45cd
9711
16f3
e2c3
d8a7
0600
cead
863a
8878
4379
f727
f1c2
562d
16fc
c32c
5770
abaa
91cb
7b87
0c9f
7602
5d9c
a34a
d194
174d
b169
e675
d201
6433
9541
57af
a673
5b08
295e
7d07
3fc6
b80a
8eaf
44bc
5d56
4d92
f65a
a4d4
98de
f274
3e4b
5c3f
e038
d2d7
67f7
53e7
ca90
a6fc
cb63
0a01
2e09
97ef
b238
53be
5bc1
850b
aeb9
32c1
ade1
66c4
205d
dd9a
6852
4352
6452
adea
ba18
981e
3126
7f40
3b8e
919b
c095
577c
6106
cffe
c942
b7b3
517a
71e7
356a
b6d8
d129
4faa
7e07
2bb3
1d74
7bbf
a459
e340
5bb7
cd48
da12
e283
ff90
ae3c
b682
7b6c
89fb
a19d
7630
6110
7da3
124b
83f7
8563
f2e4
3a46
d852
9984
267d
bbd6
bb16
1674
f1eb
2242
593a
a105
ab6b
6647
1213
3a9f
8600
4287
9439
b85f
4f09
770f
4461
d613
6c56
fab6
d6a4
7796
7fbd
fa7f
1a5a
52e4
9414
c8b8
d71b
4687
23d6
bbed
e87e
d7ef
ae0b
64d6
29b6
8e7b
d863
1d7c
a4f2
cd9b
fa61
591b
722d
8ece
aab3
d646
0bcc
aafd
6b16
b6ae
b04f
2349
0bfd
09fb
6d64
3ca0
8e14
8790
0e0f
fa6f
9f6b
343a
c787
781b
1e4b
d7bc
edc4
a035
8345
a347
8525
a906
9082
ad35
5d20
2ee2
3391
6996
d364
b094
9f05
5287
7ea8
5799
8f85
415d
44d8
7b41
0a21
0698
b9da
0ad6
3f5d
b28a
ab9d
a23e
6ec4
0168
fea7
7cca
cf7c
3630
2370
a3f6
1e45
dca2
cb73
c115
a9c3
5509
9b2e
a4c8
9495
4780
9581
b3c0
358d
76ca
e434
e81d
f793
e7e5
1c70
9651
dc3f
8bf1
d047
e949
28c0
478a
b571
9f83
ce51
291a
d392
0537
9488
1ddc
5574
d04d
06c2
d081
5a59
1ae9
b1d3
600b
1cd0
7d04
89bc
b029
a14e
dc7d
777a
e5d4
1c59
4376
b4de
887a
de61
ff59
5802
75b9
c3e9
2174
bd72
e407
1bd7
90d9
8343
0974
26c7
5bec
31e7
d14c
93eb
0ea4
9582
eb14
f941
3431
7183
b89f
1093
1417
fc59
0fab
d08e
383e
ce4f
371a
3b44
ab86
3c71
89fb
731e
ea58
e49f
5432
70a5
a9c2
b9a9
fd35
f5ee
a2ec
4620
ab10
738c
bcda
8fac
263b
24d2
84b4
ecdd
eacb
fef8
9fcc
6deb
6f70
c03e
c2f0
9a2e
8542
beed
799f
0f35
27a8
e7ca
2f52
67dc
d5bd
c8a8
7686
723b
9e6e
6ebd
f1f6
79e5
6f3a
46f0
3201
a142
d6af
3b8e
a294
c445
23a6
5da7
b781
a068
36f6
c2b2
f7c1
67ad
bdad
12dc
a9fa
2fcf
47fb
bab0
a2d4
398b
b0be
d34d
6540
fa77
379f
f630
78d6
e4ae
8e95
e575
26ce
252c
25ce
b4ce
3340
1ed7
0eae
5e40
dadd
e4c3
010b
7f1a
469b
3a32
1d15
19b5
a8a5
870a
9e27
dae6
7b1f
6f9c
665c
56a8
3e0d
e94d
7bf4
7d26
feac
43df
c73f
7258
57d8
d411
65bb
326d
8048
478f
0ffd
a5bd
5530
79ee
3c8b
6666
f5e2
8f98
62dd
7faa
92c8
7c6a
3fc2
0ce2
141e
5b9b
87ba
3285
8338
8f89
3998
a455
b2fa
5570
25b0
cf92
48b5
9666
c3cd
af87
28fe
e29e
04a1
6cb8
4e2b
4451
33eb
2fb3
0a57
962a
ec39
564f
729f
a4b0
180a
bdb7
6c71
4e4e
ccb6
a7a6
4884
ffa7
c55c
d3df
5939
861a
c807
10c2
0f51
147e
c9d8
8061
a133
d994
498e
f724
e517
8662
7f2a
254f
220d
ca70
3a48
4f41
8268
62c7
2d24
0b9e
1187
d288
cf6c
5249
e956
64d3
c13e
0d3e
36a2
0fbb
bbc3
62c5
8c33
8a1f
2504
38e3
b639
0757
637f
eb53
a38c
ac05
ceec
21de
301a
6783
681b
e22b
8075
afd0
12fc
ffed
bedb
aa25
6425
20dd
2fd8
0cdf
5188
c95f
a05d
cfb2
0fb6
80de
1457
7c28
7851
a07f
1669
8284
e34d
8053
55ab
e1ed
218c
43af
a5d9
3399
1aa6
9ac0
8946
6897
8092
8f5d
32d4
01cf
3273
a0f1
ea74
7863
3f64
b9ef
0702
ddc1
c348
334b
0d5a
3942
d658
63bb
4134
eba9
300a
7076
ba78
a152
ca5f
36e8
6a24
edcf
fe50
17e1
8ef4
0f92
35f1
ab27
2b17
2a10
168d
3527
3d34
d833
e324
0aaf
24b9
365c
7ccd
172f
8ed3
f92b
5c27
37df
6fee
57b8
fa35
f80e
15d0
305b
b11b
f59b
c0ed
9fa1
1bb5
5a39
20b9
c452
3a48
27ec
c7ab
59c6
800f
b55a
3ef8
868b
cf38
b75f
b1cd
247d
d4c4
c71f
e852
27c7
623c
5ae1
80f9
df28
d7ad
2a6d
acf1
4efe
38ce
091f
9ff3
bac2
f080
6f45
23d4
719a
757b
f156
9f17
f56a
0ee2
d52d
a2e9
8ba2
7d64
6925
539c
cda2
b959
8daa
ce5e
93d9
f7fb
d09d
ef78
c5bf
1995
469c
dc03
661b
a231
e9e5
25c2
eb8a
fc1f
d1f7
206c
9194
10d5
f11d
dd66
7731
2206
3616
4f15
bafb
de09
3389
ad65
5292
6647
87da
4e2b
acda
b498
e39f
76b0
6de7
be86
ae95
f534
b2b2
a3d3
cf8a
7f70
f9e0
a123
cce4
aecc
0256
9649
9663
9032
c545
d27f
ef59
18d9
13b2
e8c6
d0fb
7548
6232
7440
2465
b95c
ab6e
4fc7
41ba
5fc5
830e
a30d
6198
c7a8
969b
f84d
d9dc
e02a
74b1
2e9b
09ce
a616
554d
4a2e
1f5a
d91e
8fa1
5195
9dc8
b303
6fe3
aae0
7997
3e0b
1410
15d6
3aae
afb4
880a
44f9
72d7
51ed
c384
7fd5
5352
f627
3f84
cc04
6253
7bb9
c638
c415
9747
ed13
1c0a
312e
a25f
0c81
9ced
ddf6
3f93
9cd6
387f
ab30
e737
527d
3f3a
2975
a272
8f5b
d361
ee08
1729
89db
82ac
9298
4d19
bdc2
0b7f
47a7
1d6e
5b82
3f71
b009
37a7
c362
8b9a
9a8b
caa9
b81d
fa3e
b29f
d2f7
93c9
e549
d7c9
9810
057e
8429
09ec
8b56
47ac
5060
86d1
9294
8514
b6b1
aef5
e38a
4540
9577
3a39
d89f
163d
991d
5b03
b50d
29c9
23a0
8923
3d30
3b36
43a9
8f89
f663
27bb
c2e0
1f4c
7915
493d
52ce
4b4a
7293
6ef1
77a6
6514
88f1
9640
1e72
b8a1
343d
b83f
803c
3753
e854
b5b0
9d8a
a4a2
7416
5109
da53
8946
0666
153b
6c1f
418a
d725
62e1
60e8
521d
bcac
ef1a
2687
cf3b
d96f
e057
40dc
f015
057f
aed7
cc05
b6d9
def2
db0a
d4e7
ae8d
23a5
3f25
868f
b241
7dfa
6fdf
afe4
7232
98b4
5efb
bcfb
340e
7b8f
56ea
4d33
28e4
4df2
99bf
1562
09ff
cb41
f04c
78dd
ae7e
a92d
df53
b67a
7735
3455
1883
ab4f
e686
16ef
75f4
a4b1
3496
24fa
c43b
559d
dfab
977c
f9cd
21a7
b929
7787
c77c
357a
7fc1
86fb
acca
81d1
eb39
23f2
87da
2a0d
6e61
3700
fcb0
ac5c
3997
2b53
cd30
eef2
72e8
ef15
35a7
e1c6
7227
ed8a
f048
9d71
990a
3eb4
ccb0
d2da
8177
e275
3099
4a3f
5175
a458
7c63
03cf
46cc
0a89
9fb5
6377
d9a1
3b9e
ba33
d88f
d23b
3f77
0aa3
56f6
1ea1
623f
64b8
f05b
4da9
1f6a
313c
fcd8
7cd7
1d6d
a062
a941
b235
4a55
2f29
3b94
73ec
dfe3
b1b0
bdd7
c3db
ea0e
7ff4
f920
47df
a788
cc5c
d9c2
06ec
f391
82de
ae4c
4306
6951
3616
c5f2
0a37
74e0
1261
d24b
b3b9
6995
8af7
e108
cf36
9178
d9b2
5b67
c281
cf66
80d5
6ae2
8a0b
bd98
add5
521b
833f
c107
100b
1475
e65d
086c
60f2
ba18
bd24
4554
4ef6
8d25
5b40
fa8d
502c
1487
6c2c
effe
d345
d59a
3f9d
c3d5
c557
3727
30eb
0135
43c0
13cb
c65c
3601
57b7
0472
ea37
400b
3383
ee82
061c
d31a
4f9e
3303
36c0
7a31
75c7
0104
ddf3
93ce
4abe
4c32
122d
5682
6ca9
b990
2f46
49a6
f834
a108
fad6
70b8
85f2
4f35
8e2a
fbee
4d7b
a884
390d
e32d
a102
717c
9c45
da0d
2b14
e5bc
2626
872b
b583
ee71
d205
354f
3354
5f2d
4861
f116
bf62
3c4f
a8d2
6518
809d
e388
c3a4
62cf
642c
becc
feb1
1be1
08ed
8052
2f4e
3d5a
62ec
35b5
bdf4
cf98
3579
e1da
9c87
f1c1
4e8e
aec4
b12a
2ab2
4c63
e1b7
862e
2d1d
9c60
ef67
e241
a635
b5d7
90a5
365b
581f
ced0
883a
420c
f6d0
43de
00c1
a26d
72f9
12b9
36ec
df88
8573
ce76
5479
f2e3
4713
b4f4
3bf1
8960
3ede
0866
162b
54ce
4bf2
09f6
4f69
c9aa
36f0
1d0c
e4be
b9ec
dd9f
11e9
f549
9885
80f8
61da
185b
0bbc
01bb
59ac
6442
e7cd
af31
44ae
f72a
0c42
37b9
97a2
c805
805a
973d
1dd9
3517
6fe6
c5af
a652
17ab
10c8
8874
be06
b4cb
c022
2bc0
5b9a
4d6a
bd56
8840
4a5d
1625
1238
e2ff
c706
b286
a164
c212
057e
6457
d326
df23
46c9
cb84
6595
f4d6
3ded
139d
92a0
a464
c3e1
6ea6
4bf2
16c4
d8db
1e2b
14f5
2fcd
5b2f
b867
f653
e695
d6c1
e121
f2be
718e
7742
9de5
aff9
13b2
a69e
541d
27b0
a625
b16a
3e53
aac9
4947
869d
221d
bfda
fe6b
55ed
bb47
bc38
651f
ede7
ab10
fb2d
b8a3
18a5
7eae
3ea6
f2db
6406
051f
4a37
fec8
4ccd
cad7
f846
bfad
a39a
5605
2fbd
0e20
ad38
f87f
1d95
3623
3cff
a2f8
3e7c
0ee4
9bc2
3fb0
d198
09b5
3da5
2f28
0123
44b0
130d
428d
5c63
0213
79f6
8cf8
a495
6420
8aac
b19e
b537
d90d
b493
91f5
0926
3aa2
9549
ccae
03d2
356e
7cc1
1a9b
29fd
a1ce
464b
8467
cfed
6eb9
f28e
cadb
1539
37a6
03ba
bef0
fbd6
95a3
0e93
b39d
665e
5d25
d1c8
4120
c020
8e3e
0dde
dd57
bdb9
0f36
5800
653e
4837
a495
29e4
48b6
bd3b
566b
cd98
19d0
63a7
7b12
68eb
b549
1470
7497
d9c5
0b9b
b2be
3dcd
f9be
d8d8
f5d2
678e
5ec3
ffcc
f619
c23c
5454
8323
7ee2
a77b
5f5c
23e6
99ed
3775
1942
65e4
babd
981e
d38b
36d1
7097
84bb
ca78
7454
2aa1
a1de
618d
d5a6
0e06
dc1a
5c0b
8bd9
354d
6721
c0b2
1c89
be36
7f5c
4a0b
2541
b362
ee92
4c20
b83d
d567
a9fb
c8c0
1cb6
5e50
b3a0
a54e
3ada
ee0b
5c8a
7073
07f4
ad28
9bac
6efd
5723
976c
02e4
43a6
4f0c
863f
b6b7
60ae
2e08
d9c0
2095
7076
db3e
07f8
e377
1b48
e984
e168
96b8
d429
381e
0cb4
8ac8
ebbf
5485
23d9
cffb
a10a
cb7d
0a2c
d08f
965c
14f9
7cbd
a61f
0da1
c2c3
d718
fb62
61e9
82d8
9b19
4f4a
b230
5102
976d
a170
ebe5
106c
29e6
b63c
1e7d
766b
2b27
b7fb
0ceb
b978
1f8f
aaa4
8afb
eac5
dce2
c608
8764
1abf
dc90
37f5
6d35
f714
f526
7ced
6b43
f618
ca8a
15bd
ac25
1f9f
c221
fb1a
8a84
5d86
923d
4375
62e2
7353
ebb3
a61c
022c
6b12
12d4
b476
a19b
c4d7
d2bf
6aff
a3ae
bf61
fc5b
ebf0
6661
0475
ce8b
2b39
1d02
0df1
9a40
61c6
06bd
9241
7793
a9b0
9a62
ae4f
a81e
2a60
7ca5
cbcc
a9e3
1c10
585d
9b44
4a84
63d9
f502
b4f0
187e
41a0
ba46
3d5f
c849
a139
7417
07c4
8ded
2238
c3d0
1e0f
721e
5667
52e7
81a5
c75c
51ff
95a0
9a5c
09e6
3489
06aa
2596
6c86
a12d
2f63
8458
7fc0
2523
4ea8
fdb3
6ed7
8f94
8173
1e5f
f4fe
ef37
d187
5e1e
845a
a10c
69ae
0a5b
1299
4b41
2287
d3b5
0134
383e
c09a
e730
b0ed
1da9
1513
0a47
44e5
7f16
fa49
450e
dda3
ce56
948c
66a7
3597
27d8
10e9
4d85
5b7f
d7c0
d996
8ae5
55d8
86e0
2e4e
a12e
7fdb
e8f7
2f58
b9cb
d70c
3a55
e759
3e1b
9822
5c72
807a
f982
d50e
d9d5
ab8d
7c26
f1c2
3276
dc95
8a24
e94c
4b17
4394
3560
fdff
7006
e3d6
4995
22b1
20f4
4167
1e47
25da
4345
fb1b
3fd2
2c20
4554
94ed
cc40
4e89
8c93
0650
2176
8170
a983
62b3
f8d1
aa17
59b9
7db6
11ee
5d96
d6c3
d40d
ae9a
fb36
4d77
58fb
e7d6
ec4c
9152
efd2
6ff3
3bb4
309a
4646
da18
08f5
7d90
0ec1
3d5f
2f96
0d3c
c2b2
44a7
306d
68e3
6db2
ae62
5264
15ae
8d55
f499
790c
c995
eab1
8606
b502
24d2
ce04
b71f
f181
1689
5183
80b0
5b9f
1c0e
6d47
7a25
dc88
0698
4e63
da85
b9cb
2673
7b45
47b3
e59b
1d0c
3803
b36d
3c16
2a22
b524
95d0
b3fd
dc7b
5bf3
5692
445c
1493
78fc
2e1a
8afe
3b68
ca58
0527
63f9
adc9
81c4
0308
9d84
2a71
b1d6
1875
b569
eb2b
256a
1029
eebc
f8b4
08c1
ce31
ef54
d34f
6a8e
16fc
46a7
9053
6b38
a1c3
6cda
4a4d
a6e1
9386
41f5
5cb8
8049
5078
cea4
c9bb
efc5
9976
4b03
8df3
1921
73b2
1199
02c2
8407
7bc0
2f94
85bd
1599
1124
40cb
8a30
9dc5
7099
3180
cf13
6874
6bc0
c1f9
3299
4c42
3c34
dd82
6e20
f043
c99b
9442
d2f2
2a48
3d17
9a8f
da1c
65b3
601b
d5df
7d58
d09f
2991
c1d0
c657
f85b
21a3
8480
ed6a
772e
e0ed
70ae
3849
63ad
21fd
1195
7137
c35a
3afd
2ecb
dca0
302d
ab1f
8eff
7de1
eadf
dd28
0e2c
cd9c
75bc
e353
2840
9df0
7708
d876
9d71
3b38
c555
acbe
73e1
5c65
fab7
27c7
7534
f57c
4a51
e0b8
5d9f
4b1f
a7ff
934b
8608
a32d
f4bd
c84a
4ffe
ed4a
4eaa
3c09
036c
3e70
542b
34d1
6d46
13e3
846b
f30f
4084
ee54
f630
86c2
57b9
3cea
5705
c534
08ce
c295
cf28
070c
40e4
23b2
5f5a
5b9b
d9e4
1f4b
3723
1cf2
a73c
b7c5
5db5
6887
eed7
c329
db46
9792
154a
5577
cc04
1a86
537f
c8e4
ffd6
1e89
52e7
8d86
832b
3ed2
73a3
195f
3cf5
7de3
add0
0e26
5ebc
5b92
e09d
9280
e3b4
b899
2b92
a113
2848
2801
959d
6152
b2e4
7dbc
f0aa
e50c
2e27
f463
cb3a
6ebe
1c4f
28e1
5ce1
0dc5
3a92
18c3
5f1e
e569
c6ce
6636
e02c
87a6
b2bd
5b74
6439
d636
5b51
4951
d3f8
73a9
9891
181a
222c
5ff7
263d
0858
7027
5bec
18aa
5420
4fa0
f894
0c3c
359a
2693
686e
db73
73df
14ae
423f
8734
148c
736e
8096
85d6
639e
a929
8457
7059
953a
5937
80d6
007b
ef17
cbc7
4be3
6fba
c5fd
e7e7
2bad
60d0
c8ea
9b62
67b6
ac97
f1a4
7352
321b
3eea
90c3
6534
c0ce
d9f2
65fd
f105
d1cc
14a1
658b
30a5
fe4b
2c99
84d7
4ce3
4352
0c22
fb34
7180
032b
871d
6165
703c
abef
bede
d049
4e27
6789
af0b
4560
b2a5
4ec3
40be
026d
705c
e105
f0c7
ee72
0fda
bf81
022e
d1f2
615f
887d
5495
37c8
3d28
0757
b6c9
e1b9
eada
1e12
7f3f
5f40
95f7
dd52
67c1
c308
db9d
15b8
eccc
e136
c0f0
6ec0
2bef
79f9
85c9
b3e3
4ce6
4a40
d4ae
f0d8
b14b
3132
880e
2ec9
84df
ce83
58ce
3fe2
e22c
991c
333a
2888
eb00
eed4
1f32
e1e3
0990
bc3a
c9a0
5b97
087f
2bac
01d7
e880
6dcf
f7a4
2f19
c50f
8cc9
3155
f806
9b8f
37d4
81eb
485d
a6b2
f61a
a7e3
ceeb
41ab
e9dc
6b73
dcde
5c07
ec53
dda6
c6de
ef7d
9734
393c
d956
b959
85b9
e43e
a99d
9897
745e
8235
50f4
b753
e376
eb0e
dbad
f70c
b5cc
6598
5d8f
057e
9f38
840b
6c4e
8152
2334
91f9
2825
16a2
2620
cf0d
0da4
f69e
c393
b34f
eb5d
7cf4
8ee7
5d07
2eb7
8bda
4372
fbf7
9a94
26ae
9e24
db4b
c8a0
51b8
4d47
5b20
17b5
229f
5bde
973d
a166
a5d1
8f88
a5a2
560d
9a8a
a015
e3c8
b9d7
9b8c
41a3
a256
1dcf
cfe1
e38f
c841
2245
0f84
2d82
98a0
6e4d
18a7
183d
233e
8570
0683
3f4b
959f
6df8
ed0d
6397
1631
1818
36cc
0b3f
5c68
3856
3c69
dbd9
5924
e2a7
7618
d99b
18d7
91aa
9d22
9820
99e9
5179
26f8
37f1
ea1c
03ec
6262
f39f
e238
fbea
7b24
b359
e4b6
823c
6682
35a7
73f3
c165
9511
b99f
ac97
fd4a
10ec
30e4
0461
1118
3fa2
2e4b
6725
e44a
8614
a3eb
b52d
b014
f77e
1bd0
85b0
d4b0
14ce
9b27
9f31
3621
7d2a
4f52
6d01
18a6
5e1a
0da0
612d
2749
754f
3dbc
cea9
2146
2aa3
89ff
078e
5459
7039
c165
e54b
c6c7
b4e4
016c
4c8a
60e2
81a2
de6d
70e8
db98
e9dc
e66c
41ed
432a
72df
afc1
c82c
29b5
5d00
20c5
0000
3f73
c813
059a
f9b4
c16b
c5f7
51fb
2303
8753
1a0c
d49f
9b22
35b8
1b78
cc2b
79a6
bf87
7e6e
33a9
4f94
6a89
638a
5f2c
c1e6
3ec9
cf63
f669
ad52
1f6d
1559
cad1
31c2
396f
79d4
5b35
c758
d081
7038
33d9
a820
ea30
9bf8
0b34
e973
d566
a680
9016
614a
39e9
3daf
cea8
a9dd
af18
8c58
e8bb
2f68
2927
b141
6425
d7bc
d4ec
e1d1
88bc
dc24
12a8
41b0
a7c3
c0d8
27ea
6e72
d925
6c0a
44a3
6f0b
938e
81a4
d2f6
51af
72f8
7fc2
d136
0d94
315c
76d3
eed1
eaaa
e5cb
0981
a4d8
b357
5ffb
17b3
ad84
5f50
bb60
ef05
d7c2
a12c
bccc
f385
fb61
815e
ea0c
2cd1
81f1
4c19
d4a8
e8a0
0e25
7cca
b0ff
49fd
30a4
4568
4af2
5dd0
f1f3
fdbc
81d5
eb43
850b
6928
344a
5d01
1a03
f32c
e298
3477
37d4
1a27
4632
4eaa
85cd
dad5
2a37
f5fc
a439
64e0
d064
44bb
5855
8b0f
4f80
acca
4d49
e15f
2a49
64d5
bef1
5d38
ce18
27b8
c076
8610
25be
acfe
a9d5
e60c
e052
70c5
8bfa
b1d5
20eb
e408
71a5
212f
883e
11b6
d732
eca2
f80c
4086
dbd6
fbc5
fdf5
139c
b6de
73b4
03d7
cbae
92fc
f743
72f8
8741
9ee1
c8c6
6bdf
82f5
db86
fc35
b53b
d9ff
5909
5351
9f73
ed93
176f
4a91
9f61
7d44
12bb
73ed
8474
3b47
40a9
9d62
f0ed
772f
8a3e
6482
7cfe
46e3
a6b2
fe52
cacd
1adc
32c2
d104
439d
52c7
815c
96f6
5411
dbeb
e6ea
cc24
a5b4
04ed
e305
31ed
c253
6cfa
5bc3
f621
c3e2
3915
13a2
c29f
5405
fed9
543a
7e4e
ec95
4835
c7da
960c
0c7d
1412
f32a
d9b6
84da
d1be
b021
0389
c50a
e05b
a0c8
46cc
d0db
b367
3e87
fb54
cdca
a8c3
e732
cfd5
b4aa
9ba9
5e5f
0d6a
257b
d975
78d7
47f1
499f
4ef6
c2d1
838a
ef65
1133
3c5b
b9ee
c827
861e
31e5
3601
7ca5
9196
92e7
31b4
e31a
c240
2c33
341f
3f9c
7ad4
649d
c140
c626
25d2
770e
465e
cfe0
bca2
92b1
4ca5
df0e
6392
9ffa
c708
fde4
2d77
7e2a
e54e
7a4e
8ed6
d0f5
669c
fa8a
ac22
4e95
2487
a1a8
eeba
7d82
8e51
8ba6
b36c
93dc
0190
ab3e
c761
fb15
e622
283a
4375
5dbe
fbf7
481d
55ab
4320
176f
0e74
86b1
765f
dda3
a228
5dd5
bab3
0b4f
490b
9a51
6ab8
bf5d
7dd8
aa97
915b
8e20
6b7f
bf70
c520
2be8
7ffc
ffc7
aba1
036b
d089
d55c
866e
307d
0094
c4b6
6118
7932
63a0
f746
99f5
c547
1c15
e7d2
b533
6f1e
54a1
7afe
24f5
03a0
d408
9afe
a35f
a371
099e
d5ce
ad09
8d69
2386
2538
5f5f
9500
7ce3
95b7
8d11
afa1
d169
3176
aff5
88fa
30be
6ab5
02a4
c59c
5ad1
1edb
dd39
9ec2
fd9a
2f28
c671
0a0d
6c06
f036
a679
aa9a
376f
17cf
f8fc
4312
ee74
c82c
6760
316e
723f
ccca
06e6
e702
8078
2aad
0806
2e75
74e8
a0b4
9b96
8b20
9007
b392
27e4
7eaa
0e3c
65bf
8a5a
956f
9334
df83
710e
63f5
d07a
1061
ed41
baf9
fae6
3800
d841
0996
9c96
8c1e
0eca
2305
8b5a
8e11
d8ea
70ea
0051
1bc3
8af9
6084
46ee
1462
08a6
3253
1b35
ddf2
e33f
448a
522a
3109
8359
cbb8
adc1
3289
dbf5
2851
cc42
4b54
210f
d743
e1d3
6e03
ce31
7732
0c3b
5dc3
ef6c
c582
a89c
193a
26f8
13d0
f6d8
3755
ac80
f414
ad93
bacf
0d78
6307
c2bf
4dad
2fa7
6c43
fbea
1000
a546
abda
a61f
eb94
ee06
b14f
50b5
739f
0600
e855
1e55
8201
4ac3
26a8
0a41
2175
5c34
4aec
93b4
c147
8447
6beb
6a96
46da
9f2f
4c45
56d3
b893
9584
6aec
33fa
5d7f
969c
c612
4d94
f729
d29c
67d4
c090
e8cd
07f0
3db7
be79
48fa
8d63
cbce
a40e
bae6
bcee
e474
a210
0ce4
2f41
9bbd
4682
8266
8715
896c
50ad
8c87
3975
bb5f
0614
3b26
d18c
cf64
61f0
a5b0
a3d7
e54b
28d9
f5bf
de24
382b
fd35
ceb9
1d93
bdc0
342e
d450
a028
db4a
c77b
9041
5472
d2db
3af2
8e69
4e00
e5ca
3ea8
c2a9
ea48
ed94
87e1
6ede
e3d4
7e8f
902f
9da2
0f1a
a65f
ac6b
73e5
dd20
23f8
603c
fa49
ef00
4fc4
83a5
e364
cd1f
2523
51ea
7a97
4d35
300e
7187
a7e9
9b2c
0449
ae40
d8a2
2ebb
3baa
3abf
e52f
3300
8d19
dfec
4062
b461
0954
96ca
76d0
ad39
f77b
06f0
83d7
e53e
af9f
bb6b
b3a7
bbf5
1762
29bd
4828
5fa8
4182
a6ad
a2af
f732
deaf
0dbb
e54b
9a7b
5a96
2de0
c228
4574
f321
4efa
79de
9a34
5d7f
625b
5811
4b5f
2e85
5ad2
8e76
b8a0
2278
ca51
6f34
1e02
eac4
0929
897b
0fe1
1860
122c
a1c7
2365
21c8
2599
c92c
f543
c217
9442
8809
2a79
dee0
89ed
fa99
c6d3
8dd7
6386
a5af
7627
6fb7
043b
3ce1
e639
0f08
7b25
6a12
4892
9748
c76b
28b6
c274
7275
c62d
6386
c7fd
d58c
fff7
8345
ad60
2415
e2be
89a8
494f
6011
43dd
8a30
5d67
3fcc
cfe0
e909
4f43
0779
2077
54f8
bbf2
d34e
de23
78d4
21fc
4df4
d837
96dc
5f69
5c1a
0f9c
14b8
83c9
4070
168b
9d98
7c19
6772
59a0
cead
1d3e
d47e
a8e4
ad51
5ea5
7ac3
86cc
7161
81a6
e966
30ee
b145
f697
2c8c
8acb
9203
87a8
9ac7
393c
55a7
b40b
e0f0
817e
2cd0
3f25
865d
07d1
01e6
c77f
7d82
e063
b615
06d1
8976
3ab8
5b59
1ea1
3372
b1e8
6032
24db
7e98
589c
e7e6
e876
7748
872d
e21c
e6e7
5e59
486c
0812
12be
8a10
014b
53cb
3276
64df
6b07
a652
a4d3
670a
c495
2c72
8e71
a48c
bfeb
89d1
9888
db89
8bb5
ea40
e202
e905
d570
3801
9882
869c
8ba2
c53f
19a2
cad0
99ae
3e65
241e
a027
36f3
f53a
8b9b
b08d
d7fb
6d12
00ad
311c
5dee
ba0e
851d
6a8b
c260
3ecb
f587
d6b2
5551
d83a
6465
9959
0a82
f605
6598
6e3e
2a45
ae07
2dab
b0de
6c12
a156
fc25
f9f6
5a3b
4c7e
925d
526d
c5cc
0bf7
78dd
0dba
cec2
a2f9
2728
f083
a4b1
fca3
e469
6c35
75d0
a109
c528
1164
1877
ed68
d26c
cdde
eae0
83e5
3649
4801
0f4b
c569
49a9
02fc
3359
b735
2a8c
dedb
22cb
3775
5244
597f
4a45
1c3f
0b0f
a6c9
1b8f
1402
443d
b7ab
3539
6651
e133
2f21
4aeb
4da6
4a33
13a5
50b8
461c
bd4d
0eb4
87d1
2e2a
89f1
e739
3cc9
0284
90b3
9625
6d00
94e1
50c3
7583
1e5d
5d3a
944b
8207
1150
ed70
57f9
e932
f113
2406
ed06
c991
c146
d9ce
f848
f63d
d148
4791
1894
69ac
9daa
63b2
8060
8c61
8067
c8a9
4062
1c87
b062
c68c
ffa9
1d46
02d0
cc08
e41a
0038
afa7
49ec
4819
cd4d
7cb5
d4ee
208c
fe7f
80dd
e39e
2e65
5bb4
b4f7
5aa7
33c6
2ed4
450e
23d2
106d
ce68
9084
0b6b
9dc5
b15e
5619
5fbe
e6a1
fa22
8ab8
0a79
9535
eebd
49bc
a352
d1b6
eb73
366c
708e
e8e8
593c
2a8e
cb00
226b
f080
94c8
bbe7
68b6
e74b
8cf0
b21c
36ea
3be6
7ad5
9d9f
880f
fa01
eb24
887f
8164
7792
bdd2
76eb
8ec4
9411
8847
70dd
d9f2
fd3b
0cf8
c617
07e1
75fd
e88a
121d
2760
493c
89ce
8615
3727
28b0
836d
cef6
d71f
d677
410b
96ed
6091
abfc
d740
f715
1b83
8f2d
e43c
b275
cd44
e1e5
6fb1
3df5
603a
c29e
885a
d239
2a87
4bb2
889b
d317
f631
18ab
f59d
91e7
c520
a458
dca5
240d
7a10
b746
0b43
094d
4966
8423
dd67
6ae4
380d
fa35
a4c9
941e
339d
55c8
9f6f
e594
23a3
ce3f
b0d8
1bdb
c573
1f3e
d207
43c3
83be
ec7a
a359
43c2
3c5b
f7fd
df96
5f8b
cb74
2b5d
af38
4c40
ecf7
93ac
1e8d
fdf7
2bda
551b
5d1c
984b
22ae
59cf
8ce6
3703
f82c
2b4f
e076
5d26
a6f8
f2f0
eefe
38de
b805
d744
0cba
4cf2
2f8f
c8a5
fa16
f34d
ca8b
d950
d620
6238
0332
2ce8
5e73
057a
5030
da98
c80f
440d
67ba
5e94
1b3a
ed45
ab2e
97d5
d7de
ac74
e28f
7d2c
339f
1b72
e5b7
16ae
223c
9e56
5d9c
f93c
8b3e
1f89
134c
acb1
64b3
ac71
cabc
10f2
f859
f9d4
30af
b0fb
6455
d84b
448a
d197
9202
32a7
5984
7c45
ede1
ea11
fe23
7607
265b
d48f
6e3e
aaf4
5240
69c1
d861
88c5
9dd7
3851
c928
59ee
e530
68ac
a784
2a2c
0841
40c8
7b15
a878
788a
b103
d398
df18
1c56
1587
db03
30a2
b33d
7cf8
3605
f6e8
b2e1
9604
ed2a
5200
9832
1d46
ce3c
46b8
9f50
caaf
7e19
374a
29fa
4e9e
4885
ea93
da24
2eea
24fc
6efc
0e0b
89b1
31ad
1b06
516a
2bbd
806b
fb59
f2e6
a7dd
5b5d
9b12
b0d8
86b4
a4a9
bae6
2fa9
18b8
ea23
d486
3ba5
63f4
d6eb
0981
1bf3
a013
a9bc
d018
c6ed
149a
7d38
850d
a40e
c02c
0928
3d2d
62f4
2b19
ca54
91ca
a26b
ba28
e35b
6609
a60b
be74
d3c6
e422
3685
2c14
dc2f
c904
75ef
398f
893f
eda1
0308
2112
25e1
f89d
1cee
2ca9
354c
15fd
dc1e
aba7
3ad0
b83f
dfed
66f8
7774
80e7
e047
10a6
c446
6cdb
1a59
87b9
3056
10bc
b869
6cb3
2702
311d
a713
9498
9ba7
c516
ff80
2159
4be4
e3ac
6b35
3d00
10bb
7029
6350
cf16
0b12
960f
37ba
6ea2
ce8d
fd49
67f6
0fce
f33c
23b2
ea1a
57a5
cd72
b0c3
1d81
06a4
4b53
b681
063c
5043
65bb
373e
7180
08a6
7823
b3e9
a132
f56c
f7c3
cfa1
3308
2c98
367e
1226
8560
820e
1a12
ea78
5106
7ed3
c5c0
32fa
bb93
6f9f
3b02
cb20
b211
0b68
a317
6a6d
51d5
fad5
df54
2db6
43f9
5d04
ae01
446c
36d5
b842
a4cc
4159
0984
ca2b
9cf8
c7ee
45fa
d937
cf58
712b
2572
a2da
9cb7
e716
048b
72d2
7c91
0407
e60b
3a9d
7d4e
79a3
f61d
13d5
d898
ddd9
aa75
925c
1004
0ef5
a450
bc36
3704
4683
c445
d63f
0500
c0d4
1a25
e1df
c688
1666
1f88
1177
182d
dfb0
dae9
b638
f6ec
ca8d
2d9e
3ab4
3af3
d02f
5d59
2626
45e6
42b0
5141
818c
24be
7d76
5fe9
1ea4
caa2
8478
481d
c6ce
b9cf
ed5c
fc45
82c3
9989
ae1d
eb12
8fd9
aacd
41c0
c44f
dcec
ebb9
35c7
98c3
e85d
a5f6
ab96
5eec
6f47
ec9d
ead5
c248
bd6a
ca06
0eb3
43e2
dc66
19c5
0268
d4c8
116b
784f
978c
6a73
cfe4
3644
20a6
72ab
ff39
f13d
8fb9
c7af
c05e
abb9
388d
9551
3bca
a68b
2ff7
9422
dd2d
88d2
ccbe
7df5
bb05
9271
d9c4
483d
9ec0
161d
c4a0
fc66
782f
1907
4d74
0803
d097
384b
933e
1d21
35df
35ef
b45d
46d2
340c
ce71
038f
5e1a
8505
c319
10da
1660
585d
7625
b5eb
7903
eaad
48c2
fe94
24f1
c1df
4b2e
a9c0
06c4
6d7a
6c32
034f
b8c8
53a9
3191
3465
ae6d
8518
0e43
c12f
36a8
4480
9d34
9c54
df71
3e14
605c
3f26
d4e6
2d1e
7b03
6df1
0ca1
dc22
ee62
7fb4
3f56
49c7
f3cc
5a3f
a2ab
0d4a
af93
a1db
02c1
e992
ec19
c9bd
c719
5a49
6a5a
7dfa
2600
2ad1
fccd
e7c2
7c54
bc85
7caa
e299
07c3
7366
8d5e
f02a
a940
60bf
69e0
4d82
a4a3
1e35
0c97
25a5
17ab
835f
65c4
356f
d80e
56ef
f803
ebc3
55dc
2d20
d9ad
da23
bfb9
a456
4520
deac
1f63
6f90
fb87
11cd
f859
070f
09bf
c7c4
920b
db9e
7e2d
f82f
8889
4fcf
19f6
79f7
b555
0523
4818
6b3f
d0b7
c786
de97
a378
3eb1
b253
0947
5d98
8a5a
30ed
a764
3df1
f4ba
76b6
3fd6
c1e5
d808
8157
615b
b7b2
97e5
3b0a
6332
66ab
f373
40fc
cee8
f6a7
b402
977a
ac47
c271
2aee
c204
c117
9a6a
c87e
565a
504c
6558
a5b7
e277
b8d1
405e
0769
4dc5
d2db
9310
0d43
42cc
391e
c55e
5f34
8b59
a158
6e00
8405
31c4
5ab8
faa6
f87f
02c1
5dc1
875b
f633
54e1
d41f
2046
277e
5d53
4744
48a0
c9db
4e18
b23f
334d
4535
0c1f
4137
01b3
1758
7f39
8def
100b
35ff
7d24
0ddb
89e0
5955
bc03
f4db
fead
6e30
57aa
db57
ad49
067f
3736
9954
1fa7
f5d2
d433
7096
47ed
d9ab
d11c
baef
864e
cdbc
456c
a071
4924
fee6
b7db
db2b
ddad
3fc1
ede1
da53
b903
ab38
2697
1665
648f
7c9b
c618
d73a
cf25
80ab
6ec6
7998
9a85
18bc
a388
1eda
f44f
73e0
b4a0
48a5
c4e4
20f4
b9fd
435c
4c73
2ce2
6c57
302e
acfd
c384
e03b
b8af
8abe
579a
cc2c
bc40
f3d9
4fdc
7fab
1a9b
1ebe
82d1
a612
f6d9
7bd9
0fe2
4627
3a3b
b3e3
9479
fd29
ac80
9b34
cbd7
b075
9028
a92b
5421
e6fa
a992
d549
ba97
db13
313c
dd3a
8a43
a8f5
f829
26df
8a38
19ce
84c8
9914
ded6
3f94
7ce6
5f09
1422
975e
5e26
ea06
a4ee
63b6
140f
179c
209a
eb73
f39f
2ad2
28c6
213b
5de2
1b59
0f72
514a
b619
7ed6
d005
1d5b
b612
da97
e2ce
f2a6
ccd3
78e3
b41a
7171
8f51
56e9
195d
e35c
af26
2a10
7d27
4f41
d7a6
ad42
bb13
d3e9
c0cf
cc9b
2449
6978
af36
1005
7528
b85f
ba92
6d92
f5f5
013f
e8b8
7aa2
5569
c677
de18
0552
6d89
904d
bde2
7494
4157
8aa0
10f6
4b58
0d20
f189
9ba4
5089
c722
43b9
9ae2
8284
46c0
0488
7af5
685d
2538
9423
9162
d74d
5f64
6e0d
502e
059e
4885
9180
31b8
668a
4662
8fc2
2a97
6bb1
f14b
974e
f7de
4986
9286
fd0a
9579
e939
c589
2749
c13f
61e4
2aa3
6bd2
e629
7a59
ed44
f14d
eecb
fc01
a51d
0eb1
e74c
5432
c315
9e3d
e13f
ccfa
b68f
02a1
6b0a
b184
d722
13bd
5378
02aa
da23
cad8
9c36
f14d
218f
102e
9e8b
2eea
627f
6041
45df
a3d9
1cb3
c05d
dc1f
4ced
6fb5
e04f
9b6e
eadc
fce1
9704
de81
994e
a286
68b3
9a21
ed53
f0ce
2d44
9f82
0cec
0562
fb50
9e1a
e12e
1587
0afd
40fa
7291
33d4
7cd9
26e3
ff38
fe65
6a19
7380
60c2
a7e1
7c88
1ae3
5210
335e
ebdd
0274
9549
cf73
13cb
5262
6c2b
e1cb
b4fe
d94f
63ac
4223
38f4
16df
cc86
ee1a
8049
41a6
a6af
f695
73e4
8aad
0180
d619
a38d
18b9
c31f
fb68
0190
c79f
3fc3
cc0c
f71b
c950
0050
279b
2e9d
f8b2
6e50
af94
0d2a
7d34
950e
1af8
af73
1c53
3ddc
8512
68d2
6da0
11a8
7e6a
4f9f
2c76
8e71
4edf
b8cb
d8a2
1839
ed22
8058
7b53
c50b
e7af
bf3b
f6ed
67ac
ed2a
0d72
b3c0
e145
49ea
d314
a933
999f
dd93
620b
0e62
2235
2091
5f4b
11db
66a5
7de4
c55f
4c87
c0f5
3002
e259
2774
27c7
80d6
13fa
edfc
7452
b58d
8aab
d1a0
81de
f3d7
ed06
32a8
2716
1552
0e30
7a17
bf60
bfcf
8363
17ba
1efc
490f
726f
b4a6
e89a
406d
3922
ea0f
f894
32ef
5841
292a
48f2
8259
18bc
88cb
5b96
6380
4968
6463
fff9
1a99
8196
4df6
2b56
cb8f
42b7
377c
bf5e
fb12
6392
b686
5ce2
872f
fc37
1620
9b2a
e955
812c
55fc
3341
9923
35a5
62f1
d310
16b3
8766
9fad
6d37
4841
bf38
bc71
823d
00ca
22a8
8d07
cd49
6f7e
1218
7762
6dc0
2791
3e1f
ba03
5776
1a72
eec9
8280
562a
820e
0f63
3667
ef22
e8a3
9ff4
5408
4bd9
02d4
dfd7
1da3
e3f3
6a9a
f377
da2f
8a84
ff6c
3365
6e02
7016
f888
2201
b4c3
c6fb
5030
d1cf
46f1
0b91
b9a6
3a98
2ff5
4481
b496
669a
d6d7
5bf8
62d1
4b6d
6ca5
724b
b114
2c45
5901
cfd8
5ddb
5e39
251a
40ca
02d0
8ee0
1ea8
a3bb
efd3
b598
9f5e
da18
6f8b
7b47
3e6d
7660
b871
7dcc
2afe
f4c9
8d9e
4383
4c85
9c79
93e5
94e1
dae1
e212
d88f
5d46
2d92
75cc
c1de
6f34
7911
6d42
1a0f
26b8
9da5
664a
aa45
1a5a
83ad
d025
78be
68ac
882a
95ee
56d6
eb12
a20d
9f8f
eea0
92d1
7bee
7e4e
ab05
d4ac
3645
b97c
21be
e72e
d8ac
01b3
dca9
ac94
c80b
3cb3
cc08
317a
62c3
f780
d413
a5dd
72d7
9e55
5ade
cb0d
d4d5
b054
1056
e8ea
7968
cb93
2527
d828
1310
e07e
c3ac
e5f3
5c09
4eb7
7b00
1102
01b1
f19a
bdb3
542e
148c
dedd
37ee
418d
0bb7
4874
0497
e194
5ae0
2122
78e0
0568
dff1
0aee
99e3
e905
0c20
d5fc
1431
3e13
5b66
a0c5
256b
2630
dd5a
5106
f545
41b8
9667
b6bc
0455
02a2
c604
3037
007b
2470
b2d3
1b69
b408
c1a6
9102
f1c1
1d13
1a8b
4a9d
2dae
cc59
8d9f
9cf9
c974
0e65
7c91
ab1d
fae5
3b1d
c8c7
ca8b
c7d9
17b7
7050
4da5
72d6
3fb8
a7f4
ba93
7f7a
eb56
1463
66a9
d1ef
f60d
7cc4
cc5f
f414
40df
6b68
78f6
f50c
8355
d048
f428
550e
e416
a354
d4af
6059
48c4
12d2
39ca
7b70
c46a
5623
604f
bf55
defb
8664
b0df
b035
0a7c
2d11
1af3
f9d3
5cb1
654c
eef4
f583
8fab
f3c5
6d02
9256
123d
77b7
ad5c
0aa6
7889
4a89
2ca5
1859
6fae
2da4
28f5
1ede
4d6c
9bc7
cd6e
b961
41c7
b874
ebb0
2388
baa2
28f2
1f1f
851e
2a28
a661
65b6
08d6
6b6c
f21f
c416
43e0
a147
c2dd
10c6
47ca
9ce8
9474
8682
4123
1e2d
dff5
a2c7
52b0
9bd2
9310
bba1
1ed6
0ab5
2ece
0be8
14fd
1e0f
e5b7
a848
3c0c
ef41
33d6
df8e
59a9
9282
dffd
bf6e
5674
9593
5979
90b0
47ba
4c2f
4a2f
f3b7
b25a
db91
3ff9
d4ae
443a
10fd
f6b7
6e84
fb8a
2848
5e30
6d55
d8bd
9e85
c7d0
77bc
3618
acbf
6305
c9b1
a33b
fb98
7f69
37d0
9627
e9ad
6991
64ce
2d37
dbde
207f
8537
30f2
9baa
a768
d2fb
b474
543d
7bb0
fac2
cd8e
03f0
02c1
3f11
0d1f
bdd3
6be2
fe07
0b0f
ad4a
9fbd
90ad
94f5
35d4
0194
945c
e061
e3ff
9398
936b
572e
ebc6
6b96
c016
7795
de05
0c37
c56c
6475
4427
ba8a
844b
3e2d
7457
d5c6
3d83
7fc9
b11d
a7b5
2d66
f7b5
8abc
cf8b
2990
a938
107d
bd71
1d8d
b61e
5b7a
42ab
37ab
3cfc
653c
431d
f89f
c8e3
2c75
62ee
7cf8
f585
3c32
4fa1
7da9
624d
48df
5f46
a36f
9bf7
a22f
ee64
e956
6cdf
040b
ba16
cc5e
8c65
a800
d8c2
2a9f
0ce2
d85e
0d44
de58
5a49
c2d4
77eb
64dd
66de
4474
da3f
e4e6
db46
2b8d
3c54
1d75
a51b
44b2
3dc8
39c4
b384
6313
69fb
c8c4
2156
6868
48f0
2b7c
5bd3
47da
a79a
e42d
45c6
0be4
d2ea
d563
4a16
194a
80c4
44cc
3c0d
9598
580e
a0f2
1472
48f8
6b69
b003
e785
d55a
abe0
e2dc
eec7
e96d
6e4b
47f4
63c9
dac5
a088
31ec
5f68
b842
0f18
7523
bd69
24ac
6854
773e
df72
9880
0567
fa62
7eac
2d7b
2068
1282
fd7f
02fa
ea80
cc81
7bd9
0445
e936
275f
bcbf
b8ca
718a
5751
2dcc
aedc
928e
0fab
4eee
8be5
601b
7aef
6f23
334d
c02e
db2b
7166
c4e9
7106
0b81
f932
07c4
8b8e
9851
0c8b
c405
81f8
cfa7
ee1e
aa49
bbf9
5e75
d35c
3af4
ae08
92c6
29ca
e7a3
1c7f
266f
4c05
f402
c2f4
f1cb
e8f3
81f6
e80e
a156
42cd
76aa
b2da
f472
6503
705e
e377
8bc3
f20f
c119
0ee7
2856
5de7
c086
7b44
bbc8
635e
a51b
c632
9b0b
0b7e
f4f4
fad2
4a6b
10c0
0b22
db18
0e8e
4e05
f66b
e0ad
9358
18ed
b960
ec22
9289
d07e
7f44
2f8b
12d6
a51a
eb07
8749
0b51
5355
578d
7cbd
f939
98e2
6428
2593
c55a
4ae7
275f
dac4
871d
1f80
36bc
5035
6b7f
e1d1
94d4
ae05
9801
8220
80b9
7363
0b44
85a7
f946
b3fd
0525
9c8c
8abc
a68d
b4ac
8a0c
7e53
d0a4
87c7
2037
02d7
481d
e070
f17a
dc5a
e659
288a
f763
0a4a
e8b1
a5e1
e96c
9df6
038f
0c0a
4b18
070a
153d
1ef3
51ff
d4fd
2723
df14
9ed7
995f
5d62
7332
55cc
17ca
8496
df1d
1b23
31c1
662e
c8fe
33d1
55b7
5703
e15f
7749
11a7
9f33
69c8
d0ad
d7bb
032c
b06f
e552
e1c5
55c6
aeed
8163
1686
a4f1
5c09
6a46
4a0c
6cbc
1b59
0920
a176
8ea6
d8f2
d98f
9a67
d457
48fe
8ff0
98b5
bfa7
c98a
e5f5
ddb9
ec45
af10
dd06
3754
aa38
ceaa
511c
3bcb
8d5b
045b
b10b
e5f4
3fe2
3af7
3d26
1f24
231c
2b8a
d7b5
e352
6c9f
a495
598c
3979
ea61
84b3
890e
a94a
38ff
eb38
5481
c215
43d5
32d2
f504
7539
316b
3d4b
b537
5a6b
f579
c8c5
cedf
f222
5279
fe94
fdc6
90a1
3693
746f
065b
5fe4
6aa3
7471
d27b
2b31
9a56
2cee
4776
69ac
d77c
5310
3ce5
93a0
15bd
300e
b6c3
16e5
2915
ae0a
c75f
ef3c
3bda
a7b3
93cf
3c89
5f2f
069f
dede
461a
e80b
8f23
d762
bc0b
3385
d86a
a8ca
d1e8
8ad4
ed4b
378c
f4d3
a26c
e48e
60e7
c417
cee2
8b2a
24b2
11ed
8e6c
a9e3
534f
5989
cf4f
3a3a
ab7c
1bb5
7534
83c3
ffbd
7274
5280
dd34
80cd
4307
a525
f904
b5f8
bc5b
2148
52c1
b465
e9a1
d04a
83aa
42b9
16aa
0cb8
64d9
2162
dd58
956c
4736
b3a2
95f7
d6d2
2c93
b530
652e
55dc
68f2
98fa
7a82
c947
7f71
4323
439c
aaa6
bb82
fb90
a9c9
d965
cc0a
c6c2
1a64
0793
da8b
998b
8060
376d
c770
f1f9
8bb5
e56e
dd4d
67ae
0e0a
3107
8a33
9320
17f0
3e64
fbdf
270f
abc8
607f
e5f7
80e1
6268
c180
8116
45cc
a874
dfdd
343b
6615
4e09
078c
1a2e
9a06
1e4c
531d
53e4
d36f
b52f
2ebe
a9f6
bf9c
2b3b
57e6
a553
3283
0485
7dfa
bed1
c3c9
f83b
d42f
5ebb
fbf1
6f10
85d1
391c
b789
7f62
0337
b87e
f7d7
b73a
7e2e
7d98
ee97
edb8
d073
7821
4a8c
6d98
95a3
8981
7176
aa70
033f
30a2
6a62
e5ef
ceed
0a33
c41a
2992
47c1
32d4
d4e2
2439
8e5b
6867
c83e
9e75
5e5f
26a7
a15e
e751
e05f
784c
e3cc
8ba9
f59f
94d3
1faf
b41a
35d0
9c62
7fe7
e88c
668e
2bde
a180
d3b7
7c99
2c0c
bde9
dd7a
9e91
48f9
c33d
9620
6981
5064
d838
3a23
5b24
75b0
0116
fb3b
e984
c7b4
c343
e7d3
35d3
c223
8bb1
494d
282c
6f4c
35ab
0109
b5e4
dec5
2795
50f9
9586
fb38
25ac
322d
7fb9
71af
5174
fb78
355f
837b
a9b1
77fa
424a
1764
47e5
e69a
234a
ee6f
32b1
6cfe
449e
8060
5239
3cdb
ad4e
cf78
82ad
eef8
ce06
7516
c26e
e583
38c1
ee4e
2a33
5d30
05de
bb95
d0f9
c2bb
7862
c242
9f8a
7016
c6ff
da7c
aabd
4be8
113c
5cdc
2007
7a39
975d
d3e0
959b
2cdc
1f21
6bc5
8887
a39d
20b0
6152
dee0
89d4
3b7d
7e23
11ff
b041
b22a
5362
5bff
deae
685c
639e
a363
828a
922d
a7a7
822a
d945
7c7f
6b9f
1625
aad6
4b80
8fc0
e6bb
e00d
f0f5
f4ef
e666
1a4d
5066
c1fe
596f
f919
a021
146d
be72
6844
5993
ab3e
2969
2da4
fef6
ead7
bbc9
c0ed
e6be
0685
6d5a
f424
5947
a0fb
cb7c
bc1c
4e5b
dd1e
d37e
8ca9
9078
059f
6eb1
8e71
a166
868c
3313
c864
4cc4
f617
14ec
ca16
ea1d
d13e
b325
df8f
0cda
141b
e286
48b1
6f08
f384
4e87
81da
f4d1
36a3
8874
0081
c4fa
a900
0a8b
e041
34ed
3f4d
ca2a
5c25
34a4
33b8
61bd
39aa
85da
754e
110d
fa82
ee0b
d6e0
58fb
3a5c
337b
7cc8
47b9
0d39
4042
91cc
5093
54a9
4fb3
3fa9
e449
7846
b748
bcf3
8b56
2466
23b6
04cf
c112
00ba
13ef
0458
9d34
5f17
72ee
1615
c330
1d91
b52e
0d78
845f
8234
91e2
cedb
586d
2593
0903
0851
214c
aa58
097d
ecc2
7521
a0ef
363f
d470
9f6c
26b2
3dcb
de34
ca91
deb0
a18a
3c90
ce87
df4e
4e58
c39d
a84a
b4eb
aded
d1cc
2613
a284
9cd1
012b
be35
5f1c
b41a
f991
6970
baa4
33dc
d598
2ab9
98ae
8c17
7326
0115
9d12
b7f5
ffcb
094b
65c3
26b1
3772
bf81
3ea1
8a94
8dbe
0ee9
a2fd
97b2
ba57
9408
00f5
fdf4
0755
8849
3072
43bf
4d1f
b578
cc8e
05dd
18ff
a750
ac1e
a74a
9518
8d86
ee0a
9b78
8b25
7c05
35df
ca78
c8ec
51cf
262f
a9a2
2ea7
eb26
19dd
70bb
e175
059d
645a
bc72
d901
889d
2e00
800e
36d2
4921
a2b0
3eee
98ff
e31c
1e68
800e
346f
65a5
440a
d929
8e26
4855
c7dd
d214
de7e
0d9f
6528
3f45
72b7
f520
50d9
e74c
91e0
9bf3
4962
cb32
9369
4a8a
bd3a
120a
fc18
1789
d944
0e92
3e6c
a848
173d
51f8
2400
e033
2631
8a3d
1795
6f81
28e0
a8c4
dcd3
5c9c
4017
f0fd
b112
086d
43e3
8c49
5ad7
03dd
0ac9
2d23
bbda
6f2d
a1e7
6ddc
b307
d390
9fc3
8a48
096d
8914
6714
517c
cb9d
1dce
808a
5da0
f4b5
080e
650e
498d
6219
b690
4617
bd03
b995
16a0
ed6b
a82e
57ea
5f33
6b9f
19e2
8b8a
412b
e129
2619
46b2
50e3
914f
ae76
e6c3
6ec7
3fda
73a5
e37b
5280
7e7d
2998
8e5a
3420
f96d
d14d
f2e7
e7e2
d1bf
49ac
181a
9767
33d0
77c3
2df8
f714
ccb0
be96
5b37
fe99
d10b
c0a5
774f
75f1
19dc
856c
8843
6f16
7192
43a4
acff
18c4
f7d0
ecd8
8bff
9f45
77ba
af43
e968
cd10
a8ee
f4bd
202e
6b36
19c4
364e
e65b
6d56
f2e7
3986
d438
d48d
6370
229f
4a18
e030
9907
81cb
d2d1
8b72
7e7c
e25d
dd59
54eb
0f92
3f7e
9f81
2b37
96f0
36cb
eb49
126e
be69
1a2c
14e2
f80f
4d77
e1db
05b7
6a02
75e5
2735
d582
1f8b
7301
4f79
a5db
c3d5
c7bb
9f7d
a057
2178
b5f7
a719
71d4
0f46
b36d
46a0
4a42
f57f
4fc3
4be8
fd0a
c21e
4ecd
b051
ac69
eb1c
84d0
00ec
2f35
e1bc
df4e
e632
466a
28fd
9411
43ce
ee76
f9c4
7b3d
9eb4
64ce
c214
0d6d
cecf
bd6b
58ca
40aa
ff5d
70f2
e358
0734
995f
13ee
e405
a83a
b1ed
f85e
f333
fa1b
e061
adc0
35e2
2152
170f
9743
a1a0
0776
4973
2b7e
3d9b
5357
c5fb
b539
3a91
9fb1
1ed8
83a9
1ec5
8582
4c02
2da6
2d16
79bd
5a34
fef8
00f3
41d7
bc45
3f79
9629
47f7
cb1b
8c46
4486
3373
6f46
67df
2ecc
e737
3f93
0fa3
b25e
bf58
4064
eb10
6b13
765b
1399
a5ca
f2d8
e947
bb96
01c1
9413
53a3
d248
f6c3
5fc5
e302
0494
5f7d
bbc5
3a98
26e2
879d
24b7
fa47
01f2
399a
94be
48a3
29e9
c19b
9fcb
b073
1f5d
6e60
c55a
af43
de3b
6c01
5efe
db0f
3dbe
8e87
364e
5264
37e2
1307
da7a
91d4
789c
7331
4751
9565
fa0a
49bb
d477
bae4
fbd0
303f
5f19
606e
13e7
f3e6
ef6a
db09
764b
ee4c
c2bb
0c90
5c8e
fdb0
b880
05b3
5506
e7f8
e1b0
2b18
d317
efb5
83eb
be03
5006
f5ff
dda0
1286
e79a
9743
c81c
1b11
985b
03ed
29f9
e364
d299
47ba
8077
d4e2
ceb7
4e6a
aff4
1d66
2ecd
ba48
7052
e6d2
23f4
9acb
62c8
58d2
7de9
6f44
75c6
1bda
fbfb
da08
4ee5
2a49
f4d3
dfd3
c6f4
2685
8bd5
9a33
6bed
3d38
6cbd
7ea6
6fd4
b9a5
652f
df08
0505
afd1
dd28
664e
2a16
2a23
f72a
c63c
4967
3c71
127e
7b3d
56ca
ce8a
b936
48e1
252e
ae80
c226
cf77
c1fd
a1d1
8e07
7756
0c5a
5531
a36e
0211
c02e
83f2
60f7
06d2
5427
2ce0
c2da
7b44
4093
e455
92e3
4e25
3042
70b1
37ee
4324
b214
10a0
aa6b
c673
570b
b131
7a58
763b
999f
ccf9
799f
8658
ca31
a0f8
2b98
5ae3
4443
b8b6
a890
91be
02e9
d36a
a6e4
4153
3f85
cd12
4107
d0dd
cf6d
555d
9fcc
e574
ba71
2010
8450
ba87
f6ad
6544
9fca
ef56
58b3
37a9
336d
0de1
1ccd
372f
fe7f
a22a
7744
03e4
431d
bee5
b6ec
1514
6bcf
5edf
8038
c4e8
b93a
f23d
7b53
f00f
a137
bebc
8ae5
9217
1fb7
f9cc
5166
bbe3
4bc0
b377
dd39
89d7
5110
2f36
42c9
7a1d
01f3
54cf
44bb
32b0
3a6d
2925
b252
6be6
f479
ab05
d79a
9e65
3c50
99c8
c91d
f2c1
75a7
f060
49de
bd40
cc74
f6d8
6ed4
0d2a
5d5e
5b6f
ac45
baee
78e4
fcc1
5cfe
bc27
8233
defe
0c5d
7161
4410
439c
8f32
ab82
f78b
0fc6
1254
bbcc
3e7b
f97c
0467
c815
9ed5
745b
6d95
5fa5
6e49
8420
e6b6
7de3
243b
2a4f
093b
c0b2
514e
dfc5
279e
3d38
31e3
b5f1
30e0
8694
5908
14ae
0a26
0615
653d
4e47
5679
02b1
3652
1b4b
c231
d9a8
32f3
e2ec
6e2a
5222
62b2
183e
b0b0
a6bb
4412
e987
983b
4e2a
a947
7ac8
93ee
0f78
f54c
6ade
e16b
57c8
99fc
f97d
1d66
dedf
bc54
2ef5
1ff4
447a
1f11
6221
3126
66f9
5e9e
e235
bb53
cf3c
b1b1
5d92
9691
3a9c
b184
fea1
0977
d113
3e56
7d73
60ff
a2b2
290b
7ad0
6a3a
ec7f
6ab6
a2b9
1bc4
a6a4
923a
56d0
6623
ac8e
9bea
59c8
fb6b
a5c4
aaaa
790e
9a3b
34bf
cfa5
5fe4
3f3d
154c
6ec8
e2e8
8b35
e900
f3aa
d4d4
0896
bca3
a3cc
d0a5
bc60
db41
21f0
60a0
47e7
a794
fb71
c40e
8e52
3f5d
b873
08fa
0fec
a134
3d32
2526
1272
594f
a81e
4db3
52cb
e020
1503
03c3
352f
f60b
1052
0c1b
456c
20de
fe72
c9a6
8d38
1a3e
5172
61dd
2a8b
fdec
da79
8966
7ae4
8115
2deb
1638
0ece
e706
454d
64cb
7439
d555
0982
06c6
a0ed
849d
48b6
ba4e
c834
e8cc
ed00
a547
614a
9e0e
3a0a
b1c4
e07c
1308
34c3
2f90
666a
672b
07b3
bd34
ee42
9cb6
b89c
66eb
463c
4751
4f20
08e9
622f
5b7b
677f
110b
9e07
000a
caa7
280f
4c25
e228
9222
8fa1
62ac
f3d2
9a09
eb53
bcd3
f627
c052
8459
a366
1671
bc36
94cf
f8ae
3fc3
8cf3
9546
14c2
0e97
b9ab
5774
d27d
e152
a3b4
de35
0ef6
f645
665a
e695
f5ee
39c5
3111
10be
c477
6463
8827
a103
e7b7
52b0
c2bc
9482
d7c8
f573
1085
0d53
69e6
7913
2a24
08ae
fb82
430b
6da6
57d3
453a
0496
3b4a
4462
2312
116b
5ff4
802f
3b3f
6e3d
2ae7
de69
da96
f8aa
3b39
09e7
f6b2
c941
2f3e
0183
a031
5d11
9a6c
eca9
96d9
0446
103b
7ae6
c87b
7acb
1cc2
b907
75aa
bef2
fbbc
41a3
e68b
4613
b84d
b46f
4d93
8c5c
5d50
e0ee
47cd
d5ff
4eed
4c80
0dd0
621d
7f7a
b8a5
8daf
b59d
498e
5ab0
2e33
b916
daa1
9368
104d
a9f4
3100
8746
2b79
ea54
91da
2493
75df
4019
5e99
1719
8130
d1b8
cbb7
9b77
d923
ee90
6b09
ebab
cd57
767c
3bfc
1804
6fac
89a2
9463
f194
48ea
3a28
c83e
2900
04f8
38da
8dae
1d2e
6f60
5f2b
2b96
b38f
f358
cb56
cd44
c40c
c3fb
d312
5859
8b4f
fd32
ec81
a839
ea4a
183a
2ee2
c34e
ef47
88ef
9ee0
6503
a0a0
dd91
2518
c4ff
eb44
98ce
81db
5032
f00f
171a
6a3c
8ab3
fd50
0d10
1c86
5d8b
434c
cc8a
5967
fda2
20ab
786f
d707
2316
cd9a
fa6a
397e
d10d
1596
6b1a
63be
3ee9
e542
1ca7
8501
906b
a2f7
cc67
3e11
99f8
e726
2a87
7e4f
8656
36c8
ae2c
8596
17e6
dbf3
dcff
b08a
0c9c
6d56
36d5
3305
ca53
c005
d655
3569
b9df
1984
31b3
8bf6
1352
01b4
772a
baef
14c5
23a5
07df
a6c3
182d
c566
a3b8
6a76
036e
3252
b9b7
01a4
ec0a
89e1
be65
326f
01ea
f5c5
829d
7530
38f7
5ba9
8924
0114
ad49
fb50
6eb1
de33
dfc0
85fa
ef07
f209
10b7
2fc2
2e00
1e29
6de0
b65e
de9a
6449
27d5
cf28
bdc4
ee6d
3be5
38a8
e0a3
4e48
9af6
9fe6
9466
c6e5
07c7
e9d3
58a1
c3d5
aec2
56fc
a1d1
4e14
5423
b801
a0a9
65c2
8ade
cb8c
7bf5
7689
5706
0958
4d68
592c
5c97
72b8
55dc
4a2c
ae84
e347
9af3
8f72
f71e
d3d3
9e6a
749d
1974
8914
c720
185d
73c6
53b4
d2a5
c9f6
e58a
2dab
7068
2ab6
028f
0b01
7bf5
d20f
10e2
1f4d
d480
8573
c7b4
1881
0eec
ac14
e4c7
a00f
07e8
e28a
8e3f
86c2
a274
f426
fa0d
9bd7
72e9
844a
2812
fc83
68cf
b1ea
4d78
0a3b
3d87
3a3f
8f4c
8b64
da75
913f
3af0
a9ae
ef3e
1b6f
d798
74ca
ace4
5160
377b
39ec
fada
0dee
49be
f5e1
2b5b
4562
091b
a825
0d56
8f97
57f2
fa68
820d
17af
3789
ed5a
eea4
bb95
cbfa
f9cf
04ca
c5e2
b2cf
c0c6
8cef
ce71
bf5c
2001
a13b
6e96
9d8f
7bc4
18d0
f081
1144
db49
fc53
7301
c45d
cf86
2db0
52bb
7be2
231e
6d0c
4cb1
8472
a31b
d971
1f65
108c
44ee
e9c7
021b
9346
af31
2880
8704
3e38
cecd
4973
6d0a
2f82
e05d
e9ba
e7ce
2c47
2d32
f767
2bd5
c35c
66f9
77e5
12d8
c3f5
8b73
da87
3e4c
6755
875f
8a73
cebc
4f44
cca5
6c3e
8021
66b2
218d
afc1
e463
6d2b
0cd4
c739
5a82
78c9
792a
6d25
5416
ea17
53d6
0e48
1f04
a528
2f84
03b3
0796
5a46
538a
8904
625b
05a5
f6c8
dce0
3148
0a23
ba9d
0923
4c7c
084e
5244
6d12
2779
58db
43e5
5ed1
f823
8a47
0b30
5fbb
d35e
c297
6e0d
6838
3f31
76e1
5acc
40b1
34e5
c2d8
f628
f361
cec6
dab9
89d9
9301
3b32
c50a
5410
e10c
68a6
7862
ea76
5308
a674
06f7
64a4
2a8c
6d97
2190
79f1
c4c4
7754
e35f
1d30
50d1
c331
dca3
e2fe
b808
2f32
c1f0
fc04
13d1
dff5
c599
910e
db3d
39a4
ac2c
4140
2ee5
b21e
3dbe
00f4
8096
eeb2
8dd1
a3dc
637c
5975
9d4b
2d35
eda2
63ba
3fb7
507a
553f
ca65
e4b6
9911
9fd4
b39a
123a
5ba0
a3d8
7ed0
7719
2dc1
04f9
b176
a94d
4d8b
d025
6180
551f
de0b
1ae9
8c2e
6bd0
544a
d688
2275
039e
d121
ee10
7163
91a9
8126
3f8e
026d
adaa
db70
92ae
3733
97b4
19db
d8f7
76b8
5f4f
cc38
0b88
f7e8
4695
8da2
a203
6498
7b03
f5d0
eb00
8b44
3c7b
138e
d3a4
d3a7
4acf
2d5a
ff63
6e4f
7293
1ad6
aed0
81da
ce60
980a
65cf
93cc
bd3f
3ad3
e182
69e6
286e
17c8
4ea2
7c50
7b15
074c
6de4
e73e
3998
cc20
9bf5
9f68
b182
adde
2f2b
76f6
663f
49d6
7c10
7b85
b7af
1851
d5c4
9a3a
db2b
b5f7
e9d5
dfbd
44d0
3916
beec
96ae
0dea
7a4c
c362
7469
bbb3
8de2
dee3
90c1
d583
bdeb
548b
d02c
6626
1825
9721
0b32
0758
63f3
5885
7627
3143
fa3b
1ef2
8e8c
cc92
b746
53ac
d39f
d7ea
8bed
2fb2
b871
69c3
e42c
3b04
97b4
d4f2
263f
52a1
295c
cdd7
463d
47c4
dd98
68ba
d590
2300
3d41
2be3
1ee8
f208
9bcc
4064
0470
7f4c
c21d
dcea
2f86
8bac
1c93
4298
6e94
dc4e
6fdc
f520
0173
7d7d
7bc8
9f34
c4d0
313b
5a81
33ec
5a34
71de
2a70
7cf6
caba
2b55
b54d
7720
98f8
47d9
d3eb
0ebb
17e8
7712
9278
2791
fa11
a0a2
edfc
badc
d2ae
1468
2f56
f933
1c4e
a911
024d
36cc
13df
8bd9
76fe
88c2
722e
d1f8
841a
8fde
ab49
0491
fab2
2f0d
4fbc
039b
ad6a
14a8
303b
d31d
f62c
54f6
b7d9
63f7
8d2e
db81
6bdb
7453
3e55
6c7d
89ba
4813
6f31
96db
6340
3f53
483d
c562
e989
fd62
3dac
8624
dad9
b218
8106
c192
3321
cf08
b7ac
feec
c6f6
54c4
37b9
430e
fce5
33ab
fdf9
6325
f905
86e9
4542
cc87
3113
0b7e
9329
41d3
5a45
40d7
3e77
f665
78d2
6797
ab24
e0cc
b278
e99f
9b74
3518
b531
dd17
7325
761b
42fb
d931
6089
e21b
a828
bd9e
8efb
5cb6
d829
d82c
4539
b8e6
b4ec
e814
694d
f1f1
4727
e834
5de9
70b7
7dd2
e8f3
2c68
cfaf
dbc4
4cf6
4f4b
893f
c85e
eb70
30b4
9e25
5dae
822f
e480
5742
ae68
6ae4
678a
90c1
2038
48fc
8b0e
ad2a
3eec
a3f1
ef05
0f20
1bb8
183d
6dd6
5afe
55a4
c48f
6340
10ca
d610
c885
469d
7cbc
0a5b
69cb
6268
c4bb
1aec
9c96
25a4
aa37
91d7
3995
97a6
67cd
9f7f
c2f8
2fca
8894
20f0
78ff
731e
19d7
82f2
543e
9afa
0397
5bda
5742
5884
8ce9
f5eb
3ed4
54d3
d480
063c
044f
d88e
d906
a337
ca3e
3ccb
624d
7c66
22f9
aa10
98f2
409d
cfe0
d9bf
c85d
a1a0
f718
b01c
b85d
ffd3
e3d9
e00e
f3f7
6704
8682
c6f6
0382
1531
ff0e
d57d
66af
751a
2c34
b23b
1795
8772
9ce4
06bd
2773
ddbf
0cb9
1156
41d0
f840
b171
aabf
d46e
b28c
8dad
b7c5
2e67
1096
d7d9
a825
1935
c437
2643
233d
fb5a
6ff8
0935
88de
048e
7060
bc6d
d035
5444
ce82
a273
ed1a
385e
95ce
e511
c114
3af1
1398
4c09
4977
3dc1
9aef
1148
4a19
cdb4
7466
559b
d0b2
3be9
4a32
fb1d
3320
838e
aa59
90e7
42fa
2b35
b6b8
0da0
83d5
02cb
f18b
0767
fb1d
7203
d59a
c771
73f1
2a92
5834
773c
9155
a19a
f80b
85a1
9fab
cb5b
48be
0802
8d53
f29e
f834
639e
ad9b
ba61
ffdf
d980
4950
f3a3
01f1
efd4
c914
f4cc
3831
bc72
0635
455c
4d5e
c6b2
3a9b
223e
8247
1899
b587
d6a8
bee2
9ef9
7db5
ca1e
38a8
e564
7649
6266
049b
d642
97c7
ec43
9d0b
257b
927c
28b6
635e
7837
6023
8444
d55a
9ec1
309f
ca34
2dcf
ed4a
6d3a
5b4b
ece6
16a7
b9ea
6b34
8212
5ebc
cea5
e0b5
7288
512a
c0b8
d9d9
c8b7
b54b
d1ae
d0ab
ee1c
0314
103e
cd13
130c
085c
4e2c
8080
281e
febd
736e
6459
abaa
0550
925a
bcc4
d93e
ec3d
b4c8
7220
61ad
4c6b
4f48
da1d
5585
a62d
3071
8212
7fa3
ceab
79c2
70af
aeb3
b4ad
29f4
f97b
c31d
18cb
5ffb
ed30
9369
05c6
c08a
873c
ef94
9928
ae9b
98d2
a8e7
8782
d048
710c
bd58
b5b5
e54f
bbd2
8a17
adbf
7531
a635
b71d
983c
dcf6
da00
1c1c
04b6
0764
ed26
47e5
b442
a13b
429a
8c7f
a244
87ff
23e7
28c4
dd82
6738
5711
28bc
69bd
8484
7b55
5330
e7a9
9726
660d
95d8
21f9
5a31
5f6c
baae
a70a
0de8
dd00
e6a5
333c
8342
cf08
3f20
5ccb
648d
3684
375b
5b14
060a
50d2
91c6
12f4
afc4
bafa
8db4
b6af
8403
d15a
e22c
c236
df75
ada6
7990
54d3
2df8
631c
79b4
8ae9
2071
83e7
e521
c93f
f350
2bea
e996
dae7
fed4
3500
6e99
d2e0
3f90
b344
f5e1
81e6
783c
be72
fe15
7df0
1588
b1ab
88f4
b87d
2c43
19d7
0fd2
c778
099f
f85c
b486
7a99
06ca
d74b
50f2
616c
8c5c
0fb1
fb8d
6e83
9814
6ba6
b707
8a91
7cae
a024
8294
ff90
d799
0c09
2501
0a3f
ca87
3834
b707
edef
074e
24ef
d707
c446
9a6a
1e45
fe4a
3e6a
a2a8
03e9
0443
d56f
25db
61e8
5937
a7f3
3cea
0729
fe72
ef33
1dce
750e
0ee5
5fa0
3582
6ff5
9c5c
52e4
7c88
d430
688c
6560
48a1
25d1
3cbd
b8f3
a4d1
d2cf
37d9
a1b4
9695
893d
80c3
993f
180f
014c
89c8
5227
b961
295a
5e8f
9f45
89c5
b15c
8d4f
e707
9364
d6d0
6918
ee50
278b
5d44
7210
b0a7
39d0
bad3
5e9c
2f53
c23c
afdf
f460
a3a3
7385
f3bd
eab5
697b
2139
7eae
ac2e
e2aa
d224
dbe8
fc36
f709
bf86
64a2
ae8c
45cb
5315
e650
dc08
ee9a
edf7
414e
3559
d214
15a2
e8cc
fc1c
991f
06aa
e1b8
7ace
d853
6fe2
6819
8e7b
e03d
2284
2e7d
c285
2c6f
363b
9ba8
23ee
d15b
4346
5ffc
1c5d
d981
54ac
c905
32dc
ddb9
f1ec
f89a
edff
541d
801c
2cb3
829d
df55
2751
f7ed
8a7e
02e1
dc08
646f
19f3
23af
dcf0
1fcb
77ea
0ac9
7895
4144
3fae
905d
7f42
46cc
568f
f7d5
53e2
b06f
f208
1f50
779c
a9c9
c49b
22c6
968e
a616
2226
5560
d5b6
5c7a
f62d
c2c1
7bdc
f755
c099
75ae
fa1e
7309
0599
2096
56dd
52f8
ec30
bdf7
5d0c
4aa0
e47b
3d9d
7ff9
c1c7
91f6
27b5
993b
b22f
c00f
c92b
0aff
9f20
967b
1d92
4765
f236
466d
761e
dbbb
4379
dd36
136f
d2bf
cef6
99dd
0495
ad96
a35c
5b47
a3f7
3fb9
0fc0
f41d
b84d
7eca
e944
e5bd
4a1c
11cd
045e
977c
c4c7
ec83
6cb7
f3d7
a004
1c77
e70c
252f
9bbc
4edd
d160
d06e
a66d
3e58
46fa
837e
cc41
0aa8
4f4d
4a3b
cd9a
7165
d7f5
9e8e
e760
df56
3de9
a123
47dd
6073
c494
bb16
6dcf
0625
7ce3
7ed8
6585
1800
049e
3090
92c6
a727
9e09
d72f
7fb2
2580
e0c1
dd8e
a3eb
128e
f7ca
91f8
682b
11ab
738b
c862
052a
dc86
7122
31e9
fc56
c2cc
656b
62e5
06a3
541c
3b70
af98
0c41
25f7
145a
dd63
dfa0
5db3
7be9
a655
d064
762a
716b
7563
30be
66f8
b97c
39d1
2d3f
d39e
f954
4d4c
dc3d
6564
7d80
893d
550c
617e
37c5
fb9e
022d
c745
bd61
9cd1
fe90
448c
e4f5
8bbf
4978
bedc
f46c
ff46
5eb5
a1a3
f9d2
bbf5
076c
9469
97d4
162b
dfcf
ad57
1ab6
fe25
5e44
9f87
9cad
3683
63a8
3a94
867f
2de7
ad54
a597
aa0b
046b
2b1f
f2f4
509e
4741
d796
7551
4705
3f53
0bf8
3870
91b8
9219
8eaa
3078
d39e
23fe
b76f
3d95
6826
8be4
c966
674b
3e49
25e3
9c8e
3d30
9052
db8a
7912
4a50
e0fa
cc70
fb35
406b
fb17
059b
04eb
b9ff
3752
34af
dff2
149b
0a04
be75
c4f6
2799
6353
5c44
0b1e
80fa
f9ac
3598
e09c
de35
923d
afc6
04ee
21d7
66d1
7f37
5e0f
9d2c
bfc2
8970
a413
e20f
ca9f
2b77
3088
d189
63e4
eb58
92dd
cc0d
0285
66e3
e553
1507
6c30
296a
d2e0
69ab
a808
7c87
8931
d55a
bcde
34d5
ede8
68c0
f1b5
1cd5
125a
21bd
4b1b
c1c6
6cb9
dda8
3eeb
17ce
362b
98c0
deb0
b160
cfd3
d47b
094c
4096
ae5c
fcf8
ed18
038f
d2cd
c608
143e
7d47
708f
f515
d632
01ae
920e
c6c4
4f9c
ac50
33ba
91e9
bc6b
88b2
eb6c
3626
dc6b
f763
87d2
075f
dd6f
9434
bd6d
1370
a8ff
53f9
8907
995a
820b
77ee
5c42
fe0b
3d23
7197
ba92
391e
691a
1f47
36d3
f4c5
9386
1ee4
5d82
4360
8438
5e96
c941
916e
117d
b7bf
f718
e94b
c89d
659e
5972
583f
b9c2
974d
e4d6
7ea7
2bcf
4564
7f43
7234
7805
c89f
68f5
dce6
04dc
636d
c64c
f0ef
a255
d703
8c08
418a
7af1
270b
7643
db8e
fa25
c5fb
d012
8005
f88c
4024
4384
fc80
d9b4
2791
c8d8
8f2f
2177
93ff
3930
b92b
ad11
157d
01d3
1fa4
086c
cd26
f08c
1198
926a
7656
8860
329b
a813
3034
37fd
218e
f1ab
1ee6
29e6
a395
c728
a62d
3564
6b5a
8d68
a6bc
7ceb
6dd7
3832
81ca
2e66
11f0
f3be
b315
db4f
a290
b5fa
c171
f306
82cf
a0aa
7c6f
5d61
cd09
6c2a
3787
597f
0207
0c75
af65
2339
bca6
9016
831d
3f8d
d1fc
a60d
c043
15f5
3869
baec
0284
db05
2fb8
d3f4
4a47
dda4
6264
d733
5483
1beb
11ab
8dd5
9d42
c7bb
66ef
ceb2
ff0f
6abb
7fcc
b512
8414
4202
5552
527c
05de
cc68
486f
12cb
e4c7
6ccf
a969
668f
a51e
cde9
1207
d7aa
f860
31b9
2d80
3e26
eede
49ae
2897
b7e2
4d2a
6463
76f3
e64f
c789
e8c7
3d2b
4fdc
8870
d75a
8767
7229
3658
681b
4618
b4fa
f956
bb1f
cad9
da05
f650
a222
7e52
039b
c16b
eea2
2a47
8a42
88b9
3254
8ac1
6cf4
88b4
885c
752a
e473
d6cd
f78f
95ca
7f3f
3ad1
b46e
a411
e0f5
3a9a
6781
76ef
379a
0b03
44d2
0f3d
409e
d71a
defa
2e7c
ab3b
3aa4
ad2b
8529
749d
347a
4c86
7333
0523
b2d9
b846
f405
9e06
2063
22b1
a433
509b
e0fe
e33f
4837
f92e
80a5
0204
12ef
5f90
b6f5
dac2
7b42
b634
7572
ec13
6138
28d7
eb00
e1b7
89ef
778a
53cc
066e
fee6
f852
3a19
74f4
0dbe
5dc2
9f72
9f65
9647
15a0
2db1
e776
78c6
79ef
ba32
952d
849c
e423
e065
8e21
1aa7
0bcf
384e
2c64
3d1a
2939
6241
bada
15ff
a3e4
1e0d
5fde
1c14
f143
5cd8
552b
ad57
c4c2
d2f0
2b7f
db6e
a8ea
2fe1
aa5f
4df3
21c4
fcf5
e390
0d72
c6f2
2986
7a30
5408
3f6a
cc64
6b8a
8a6b
cf26
ed1f
dee1
5451
5bb0
833f
1988
8db1
9520
28bc
e184
d5e3
878d
f3b7
0dc3
5a4b
e564
0248
c1d0
e30d
6788
e8c0
3d48
d030
dcff
8a92
7451
864f
2c6a
f75c
bb67
aa36
c518
26ab
41c9
2134
80aa
b917
5098
79ca
5307
54f0
326d
a8d0
f6e6
48e4
782a
1ccb
bcad
58ce
9a9f
72f9
9b50
5c9a
6086
4bf0
28ed
fe61
ca3e
f51c
499b
13a6
d5ca
1107
6098
1f3e
f113
98aa
d55f
9f70
49fc
963e
f25a
051a
8c90
ec94
e913
b2d1
28fe
3fc7
4c49
3b43
c78e
3799
80f1
3d0d
e763
8e27
a258
d5c3
9ed8
904a
0a54
a0e5
7987
989e
3c0f
6eba
972d
e065
f907
70f9
5bc8
fd7e
e979
413b
1ab0
6a23
e039
48f3
c33e
d6a8
8059
79b5
344e
e6c4
44d8
91c8
34a7
9dba
c5c3
084c
6955
a25a
8d2a
6e78
55dd
afc9
dfff
63b6
ad02
1662
6fc1
15b4
7113
139b
2e9d
3bc1
29c5
75c7
55d0
9408
5a57
ee8b
9888
3be4
ba38
62fe
9adb
c92e
def5
dfd8
61a3
194a
d7ee
ef0f
a6e5
65e2
e77f
6cd5
3ad7
7b09
b03a
7342
64cd
115e
b7b4
3eed
8cf0
e821
f952
d422
cf8c
ea14
7b32
15a9
8678
c6e7
4265
e7bc
9429
d687
1c88
e018
dcbc
a76e
3d1c
f553
a115
df25
69f5
8ada
5be4
4bc5
7847
bb36
a29a
49ef
e991
6cb2
3d98
ee82
61f1
081d
7d38
8712
8c61
fc41
f6ad
8f46
b4ff
5962
3e3c
7716
1cc4
02fe
00be
8cc1
059d
029e
d885
d050
20f9
0cde
2627
8dde
e966
8cf7
39bf
27fe
b6a7
177a
9dc3
0a15
6e2b
5bc6
e30c
3ec1
66ea
e37c
3761
722f
40c8
bc5f
5ee8
174f
460f
bdf7
d999
5680
8560
3c16
a8eb
e12b
d65a
ee6a
1930
924a
7d7f
1718
fef8
c654
0323
15f8
d69f
2aab
ce39
380e
d3bb
d11d
7421
ac74
0d83
76a9
74e4
366c
a409
fe5b
5cf7
5cf0
3470
6575
d882
3577
b44d
c401
b3b2
5876
0de4
41cf
7fb4
dfc8
bf4a
d551
d641
1bc1
751d
009e
d706
1534
bc68
d966
bba7
3fd0
d796
f738
9d12
6b04
a2eb
9d4b
9e00
d99a
fb46
4748
7dce
36be
60ef
f816
9ebf
bc1a
381f
fa60
a118
1905
2883
3a4a
1a49
97e2
593b
3ab4
eb11
30a4
0756
770f
cf19
887c
392c
b889
a8ec
10e8
13e9
03c4
a15f
0408
5722
a702
72d5
e7cd
6819
6520
70b4
5763
0e30
426d
0c36
f50e
5451
398d
70c3
f5c3
f810
f606
2d00
1e3e
f7ef
5503
d700
f176
2954
4b9d
ed0e
e801
6f1c
6cfb
3150
c8da
ebda
318c
eae4
335f
baed
f0af
d7bf
ed37
5933
6ca4
7e04
978d
e58d
282b
b6a2
cb6f
5756
a947
8e84
ecb5
7ddb
de2d
e5b4
0423
0320
ae65
16b9
ee60
b8df
9f46
f024
ea79
f652
30ea
da12
85c9
ee08
20c4
5b14
bc8f
fde7
67fc
9412
c68c
1040
e362
b38f
c2af
65bd
1989
b8ca
87a8
aa75
4261
22b7
9f3e
dcd9
ba6e
e84f
38c3
2d5c
b739
a02d
bc86
dac3
2ca8
679b
1793
cf15
5e88
7319
923d
ea15
a929
6be7
6125
d17f
e149
0344
bdd0
86eb
1110
fa9d
f757
f13c
b046
7a30
aa8d
641c
d4d8
c7e0
3e77
8f49
b716
f82a
f1e3
149c
0ae2
0952
30d3
4454
7c81
bd3d
8e02
2a76
e7eb
3e3f
f2fe
4836
e43e
248e
3548
b31f
1a2d
9698
64fc
d6a4
4ae0
9086
a69e
e746
0825
72ee
613a
5ae5
afad
5d36
57bc
a6b6
eb73
557b
5135
ac4c
ed64
ee69
ebc5
856a
6e78
2aac
0766
7fdd
0c55
75d4
4f5d
0ccb
90a5
946c
29f1
5388
9088
17a1
b471
237a
1072
8ef8
3d1b
983f
59fc
8f50
c232
177f
53cd
d9f5
5654
61b8
b876
e3b1
0caa
7009
5610
22a3
7b0c
9a3c
a0f4
5839
7d7a
2598
344e
f545
3a1c
0e18
680f
7874
d1db
ad98
6a47
bfd7
6e27
47f2
016c
1312
7c26
4187
8020
8144
e14a
ce4e
018a
ba00
c699
9684
4bcb
c17c
1fd1
088a
305a
793e
8d5c
3e9e
e02e
787a
d84a
0be3
cd57
5dd1
2fe2
d8d5
4932
2192
57f2
185a
59fc
a528
a8b6
cb63
48be
bea9
12be
1f2c
313b
40c1
dd5a
dd8c
85c1
8e44
0dcf
7c85
1d38
842c
0ce7
f30c
79fc
e11a
5497
cd98
1254
6f9a
ceb7
488a
8704
3d68
13a3
e72b
9cf2
ac0d
147f
1b5f
ea14
1b0f
df04
eab0
4a8f
021b
65e8
efcf
8ec6
1880
cc4a
74c5
8864
38d4
b4d0
16f7
cadd
e229
873b
9a7e
2af2
8768
fb7f
8ebc
4608
edf8
1ea7
f344
ad3a
c71a
b0b6
fa83
2ba9
2661
0b4e
9ed7
2946
8305
401f
25f2
f2a6
36ae
9d68
fd93
61cc
b99a
202f
f0a6
c061
f3c7
be68
651c
f17f
bd71
114d
7368
17d7
6b4c
1d50
3011
b9e8
d4aa
5069
96d0
fcca
4b81
a956
a9b7
8e03
0298
5489
bda7
fd8c
939a
7ecf
b51b
0c1a
7877
a931
0731
e94c
ff1a
4b2b
624f
2313
ee34
8146
792a
bb10
ebb2
861c
3415
9531
7ed1
4801
68e4
d7fd
97dc
ab85
2648
43e9
efef
a397
3983
41f8
bc0a
15a8
66da
a08f
9f8c
1319
691c
1466
caf4
d0f6
6f05
ea99
ca23
53d8
adfd
368b
6504
75f9
a48d
2dab
f090
fd45
bafb
4417
5183
48f2
0781
d898
f6dc
2a56
3773
3410
35fc
abd2
a91d
ead1
c0fd
56fa
98c0
93d2
90bd
7e5e
72a2
31ef
6d20
d95a
6323
4a86
d79a
a632
2509
3489
cdea
c7c1
e3a0
bc62
fc44
e366
8dfc
34a1
ad5b
5c28
42fd
8794
69f2
de29
1ac2
9737
4c1b
c652
27a0
5dae
4cf9
f992
8af0
638f
53bc
d055
98bc
9233
2005
6506
8970
6f63
0d68
0a50
6c03
1fff
d8b1
3b59
2eb6
9b56
8fa5
7b8a
902e
f080
691a
40c4
51bc
4265
1b73
3d82
f4cb
e7b3
8131
9943
2d93
e671
554e
5200
673f
c5fc
4dec
5230
db3b
2333
4094
66c0
9573
43ae
8c7e
8b06
8e04
460f
4666
a5fa
26fe
45bd
e94f
746b
eef7
ba2c
a313
d192
cbf7
f88b
0c93
a27a
6a77
1034
6130
9b74
765f
e7c4
16ed
a17b
bbc4
c722
00d8
556d
2ca5
c808
9d28
3445
e834
9678
2f7e
589f
1342
98cf
f565
d2e3
1abf
f163
26b0
b907
9a70
30e5
141e
7096
ec3c
c3e9
5a72
813a
ed56
c608
6d58
bea0
a2ae
bf23
ac34
bd7a
6e47
3cbb
e936
c78d
18bc
2c8d
93ac
39db
8643
a658
7746
2542
2b1b
36fc
407e
f05e
8ed8
5150
691a
1365
0ea8
fd68
8e88
51b2
a621
b61c
a1ff
6bbd
4fa6
837f
2b93
7c17
3dc3
ade9
c51b
4954
920b
477f
d581
89ca
6660
f8cb
dd4e
266e
d43f
89c2
5c30
3dbf
ab4e
64c8
c923
1b99
6fe1
2325
9b6c
e678
5776
24e0
c5f2
49e0
bcd5
6199
26b3
859c
44b8
d98e
cb94
e0a3
53e1
d231
1c56
984a
01a7
ebee
10a5
7fdb
47d5
8809
709f
7399
a580
1733
2a64
36b5
1643
be11
766e
0044
e05c
5939
a32b
d79d
2c23
d23b
8b3a
dcd6
6099
fee0
1cf6
2aa4
cdc9
0403
9a33
99b7
945f
8633
c51a
a8d6
e0ea
ade2
3c30
c869
050f
2624
cce3
90b1
994c
e710
ed79
9cf8
c54c
4523
f0f5
7bbd
ecb6
86ef
83ce
0a4b
674b
895f
e83e
58ba
33f5
00ce
569d
bb7b
bb49
4191
9985
53bb
04b9
c869
9248
1385
42e1
a647
de55
8d72
f8b1
801c
66a2
b107
f474
58b8
2e8a
6b0c
d50d
d6a4
af26
2fa0
19a6
2285
30ca
95e1
aedc
d8f8
9af2
67a9
1d64
b7f6
38d6
21c7
f25a
3b98
00cc
8471
84a6
4d74
e054
f5fa
023f
268f
4a49
ebe9
abb7
0e96
dd16
6451
ec8f
b6ac
a5ad
fe9f
1bda
33ed
d696
431b
4494
9c8d
a3e6
2036
4c58
fb61
c22f
ba1f
2e31
71d0
816c
ca40
22da
baa9
8b91
ccf2
e5f3
6c61
3370
aa4d
6067
26c6
b834
8639
8fdd
dea0
22ff
41d4
f35e
b6fd
be4a
a79d
2fc3
0021
d9d0
a137
1115
ce62
cd4e
d504
5f4d
271a
d768
6bc5
7283
2928
d54b
779a
c5ba
4511
e3ea
24bd
b3c6
764e
7962
2329
19f4
8242
eb01
5907
3f66
c711
d46a
66b5
833e
1371
6b12
6361
835d
8a59
ff24
92d7
8468
d8ba
66bc
8411
bbe0
71d3
cd99
e3e3
7208
67fe
2227
ca49
d009
6ae2
bde1
b7f0
6f6f
6345
3112
9b24
4803
07a4
bfab
a64d
14f7
f6ba
efb9
3512
cc4e
6872
2e3a
2900
a488
54ac
4690
5079
2b4c
717e
5d79
c9fb
edde
e406
4158
20fd
fe10
f070
a0f6
8076
6967
697d
d693
3006
2091
8af1
ce96
91c5
e523
5fc3
d171
7f65
fb0f
1f03
3095
c81f
da2f
442f
c8be
2930
f45a
29a1
f028
6268
f773
3038
6405
7f96
e62d
b8bd
8a62
7885
9db3
b46c
a808
cd75
a5f1
0875
0c82
9d94
3cf9
ff04
3327
0dfb
8d3a
fdfb
67e6
2828
fdf0
eacc
203d
71ff
f0f9
4641
801c
99d1
b245
cde7
fb30
8745
ede2
9e6f
e389
4cce
76d8
3420
33b7
c0be
9e3f
efb5
bfcb
2d3a
426e
6a69
6638
3c1d
db1d
de93
af22
ed9b
892b
f709
835c
a87c
d7dd
7bf3
56e1
d60c
803b
79e0
5625
7e62
af39
69e6
a71d
cb85
fce1
f86d
9a7a
8eff
0acf
1f07
aaea
fbe2
e59d
431a
ef1c
2ccd
1934
eae4
448e
7890
5cb0
1d1b
f547
64d1
77d8
d366
9e35
2dd2
ab79
2d53
d195
509c
67a7
ab5c
de52
c01f
ea0c
b7ae
c711
1dcd
49d4
0b2c
d1c4
8eed
1698
d555
744d
bc5d
1fd0
5da0
3a87
e000
c266
0833
3441
c93c
41a4
5798
b09f
49ad
75ed
407b
332a
0ed2
e791
8644
588d
21ce
7337
ff06
b565
9c0f
ee33
eaeb
f785
4abf
e458
dd46
9762
1e70
a3d3
7daf
63d1
6c31
61ed
9607
5cf8
fc24
c115
bead
2493
e0c6
b1ca
7247
881d
94b5
de75
c339
4d58
d3b7
332f
84a4
c438
e4bf
6d0f
a990
3e5f
205d
22a0
cd5a
ae29
eb4e
9cc9
1905
cc44
53ac
7c34
e29e
72ca
5816
982f
7771
8458
21a8
71b6
2589
f38d
4870
5747
e736
faa0
c537
f17f
04c4
d57a
908c
a423
6f08
70dc
566b
0cb4
775e
2cfb
c0ba
5057
a3f6
22e8
7948
eb99
3526
7468
7097
8db3
a2e9
1666
ef04
aad1
3874
0367
1410
da0a
bedf
0ec8
c5ee
7d28
5dd0
479f
1365
3148
72b4
2d70
61af
e76d
ec7a
8be1
bc1b
969b
ee4a
4bd8
9867
582f
48ec
d0ce
0847
93e9
0a2d
a83d
0035
0b19
ce3f
a457
086a
8f7f
4635
5538
2050
87bf
a667
9c3f
2ba3
717f
1dee
7ae7
0431
f69f
d948
6fcb
e39f
9c53
6875
b9c4
6282
a334
f1d7
188d
3051
e102
37d3
1ccb
c5dc
03c0
2be7
1044
e2d0
9051
3941
739f
60c1
7ce7
f29c
eed6
9ae3
a71b
55d9
b470
1890
e0a3
2e05
1a57
793d
84df
c28e
6a35
07fc
4842
fc05
d5da
4b22
b5fe
6cd1
21a0
6c7c
97c5
d74a
b43e
2a54
e950
be5d
5aa3
11a5
e109
e27b
2b9d
0393
c904
56a6
b182
7756
5cbd
16cf
91d7
01ac
d31e
da01
4bd2
89cd
0bd5
d4ea
1ac8
7982
19e1
5b01
1cb9
062a
457f
d327
8193
b1b8
f65f
a05f
62fa
8c8a
c7c5
a2fc
4fa7
3ee0
71eb
3103
392d
eb61
d9f5
bcc8
95c0
e371
4ee9
12e1
a81b
8d85
cc32
65eb
bb9a
2d8e
f48b
62c5
1b1f
0422
6800
9f23
4cb3
f5ee
fbb8
d1b8
ed42
1008
f8ea
18e9
a8f3
82f1
1e74
e25b
581c
0b14
6263
69f8
7628
6bb5
f656
ce02
d5ed
80be
70cf
6da4
0f79
b6fd
7fe7
c598
fcbc
4a35
d71d
d736
637f
f71d
c13f
78d7
2e65
cfbf
37ba
3246
b1d8
b8d2
2225
fc82
06e6
a8c5
2d29
46e3
a1a0
b3c0
7175
0d4d
da50
a035
c1d2
4f29
cf88
bf18
578f
596a
f278
e0b9
ffd7
a1f8
cd35
bd76
d427
3cf6
70b2
afd8
1f92
edac
2f4d
72ff
23d6
1942
d928
7291
0ed0
69bd
74d0
5ad2
d7c7
75b5
0ab8
082b
2a68
0ff0
b22c
011e
d430
500d
88c8
c026
aa79
68a7
beb0
802a
7e31
948d
dabf
412c
42f2
56ab
cf0d
9ca8
626d
87f2
0dfa
8b8f
8d31
9a2b
d9fe
4aa3
17cd
2913
0628
13f1
bf5b
f8e9
32e7
7dfc
cd79
c9fa
c550
9405
77d9
8813
8471
355c
a9ad
0a94
3c7e
f2e0
989b
0232
5e82
84d2
be69
2c24
f24d
2692
6cc5
c07c
a0a0
ca32
ac83
5628
c618
045f
787f
a74d
4f2b
a5f4
b4ba
8dd7
827f
2b1c
39a5
718c
f14b
951a
1987
c872
d9c3
bf7a
8f6a
1788
caff
b92e
db28
24dd
f5e5
8dcd
5566
2e3c
7727
a6b9
1f32
022c
d882
74b4
4b05
3181
e478
612c
992a
7f0e
1365
7c68
d839
d030
4aa7
0578
985b
0ba8
4fb7
788d
e0d0
192a
ce14
0703
7f66
d8e5
1c94
c1e3
af85
bd15
61df
7210
34ff
66dd
903c
677b
7179
231d
7433
30cd
0653
02dc
1a84
b328
5412
5453
263e
b665
da2d
9944
80f8
5d71
7fe1
9722
baa2
b466
1716
b27c
b1e4
97cb
8ee4
2aac
ade2
f40d
ec29
869c
7124
003c
d8a9
4b2b
9425
33ab
5301
8463
dc40
60f3
82ee
41dc
cae4
4c0e
2cf5
6556
7062
3772
5d4e
5b90
ffc4
80a0
898e
374d
8784
bbb8
4cd1
781e
ad18
15df
925e
283b
7474
59dd
9257
3cb7
f239
7e8a
c25a
d014
2574
b710
220d
a968
75a9
fb3c
ee03
cdd3
437e
8bb3
ea95
8106
42b0
d66e
33c4
343e
f482
58c8
5be7
6d08
2212
71f1
e59a
e08a
4167
e400
a66d
a1f1
5460
d690
79c3
5ffc
2a8c
8ec0
7703
4e2d
2d40
4b18
faae
779b
69e9
efa9
0386
2965
9068
541a
e9d2
e06a
b23f
2aed
6233
9425
eb5c
75a8
aee2
9aed
9578
bc97
d017
0aed
6759
66ef
e5a4
630d
47f8
5375
6467
a9f5
f0ac
7dfe
ff4d
27f2
5667
ff8b
2e9e
1d48
8729
aec8
4062
c775
892d
246e
1f0d
c88d
9983
cc61
9707
f5fd
14d6
4e58
b1e1
6c10
9810
56fc
7107
7ca3
4f59
6bfc
3248
6d2c
f2b0
b02c
6245
0338
feaa
d8dc
a0fe
6013
9d2a
cff9
37d4
1c5d
0578
91d2
533d
63e4
6754
7052
e5d6
d5b3
e446
d26d
ebb9
2f4f
8626
60ab
6be0
a283
1e18
ff38
1625
3d44
a2d8
05b1
9ceb
f602
2e10
0559
d372
ef18
76c6
9802
da9d
566c
a614
cb0e
d7ed
2b9b
fa12
12b1
c2bd
7826
be1e
aa38
f74a
4c3b
3fc9
810c
4bb1
618e
054a
3f25
219a
5205
6fe9
80a8
e52a
58be
7492
4109
64b2
51b3
fed0
5cef
4922
a13b
e113
e497
f842
861a
f610
d5c5
ee70
d6ed
38b6
b67c
b980
2fd2
e221
07b3
2394
733f
6028
ab42
94ff
fd14
0307
b494
36ae
90c2
3663
a164
db0a
e2a6
4179
2f30
5856
0e1a
da3b
c60d
3892
dafa
d3b6
7e65
5065
b1ab
fec0
b7b7
4004
71f8
acf7
48e7
d0e0
118a
7002
a5f0
afe3
a05b
82d1
30e3
131e
f7ca
b821
2d4e
a564
ef06
659e
923c
3210
248f
65ff
2682
fe4b
75b3
3373
fdc4
9733
c4e5
30d0
8ca5
377c
d5cd
7061
f107
f7f7
f302
7b3f
27d0
3f5d
5902
84a8
0a8c
0f9d
9ec8
df26
b771
a889
1ab4
0908
cea2
e980
4bb1
1382
9873
91bb
0db7
a681
7b46
f25a
ebca
b125
26ae
31ce
6ca9
a681
dc14
5965
9c5d
2f89
2b73
6556
4e69
79b9
2e4d
a052
e4da
9404
2d07
ec02
bb38
a2bb
2281
4441
13f4
b616
314b
9cb9
203c
5e87
8b2f
609f
d3ca
a526
757e
5304
1d3c
bb3d
643a
5882
a1a5
1125
47f2
1ca0
4c77
7e36
07d4
cebb
3007
3f38
08a4
ea6e
f8bb
92a1
36ab
4e95
e356
bc0e
d1bf
15f1
6348
2b5d
be33
16b8
b899
223f
338e
4b39
0cf9
8d7a
8270
c446
b8a2
0751
915f
b49a
b5a3
ef5b
a68f
36f1
edf7
96a3
fbe9
b3dd
6c1c
8a06
2bd3
b21a
69ba
b590
6697
2dc5
3568
ced8
657c
b1e2
0d9b
f1cb
a9ca
c891
e24e
047e
f881
35c4
2fe6
9da6
1570
2c85
d032
a551
a339
730a
8d7c
938c
505e
20bc
5839
40bc
56ee
18aa
d12f
832f
635a
2a71
47a5
86a6
68ee
19f0
2857
3f9c
ad0a
d240
b934
6930
39fd
e9b0
4725
06ad
8b40
e555
914b
18be
6729
93b3
b82e
e5d3
c095
0e5e
5d0e
edc0
6e03
e3dd
6548
ed6e
db98
1f61
6a73
4aa8
de2e
5a27
41a8
0546
eeeb
7173
f568
209e
faf3
e74f
799a
23fb
ad2a
3704
3f4b
a734
9ef1
9679
b198
fc9a
d7dd
12d3
4930
bbcf
0c7c
f4cd
2a8d
f940
0c82
94e4
09a7
c32f
39a9
5e16
9595
080b
fd6c
3cd2
16db
2a95
7e56
e2fa
4707
a8c6
5ba6
844a
c4f7
9ec5
dbaf
73ae
139f
261c
bca2
7bad
54b5
cdbd
f4c5
75a3
1b67
fc88
1707
0996
22e8
8cf3
da52
b078
d1b4
da1a
45ab
04eb
ad41
2f72
eeea
bdca
32b2
2989
a8e3
33c2
41a4
3535
7af7
5301
4883
ee88
51e2
4153
bba5
8be4
da88
41d1
9b31
eba7
ac0b
3ca3
3097
cb8e
7252
ef22
0576
684a
cf8c
6536
a21e
d47e
99bd
0b27
be5b
2d60
e4cd
b380
3deb
ee9f
cfe6
aeb1
da36
092f
dd7a
a2a6
e85e
79c3
ece4
2b0e
67cc
75b9
da5f
b750
b7c5
e11b
15eb
87e7
d449
4d4c
b09d
0c6f
5282
fda0
6bcb
2ee5
e16a
66b8
150d
f0f7
2957
c5f0
b707
828f
b735
d368
15b5
3ff7
3f34
3c2a
aa87
744f
18f8
b110
c3e5
0926
b8c6
8379
dfa6
52bb
98c9
654e
126d
acf9
9ecc
1a0d
a4ac
bc54
43ff
93bf
dfa3
83c6
4ec5
bf07
4044
1d76
4628
5f26
6c42
838c
e87a
43bb
7cab
8c51
4d82
dd33
4045
d67c
7abe
94ea
ab94
9425
81c9
2737
fe5c
babc
f928
f253
7486
f28b
b744
605d
7371
18b7
0cc3
9d9f
c034
37ca
2b50
72ed
0d1f
9dbd
09c0
9113
9caa
917f
16d2
5f9c
920e
8929
bbf6
7623
7cbd
9088
9822
09f2
ac8c
79c9
0b7a
dd62
c076
7ad2
077e
2bcf
bb42
e0b7
41d3
7bec
8c4a
505c
0ef6
8c40
07ad
39f2
e7cf
b53c
9542
029b
e19d
b036
9315
b11e
4dc7
538f
b592
7389
f19e
d103
98aa
8925
78ae
d5a8
8ce9
7991
5ec1
76d2
bb81
52c0
4164
d246
4020
6573
e7f6
a1d8
2d50
71c9
a31b
406c
2f89
cfb0
011f
f74d
472c
235d
7cb7
d47f
220e
33fa
6446
f357
56c1
a515
a110
8a51
227d
d51f
129f
fc95
3e6c
0b80
a729
0507
4638
5dec
85a3
cddb
ec85
f7ff
4457
132f
30b5
e456
bffb
8a4e
f806
6b06
5102
85ca
6507
565b
6df1
7aef
ba6e
139e
f8a5
282d
a121
454a
8df4
4ead
57b9
e988
3ced
36fc
250e
6e06
b3ec
b20b
cb61
8132
a2af
9ce5
df01
1c77
133b
8ad3
f115
11e5
677c
0285
22c3
7e3c
aa5b
8848
d072
8202
edd0
8305
2ede
ef77
1096
0a02
379b
c6d1
30f9
8bdd
07dd
7d41
17b1
b679
4071
a22c
e04b
dcda
0f87
4372
b301
7443
ccdc
4e89
bfb1
bb73
dbf0
2d3c
78e8
3c32
0975
8f8d
f842
b98f
cb1f
0a79
4981
9edd
ad93
f11b
fc6e
9c64
6d2a
4ae6
d228
faec
b314
95d4
25aa
b1fa
6541
c129
16bf
d33c
4f40
30ae
025a
e71c
1fd3
20a3
ae96
96c8
41d4
3a13
9a15
a273
ae29
0303
f044
56ff
4971
4b33
1fbd
4463
2098
0bf7
cc80
3756
cebd
e0b9
3e60
2beb
cf90
46c4
1224
fb15
7034
817c
6089
ec66
6162
d1f3
e3bb
baef
8bf7
6e32
7eef
2177
d4c1
9238
5d0f
119a
9835
d5fa
0a4b
cb33
74eb
84ac
609e
dd6b
240d
42fe
809a
b008
3893
40e2
d6c8
aca1
aea4
ae19
c700
56cc
0cc4
c1e3
164b
4ae1
2c63
eee0
faf9
9a14
379a
42a1
7548
c67a
47dc
64c5
ed1a
90aa
ab66
c8ed
7482
3078
e08e
a04f
4ebe
297f
60b0
d7c7
adaa
a2c5
b8c6
1cac
a5a0
848e
6a04
3f11
fdca
fc4c
fd4f
754e
6193
92a6
ed30
1cdb
769a
8544
d0b0
48ef
d925
71de
cfbc
9376
a88f
2ad0
30c9
001b
de0e
85bb
8b37
b865
0f07
edb6
147a
5e96
31e9
4813
20c1
19d0
9bf2
ec31
3a7a
3392
b89a
c455
a607
af42
f100
50b1
476f
bbbb
9927
6b4b
d80d
8bd5
669e
956d
f475
8f0e
f35a
5c71
15c2
e3a6
0316
3201
077c
559a
6b1f
87b8
85e9
8ed5
f020
b0d2
48d5
0a7d
d20f
0e8f
8cdf
869e
e71d
fad9
5dd5
8c08
8a97
fd43
33b3
22c2
6898
bc64
8cd4
fac8
eb13
dad0
537d
b119
6a4c
c1ea
b2d2
6155
7ab2
3904
2cb3
3172
1565
ce18
6b32
5c68
e21e
0c99
89d5
a625
54da
ce03
19c8
4124
011c
0dc2
59e7
6b27
3f2e
13a8
ca85
626b
0aad
b6ad
10bc
af85
2909
7f1e
5384
070f
64e8
db06
3abb
4d09
eb80
5828
b8cd
a6fc
5577
6a4f
7074
98c8
bc03
91b9
6be8
778b
be9a
88ff
ea1c
e840
11d5
715a
01d8
10d4
6d79
f034
0e18
8290
a90d
1bca
2b56
576f
ed09
c845
4e06
03ce
e94e
ec38
6bc0
c6b6
99c6
a721
470e
3ca6
5310
5685
431c
ba0e
f84f
5f76
652d
c5df
2fe1
5e46
79a9
204a
6d88
ef9b
788a
b2ec
8386
c229
1413
0e4f
f379
8c81
4645
fb5f
a32b
0346
ddda
9ab1
3bd7
7481
6608
d2ab
729d
3fd2
502e
5a69
2f1e
49ba
6787
63e5
ebb6
04c1
32a9
e09f
f7ab
ef7c
d763
4737
26d0
756b
de84
9697
118d
a88f
2ae3
7bef
3945
03d5
28fd
e965
7233
719b
02db
5297
f568
2207
6748
f624
8223
9a81
cb4f
48b9
06d4
4e08
906b
99c8
1069
7c4a
7818
2fd4
a1e1
cc37
2b04
9160
5433
01cd
38af
dc79
3fe8
ecf7
4de0
526a
fc79
6546
9c1a
c6a2
71c7
0b7f
54f7
42e4
4365
a537
0bdd
e78b
2639
d7ec
766d
6110
48cf
9fbd
96f3
0b7f
2103
5339
1849
fdd1
f248
0b5f
0990
2d5b
4191
7106
86f0
a66a
4ce7
7246
f2f8
c748
e378
0457
6adf
820a
2047
4f49
3d15
db7e
e3d5
63bc
0e6c
1f2b
0b1f
1a36
58e9
6cbf
858c
0ae3
39da
fcba
cd3b
f2f4
8da6
74b9
cff5
a296
131c
3cd7
fcb7
bd66
9a13
ef90
34f7
27dc
b380
fc5b
e493
ecb7
e8e4
38b0
47c7
7eb6
0d78
d19b
b044
0de9
1a21
14c1
a0c4
c1fa
da73
0d26
0ebf
ac05
8a9b
d82e
01c4
5f2a
ea65
3a01
edd7
d546
74c2
c376
db7f
22da
41f8
9d98
9b51
2281
41b5
c8a4
2351
fdc0
d0e7
e2fc
860e
3c4e
fca1
9bd3
7c4f
3a60
5224
5a09
c2c1
446d
8b6b
e8cd
f82c
8c16
76c7
146c
87bd
ca68
5c9f
3336
95b5
4669
83ed
1f79
3ed6
30ca
5cac
d1ed
cb64
25ba
36fe
d22a
6a65
a84a
e244
c1b9
a22c
5989
ea03
c57b
eef5
79e5
e99b
d757
2f41
4156
2eba
c938
8c04
1bf7
ef2d
840c
1ce9
52f2
f1c0
1a42
d797
559b
581c
c9b2
eba3
a000
9d49
6dcb
674c
9b7b
1ea5
1284
1c90
b7a0
b128
a899
580a
7828
4f2f
1120
9431
7e4b
0c42
20fa
793d
5c0f
5312
dbd5
8427
c8c3
2136
6d09
4ce6
a25a
efff
0a72
e9a1
0211
840d
1e6e
ea4c
8500
9af6
7fb7
c520
f8f6
2333
f004
0064
cdc7
ce8f
7126
ec32
1ef2
7edd
85fe
adbc
8e3d
82f0
6024
77a8
a6c3
774f
ffbc
e21d
e65c
8fc3
577c
2e94
0308
22e6
e8f5
f9b8
f702
bac2
a993
c7e7
5c58
4a61
486b
6337
13cc
7400
a9a6
c5bf
44c8
6ba7
4d39
13dc
45c2
af58
d788
df16
ed2a
ee6d
528a
ddb8
4a90
d691
6c31
ecd9
fdd7
62bb
520c
c9bb
97a5
6afa
a7fd
45fa
5790
30cc
62f7
0879
b9c6
4478
c0cc
8890
20ee
6630
e81b
2d2f
c82e
438c
189a
4285
9434
2f48
28a9
611d
d9e0
6908
3fa4
93ed
4394
02dc
9393
3ce9
b464
02f1
a8e1
e0c3
f890
8a8e
301c
68ee
a72f
650c
751b
9588
c0ae
f99d
aa11
44c6
6b83
3d85
b1cf
5aa9
5ceb
05af
3e9c
860f
5cac
a287
ac2b
5006
37a9
9480
3cbe
18b6
b6f8
3e1d
7262
6721
d93d
a27f
eca2
8ac3
ed7b
aec9
c618
70ec
9e3f
9c7c
59a9
67db
03d9
4432
7218
a1d3
62e9
f575
d5d4
3100
7e5e
e322
e787
4d1a
a693
02c8
6340
5534
3d8f
db00
cb8b
d639
addd
e585
b070
1d6c
778f
4e04
e352
ceb6
d182
9530
0a7b
d37d
d3be
99e7
5c64
039a
b360
2946
8e47
6906
4ecc
e78b
c9a0
621c
0e88
1e52
5105
42e7
7125
f1f3
03c9
fc3a
ebb8
9461
8e1a
7380
2b78
a542
1d78
5a67
d741
3af2
4445
28c4
33fd
1c66
1f0c
2ef0
db9e
f542
a024
7816
4e8a
1cdc
5faa
a24c
73d3
8525
fd05
c088
050d
bf00
0719
fe1e
fcdd
0744
30d1
ef18
8c2c
7447
86f6
1f80
fbab
78d2
0339
7f1e
5a9b
4c17
9ae0
d1f3
b316
8f26
098a
6682
c7d0
38dc
4dc1
a0a2
c9d5
2e1a
42f0
3a15
b7a5
49ae
ddd3
3424
b3e4
674e
2f33
52f6
3641
a5a5
2967
30bd
3cb2
1b65
3268
82e0
82b3
0931
8a8b
68c6
5388
eab8
0f3c
c64f
82b7
0d0e
51d8
3d37
7bfb
003c
d543
b9b6
a59f
6669
2596
756f
b18e
7d2c
0a7c
702f
fb7d
5af7
2dbd
e577
8b73
c024
96e4
bfc8
4bc0
7960
bf22
1e5f
ba57
6df1
cca4
bd7b
a902
5661
0b36
f610
8b80
5a25
66b3
a3f9
1835
c8cf
2047
87ba
e7d1
1da4
dd9b
a705
eba6
6f81
986d
f7b9
8381
70b8
4a35
7b98
9c3a
738f
589d
18ed
ec80
586e
9ccb
d2c8
f0e7
6a10
e467
123b
6445
ab4f
6c2e
baaa
ad43
8d1d
6885
c340
b859
ff2e
dd4a
90d8
0ee9
00f9
2c3d
0c0f
2b1c
7773
5644
5f09
7d49
fad9
ac1e
25c9
b375
7d9c
108b
a18a
2a32
68cc
6090
052b
e7b7
ae90
15df
45ee
a876
a445
d764
7f0b
5436
9e2e
2e2b
c445
78cb
db94
50ba
5b9a
f40c
4cfa
6cae
99ab
8063
abd2
207f
2707
6d4a
5b75
2f92
a3c6
af84
e51d
cbf9
2c21
5245
3594
9b6c
31e3
03c3
c129
bd0a
ae2d
0ed0
c6c7
2138
ef6f
5678
ec84
2b65
f6e8
8728
53d7
b34e
4b68
1106
cca7
c06b
afb1
b3a1
63b0
090b
3907
a6b4
1b8b
54c1
19aa
be01
9f7f
cef5
4e3f
7d44
dda7
9053
00f7
fe4a
041b
2dba
9466
b027
c0d7
6350
cc57
623d
cb4b
202e
4337
d653
1900
73a5
a868
2683
3932
e0a1
a3f7
7242
a318
9602
5f3e
a87a
9846
15f4
b72e
80fd
5c33
9ec2
df45
b6d2
9ff9
92f9
c0f8
8d4b
9449
7ac8
e211
34bf
fa34
70ea
35cb
bc8c
2021
0f03
129f
9e62
331d
eb5f
7da0
12b0
d624
1179
c288
0ec3
cfce
2aab
7522
bbb2
bd54
17c7
449d
4b6b
7567
5790
abdc
2a71
cab2
ae76
04a5
582d
7452
1fc2
0926
02a7
2952
4dc3
51b9
d3c6
a845
3b6a
2ad6
0e0e
21e4
3ee4
f18b
e3f4
7bbd
7ff3
5a85
300e
ae11
e40e
ea5e
f9c5
0be3
f0a4
6894
c043
6940
293e
8968
3701
68bf
c715
bb40
845d
8cee
923c
7059
c613
0786
a2fc
82d5
8d49
7172
f9a7
6f34
3d23
6cda
512c
a370
3b6c
bede
e47b
122d
405f
6e77
b244
7e83
44de
573a
78b0
66e7
3d86
617c
1d82
85d3
02dd
945f
8794
41be
1add
208f
9df7
3ab9
c07b
a891
02b7
eda9
f54b
04f0
0352
afb5
daa0
51d8
4a01
62c1
62db
f474
3bf0
5e30
a621
0f37
c7e1
515f
826b
3256
a51b
a5fd
09d9
8845
4377
bdb3
3039
ce63
66b4
8832
782a
2c16
2722
589d
b6e1
f8d6
cabd
82e6
529b
ac27
2c3b
1625
947c
bf21
df28
3e88
3b28
d145
6f58
a5cd
a2fc
89cc
92b5
2d5f
81b7
1dca
5d1c
a499
9b01
90a3
62a8
5bfc
2beb
22e4
f579
7a53
2ae2
fc04
ae0c
ceef
88a3
577f
37d0
41dd
6fa9
04be
5623
81fd
8117
d783
3615
54f4
d3b1
ba2a
3a4e
18d3
cc57
0354
6767
81d4
129c
8e44
a0e5
5eaa
16cf
1269
011f
8cb3
b406
1391
1d59
69f9
3d3a
22f7
3311
9046
cb42
b3b4
1446
b958
de5b
c121
23b2
0624
26a8
4a0e
cbae
03c4
ccb0
bffa
b47b
d29d
df0b
e298
faaa
b8ef
4f03
94af
8806
fd0b
abaa
b047
2521
3f7f
5455
03d4
2eac
970a
67de
b424
ca82
af76
c3df
eb40
1825
ab20
86b9
1e5e
6164
873d
e380
3044
4a05
36b3
dd00
5b48
a817
9cb3
8305
5c47
1077
d8e9
c765
8640
deea
6abd
ce43
9735
ff71
b5c0
4cfc
e473
5f59
fbcf
f49c
b951
caf4
e0ed
b538
3f9b
53cd
3add
5734
0b36
c14d
fe6a
1c88
988a
3a7d
c567
7f41
c8f8
35df
fe9c
0f7b
fafd
e122
f703
1adc
6044
ed55
78e1
3686
ba97
3495
0bd0
3340
f749
0e95
1432
6ee3
6e0b
df14
5b39
b3d5
9d67
fa45
3c8f
f6e4
98da
510f
e2ef
8ac6
cf43
6073
53b3
e48f
a12c
06ce
02ff
e7f0
f8eb
8896
a0c8
918d
ae97
6e0f
4140
6315
876e
5964
6b7b
4980
efe0
8281
4e41
e364
a949
003b
f841
b7b7
663b
0818
17c7
e4da
44c6
33f4
7ae6
face
b5d9
4f76
0229
1ef2
939e
ea09
eb29
6902
e187
e5fa
0a69
6b85
5e5a
eada
d4a6
5367
0506
bae8
7928
ee17
3efc
9a1c
8ff9
81da
0bd3
f519
cff6
fc5d
1ac1
0b82
47dc
40c2
d911
1b29
cd0e
00da
baad
2b17
92a5
9a43
4b17
e8a6
4523
670c
0d90
7b66
9046
05ed
e91c
44d6
9d1b
6429
ae61
29b2
fb7e
4628
4a7a
9bb8
3530
d35c
6583
9a2b
f2c9
f095
8ae4
7626
5509
0dd5
3d4f
358c
9608
851e
b4cc
f249
93ad
df6a
4a23
6c5b
9216
39d6
a686
7390
bc9d
083d
0ada
7813
7a9e
1554
ed27
f2fb
d716
54ef
f630
b4f4
3d2e
488f
a550
000e
45fe
c11e
9df5
e3aa
deb1
953a
9ce8
c83a
b8f5
13d0
49ef
2eb0
81b6
b638
6e56
e29b
d1e9
77e7
be89
e78d
a8ac
13a3
90d4
d081
9ca4
58f5
cd04
eec8
03e1
f4ea
1d4b
8b35
8a09
fb8f
78fd
a8ce
c8bb
247e
ab3c
569d
3e00
1303
8294
43ee
f8ee
3cac
265b
d61f
a799
f67c
b4eb
f06b
8482
6789
b71d
0b17
93e4
97e1
ebd0
cc32
c8bf
d85f
8dc8
ed75
cf8f
fa08
0086
9166
e103
9c27
56ab
1ddf
210b
8bc6
d356
19d0
667b
275a
07b5
b828
687a
653d
09ad
dc58
ab87
0218
e654
bf2f
8edb
3a14
796a
8b17
ab07
74c3
eca3
d83a
2674
e78b
7499
7d49
b31d
565d
9d9e
78e6
e9df
19b5
a698
f66b
2aae
5911
e5fd
d3ae
f77a
bbeb
e956
8267
85cc
4e12
5f80
9058
7a6a
f1a0
423e
42d5
869b
16f5
e6e2
70c9
f421
d1df
813c
1347
e685
8fd3
5668
5a23
7c30
40d2
a813
2748
1c77
def3
0ca1
385f
1816
645e
a0de
5efd
4ad4
d074
24c1
47ff
dd02
e9d6
5cb3
b2c3
b1d4
abcf
07b6
d8a4
bcd2
7ba1
f0d8
1be6
6d2f
e974
6fa1
7649
58d8
ba24
0200
824b
7d86
e107
61be
599f
7939
7725
4bd2
2bd7
293a
96ac
c5d4
5d52
5ef6
915e
7d0f
0cc4
284b
dc65
4302
bd7a
fb57
4f25
e8d3
9159
7918
2506
f05f
b70a
7d75
78ce
5c4e
7b64
8bac
da21
fad9
20e3
80f9
cc41
683c
9978
9cf6
c7f6
957f
da5f
f81d
9f38
4a98
76ba
e020
3dcf
6f62
f652
cf3c
e4fc
8756
7bd6
7808
dba6
db6e
ff2a
4b11
56f8
057a
8091
f4bf
f149
1882
5d50
179a
2917
60f3
4784
036c
c929
c1ee
69b8
f0ad
c34a
ea8b
2a60
ee43
a5f0
e57d
71ce
b77f
c1e6
673c
56fc
4f44
3962
fabd
336d
495e
87f8
ef02
41e3
eba4
c7fc
6d16
b6ab
53ca
6a3a
a098
1658
cbdb
b738
fad3
9b3b
57c9
0dc1
dc0e
1ea2
fa14
9801
91e4
0cd7
4aca
b19d
1bbb
b92a
e900
1cef
d84e
e278
e7df
167e
7933
cedc
f72e
65e5
4e67
283a
4f4f
b099
6a05
e4e2
22e9
be39
4de1
3d66
362f
a361
2a21
e78a
1a81
c388
b2c5
1184
8825
9b11
51bc
ef8c
4d2d
ea92
e270
5204
59d7
6ed9
e7ad
d3d5
be3c
5116
4757
efbd
9aed
666d
462c
2771
7a40
6f0b
0298
43cc
0a5d
ff02
da07
5763
4423
8dab
fc3d
1466
c7dc
e5d0
aeb7
7d25
6ae9
2daa
d2dc
c641
d708
750f
3a79
cf04
2814
9be5
8c67
0ae3
4bb6
ac93
2bd2
c278
b4b9
a1dc
e03c
b41b
b444
6f64
23e7
0c58
52d8
f94c
a168
e663
6cec
36bf
0b97
987b
85fa
f00a
e294
8cee
1616
0c04
d847
bfe0
50dc
3a1c
77f5
cd85
8adb
a21e
9a86
b8be
ac75
cafa
9521
bf10
b7a9
8921
a6ba
1b92
88e5
20dd
ef3b
b403
431d
704a
555b
334f
defa
3fb5
fca7
69b2
f482
02ef
ec36
ddf8
0f88
60bd
a609
9ce9
94aa
4632
75e6
ac36
1c8e
e3f2
fb19
daf0
d9f6
3945
e79e
956d
f43e
dd49
2bc4
0299
cf75
ed02
5b25
bd5e
7f5f
8ab3
0b96
edd5
a08f
6801
5764
146f
edb5
acea
cdd5
e103
f3af
3aa3
2ed7
4a1d
5b48
ac96
742a
5b16
ae13
3cfc
8df3
4cbd
68ab
6d85
a6eb
e5c3
36c7
36b8
3c05
3330
1ea3
1141
4bd2
b4e2
c8be
03f5
9bc5
2808
6e82
b43f
b423
c242
e73b
8634
fd5a
ecf7
dde4
1235
39f7
3127
ace9
17a4
e13c
5de3
e350
4327
5174
a060
a692
80d1
0b92
02a3
35cd
ac7e
e92d
ac61
8b52
6109
708b
616f
096c
0e59
2db5
c189
f083
1e3d
99ad
17f4
2337
25d5
11fd
2e4f
9b1c
072f
2693
664e
6915
b40b
6a0e
7fa7
7415
1bed
173a
8754
b088
15ba
f42f
906e
e6c3
33ea
4491
8caf
57ea
605a
602c
35d5
15e8
9b51
768a
8d34
b366
c3ef
d454
9f16
229a
77e2
19d2
d5f0
cb96
50f2
b19d
d979
a00f
13ed
7bb7
b823
83fd
09cc
f068
e4dd
7a52
a180
51b9
76c8
26eb
a599
1e7b
4e39
ced6
793c
2015
3ca2
4bbb
6c49
c0b1
a3ec
d24d
37d2
9784
ddc5
47b1
3896
9c7f
d72a
825b
fb11
0bd5
29dc
2930
30d9
0f50
6ecf
7109
a43f
38c5
db59
2bdd
97cb
3c7e
b37a
3eca
1965
9cfd
8ea2
c231
d9e5
b46b
29a2
4f4a
1de3
3e34
b6de
4c45
a3c8
626b
8677
7a2a
30eb
ed63
0351
95c0
bc97
3a21
d755
d63f
9baf
f67e
34e2
af2e
a491
2280
e586
9b9d
f440
8aff
1711
425a
16b2
c48d
96ec
c400
02ad
f704
282a
a80a
0df0
6e8c
baf0
d745
0e43
4632
f0ac
5942
1171
491d
db08
60fa
896b
5670
a678
70da
6060
6c2a
4c8b
9003
1565
7798
468b
3c85
095c
9b84
000d
470f
b6d1
016f
d5a5
4d24
1413
dd56
045b
3aeb
54f8
e3d9
4bc4
7c5a
0969
22b1
9d36
ca5e
bc6f
c433
acb8
1cf8
d995
ddaa
4bef
08f2
065c
5b32
cfcc
8689
1aa0
a4f4
c861
4ed1
06c8
6baa
d742
f4c5
bd44
7bfd
7c2b
6cf1
cf07
fdcd
427a
779c
9cfc
9f16
80e8
0364
9a65
1aa0
49fe
c212
3ac0
1d55
d295
f1df
c50d
c089
58a2
1a5b
5e26
2d5a
5c7f
e257
fe91
a774
f1cb
503d
c631
b1b1
8b6a
86a9
fd1a
7774
9e4d
b1fa
bca9
8201
9301
6f9a
c9fa
9c17
2f6c
0e14
5f0d
9ed4
fb8e
b6df
b006
ce0e
11ed
d88f
964b
8146
1ceb
97f7
6d4d
ad00
bc84
a5bf
feac
e8b4
d43f
1453
bfa5
9ec6
9c14
2e0e
7ace
47a8
7255
83c6
aa4a
a18d
f29e
a15d
f7dd
97fb
4b8f
e372
9d69
fb17
e36e
1373
ed67
d3f8
49fb
69d0
fe01
f89d
ba8a
7982
9fdd
6295
4572
0370
94e9
ee6f
1a0a
25bb
69e1
9fa5
8284
9a23
d7bb
ca4b
052d
1660
28b5
0f23
ae3b
786f
a031
6f2f
a459
657c
7ffe
1b14
701c
7279
1f65
253c
2e5f
1794
8d67
1f81
b298
4cf3
6ffc
388c
02c9
cfdf
4ec7
a408
24ac
8841
e67d
c64e
cabe
b726
8f7b
dfb6
9f14
403a
2e3b
0bd6
6884
16b3
2155
2c61
1fc6
2e51
81ed
d58c
b6bb
7796
3693
1c0f
cef0
80a6
caeb
1dc8
ba4b
b1d9
62ed
f2ed
b539
18a7
d568
6d27
0e93
904c
2d10
fcac
3daf
5048
dbd4
0219
32f2
99a9
3189
cce5
6ef2
7bed
8f34
461e
0290
948b
269e
1339
de08
5863
c240
c772
cefb
40b2
c5d0
baa0
4b7d
38e0
1056
ed36
1184
42ad
b016
881d
68e1
eb31
38d3
08e9
b57a
8691
0594
df4b
6915
fad1
630f
0505
f592
d9a1
466d
9b47
d62f
56e7
978e
15f5
ade0
4f6a
3c30
0d8d
785a
fdea
0460
5dd1
3d9c
cab2
5c46
ce2d
9569
2316
4bd0
487e
85d1
04e2
41d7
ad71
8425
9c47
026b
1d39
c727
961b
25aa
2906
6691
c4c9
2e51
7740
e9b2
f481
010d
c059
ea05
1938
7455
2f03
7184
1111
e164
5631
1b3a
aff3
942b
28c5
4a42
bfad
b67b
e986
4e84
208b
c281
53e5
2089
0b65
71b3
5267
51ae
da17
ba8e
f481
612b
5814
d6ae
f82e
54c7
56ab
6848
f99c
692f
bf58
27fb
2645
0284
44a0
6701
a6f1
1359
b5ee
f550
7ab2
db07
724a
673f
18c7
9524
b456
6565
ecec
1cb4
afe8
d575
5272
e1ea
43e5
f7ab
9145
2b0e
fa28
4634
d0f2
d02a
1ea9
ee9c
6e12
5cc8
7161
701b
04d1
301f
bcf7
31eb
ea72
565b
41a4
fdd9
99a8
95bd
3fae
655b
71f0
1dfa
4d04
09ae
21fc
5874
ef6e
f081
45b3
21f3
8e30
6a6b
f2b1
a525
9adf
a297
adce
c3e1
9bc9
fcc0
743c
77d3
0f27
9d66
53f6
77d6
20b6
0166
da78
aeb2
eb90
856b
7d79
f561
4e45
9a21
6558
62d8
e8a1
db10
1358
8e44
fc4e
f2fc
f979
bd82
ad81
0550
8c1f
ba27
d03b
4085
9890
b019
87c8
1187
57df
2195
5b55
d6e3
9528
dfb7
95de
a602
fecf
631d
23b4
9a73
a527
5e4f
2d9a
99b9
b3e9
b21b
05ab
5406
21e2
e352
edd6
5325
c73b
4bc3
0b2d
e067
e74b
ee97
5cb9
a811
ae93
ff61
602e
33b7
3758
7499
7094
c028
6aa8
57c4
f4f4
b836
3233
a9a7
410d
a953
d970
a153
392c
b577
0342
d607
ae51
7cb2
73cc
1f86
1c9c
63e2
56aa
5cd0
4cd4
d093
6fcf
5a79
bdbf
2831
b031
e445
43d1
1849
1028
6f6a
7e7c
79c4
176b
55c1
0fe2
7bb6
4ec7
c0c5
0389
b26e
e789
a237
0b29
780f
27f9
f8ed
27ac
a97d
9de0
6554
faa7
3c68
7c96
cdcc
df96
03a1
70c7
eec2
6f46
c05e
96bb
7390
39cd
9f91
aa42
2d97
9828
8bab
53a9
fe14
e169
8d0a
6f43
586b
4b2e
b43b
70fa
503f
5174
3354
2ef4
210d
3fd4
2fab
48e9
b61d
9c8e
fe19
92fa
4c7f
69b5
c94f
b993
7709
7f96
7483
6039
e476
935c
2709
9e28
c760
0e6a
22a5
6718
4f5c
aa3c
708d
40a6
2438
b129
1c44
0c38
189c
74ff
3996
50ea
127b
04d1
25c3
4c55
df01
7bed
8601
8a1f
4b3f
173e
7181
5bef
9c9e
45d0
ebad
7a94
bd90
0c49
5ed5
4ef0
2ccf
cb9b
fea9
d218
6ecc
6607
1adc
f3a0
b5a5
7136
5c05
79fe
0a5a
ff55
f605
d3aa
d4ac
d508
b989
7700
7bf2
8b68
8417
b065
9fd3
8b02
a5ea
1988
e4be
6afa
f2a0
2010
2613
1f65
4ca4
3816
4491
07ce
5636
951e
406d
c710
7050
407c
2456
b5a5
0619
5f7f
6fdb
1124
c88c
f262
dd22
5070
1dba
09b8
0786
fa7b
3f53
5a04
17ce
d2c4
0f11
2dd7
00c9
04c3
b1fe
c78b
dba4
8624
ca11
5e39
0351
95a8
fe04
da4e
6023
97ea
2606
ab20
1222
87fe
5073
16df
fdbb
ebbd
9b7a
486a
0e74
4c4a
4878
46e7
197f
c313
1a7e
7f6b
3a61
bded
e97c
7cf5
c165
6764
6516
9e95
c3d6
935b
931d
dcdd
aed4
eee9
12d2
c422
61c4
48a8
011a
8d0c
c045
ffad
3f6c
a0a0
7bd9
4643
d39d
71b0
4c50
7fa0
5cb4
dd96
3859
877e
949e
7e96
5b1a
6ad9
3172
ae59
d10e
7cc8
f31d
6d89
61cc
a422
54a9
6f9b
f244
d1c6
b582
c6d9
ef75
3aec
3d48
8105
88e3
eb1d
2c6e
8efc
04bb
f147
fd97
123e
c626
9e68
6041
e5a8
ce7c
3cd6
8293
11d8
3020
a8bc
35fc
1254
688c
0832
8957
d3e5
96b7
e257
1a32
6310
a6f1
c688
0cf8
799b
0cb5
fd5a
d141
2865
ae92
d89b
b2d6
ba5e
cd27
b2c3
52b3
9332
530f
4c5b
017b
0dad
67eb
d840
8c81
2645
7a61
b9fa
e22e
84fe
4fb0
7c7c
8fe2
d719
68b1
c955
64cf
ddd7
4850
73d9
da8f
10da
ae48
40e6
25af
5b89
9107
a3ce
48c8
4083
4ae0
22e2
f323
0224
6cf7
707b
dfd8
ab6d
f9ae
859a
1186
d145
3532
bd39
a102
459e
5e86
48fb
d460
a3cd
3ccf
92a6
33ac
33e7
db94
b5ea
4c49
705e
c0f3
745c
a8b3
aa18
0a17
8d52
7b4d
e8a4
c4db
31ef
ff13
5fd7
7560
f3f0
a429
4a5c
4fce
113b
9625
9277
1a20
5f9e
2741
a7c5
999c
8d01
5c06
8ff4
a8bf
ebf6
8cf1
08f4
6349
24bb
e381
a634
de11
41b6
2b46
1811
ad02
f4ad
554b
9bf0
cde0
1fbd
6b71
0ed9
bba0
7777
7bfa
4ac0
1a2e
9656
68eb
45a1
65e6
babc
ad35
9c1f
8c74
a606
24cd
d2b7
371f
0ef3
b48f
94e9
8e2b
f8fd
dd0f
b504
9949
5f11
6462
8f3a
ff37
2a9a
3a13
605f
d16c
d960
9168
042c
a11c
643e
ea92
15cf
e46e
21c6
9666
c052
727d
50f8
1b33
6b56
1601
4247
da9a
6595
cc72
a164
2702
67f7
d342
7e58
0179
b507
1f74
7d2d
519e
7bee
468a
c7c7
024d
e06f
6486
6335
9c25
0db0
6abf
adcf
a0f5
8f16
5c9b
2cdd
8014
ccef
2efa
5e1d
5db4
c528
eac2
08b9
71e3
334c
cc20
18f4
3d37
e6cb
5132
8e92
e09f
96c0
4aef
c8cf
3314
fadf
eb79
e926
322f
9326
aa94
09d1
bc48
e18c
e471
ff06
0da9
2f43
ebc1
2c22
b06e
fb8e
d60e
022e
47ee
36a5
ce63
5b59
76e2
c6cc
1c21
571e
d5a0
c33f
909e
1626
f811
7b20
7176
3a45
837e
bdb8
c88b
9717
f8d5
3367
a446
122a
60ed
60fe
52e1
2a77
5566
7bd7
7321
e2e2
7d2d
579a
6bd2
6670
2e02
fd11
f17c
7879
6e3e
3b04
c77d
7867
a869
8bff
8aa5
1917
9a19
8f98
1aaa
09f1
0808
752d
5eca
d3ac
57e5
d5ef
06ec
3b31
5585
4f6b
d6b5
b2cf
523b
c607
a1de
6071
0724
977d
89e8
1c0e
59d7
f32d
c6f8
60a5
c728
2d86
afcb
ef5e
ee79
2956
02dd
cdde
19ea
c65c
b88a
e32f
6647
f4c0
0aea
4efc
d3eb
ab76
d24b
4484
113e
8265
4c61
212b
86ab
3c54
c08c
b0cc
a424
5eee
5505
d25b
918b
b8ab
f839
30c2
a520
faab
bfd1
ce3c
6051
9b64
aafb
dbe9
79a7
739a
55e3
50b5
3e29
bed3
5c5f
40c6
d96a
8ca0
1d71
c35d
3a85
bd89
6fd4
e20d
9950
dbde
2877
7a91
01c0
e27f
43f9
d172
9d84
650c
69da
dcf2
d5d9
286a
d2a8
1614
6dde
c01f
78bc
9466
1767
ef87
ad6c
687a
5535
6a54
c4e6
7379
5afc
8800
3138
2c2e
c6e0
b795
a04b
95c9
22c9
2f6e
c715
963e
b309
cd8b
317d
e2ca
fb0c
1fb5
5619
d2dc
8310
b61a
ad8e
8780
75a0
07e6
0a62
3d7d
7157
55a3
aa38
79bd
49d7
10c1
06ba
0471
3ca6
24af
13a6
3e2a
9936
414d
398f
101a
40a0
d9ca
4d62
1ecd
96c4
3fb2
8cb9
ec78
433b
fdd5
c83b
d84f
a318
412e
9279
df4d
21a3
fb61
8a46
9224
8736
1cad
5161
733c
f2ba
8400
ecea
7fcd
8502
c44c
e026
3173
9763
07a2
a3ce
8f44
f74d
a565
9cbd
43ab
75d7
701a
d6e5
c1e5
1988
964f
db16
eb96
1e40
96d7
790f
9dd1
2aec
5871
9779
cb67
1a8a
3ed0
5d95
e9ab
cafd
86b1
f347
b518
1690
2e84
90ef
efbc
46d2
cda6
1568
a3bc
aa10
f1f4
f57e
a87b
9b17
8742
a1df
65c4
a580
8c6e
3522
4484
336b
7e2b
b1a0
cc36
7cf7
94fa
b25b
3e1d
521a
62b3
b366
77dc
62b6
aa58
29f2
9f0b
b905
bb1d
0c0c
bc82
fa3e
190e
4604
e243
a9d6
22dc
7840
ddbd
3185
ad55
86c7
8d14
b2c3
8939
b316
3a08
a0e1
8c57
353c
1723
5e98
634d
d825
230b
6da7
1f71
ba1e
d4b1
ce47
b5e6
28db
cb89
650f
dc49
8c74
61cb
06d5
f25a
2b42
fcda
d2dd
1e4f
d6ab
a36a
6ea0
d317
db37
e0c4
f1ec
0050
59c6
f2be
dc75
ffea
c77a
cede
b232
01ba
8f5d
ec4f
9dc1
a295
bb58
0376
9956
5215
950d
6b78
88e8
c66d
bd51
6bb8
ef06
8f6a
d457
a59c
2052
a88a
2169
956c
e0ca
c67c
5b03
c363
0050
5d4e
6081
fa1e
6749
84aa
bb29
a0bf
e1cd
234c
a68b
8dbe
5c87
5bad
5f88
fcfd
3a2f
3635
6f47
81d8
166c
c11f
e8e5
49cf
eb89
1ada
bef5
476d
643f
ba1b
79c0
d1bf
6ce1
6cae
1abe
3bd7
669b
5a6f
bac1
10ff
2347
ae23
00ce
e806
f664
b467
a68b
046e
c08b
b793
aad8
6fe8
dc76
6b84
6eb6
c690
fc88
b510
6763
454a
3fa6
f501
224b
1b1d
f221
59d8
9c17
1abe
7421
66d3
315f
e417
0677
51be
8abd
21e5
aa74
7b3f
c281
2e89
2b1d
33e0
ddf6
f6d2
5d4f
8ecb
6580
cacc
b9c9
1cc0
1557
a635
1984
6ece
188a
1df8
0699
f7e1
e91c
2471
97d5
79a7
ac5e
05c4
45a6
34dd
6d13
0fd7
13a0
d1b8
9176
9080
bb7e
e017
5532
a4ed
5afa
a3f6
c533
ebfc
82ad
86e2
5842
0c98
3a7c
fd73
ab14
b694
50b4
be57
8e4d
970a
9a6f
9712
4ecc
103d
50f3
a3d3
f9f7
d617
d7f9
468b
a27a
b722
1323
9a86
a37f
7b69
b1a7
1a75
b774
4d57
0f43
8639
59d5
abd2
a7e2
8cd2
cf19
c601
cd62
2e4a
4c07
05aa
af35
7d7d
ef9c
f63c
a013
96f9
277d
d7d2
c6ee
1777
aea2
deaa
59d5
b815
d4e3
2fbd
23db
099e
eb4a
38e6
df44
3052
e396
7ff7
f1b3
a41d
fcdb
3f09
8bfc
c83d
9675
3ccf
a9bd
8e03
69c7
6aec
8859
19ef
3a43
d0c7
742b
d92a
6edd
97ec
9b90
9fdd
b1f0
9d07
76f1
46d3
7126
dace
952c
713e
63a6
d3f5
ce79
125c
baac
c1d0
eb14
e16f
2bb2
559a
0846
d4c0
f396
23dd
75be
7762
3c83
71eb
4612
a2c8
969d
1326
24c7
4b33
e29a
40d9
fc9e
218d
72f6
eaee
1808
3ff8
991b
dc5a
2ddf
4b91
caf7
75c1
9b14
2dd1
f3f0
6942
4274
d8a8
bca1
1895
706c
92ce
9919
a6c0
d088
ac47
f5be
1e55
dc51
ad95
1c5b
5372
53e8
346d
f1fa
38f6
450f
fc14
967f
7f8d
b928
47a4
07c2
7c6a
f621
7bec
8029
3b3b
9019
2a5c
214f
9830
f223
01fa
b4b9
f4dc
1c15
7729
e140
fb51
fc73
5715
eede
2c74
5695
aad7
ef73
e538
36de
a989
5695
38ca
22f0
2ff6
ce0d
1527
9c43
6ddc
1621
c90d
aaf1
f8ad
72a0
a472
eadc
74d9
98cb
09f0
4035
a5b1
e98c
136a
7e34
875d
888e
03f1
3c8f
84fc
084d
00fa
64ae
3351
4fd2
31a6
249f
0443
15c3
31e3
fe94
c5a8
eaca
00da
1dd1
27f5
5a60
7a12
8d09
64db
1135
e502
c1f9
f163
539d
bf11
1947
991c
7554
931b
74ae
3bcc
bc51
8552
10f2
c39a
e1c0
01ec
69a9
b2b9
491d
4cc0
ad67
24e0
4d55
4769
98d7
0376
ffb1
e7c8
a349
9b0a
63c6
c0ba
f5b7
f30d
f17d
f618
314d
37c4
ce17
35c4
e983
f190
7b20
bb1c
d28e
2122
6687
fa78
8e44
c7e5
ea67
87ab
ba30
ef39
96c4
b6c0
2c7e
46b1
1860
7452
33e2
46c2
384b
c205
8a4a
7868
ed3d
4b84
a410
4138
5341
85b7
4f0e
bfaf
3193
09a3
c3a9
0b75
c92d
603d
1384
4362
0cc4
4db9
8832
2889
68ce
02e3
c52d
0860
3212
5725
4e6a
8b12
cee0
7577
c4b7
264d
4382
48de
7fda
d623
68f0
888f
91bf
6f35
f94d
f33f
317f
4421
c9fd
d806
c6c3
06c3
4e9f
5690
9421
b448
e9b1
061a
6e0b
2a08
e810
f82d
3f30
7a97
a168
6ffe
07f6
264d
3331
d9b8
7bf4
e774
48eb
81d7
d72e
da4a
5faf
b34c
65a1
bbe8
48d5
d31c
8e9e
48b5
d187
0d67
2a1b
978a
0dde
522d
6afd
6e61
7653
a4c7
e63a
f731
24bc
bd29
00de
8532
1556
c7cc
2ba6
cfec
b858
789b
062e
6008
7e8e
18e6
0241
b786
de48
0357
1ba4
b1c3
7461
21ee
62e9
62ad
419f
7788
6ba3
67d8
f504
7df4
0a7c
9a85
914c
bf87
908d
f421
bcab
205a
f05f
0724
c999
fb3f
32a8
3535
56a0
bb91
7fef
d40a
02e2
90e5
c981
929e
0d11
aeff
b11a
e0cf
95a9
a3c7
1f87
9c7e
8826
c67b
d652
ee5d
ed6d
4b76
40dd
303a
e59e
8e35
9aaa
e314
8b03
65ae
0f6a
f353
f2ce
8204
aa02
dd97
5b71
8422
deb7
3808
5f5c
bdd2
55aa
9a9a
1692
6f31
9327
0235
8f33
cef3
fac5
cc46
a145
ca09
012f
d5ac
226b
66b9
3542
5371
2fd8
32b2
a3fb
1873
1480
637e
b12e
e704
4920
376f
7901
bc1a
223c
df41
d6bc
8144
2d44
3699
2612
6e93
67f2
8872
8bf8
8303
fb69
ad28
ef66
61d9
edfa
d10c
42aa
76ca
9b5d
3709
4a76
39dd
2130
ef15
b051
ea0e
d56c
f639
c01c
8a74
9584
8210
4c31
de82
6d89
5003
2a8f
edb4
3964
cf9a
ffa4
fb88
71c7
2ad0
ced2
0776
a4ad
7fb8
04c3
dbf7
f74e
2171
8664
819e
2a19
cc96
81a8
2fa7
47fb
2fe4
6989
54d7
46ca
9b12
953d
2a47
ffeb
b33f
d151
2dc4
77f9
694c
17dc
5443
b842
6182
8fec
5841
5ed6
ce6a
e4c4
124f
20b6
46df
88b5
c057
7d2d
b80e
30f6
3c22
c5a3
11c3
c4ae
ba23
eda2
9100
803a
7e71
2cde
3894
f836
c606
1987
9d00
a665
d2af
2009
6e9f
9a15
9331
af42
2519
1b6d
6df6
3fc7
91c4
80c7
99a8
ff32
85ee
a456
10cf
3ab2
5ec8
8a1b
4fdd
ce1b
1986
c290
8acb
3ec7
6af6
fb12
69df
8872
84e8
45cf
dc43
b767
1ec0
68bd
f512
4246
a0d5
413c
58f6
e68c
ba47
35f9
0c06
50f2
3e3b
0f96
8a71
83dc
da74
ce0c
9a4f
a05a
792e
ca33
2bd4
e080
8095
b0d9
ec7a
ff73
b4ca
8063
1603
f37b
d5e8
2afd
55cf
e137
bbc7
d429
2be0
98b7
99c9
9422
6a65
ae3b
92a6
2189
003a
bc89
cf7d
e306
bc28
d271
4f58
04e9
a89e
9c5c
5bb5
3a46
0055
a4d2
3936
9854
4d8c
d6ec
2601
c8aa
025c
844a
37a3
5cf6
0a29
4a19
df27
19a7
846d
9770
1f53
e2bb
fa44
1311
4ac0
f555
42dd
8c9a
bed6
dd7c
0acf
2edf
fb7d
730e
e4d5
4fea
eead
c9ce
7f4a
ccf2
58de
7bd5
0f18
9c48
f627
4f24
2d7b
eca7
2144
cd97
46b7
1a77
b33b
aa5c
c5a3
bf4f
9d8f
40ee
0f53
3cf6
a222
3221
e0b6
ef3a
ab2b
7741
dd04
e066
b228
2a0b
61e1
5663
7f3a
ed03
7a06
9478
485e
a35f
840f
ad3c
772c
2908
d1e6
0829
e695
c8e0
9e1a
43c5
cb2d
c4e3
6531
6a14
f59f
e7d0
f3a5
e536
7bcc
d558
8731
ccb8
afbc
cf78
15ab
383f
b4a2
5d76
428e
b680
627c
f6ca
560f
2501
f7a3
bafd
4417
c33c
1f13
75a7
aff3
dd02
92ad
33e3
ed2f
cf18
1482
58e0
e766
2ea9
e998
2f40
514f
c785
4d08
abe2
f430
adc1
40a4
e8e8
f7a3
8200
cd3d
9431
5061
fe58
6621
950c
e83f
576c
d41e
d812
8931
5f0f
1d04
e764
9b54
77fb
4d89
be00
4657
8fe5
f2f7
8a89
f6ec
af5e
c254
5577
117d
4660
2834
90a5
6299
1b6e
e9b0
8916
0de8
239e
6e4d
8666
29e8
c717
cbb8
8406
aed0
1d4f
c8a0
94ce
b3d9
a3a1
08be
57c0
c4b2
9f60
345e
fbb1
4472
d16f
f85c
e8bc
62e9
2b55
d99c
b2b3
5e3e
a124
2b37
8a3c
e177
6956
5dce
24e5
5d2c
817d
3801
4df8
af80
152f
78c4
11a0
aadf
d8da
d68a
a213
97c6
d68f
24c7
a9bb
7896
0506
c019
9acd
0ca8
9bb5
60a5
ceca
b387
905e
e2d3
620a
e6f4
401a
6e25
572e
1157
302e
363a
d163
90c9
e8e1
97fe
702e
ae51
176e
b03e
5d8b
134c
1595
e52f
74eb
b823
11a3
f963
1309
c302
aa6f
2324
5479
27b6
9e5e
bffd
9abc
be81
9986
09cd
56ad
49d6
379e
4562
84d4
43d7
61c7
375c
5d84
5751
dae1
2ca3
2c13
6f76
c550
956d
4d1b
124a
3173
d436
1ee3
ecc3
2189
ee9d
085c
af61
abeb
4d55
a8ee
9513
e549
2709
a008
76dc
739c
284b
62fe
b2b0
927f
af2d
cf08
a962
926b
a3c5
ffc1
875d
af8a
cb2e
1fce
0259
0d4a
6dc4
9abd
aee0
d769
700e
d161
7c66
f2c6
5fbf
4712
a84a
eccc
27db
9617
9231
7cc7
4097
1192
0e42
b4bb
d4c1
33a2
d17f
ce0e
c612
ce64
c1ec
78ce
6622
0a2e
a1e5
1c0e
936c
a1b8
63c3
98e6
f244
9d36
f082
1611
a99f
ccfb
e6e4
a680
71aa
d6c7
0b48
de8d
4e50
98d5
f73a
1fcb
38d5
d745
38bd
d1ae
abc9
d129
bccf
3b2e
06f3
3151
4a9d
7bc0
0aec
988f
c6d2
a2e7
85f5
b80e
9834
1ec5
868b
ac00
a36f
1977
4b13
38ac
2fb9
0877
12ed
e8b3
2ba2
f17a
65e9
8b23
3a2a
1e4c
34ae
4e39
a1dc
cdc2
3159
7e70
3ac9
badc
0d56
2f95
4f00
17d1
8b68
4178
6562
42e3
9ccc
9c10
8bd1
f928
6b40
b034
689b
27bb
8463
d0fe
f433
43b9
d033
144b
b3de
fad5
8875
36df
0a4d
97c9
fa58
bf39
f676
04ff
c4e7
4922
ae4e
3e79
9c7d
c689
3545
3e16
5ea2
0fb3
b27d
3433
7c33
5ba3
5638
273e
8346
b1d7
cb82
bab9
8b93
824f
41b4
797b
7433
2537
0fbc
d834
df85
3664
a1c6
de8c
0aa0
58a5
764b
57f3
d9d5
2661
706b
01ac
f345
beaf
7dbe
a906
d60a
8c4a
bfcd
c46c
54fa
6868
5dd5
48db
e9b1
5afa
ad20
ec7a
597a
d9b9
4b59
ea0a
0028
75f8
fcfc
cd8c
3cc5
348a
87d7
213c
70bc
f9c3
6139
450e
317b
a8d0
edee
0e55
8e4a
fb9c
878b
4ac7
7a36
2770
0d22
24bf
34ab
6e22
74fb
80ac
2039
82a9
2cf6
e74a
e124
5efe
581f
e887
9062
b4df
f366
afb8
bb52
7b2d
71db
d8bd
18d8
9c2e
b4eb
b2d5
7af9
bb80
0a8c
0c12
bba8
9c98
c780
3462
bbce
6662
4156
e377
3e3a
4848
ff2f
4319
128a
588d
8945
663e
73c3
1785
3714
0141
803d
2ec5
5fa3
50d2
9195
8a79
c30d
5b06
18ef
2824
cd1b
4233
bfe7
a25e
cafa
35b4
f4e4
d35a
f674
4233
c95f
39bf
67ec
fcb3
b73f
3d08
df94
074b
3487
bfe0
dc68
4740
2780
3262
99b7
427b
df13
5147
d992
573d
6a0d
34bb
2065
fb16
f922
76b6
43f9
95ed
b151
522f
537b
9414
0c74
ef97
3e6b
a450
4d8c
b613
e0ca
c746
5f3a
d7fc
8c53
a4b8
8784
e1e5
618e
0669
7c91
c205
5cd8
2f92
b915
fa77
f49a
053d
edf8
701a
fbb3
8c07
7127
52f4
2cc4
145c
25fe
4f86
6c9c
1153
6075
a083
e283
a00a
5e88
81c8
e80d
5abd
4b70
ae10
4c34
37e9
0015
7f87
8308
aea0
3e2e
cad5
4646
8a18
88fb
d653
f933
581c
b97f
9b21
9a15
e629
70a6
46d3
d2b7
f3e2
2404
031f
7a28
b342
0c59
29ac
8bff
65dd
cd23
eeff
3ec2
ee03
ad0c
86cc
3cae
91b3
7d76
f780
7cf3
2b56
2e11
8b37
3dfa
7c1e
8cb6
b222
cc3b
8fa7
ed2b
5c44
ce82
b3b1
d8f2
9210
af03
6f70
8e20
e193
d582
9835
f29e
0131
cfeb
d233
0f58
bd79
c145
ba52
96d0
181f
47a2
98a9
2b93
9b3c
04bc
9843
6346
2ab7
f070
d4ce
157f
521e
75b1
f4e7
2a34
8ac4
70a2
4e6e
56d1
a8d0
1e65
f29f
d351
d632
ac4d
68d3
ff75
7cfa
92b8
c2d3
7ab3
bd16
03b3
6209
3f23
56b3
703b
8612
8b9f
7c7e
996b
dea9
62b9
80b6
450a
ebf3
708c
40a0
3702
c3ba
a5d5
d5da
92d0
22ec
71a0
fc70
5354
0a36
9951
3896
370c
b894
8613
28c8
195f
ee2e
8589
ba04
384d
5218
d352
dcc7
c409
5156
f94d
163c
4336
3e0b
a997
f905
0504
c91a
9c45
6d4e
46c7
5739
3ac5
a702
a21d
d486
cbc0
4444
1017
cf4f
b5a0
7276
3610
497c
68e9
ff34
9bdf
48c5
b6fa
e67d
7502
893f
3668
c7f8
32be
4ad6
d197
204c
4d26
72ee
63c9
5e1c
6a83
3c8d
90a8
b438
13aa
696e
05ab
c36a
49d6
c1a0
e96d
0509
549e
d349
9212
899c
20b8
1ad4
7d0f
609a
3257
fb00
05aa
afff
6e6d
7ca0
82d3
1fa9
ebb3
2359
ec38
c18f
92f8
6e50
ea55
ad41
45a8
51c1
8efd
1b23
5f9d
98ff
2e42
f156
c0f4
823a
0826
9485
2560
bbb9
fa3a
e2af
94cf
8da6
c7e6
c767
3432
8851
a1a9
ef1f
5ef3
ec43
b7b0
9199
ac40
c563
9064
0b9a
7977
7281
fc65
e734
6d77
59d4
53dc
97b0
f6b0
dc0c
0af4
b8ed
a69a
0523
1653
e83e
2c48
3bab
0701
6fc6
b227
8562
0c0a
bc9d
cbc7
899a
d463
1f0d
b816
155b
e8f3
a3ec
cc5a
c52e
3eca
ff62
f7e5
fb50
a72f
34fd
cd71
2dff
5ed7
338d
e207
3148
19d8
699d
86b1
caa4
fa92
178a
6692
cc20
2e37
c486
380a
27e3
e1c0
219f
1dbd
4cac
2bd3
a9a0
5e2c
0e62
546e
e381
5848
a70b
fcca
b041
d056
1547
c6b6
712e
1a90
63ab
b54e
1ace
33ff
0b32
9e23
91c9
779f
9eb8
9230
7489
846f
24c1
3b53
eb23
75f1
08e8
fc00
42a6
a6ff
ec42
c3d3
01f9
a95c
33a8
0a43
5ef7
3056
bc9b
7976
0f5d
91e2
9c39
0335
7a9a
8579
4437
eb99
71f7
cdde
dbad
e8fa
88e4
0497
fa3d
b89c
a4c6
a937
4dc0
1d2c
c18e
c4cf
6b91
25df
94c7
e276
ebb0
84c7
3f17
62c8
33eb
68b6
a970
d4f9
577b
b6b0
e83a
2554
c960
d7e9
c576
3667
5a98
5420
95a0
3cc1
2aa4
a968
a285
b65e
2cd1
0f57
5818
a2c5
fea0
5892
8f91
c92d
a219
5d35
8ff5
a96e
a791
75b4
7daa
29ef
ccb8
dc91
5e0b
741a
39eb
bad5
826d
9bde
b30e
db38
dba8
8c62
164f
1a74
3f17
b0f7
22ed
3875
acaf
30cf
aa5a
d9d2
c1f3
8133
f132
9748
9bdd
1ce6
9dfa
ca01
465b
591a
39a7
93de
b48a
293d
a520
7867
73d1
646c
d8b9
fecc
fd14
b17e
c81a
1cf5
768a
c38f
817e
e8d8
a753
f1e6
4bc3
3c6e
d4f3
f3e1
6ddf
0599
79ba
e68d
16ef
a311
3f9b
1114
2405
1f08
03a9
093a
84d9
8fce
cbeb
d5ce
d458
c7b6
c69a
8e12
b31e
b7b6
369f
7917
aee3
01cf
219e
26da
c0e2
8b03
a07e
6783
792f
24c2
648c
7ebf
504f
6175
3c09
e843
3b52
dbc2
4166
f643
dca7
a38e
9c5b
063f
c948
38af
1bcd
a97f
5c11
612b
533d
724b
2383
3d49
ab76
50fc
83cf
8a31
837d
274d
8c52
9918
b14f
2156
a2ae
e2b9
2784
710c
5638
73ed
79fa
fd4f
3444
0afc
5e73
f053
ea0f
e6ca
2aa3
4458
5f9e
7e18
af8b
7969
3e1e
37eb
77c0
ed53
529e
a1f6
08a1
a02e
8008
ea23
e3b8
aff5
123e
c39a
4d76
22d5
d50b
6641
16b5
f17e
efa7
b946
22a3
2389
c3e2
2696
d968
41bd
8707
1ecb
cc32
6718
9bd9
ca30
0791
147f
f100
7859
ab48
167f
4c9d
81a7
fd1f
e689
d45e
5351
419a
8bea
6da4
9201
bbcd
05e0
c6ff
e7f7
5c2d
870e
b672
0be7
56ee
3a0d
59d3
b1b6
328c
d9cc
9fd2
a5b9
ede7
82c1
2569
4285
6123
d2d6
4e5c
1954
b764
fcdf
3ea3
3949
7ef7
acc1
342c
ecb3
a553
9d60
2d34
27e2
e005
bd69
eba5
c99e
bb3b
3cb8
66c0
de9d
8ecf
28bb
7a31
aa8e
eed2
1457
8687
6670
687f
20ee
f623
1d89
d8e2
659b
2180
d62f
d0e3
3263
af68
a416
5506
3865
c17b
2e09
d0fb
ca0d
6613
2036
c732
ba35
73c7
9629
9587
e767
9f94
b32c
a5ca
5b6c
ccf2
cffc
5477
a8db
e3f8
1fb5
fd48
e0c6
2ac7
ffa9
57ae
8ae3
2fd1
293f
0c1e
4a7c
8dcf
4616
0d46
0ebc
b490
69e1
db22
b8b4
a4d1
ddb2
e508
cda5
86a5
0c3e
51b4
544b
4945
e92a
f57d
fc68
405d
6f6c
37d6
a081
c298
7439
0b4d
e391
460b
42d8
4746
0af4
3e7e
fdf3
3b4a
5047
999d
f2cd
f719
adfd
8a1b
19b1
e270
f2df
84b3
d4a1
4fbd
0ccc
04d7
cdc8
4970
6e44
1038
34ac
acbf
205c
6c1c
0b7a
25e7
5c0a
eee7
af17
462f
0142
8c82
e0ba
8b0c
875b
cdea
2bcd
f63f
6e99
75df
4aa5
11cc
fd53
f1a2
bff9
66c7
ddf6
5c62
15cf
e9c2
7906
7e63
963f
6066
451f
1dfe
68d5
801e
33f0
f014
9d67
38e9
23ec
22cb
c85b
e8f1
8cca
65ca
2e69
d240
525e
47eb
5a87
120c
fb61
3fce
9d9a
1b2c
ca62
8d37
3d53
8ffb
f6f2
1f37
212c
b8ef
0ffb
77e3
5e1f
8ed6
ae3d
52c7
54ee
5916
8d54
acd2
a1f6
4f6c
3306
dc46
6b2e
388d
e49f
2837
4d7c
1e7f
04c5
7805
fad7
efed
8dcd
5c2e
3279
136d
9f6b
65e0
0abd
8ee1
0571
a8b5
85e4
f06e
ba2d
5880
fd8c
2bb9
bee9
39a3
5db6
8d0f
8401
c389
3a17
da8c
6f80
d946
8432
e0f9
f8dc
a67f
98f0
16fe
f5b2
21ce
99db
4f14
2962
22e8
78a3
5851
b15b
fe1d
614b
5a7d
466a
781c
4332
13d5
98f2
fff8
fd88
1f29
42ff
251c
dbdd
2c3d
eba3
7079
854e
4145
ada1
76b1
098e
3347
1529
d68d
bee8
2006
5ca3
86e1
2a5b
b520
4121
a867
8159
e7e6
69a2
15c6
f36e
ae30
75cb
916e
aaa5
e9df
786c
e41f
edee
f796
bb9a
7f9c
5d5d
f726
24e7
93ec
9ab0
48e7
900f
d98f
ebb3
53e8
d8cb
9d90
dc32
0cfe
68a4
1071
f43c
3b67
f0ea
799f
9c9c
e3b9
17b1
9964
abde
9f22
ff8d
376f
3d10
a746
4359
003a
13b0
cd06
3b7a
e9a8
9f85
c32c
c7be
eb42
6f4c
6e1c
8c36
efd8
7402
2684
4cd0
5481
02ab
eaa7
9e8b
db73
5b69
f748
6876
4629
ed1b
ea01
44f6
d72d
cc0e
8d5a
11a6
fbf9
2b20
4555
1118
19f4
7891
0abe
ae91
31bd
a741
60e2
c542
0ea3
3f3e
0f01
9c3b
8192
cab9
a9b9
9ad1
e9d8
64dc
016c
049b
1bf6
75d6
e108
d2f1
b586
6af5
4534
8ead
d76c
a820
d6ca
9cdf
2af4
6ee8
9ec8
028b
ab41
3752
7e95
9e31
1758
95f7
f23b
dd36
7f92
2fb3
ad7c
94a5
5bd3
8b2a
d7d7
2c85
c1a4
4136
ebd9
41fd
baec
5f94
604a
78ea
7abb
781c
93c3
d98d
71af
a802
a9fa
3d4a
f972
04f9
2416
a8b0
8826
d307
19ec
592f
2459
1b96
4895
6aa3
91d2
b733
e0bb
7d0f
a4e6
222b
2656
6a86
8aa1
22ce
27bc
7313
c00c
ed52
36b8
885c
a9ff
36f1
ed4b
8b56
d950
f385
e14b
0aea
48d9
9461
306e
30e4
118d
660f
dcec
4b12
3c62
e2d1
c026
fdef
bd35
f002
c6f9
9ca4
0b87
9e32
679a
10e8
2b58
4c5f
08e3
e956
bd3e
0216
d06b
64af
414f
0580
fd8c
bb30
f803
063b
8043
cf5a
650e
0d6a
d5f8
16d8
97bc
cd70
b232
e9ac
ee9d
9397
e136
0fc2
d890
ad18
d37d
e115
6506
8aac
ebea
ad05
d07b
cefc
4b62
e1b3
82ef
883d
469e
809b
d598
d37f
f292
6495
368b
3801
a2f8
ebdf
15d7
f741
cb38
e089
06ab
35de
72d4
5c4e
51b9
d08f
be5f
c5fe
d11e
e1c0
cb0c
58a4
3c25
256d
0300
5023
8522
8fa9
98e6
81c8
9bc4
8326
3a90
a0b0
b34f
7f5d
9945
1a47
9167
9436
b616
1d4f
1cfe
a886
baa7
f231
4970
08f3
7c27
d018
b4fd
6350
b850
2ff0
39d7
f927
2ae0
eba4
3956
ca08
49f8
ebd8
5333
fa11
ee32
ef5e
7363
3b61
6586
a0e3
41da
af2b
fd5a
c6da
4ec7
5aa7
f020
1005
4cfa
161f
4d9a
9a1c
19ee
84d2
2961
049e
88e2
9adb
e4f1
4e0c
0484
86e0
7a47
0603
3e03
49b4
c5f7
4282
503e
489f
2910
86f1
cada
bf7e
a059
8af8
40ad
8ac0
2424
f6ea
3377
c5ae
1607
1396
f0e5
33f1
9ab7
3726
d30f
b9e4
c96d
a376
14e3
1258
d05d
98d6
24bb
4f6e
b2f1
891b
0e6a
a56a
d0a2
0b1a
e707
b213
67ca
c779
dee8
324e
dd60
308c
ff82
894f
1f61
d506
ca4f
f987
b300
54f3
f453
f634
8e83
058c
d7f4
4a5d
42b9
1d54
542d
9890
ddc1
3c29
4484
7013
ea1e
b5f9
dbf5
6a56
b69c
7232
144b
5a05
643b
c549
9959
0518
b8fe
e4cf
3ef9
e088
5b4e
41cb
3bb2
aca2
78d8
2219
8cef
80a9
1444
4a41
2869
e749
3b57
99cd
9d62
c994
55a2
edb5
c891
bc7d
b2a5
05a1
6d6e
d63b
94a9
3b93
ee45
a172
2370
c703
103f
9777
fdff
24d7
7852
9a81
0a3d
8ac9
ff36
f4d1
5398
b34a
1d5d
20b8
1333
a931
faff
2b3c
0915
e956
e0d5
736b
e52a
7784
407b
a1e5
4003
bb24
4774
aa6d
e9af
187e
52fc
fcca
9260
4837
52c7
a3a0
bf2e
51eb
4485
1806
e7dd
3f0e
4a2a
97fa
73a7
6a00
f41d
b5f4
f666
d3b7
2951
5e4c
77ec
0056
3c7e
4baf
a513
372a
c7cd
a99d
5e72
bb2a
9e39
b89a
5e13
8cbc
8038
e572
d0ec
ad69
39d3
8e4a
5513
c89b
152a
4261
924c
a254
7ed2
8027
14c6
fbfb
9144
7523
00c3
0f9a
7156
0741
2723
3a15
4386
9458
c8b2
cfbf
ed6d
8a98
2d85
0bf0
63dc
80c3
1fb1
c149
dabd
b818
2c5c
7238
bf94
0034
c450
e52e
901d
22ed
061e
e0a2
a7c2
101f
8ab8
bbf3
f712
f337
4839
df0f
043d
b6db
9739
344b
3e29
84b2
c3c0
6145
2a91
ef82
37ab
277f
0aee
f5be
ab06
f06e
545a
6a79
6b43
b7ef
5a63
4d51
225c
0d82
dafa
134a
7f02
db4f
1d83
f2ca
eaa5
2fd0
bb60
dd5b
fcf1
a809
43c8
de52
2dec
ccc1
744a
de50
1a68
ae8c
6dfb
8960
66e9
a175
c464
a4b8
199d
5ca3
cc0a
49d9
e6be
932a
db33
afcd
f10b
0d7c
b15e
0120
64c1
a676
27fe
4dbc
c678
0608
88b2
7abf
49fc
fe24
a411
e540
82d8
9efe
38f8
b2bf
9a44
9555
7b61
3cb9
2ff8
be28
ec33
e8cb
ab27
b0c4
511c
7efc
c28a
7960
0e2c
e843
2758
d32a
a1fc
3386
cde6
ed2b
19c5
b890
f9a4
a37a
2948
650a
95da
6490
811d
b5bb
ccf7
b863
5d7e
38e0
b1f5
90bf
1a53
ec53
a018
74fe
5bb8
ea93
dc1a
187d
384b
839a
8807
bfdc
a860
f10c
223e
7d18
6848
cbc4
de4d
32f2
e9d9
e870
0727
5b3b
0131
d88c
a8c6
01f7
3ad2
0fa1
f32f
34a2
a130
85f8
0995
12f2
0c27
eb95
14d9
2441
fd20
51d3
0243
ff70
a01e
7e8a
313e
e9e3
ae80
a1ee
ed55
950a
6083
0d9b
93f6
bef0
ffd1
09c3
49d3
53e1
c1af
205f
5b1c
af8f
38d0
5d12
6c4d
8ec2
ab57
c838
f5ca
ec15
9339
f843
2ae6
1fcb
6bdc
fd09
dbc5
a026
820c
fc5c
5421
a2ea
2bae
9ad6
5751
5c7b
6575
50f2
3ad5
73f1
ffec
b1fd
2a5c
3496
5185
4d2e
ee8b
8c72
56f8
b444
05fb
2adc
abff
48f8
50db
ddc1
6a8b
e237
bf40
3b57
8f5b
8ff3
01a4
510e
cac7
4aad
a073
afef
0641
7add
b26a
bd0d
d555
6325
f0e3
9af1
0756
c320
3874
cb97
0f6d
e35d
7ff7
94e5
ddf1
1de9
7897
a64c
7e79
6e2e
ed81
dfdd
abf1
72b3
9108
a0d9
3861
1601
b782
295c
6fc8
62f3
0c50
e718
9042
fe3d
319e
358b
020e
4af3
918f
8e76
359e
0cf8
1f4b
bd93
0fd7
1af9
d96b
ef84
4ac4
f451
da68
d1d7
6efc
a868
7a5f
63ae
a723
914d
1c8d
68a8
0a92
9b63
5006
9cbe
11cb
b0e4
8342
161f
f304
e088
bcde
41d6
1d21
937a
9810
ef43
0995
294d
bd6a
6b66
6e16
ad96
0bf3
69b7
ac72
bc61
1eb6
7328
bb4e
601b
fb86
6e91
2852
bbfb
37f7
616a
526a
bcb5
e3a1
d417
a9b0
139e
92a3
bb40
a238
f9c8
6ec1
ac09
9e25
508a
7b7d
85e1
badf
7d37
25e2
237d
d15f
9334
0196
0041
4824
579f
ecad
28ef
98cf
dde3
07af
00fe
1cbf
820d
1ff4
383b
3431
0f08
6f5e
7f9a
cb89
1d89
fc64
34a1
6fbc
c3fa
0ea7
6c38
b1ca
22f5
60bd
55bc
05ff
d9f5
246d
0778
c129
d13d
71c6
856b
2a67
0e87
f29b
8d1b
15f4
936e
d219
3ca8
6aa9
e2fa
88fe
da9e
1e56
6ec2
1eb9
81e4
9147
b578
2431
b9b6
5caa
9511
c609
34ef
e514
05fd
32c4
3fff
9569
1d39
f7c3
613d
aa42
e56d
fce2
146f
6f26
f710
8043
4281
eb6d
7403
6a22
9046
7e76
5456
4ab0
60a3
1fc4
bc83
924a
6d9d
4904
1762
ded6
6ed9
9253
07a0
a88d
0352
f044
9506
7f35
93a7
92c1
5e58
c56c
3efa
1ffa
247d
8e67
9166
3b9a
7043
ba5f
40cc
6414
b5a4
28e7
0a9a
debe
2642
585e
61f4
2fca
518f
1ae5
b176
fa7b
bf84
d4c2
2f03
7bf1
3a4c
83cc
9c2f
e706
42e2
004e
d035
7370
fb8b
df96
05eb
7884
a70d
eb6d
a78b
6b77
3bad
dcb9
40eb
e773
f972
875a
9acd
e713
c048
3854
4de3
f8fc
092e
924c
c87d
5bbd
9f07
5368
ab20
ab6c
8b7b
99a3
d83f
41d4
6ff5
fdd8
f1d3
3040
9db3
6e44
2b03
e402
de24
aadf
b72d
9007
edb9
2d29
48d1
b12d
5be9
3d9c
b77a
4776
a761
8d99
a05f
869c
4b07
2943
70c3
02dd
13b3
0610
d888
fbe0
bdcf
84e4
cc18
4ff5
af3b
4505
1aeb
ae08
7d0f
54b0
7dbb
708a
aee0
eb94
4a09
ec95
1627
1785
966a
7b09
5c3c
c369
f51c
0735
0c61
b848
b288
eb92
4e3c
6c53
8d6b
ae81
9049
29d4
d2d6
69f3
4ba9
b83a
1a00
529e
5384
7ed7
bc01
b0e8
1582
777a
05c5
67c9
6564
6510
74f0
e5e3
ac02
8c2a
20dc
618d
910c
2543
b8f4
9d54
467d
ac4c
9b5c
7be9
c114
437a
94f3
780d
ccf1
a5c7
a1c7
4cc5
7c53
0aed
c988
4b30
7c02
9455
6199
0928
dd35
b4e3
0914
7b92
c4ba
bdcb
4aab
7dd7
81b5
f55d
8e29
ec61
74ee
81e2
3a29
12f5
dc34
cebf
d30c
ccf4
29f0
95f6
a72c
03ec
df3f
b7bc
e05a
ad63
18a9
4b86
4e6f
8726
033e
95bc
7d78
d04e
b512
f1cd
a1b9
f620
5310
2acb
f4fb
3de7
ff5b
3b40
a696
f6cd
c6b4
9081
dd26
22a5
9db7
0c1c
840c
66d1
9453
63e7
ce22
9a0b
55ac
ba09
3ee0
0038
9ff6
f5e6
2843
5bb7
8876
d1bc
cc1f
0ead
e01e
027e
bd9a
164e
67fe
b6ab
599e
be6a
05d0
060b
ea3e
3fd5
cad3
07f2
5915
aa7e
0320
88bf
3dbb
3434
a1b3
d751
5bc8
7360
1680
b972
2023
281e
fdc0
8a32
6aca
03d6
678c
ea09
cbdc
6a50
cd20
2606
5b1e
feb4
7e6a
7953
ea55
e25c
3103
032f
6e85
e076
d076
7f92
ef6c
99e1
fc19
9c8f
6d85
4317
3e45
2e80
6cf0
673f
cab4
1968
5d34
6397
12dc
2b05
5f69
3d00
6f3e
e074
1a95
b316
89bd
adbb
9cb3
c66b
524d
35fc
a284
77ba
f9ee
2283
0ad2
178d
6fba
fd31
36c2
b180
003a
5371
c46c
b1d2
f50c
d7a0
2b2d
0000
983e
cfb0
0cf7
f58c
d2d7
a150
2ff4
f9e6
1b13
5e8f
7815
e26d
8593
2f10
db07
aea2
13e3
816b
ad8c
b887
253e
4e7e
c7c1
6a0d
b54c
6db0
e06b
c4c4
073b
738a
bccd
3b56
f076
6a0c
5648
fb58
5ad1
0dbc
d2ff
2a2a
61bb
ada0
3e65
3a1a
21c1
f810
638d
1ccc
6f19
46d3
88b1
86f7
6c5f
7c4d
51df
d326
849b
2be9
96f3
889f
a54c
2a6a
a062
0686
cfde
595d
65a1
c860
91f8
365b
ea3e
3761
cef0
2cc5
5bee
71e1
a30b
7f31
3123
fccc
32c8
0d35
d39b
3c68
f5c5
fe54
3cef
9a1b
94e8
d214
0d33
f944
f18c
73dd
982f
66de
bbde
af58
7c51
1b06
4224
6d91
c116
1aa6
390f
f81d
d41f
2531
2fb5
e94c
7789
adf7
0541
86a6
8a42
7bb4
89b3
9df1
ec83
c29f
1e8f
85ea
bb23
5145
d1b9
e019
706e
442e
1624
8e14
97cc
ba60
c988
7920
70af
6415
5e31
3e47
9906
473e
030a
897e
014d
acc2
5032
a225
382c
8270
be9f
b791
b999
2c9d
c0d1
6e23
3157
38f4
96a7
8c0d
779c
afb8
119c
474b
1dc7
6853
ae17
1b71
cd94
92a6
2271
4670
5659
4ad2
1dd7
4d52
3732
0b35
e584
7049
c478
b448
795d
5c2c
87be
07b8
7522
bc61
9ba8
332e
56be
fde1
0b69
d56b
bac6
c5ff
f295
d003
f9ec
498a
53e3
062e
b984
1451
078b
ec3d
65f4
8e59
7c63
aaa8
4be4
9cd6
e6cf
14a1
5f24
b0f2
b607
9d55
afe2
2926
accd
020e
2479
622b
27e1
1c25
da1b
493b
64f0
6004
bd4c
1fdc
5d67
69cc
9a98
c599
443f
7c1c
4209
ee13
8b6b
8031
5aa8
eef5
1e34
c0b4
5565
e821
cd14
db69
f500
6ee8
ea84
4732
9808
4c27
7d2c
01c7
dcd6
1b56
8958
5672
97b2
43d7
af0c
3734
603f
a4c8
9124
5195
c44b
3d24
a839
fded
8987
0545
fc0b
d889
77e7
1d0d
140b
f029
e465
83a7
c82f
8f9f
3fe3
16e4
0282
aa6a
5634
79be
f253
5c9b
8f96
544d
01e4
eb51
e35f
5045
c30d
2cb3
222d
e9fa
1a94
b553
adfe
dcf7
69bc
77be
ac2b
592e
4b10
b1cc
9919
a728
8d11
6433
84e3
8218
8a5c
9579
8dd0
7d86
374f
ec5d
ca6f
6f84
45ce
8a41
c272
a104
94a0
030b
1a82
67c0
c455
0b4f
c2ab
516a
d478
4760
7bb8
0cab
3d97
358d
2d26
fdde
7613
619f
7de9
a05f
9e58
02b0
52f4
b010
b653
192f
3d5c
8175
1f3a
d832
c489
b8ad
2538
f992
b7b5
973f
0086
f067
1fbe
c6a6
cc45
1a3e
ee81
5c7e
e97f
23e3
a04f
df86
cc6c
0a95
6b28
0610
e2c3
e782
fbf9
2866
8939
89cc
8842
9b3e
7eea
a7d1
8948
3d8d
cda1
7101
48a3
2300
dd61
d8b4
4ba8
d450
ccfe
f400
bbfe
fe36
9e2e
d5b0
e46e
b37f
fd60
a007
fdef
0be5
f6bc
4228
99f4
aa3b
8e93
fba5
722f
af24
08ce
6161
67e7
bd07
4174
5628
f528
006d
8180
bc23
f554
49ea
ae5e
b590
6905
875a
7ac2
ecaa
8cb1
d80e
896d
52b9
2469
e077
e95f
e32a
bc5c
483e
9d5e
d091
e63c
7530
94d4
fb1b
cf4d
0455
fe84
0d20
f8de
9531
8673
3d54
730a
b46f
9c5e
dba5
c07d
13ce
4ac4
79a5
dbd1
53cb
d6a4
7ea5
49d6
918f
4919
e00b
b54f
009a
9593
1fc1
cfd6
89ee
5171
f54f
ef44
bdd0
560c
ef4f
05a0
35e7
8570
182c
70de
2de4
682e
e95b
eaf8
3958
aa7d
572f
e20b
1ade
13d2
7888
999f
b870
784c
c021
e6af
7d1a
b190
d047
03c8
4fd5
ec06
3b56
2e89
1735
7e46
4422
c46e
23fb
1cd3
2f16
c45c
f425
64c8
ab74
51b0
b26d
50d9
9309
540c
7d76
9d9f
1f00
a0d7
d3f9
2e54
11af
c478
f4a0
bf48
215e
43f1
ac35
fb2a
3075
e38d
59c0
7c62
ac0f
28fa
e6d2
af6d
6ea2
c346
0724
e2ad
d1cc
ce12
76c5
db04
346d
ff4e
6cbb
cc38
c177
9da2
5ec8
4bce
2a9c
380c
f2f1
3809
b873
0544
b1c1
02a7
cb6e
1db0
302a
7063
fa83
7c70
8879
2af8
b0a6
e00e
f702
67db
acac
19a1
fdec
e089
a13c
1cc0
db74
9b77
4b06
066c
099e
0f57
1520
2d82
61db
0fb7
e74c
6b02
5fd3
8c37
ab6e
ec10
c32c
5872
12f2
083c
8376
784a
b4ce
885f
6f6b
cbef
7569
a924
5414
ed0d
98cf
e3f5
4b9d
caf1
2daf
1e08
e536
738a
fa16
c3f7
3d60
b53d
3b08
60e0
3d66
28b8
56f7
4e46
5ed7
b54a
4584
b80b
4c27
22c2
0247
382c
61ea
5e1a
0e4b
aad8
61b6
ab9b
8c8a
691f
4e8e
0b72
73cc
779a
f67c
4385
8f62
cb89
ad8d
269f
74b3
cda8
41d8
8f92
e8c8
16af
7518
a293
0b1a
820c
ed3b
39aa
3693
baa0
d657
bc8f
edd9
b1d3
fe11
fc46
d705
cc68
b54e
483c
5c19
63c6
57fe
5cf8
c31a
c4db
f195
32f9
91a8
13d0
81ff
b064
0dd2
6be8
6b6d
3bc2
4dd8
23d9
930d
e853
4cdc
35a7
bad3
7b58
a263
c23b
818d
1058
0111
4c12
5f5a
07e3
92e4
28e8
0096
44e8
635c
9ca3
61e6
6ffa
0e1f
ac8b
ef90
17e6
dcbc
58d2
2b92
d8e9
5dc4
cd70
d6c3
af49
40b8
6cb7
64ac
e2e1
eec6
bd99
9ad5
84b6
6d62
0f84
7623
0bf7
17c0
c337
b3d1
3c0d
49a1
809b
e66a
82cf
2864
67ef
84ec
2c71
a11d
0c79
6717
c0fc
dfd1
5c17
ad47
1a6c
d2a0
4771
7a0c
8a18
54f6
57ac
b4d0
9c9b
1ebb
0d76
0f26
4bb4
c4aa
498c
f51a
b7b2
62ef
5465
41ee
9f58
0000
94f1
831a
21ed
9ecd
062a
390c
839e
5583
107c
e779
7a9d
b205
0ff3
bd52
293a
e7b6
ceb9
0ea0
f598
dbc4
776c
738f
43ab
8c68
dc5f
c8d2
a8c6
5f2e
5be1
7358
563f
fa70
5c3c
70f5
aeda
778f
17f1
d588
ff7e
2b62
58c7
c344
6d4b
9a0b
92bc
27bf
ff4d
93ed
195e
9baf
e49f
74bc
7a29
e329
fadd
08d6
f6b4
7f24
6720
cf4c
0628
f5db
0705
875f
1c6e
73e6
69fc
877a
388c
9ee9
17c1
128b
6971
8ff1
c069
fd12
b204
ef2e
98d3
cee8
cb8e
799e
69e3
8188
9fd5
23d3
fc94
f90f
ae4f
4c4b
1b3b
799f
fb29
fcfe
6833
42a5
23e2
df6f
5e9a
3924
0bf7
3448
6429
6944
3b49
05a0
4ffe
24fe
a9ff
66bb
b3cf
21fa
9d1b
21da
af5c
0b1b
a602
ac69
13f1
0deb
2671
7e9e
4d63
c66a
5890
d780
f3c9
dcfa
a044
72de
14c4
a4d0
d798
7553
cbb6
0dda
d486
ad6c
7c62
0ca7
b422
2ce3
2b08
a834
c3f2
f445
28d4
8d82
82f9
cd5e
57e9
4e80
7424
4dd2
3eee
dc1a
909d
9be3
09d5
dd57
b96e
a883
88ba
898b
cfda
ddfb
25ec
b7a0
682b
72cb
7d2d
a4a1
7827
bc53
6ee4
320a
2a96
6567
c6ac
191c
b3f3
70f4
d6a9
6f74
ce6b
193e
216e
d07f
60de
7cd8
9d5c
64d2
4c49
ca70
f0cb
2d83
1118
019a
32cd
8480
a70e
9d18
fd33
23db
e17c
3bdb
f76e
c624
b632
ab42
9d1b
1c65
11ce
6e19
05e9
5623
ab55
63fd
b955
1c13
b043
2ff5
c2b5
3094
ab20
baee
3f42
b078
413c
6e09
a262
f599
df7d
891e
62c3
54fe
9277
f4c8
41d3
0851
b1f2
a368
cd0f
b7c9
6f8a
0d88
6ecc
d795
3e5b
65dc
ba2d
ea3e
2426
d88d
c68e
64e5
5948
804e
d17c
e2ed
a7a2
c57f
aaae
ca57
31ff
2bbf
0043
f602
ea2f
4df8
10e5
01c2
5e3a
8e23
b526
f3a9
b437
a130
e6a4
8929
8f35
aaab
af5b
6ddf
b26b
7938
8a8c
d3f0
fc07
289d
7011
a9c8
7413
4902
8098
4efe
4d88
80e5
009e
19d7
4a9a
512e
b4c9
5ed4
1af7
4e51
43e6
89be
1200
2e90
941d
1e36
3a8d
5429
513a
f59d
219a
1649
9dc2
fff3
c066
bb8c
a3ac
dd8f
33e5
f067
5b63
8784
605d
2881
509b
4fdb
eb4d
b132
c760
4203
c995
cb58
ae12
433c
4cda
27a3
6021
ea0b
66c9
3bbd
cc66
fe93
1980
da53
304e
ad97
e94b
9384
0f36
f51b
2afb
ec32
f386
e616
9f42
d10b
c427
fff0
3843
7faa
1740
f430
39bb
4415
b7cd
9b2a
53f0
b5dc
36fe
f153
0509
9a12
49ee
fe9e
c23a
8cfb
654c
eec2
c0f0
bb49
21f2
8374
8e00
4ddf
4a3a
f3d0
9a8e
5694
8fc2
5054
f550
59fe
5998
9c41
93d1
0344
aa55
9b0c
4000
1b68
089d
6732
744c
279f
0ea7
d32d
818a
7e41
26a5
d45f
b8cb
0d0f
7850
a2fc
bf3f
59d5
0d95
f55f
e309
dbfa
f470
72f3
3945
9fdf
bce1
a729
d337
c68a
d1e0
5ddd
41c4
2b6c
121b
da00
2c0f
bed9
55ae
c499
e68d
db8e
8206
9186
c808
0d76
ddc0
0d93
32cc
b322
9e68
068a
c816
cc27
5113
af04
c60b
b229
029e
cb7c
c909
9471
ba2c
c7fa
ea2f
dcea
37ed
049f
9910
e8a6
5d02
7eeb
7357
dbe2
23cd
c536
fe11
7774
4ad8
66e5
f278
3a7f
f973
f0f2
b480
8c26
71d9
119f
9b4b
ea75
0ba6
64fa
67e7
69ee
16f4
fceb
4636
332a
dbe7
0989
59a2
8ed3
87d7
1009
cc5d
f848
f2dc
4edb
b177
4bd9
5ca0
d3d7
4759
762f
1221
a0df
4734
d400
d3eb
9275
c182
37fc
b491
f811
70bb
5934
940e
6f67
428c
61a4
46e7
850e
6325
ed26
44d6
afd8
999f
f4f2
ef30
2a4b
1549
6605
af42
28de
dffb
1ddf
0161
0a2d
b984
e528
520d
ad33
2c2f
27f5
555e
d00b
9761
8421
f05f
cfe5
a025
683e
387b
5036
29ef
bbe3
fc4c
52d2
0cde
97eb
98e2
d729
c306
26f2
9bad
bf5d
9b9b
2ce1
2803
7d09
fc24
d1e5
675b
813e
8a60
b736
69a1
3b4f
2432
04fb
e2b5
d6d8
3dc6
13ee
c912
5325
070a
1374
eb16
db10
d785
0540
b6b2
41d4
7a1f
fa06
8301
7855
79b3
2c8f
5b15
6645
9d7c
5127
6a93
3be9
138d
4ed9
a87c
1507
b711
d201
5a19
0267
2ab8
416e
0bf2
26f7
d5cc
3ef1
6954
eaa9
924a
2978
aa6e
b683
659f
bdae
7704
abc7
5fba
56c2
748f
bf96
a140
53e6
cd9d
e9a6
6535
35f7
9352
3951
abda
0625
84b5
a038
53ae
32c9
1218
fd38
fd6c
2893
e938
f385
b5b4
95fe
a12d
cce3
dcca
4b06
e927
4e50
4957
0c4f
6e49
d4d9
8f61
7709
e131
1996
a90e
9a1d
fd05
c797
8759
2c46
b08d
b39f
13c1
af03
0499
3fb2
2f03
3c7a
7899
10c6
cf79
b37d
49fc
01e2
f9d0
b9cb
d4dc
8276
b506
7157
fd57
6e7a
9066
fe3d
f0b2
bc7f
529d
e760
f3eb
cba5
26f8
b8d0
fe3f
15af
ed89
73ff
ba3e
d13d
9a95
973c
6af3
360d
9f9d
a961
b8ed
df37
9407
ee60
67d3
228c
c8bf
b7f4
95fb
e3be
1b94
26e3
f4f0
2bf0
7a4b
3d00
ed3c
c728
6b9a
32a3
1d62
e23f
6b13
9425
373a
be2c
c4bd
f6de
0677
1da3
943b
b962
c7a7
cf58
4bfd
f38c
31ad
9886
34bf
bc11
f9cf
4f54
194e
a189
598e
2e76
702d
ebfa
3483
3d72
3655
c72e
c878
0eb7
6684
f308
213f
31a8
ee7a
cfc1
04d3
edf2
7864
2cdf
843a
90ab
d6f4
f294
c763
6293
f159
8bef
5a9f
500d
819c
a62b
37c1
5bc3
3081
0b3b
6d0e
59ed
6690
8d7e
262d
2c06
190d
530b
81c0
804f
6766
d367
f777
fd42
f20c
f3e6
35df
1bf3
e4b7
c2cc
3302
55b2
11da
6387
ba93
8eeb
6e1e
ddb0
ac54
0994
30cf
1bc5
685c
b3f4
05f6
3d7a
cfa5
fb43
a3b3
5f4f
3515
6f1b
6204
e322
26fc
cb5f
33d1
0254
fbe0
3cec
3c38
d406
7f20
23e6
9557
c748
35c8
b4a8
6c56
fd86
4cee
2fff
a440
1b89
b5dd
47ce
e9ab
4b9e
4a56
21be
8288
b8cd
7a06
aacc
96ad
bf72
f437
78ea
a281
6c79
1bf8
57e6
a26d
dacb
4e8c
34d3
6941
23d7
2c2b
8c1b
85e0
d863
b3fc
c344
8faa
cd65
12c6
adaa
f3c5
00b2
6b5d
c345
bad8
404c
65f7
2a32
9c19
4ed3
c104
4756
82d8
7cf4
0e68
c874
ab25
5d0e
b48d
65c7
f0de
8d56
f19c
4cec
94c4
2ff4
3e6d
0d24
bf07
3620
decb
2803
8333
25fa
b3a4
3b28
d708
d68c
6dac
d45e
030c
83d5
5e96
e516
7405
a675
1a64
96db
03c1
7846
12b3
11ea
2fc1
77bc
4c78
5a5e
7bc4
a9c3
bc33
1c57
ec00
ee6e
8bc6
d474
7023
0bed
a9ce
f96d
b786
7790
f7ac
bfb8
5b8e
7d0a
b81a
573e
b712
cdd4
679f
8a7c
14fb
6cc4
6716
2d71
c7b5
35be
8b53
ed52
a39e
445b
1751
a82c
db5a
f4ad
7fb3
4e6a
6110
5440
44a7
729b
5802
e74a
f6f8
24f1
26c0
b7d9
0515
a69d
6774
9584
ec17
edb7
9642
55a9
6b65
1d7a
e064
7b85
cb60
99bd
9998
1499
333b
2d4b
4cf2
829b
8e69
535b
5bae
e958
a633
b15e
25a8
119b
658f
b0b8
883c
5cca
1257
113c
0012
45e3
5243
e576
bc89
bb1f
483a
9a9d
c346
81d6
bd69
a35f
b47a
dc44
898b
f714
c4b9
e8ee
a1be
24b2
54f9
b6d8
496b
1e1c
3f40
c0cb
0002
8550
9279
3b2b
82d0
d433
a6d9
956c
a51f
189c
beef
83b8
ae11
8a07
baa3
f5a1
f8e4
6052
f782
b16a
63e1
a3ff
1854
8fa3
12f3
52c3
b418
4ac6
0e55
11ad
bf20
7625
87cb
d87c
d92b
f23f
1517
ecbd
f186
2dac
ce9c
aef9
d74e
8641
2190
03a0
4b2a
63ea
921f
3f90
3d13
1941
8194
c59c
14d3
d7e3
c5f7
f2eb
33df
7f28
a9a1
f443
5a52
b83e
9800
39a3
0bd0
ee77
c6ae
d62e
66dd
ccc6
1050
8b9f
6d13
1196
f725
a37b
487f
29d0
7069
6115
fc1b
b6f0
f1b1
1c59
5112
1a9a
9ac7
fc83
871d
1413
7ee4
9f1f
2123
7def
1d9e
cc44
8025
2fb8
1b3c
4184
bc6e
7bae
382f
441b
21d6
2f1a
bada
e178
5470
181c
50d3
cb0b
2dfb
0789
7e5a
b6e1
3fc8
141d
b2ff
a3e3
cb3d
73b6
2b85
a4ab
d704
f676
c7d9
4fbe
373d
ae03
7cd1
1b41
6493
6876
0836
6813
368c
83a6
209f
c709
b7ba
c451
8170
c5da
a98b
a9de
71cd
1863
0a41
b589
ffc3
dd2d
3f6e
16b2
96eb
53de
160b
7cba
beb4
2546
f10a
28af
5391
4bf7
96ca
de04
3f71
fcf8
bcb7
b216
2de0
6eeb
4eda
5dca
4a11
9e07
5edb
0b46
aa39
2f0b
efd9
46fb
c3f1
34a5
35cd
42f9
afae
ccc9
a216
c7b6
2ae1
b9d1
fe4b
6b85
b15c
78bd
87e4
1c41
1b4f
984d
1ad4
bff6
75de
f104
1bef
679d
26fe
fdd7
1177
71b0
521d
2b94
db0a
1f43
b2c6
3b3c
8a32
8b16
3ee5
1766
7bc4
e773
b692
f554
59e1
000a
b82d
d350
5d0e
b375
8c6e
f143
1433
72d4
6399
f31e
d9cf
1202
0377
9e17
5007
eae2
5431
cd6d
9b60
e372
feff
d2bb
bdee
407b
e241
3a1d
fdd0
8f2e
271c
8bf9
25e2
2668
9490
2486
821d
9fec
ee79
b899
b687
4529
485d
1705
7cdf
3726
5437
6d92
23b2
30f4
dec5
a934
ede6
fbc4
51c9
1e95
4699
f8cb
eedf
eebe
a517
08b2
5889
8516
47b6
c7d6
cb6a
2c3d
0422
740a
d43d
7436
7339
4d8e
a211
f19e
8486
7f6a
eb2c
7ca5
56a2
0030
22e4
430f
0ec1
5b75
7269
36c9
f95a
9e9c
1ff5
81d6
7bef
0d37
5567
ccce
ed8b
2d3f
c7d7
169f
ad9f
e773
1b30
10e1
113c
a4fd
004a
fa1a
0975
787c
6ab1
d124
e2d9
7e90
e918
819c
2326
f175
bc19
4d3e
d29f
2b65
aad6
cf08
3f66
2120
1255
aa2f
887d
a408
cc58
a1ec
69b3
7915
a441
9ac5
3c1a
eb59
0566
6e73
ce14
21dd
4a62
929f
37bd
290e
83ec
14ea
d5ea
2dd4
d5c5
6d4e
890d
e26a
7031
01ae
8282
658d
f6a9
3e46
10d3
3182
f77a
b375
8af3
42b0
c391
1a6b
6b34
a0f8
4ae4
4e8f
b2ca
53a4
52e6
a94c
5d6b
8cb5
0e62
f094
3fa1
7013
08f8
f845
8d59
97ac
5acf
556a
9cdf
c5cd
da4b
26e8
1da9
22d5
09eb
ddc7
54ef
0ed3
9adf
671c
8d15
8949
6695
0455
a393
48d3
c09f
fab3
cb16
09c7
96ff
7335
b193
49e3
0ee3
2033
293f
0c0a
add2
224c
4b9a
4472
7779
43d9
a2ff
88d8
a22e
cc1c
be6a
3381
85d3
e087
3ee6
7231
69ab
b740
0d4c
e871
89d1
9c47
b462
54d8
d98d
7d12
b6b1
47a8
23b0
9b23
ff6f
7b4e
4fcc
a2cd
e123
19b8
0209
8987
e23c
2848
b647
a5b1
0e61
68d6
387c
c523
dcf9
b535
14e6
328d
54ba
7414
9a91
fa79
469e
c3a8
6b3d
ab0b
4ca1
c142
dec2
8c47
e519
afa9
9408
c2c0
acf8
f0c6
daa6
bc4a
60f6
684b
4570
a282
8d28
420e
1de9
3435
c084
202d
8dd0
7cfb
338f
2a0b
5291
999c
8f09
1a2f
5df7
58b3
b16a
5ca4
b874
fb02
e80d
1ade
f677
3811
553f
a30a
61fd
c12b
e8f8
5511
38df
dc3b
4d93
4957
5813
511c
c4bf
b189
ec3b
5681
8a5d
3802
06d5
b123
dc3c
ab85
ba3c
adf2
5824
2e6e
bf41
6b11
e301
5ceb
020f
0156
6cbd
ada1
7e1e
9841
0e52
4d9a
6bbd
b629
bb4b
dec1
d233
0340
d9b4
8e43
9f6c
611c
1b15
1a16
e6fd
e3eb
92fb
9f13
307c
f6ba
90eb
bb0d
4290
e6b6
923f
cba8
de6d
48e2
c397
af0a
4db5
5909
bf46
aa9f
bf35
aad6
7588
fc92
a90e
feb1
ed9b
3abc
7108
1b95
bd0d
6f15
a4cc
fa44
cb8e
b10c
77a9
7555
bcfb
c77e
ae49
77cf
a798
caae
edc2
345b
f8f8
4dec
3f1b
e7ee
d1e0
a7f4
189a
8908
4f7a
709d
e973
79bf
9897
1733
ce77
18e9
ca23
85f0
417e
f847
4dcf
a08c
a58d
8b79
37cd
f2d7
6c51
da41
ee92
73f6
7da1
18c8
4ee6
7b94
e971
2df0
6628
f1fe
5d91
b11e
ed83
fd5c
aa74
ff39
351c
d999
0565
bd05
8b09
7ac3
c338
1ea6
cdcc
1c4f
7a76
2144
d2b2
f36b
2a00
5796
6790
8788
75ed
6bd1
fb01
ace9
9b38
e7e8
68e9
fd19
c385
01c7
659c
46a0
5cf8
a17f
56e6
0e18
0ce4
748d
29f8
f8ff
e005
76cb
25c3
c462
a0d9
90fc
45b4
3b0e
681a
f844
78a2
56b3
0ba3
f1ba
28bd
c79b
f495
49e7
9512
8351
e521
1a04
9780
5863
7c1c
9506
abe7
1ef7
86db
34d0
f542
4000
1acb
5228
1be8
8319
fcc2
3054
bb39
a76b
b81b
88ac
0f20
d5d4
e277
ec7e
3ec1
aa87
1861
3d47
a49b
6a44
4c8d
cb1c
75b2
8a74
cdfb
99ca
2433
eacc
9f98
89ce
d5bc
61df
62a0
e0ec
25b1
999c
8cfb
91be
9099
1d9a
18af
cbda
819e
2be2
aeac
c073
bf38
1747
caf7
396a
e877
ceac
4200
09f8
bd85
644f
e291
0f0a
ddcd
4a30
ff4c
e730
18ed
959a
fda8
853e
4adc
58e1
4d52
7318
acfe
3a8a
1494
39cc
97ef
cf8c
14fe
ed8c
f3d7
67d6
2407
ed81
7375
caeb
a117
5dfe
f277
f532
fdd6
d7ca
25f0
1543
2de1
e51f
0951
c3d2
d0b6
e819
5b09
a9dd
9e9d
c599
ee70
00dd
89b0
0b81
df18
70d0
e9f0
a951
7a7c
a064
c1ac
425a
adbe
cbf1
7197
f4e6
539a
c178
af85
e618
0efc
36da
b1d9
972c
f7a8
f4fb
5f16
71e7
cd10
9b76
3b1d
2085
8457
1391
f1be
a54a
8c96
160b
f27c
0ce5
78f4
c11b
e78b
04f5
d5bc
7480
08b1
46b8
7e2a
baa4
2184
5ec8
0c87
b851
3a94
3286
3f15
310b
2248
84c4
d710
4284
7b6a
df7b
07e0
943b
ea42
aa1d
8f8d
0deb
518b
08e5
0eab
ef77
6fda
dfb6
e144
18ca
1dcf
5c2f
3c0e
8dcc
15ea
17c9
3485
825d
326d
12d6
8085
ad47
ab3c
0ac1
f143
192d
7256
ab77
eadd
1cd9
f7f1
a11e
a942
9b05
7ebe
4e8c
85d1
1a39
1bf0
d40a
e006
dc59
137b
b205
2bc3
6d99
fe2e
a849
2e87
a099
b2f0
8e60
5ca6
7e66
75f7
9657
29d7
3619
be10
2d41
a7ed
71d3
367a
61a2
b28e
7cf6
8ad7
6190
7875
ce98
aa4a
b661
18cd
6910
3bce
2c86
1a66
55b2
6456
e0ad
7c3c
c2b0
eeae
2d82
dcad
4fe2
f31d
08c5
f291
5f3f
eb23
4476
6858
d985
a4f5
b7ba
db17
789c
290c
ecda
1e96
3174
584f
df1c
de9a
6fb5
fcca
544d
e6d3
c791
f491
135e
7682
ae6e
3930
64c6
ab76
1e01
4e86
d25c
f4f7
f0bc
e2ac
470c
b0b0
1f2c
965b
0753
f67a
ff5e
928e
1916
274e
85dd
2d7b
ceae
a369
b75c
7f39
b1b5
d8d8
d101
ccd8
bf40
4f14
ff77
96ab
a05e
396d
2ae5
7f6a
c719
dacf
07d2
97d5
a7e4
91e5
1de5
2bc3
008e
94d6
8fb0
319f
1688
4f69
cca8
5cf1
b115
959a
3779
0bb9
e780
40f9
c679
22b5
8c7c
988c
b5e0
463b
38d6
3cb3
29ee
befa
3741
dc56
23bf
bb8b
51e7
3324
2d04
fe05
f95b
ded8
901a
4dc4
c743
5be1
9bab
57fa
361b
4185
490b
826d
11fd
b0ff
5a9d
f23a
0573
88a3
3998
da8c
c13c
2cec
6301
2dea
8bf2
5687
0d83
883a
3cae
1841
9e5b
cd0f
50a2
dd4f
80ae
2ce3
8fdc
e26c
4af8
6a4d
fa5b
4fbc
0d68
3901
7a3e
888b
7618
6adc
a78a
14ff
9706
1cc2
b197
a010
49e1
8d4b
a969
51e4
1ee7
4690
a756
bf0c
9526
0700
cc38
b48a
c54e
5bca
38dc
7164
faf6
6640
c21f
e295
f671
16d0
2884
d680
7e71
4d2c
bf64
9fc1
d883
5e79
79f3
d23b
ea90
7d40
6fca
d8e4
4e0d
44bd
65cc
ff08
d937
2424
e556
28c9
9009
083b
e6f4
2ff5
28dd
9cbe
c78d
b5df
781e
752b
4a2d
720b
531d
4fdb
2733
01c1
f011
7437
52dd
3f53
5480
58e5
4288
fcb1
e63a
b7d3
8b04
0aac
706b
3e7a
bd89
9bc7
a00d
b2e1
f87a
1f3d
aeeb
8071
2694
76e0
6cd4
f782
13ab
cbb8
a5dc
bea8
5ea0
9fec
e495
0f85
1c2e
18ef
b88d
0724
e11e
4501
e8a4
3c6e
ad65
26ea
c137
feaf
3627
16ef
c1e9
297a
2d93
42f5
1fe7
aa98
0426
3e5a
6b9a
36c8
e550
53e1
9b4d
2562
3718
4178
0bb5
ef80
b12f
4448
0475
4360
e6d9
c141
8f45
24b5
395a
acd2
8972
1b3b
2589
f22c
2822
9ad7
83c3
1a2e
d0ee
3f37
77e6
0114
0770
6790
3131
0fc1
f426
257c
09a6
3402
29da
eca1
930b
a7fe
9a8b
e45f
a219
9cfc
4a0b
626e
790c
9606
7af1
a1d5
7cac
849e
a4e3
6527
13a8
d0f1
f506
feb5
2e72
f474
0b28
d1b6
2a35
657f
6de9
0259
e579
c113
6468
57b0
575f
6ed9
61a3
c201
522e
16f0
8f3e
311b
b5cc
36b5
7bc4
ca1a
10dc
eb75
5c04
f528
1f84
1b25
e48d
4b2f
9917
b089
57df
4a61
57c3
8a7b
a545
f0a0
46ac
5cac
2422
d2ca
4b40
f42b
a494
f4ab
6b12
e644
c7ca
4c5a
b0c5
7943
7e8b
b322
64d5
e450
f987
d92c
1b7e
0d4e
51bd
6b63
91d2
45bb
51f9
ed58
0d32
c4e8
24db
f06b
f8fd
85f3
71f8
af08
622d
594a
3eae
d171
e8b0
cc22
f8c0
1e6b
3251
21ac
a141
afdc
96fb
5db3
4a79
4e99
ea8d
2205
59d2
47eb
bab5
45e0
01e8
d6e7
06e4
29ce
205d
6246
f75b
1e96
2315
e680
67ab
7a9f
1b3a
99b9
e34a
a389
6cb0
9354
8380
b8bd
af06
338e
0efe
1ff0
3966
91ae
1fdb
0a80
3be2
2894
d4c9
6034
6816
2645
369b
653b
4cc1
0c0c
da4a
ad95
c00c
5a4e
523b
a9ca
67f3
ceb1
91e5
9820
020b
93da
6d63
2601
85de
83cd
92ec
7d04
c981
79a0
5520
c5e6
c0b8
4632
ee97
b80b
9028
811a
0905
5459
f239
7652
c354
3ded
b808
a349
6a74
cc75
86e3
ebad
dc56
1638
0899
0d99
1c2b
1ca1
31fd
fdbd
c626
2b28
7639
d6de
bacd
cf3e
1e62
81d0
2a19
9737
e6f8
f737
4d24
b78a
9aff
9cb1
9b74
f2eb
45c6
1945
31d0
6d0b
9e88
d67d
6def
8b72
00f3
6d2f
7aaf
d515
148a
0b13
f90e
b53f
c697
dc2c
ef13
a499
c34b
0ef8
6063
dd7f
1fa1
38b0
81d2
0fed
408b
fc86
7830
0b7f
42ad
e146
438a
c851
3b68
d7cf
67c7
96a1
5cd4
0d71
bd13
afac
bd5d
9fa1
d7c8
9b2d
4f83
e2b6
1e41
a07e
b9de
687b
9c95
54e3
56ac
0c6a
5d1d
0d99
cdfb
0490
9e71
52ea
9d37
ffda
e8ed
46b5
3d73
9b82
188a
ade0
c1a5
fa4e
ce2c
5530
6fd4
4c7f
c7f3
f2fe
83f2
902e
c21a
13ae
fcc0
4f9e
8d3c
3b9a
af31
521e
f705
1e0b
5205
bbdd
5273
5ede
719d
7c9c
ca0f
c7f3
1f15
f3a6
c237
da75
f222
523c
5bcb
24ec
8e0f
99ca
0838
c736
3c8a
23d3
2170
d119
f46f
3411
4c82
6892
90d2
210f
c004
a89e
f40a
df8f
daca
872f
8145
6cb3
424e
0c41
a30e
7609
d1b8
946f
cb3e
a2f6
06fa
874e
19e7
3ba2
ff48
3b62
193b
972a
bd8a
ac4e
2655
7e90
f22e
15dd
a8dc
b745
a9ad
8f0d
9296
bb7e
c074
04df
9ba1
826d
310c
d51c
0c92
6b18
5ede
863d
f1f8
f246
2ac9
c518
9ae2
a647
a38a
23f4
7ce1
ad00
b975
0d19
ed62
83d6
7839
b261
a668
d1cb
aad0
f937
bfae
2a9a
4922
6e3c
4e23
fa43
fe8d
7fec
521f
2185
ff1c
f678
0006
07e0
c492
2555
4428
cc6a
d9bc
ee9f
0f62
b697
2aea
43aa
374f
fdbf
d6d9
e82b
53e0
8b32
9cb2
3e0e
f680
ccea
dea1
274a
d8a4
da70
e2d1
5588
4881
5b3a
4bbe
fde7
9ff4
a60a
a53e
f733
07eb
5552
fd2f
d5d3
5110
a3fc
a939
a5d7
c849
b919
587c
fd3b
8d6b
28a5
6b35
ee3b
96dd
6237
ddf9
5107
647b
4f75
83fd
8b5e
2b8f
dfc3
a935
64e5
77d8
d3f5
3974
3b78
aabb
b46a
466d
12fc
5dd1
0938
66ed
a459
e9a4
22af
7649
3993
0aaf
91e0
c70e
e2fd
d36c
ebdd
37e8
dc72
f0a9
4eac
7cde
959a
83f6
1db4
7b60
3930
d314
e005
ccfa
a1c0
584e
1634
f584
42e6
4c8a
86aa
bc20
af5e
45cf
bd6a
cb05
a8de
ac3c
2b09
856f
758b
c778
2d5d
3180
f144
566a
92cf
0aab
ae53
2a21
95d7
1681
d68e
bce4
ea7e
ea83
5062
1272
e0b4
04b8
684b
78ef
0a68
950e
0b16
dcba
a00f
b7d0
66fb
dbba
3ddc
0455
52ce
e2ea
af11
9f7b
7d23
c4e7
a8af
f5f3
92a9
85a5
fc92
e9fa
e3a8
804d
a37c
ff11
4c90
dd8c
4b57
8c5c
3600
0266
c4b4
e9a9
09da
5c60
71f8
aff6
7fbc
9d56
b917
f997
1f27
37c3
1dc9
584f
575e
9459
3dee
9ae9
16d6
2789
748d
6f59
0823
e281
ce33
79c0
6b20
2870
30f5
e770
0908
3b6a
4cf7
97b5
1bcf
8bd0
0d3c
fe29
b23c
2810
ec4b
e7e1
0bbb
c0a3
a821
4e0e
8beb
aac1
c062
446c
1408
a5bd
a711
409b
21d5
26ef
8be6
0577
1a2d
601d
a0c8
2b92
5ea4
0036
77f1
b35a
9c6f
edbd
e5a5
ba01
8320
c0a5
b015
c16f
9a2e
35b1
140c
aa82
a2a6
3787
8664
1630
a00a
61eb
9f2c
1d2d
73b4
0fbb
ad9f
d52a
6b87
bc35
ea01
0a07
dbd2
db7d
4f58
5a22
332b
d28d
23f0
cc79
a001
6e52
f4b1
d7a9
2d05
7c15
ca60
5907
2051
9599
d5bb
37ca
1dcf
c05f
4d0b
6d27
33a5
48b8
84f1
79d4
cdb5
535f
eacc
7ca6
00fa
148f
ce9e
fefa
2467
68ec
a94d
6fb1
c25d
7186
a09a
57a0
9581
f7c9
6387
6547
d235
5a09
f64a
a65f
8f9c
1260
b12b
696d
4e09
025e
8acc
9f75
aeac
1f07
034d
0831
4c4d
6a0b
523b
8daa
8c1b
3ace
d036
cd0f
080b
cf18
8780
89df
e0ff
b8c4
7c18
975e
cf85
6c45
35fa
5441
228d
93fb
4113
1fb4
832e
34af
d6d9
2ec9
629d
e804
9227
ad99
0577
6028
b904
5300
aa60
ab91
e931
e23c
d3f2
4ac3
188a
8e0b
bfaf
84ca
1766
ba71
a32f
d16d
06c5
7d45
634e
4301
d938
87b0
ea7f
3aab
fc78
4889
b502
f67d
c7d8
6e31
1ee4
7794
cf8e
dad7
fbca
c5cd
241f
8d2b
c234
1703
c4fa
5db5
119a
0df8
dc82
0d05
1a7e
9d43
07ee
e54d
fb57
8fa6
5f2d
6480
6db6
813b
af28
6193
8afa
8c04
3f4e
1ed6
2077
aa0a
768f
752a
08c8
6a64
800f
bbbc
f609
98bb
71f2
7b6b
82e7
a418
4210
c216
e6a6
7c6e
651b
9379
1963
b317
e714
dcaf
c087
c3ae
d565
ae2d
8ddc
5afc
6cc2
cad6
f5a0
df2d
dc89
fc03
1a05
70d0
adfc
83d6
a72e
701a
5e39
0aad
f067
14db
0aed
971b
07b6
2625
b104
97f2
145e
d7d7
1357
9aef
efc9
d193
1ea9
39bb
8dc9
be14
fa39
4bb8
dc5d
7c88
6b5c
30f9
2882
7ad1
9365
d909
1000
c5aa
1faf
369d
b051
7ff8
eb59
25a1
02fb
9afd
dc11
bf2f
48ee
8f73
4b5e
6dc4
8989
f8b7
2c6d
491f
d448
5ca8
b8a9
37bf
6407
a49e
31c0
3c14
252c
306d
4186
b330
6f89
4a63
6e9d
d659
561e
19ce
828b
1693
32b9
92dd
2c44
31c0
7fae
29f8
2974
c87f
f2d8
7fb1
4358
4d0d
55a0
b695
92f0
db3c
7a1b
58e9
3214
0e3a
fc7e
8b97
ae4e
5838
7126
ecd9
fe21
db6f
16ac
b850
23a5
047d
72f1
7f94
aa2a
0d56
c88c
ba68
44bc
9562
8f45
0fba
53ae
ee0e
7b6a
4ae0
fcda
d1c4
e3ed
c73b
ea73
2e8c
0504
2976
3fe9
79b2
6683
5ef3
865c
f70f
b0ec
b76a
a0bc
daa7
90c2
6a28
5af6
9a5f
c47a
057e
1607
45c6
e9d4
7895
abd4
898e
b44f
75c6
2b17
bf1d
7163
2bc5
ae7d
55ed
1566
d49f
6b21
ec23
ea5a
87a2
153e
d1a1
b1f3
8325
c3f3
6b05
7367
4253
4284
88de
8868
8f6c
ad36
bd11
53fa
3376
ae70
8463
f3f5
8e20
f375
5e44
c6ac
9356
98f3
3aff
cc41
0a47
ef97
acbc
6f43
889e
52f4
e3ae
c31e
ffb5
981a
8f5d
ad2d
0f8f
1567
5578
d5ec
c226
0ae0
de62
93f3
c13b
5cc5
d684
1eb1
f1df
2daf
6c16
edc9
0c61
f31a
cf4f
45d7
ec13
6c4c
43f9
07ec
55b4
8140
c339
7f0e
0de5
3ae1
5a95
e2e0
b9ed
c3ab
76c1
e19a
3406
a395
75cd
1dfe
7415
6de2
e5b6
e064
786f
5df8
19f1
a416
3919
c1e5
400e
940b
57ca
bc13
03ec
f9e6
be6c
b757
df92
1d25
4b65
4e0e
0da8
8992
77f6
3e58
52f6
ab0a
f527
604a
5f0b
096c
708c
43d0
bd35
f9f8
53a6
6ea5
3de3
06fd
1e39
6e22
f249
f635
2142
d006
f96a
745b
c837
a02c
b439
ee35
109b
bd86
f7b0
f111
918b
a383
8a4a
bd47
6cb4
abd1
de29
041f
7441
84c0
33ac
2267
c5b4
c310
5778
c0e1
7fc9
6701
d0fb
f495
df2e
255a
a10c
4814
d221
2422
dcbd
4fba
323e
0eae
ec61
4f30
46f1
16bc
6a3f
5747
9578
acf2
4979
26a1
c254
a5a6
a54b
9971
4e51
0c9d
4306
1647
6fec
9275
41a7
c514
d5c3
269b
318a
bc9e
11dd
93d2
8775
0038
db7d
d491
0717
9854
c6d3
8052
795a
f3f9
2373
e01b
d8c4
26fd
ffd7
53b4
0a15
8491
2579
0334
3cbc
14ec
bf37
c4d6
d22d
f316
eb55
d513
3d1e
680e
73a6
3353
9f9b
6c22
84e4
2ae9
27ce
08c2
1887
a1b4
f925
cdd9
6de3
e46b
ff78
493f
f16e
56e4
5bff
8de5
eccd
869b
fe90
8567
0c33
305a
4bac
4168
bd98
caa9
5d74
b68a
e180
8995
4e38
646c
e937
f8b6
5d44
793d
207e
6e1f
d62a
39af
284f
12e5
6577
641f
6fb1
5396
246c
33ce
2be0
e414
4d05
d49f
8e45
c143
56ed
9c89
3a96
4afe
06cd
57e0
1816
4d59
5d3d
243d
3f84
972f
2fe5
7854
93b3
0dad
1a54
d01a
fd74
32db
6dfe
246d
049b
08eb
9163
9ded
4f48
77b5
79d8
6727
0613
7c3f
ee71
9b50
cb65
306f
5ad6
442e
b54a
8800
7025
76dc
bf0c
42ec
a331
5415
83e0
9ff3
45fe
7a8e
d6f3
a158
c01d
c14f
0940
04b9
0f30
1cf3
be24
d436
5f73
d1c6
5a94
3a49
bca5
c2a6
7e72
68a0
2ffc
6d3d
3b7c
38a5
c7bb
5b0d
f2ca
becd
d6ff
ff53
f8e7
b60e
d22f
0100
f898
2743
fef7
cfe4
a484
c40a
bb8d
5c2c
07bc
9cc7
2262
7e5d
2634
e450
560a
397b
8037
1fb8
9ecb
ed91
610c
e910
14d3
7746
9197
9910
4e58
1b5a
5950
6153
adc6
09c4
e250
194a
b983
86c1
c070
2bfe
7944
f236
e5c5
1388
8290
c2a0
87f2
f491
2502
674b
4269
d826
d11b
78e9
1222
4284
3ba4
0b0a
9010
fec8
0f8e
1693
d686
ae3c
4aa0
d3bb
87d1
6cb0
3900
53e6
d895
776b
a9bb
3e46
41b9
45a9
86be
8839
d1ce
c812
35aa
0ae7
1799
9f24
867f
4979
ee2d
92e7
395e
d6ed
6952
2bfc
4602
9981
cca3
657b
7b36
9c74
8098
fd4e
83ed
4b26
6b6e
a93f
ef85
1b75
d71e
fc10
9f92
baa5
af5d
86fb
9a7d
4083
6867
0802
91c4
2f8e
457e
45ae
9097
b549
11ce
74d3
5855
2f76
4894
21b4
e3ad
b139
a198
504e
f75e
171e
aa12
8fa3
1afb
f918
bbfe
976f
8f5d
904d
b088
4334
d3b5
c5ca
307d
d097
f8ef
6eca
92c6
6396
9074
10f4
fb9e
651c
61cf
6b3c
581e
5d19
ac8a
a417
ec42
01ea
50ba
4e0e
7190
dc32
df5c
0d55
ecdd
f4ed
f404
0626
b736
da62
f91a
121b
a293
6b3e
2fd3
d863
2fd9
0620
55f6
81f7
4cbd
f665
84f3
8a78
5949
309d
5774
4654
ca83
11ff
3182
b31b
f4f3
d01e
92af
a7b5
eb18
5136
d84d
bef4
58ae
a71d
04b9
e8b5
5f63
eb30
81cd
1ef0
a459
46f6
839f
d31b
deb6
0a65
0a2f
0eea
add5
df57
c172
dc01
761b
bca5
5f3e
141e
17d9
591d
69e2
111d
e1d7
84cb
2782
4590
8840
cdde
3576
81bb
4336
76a0
a68d
e623
65fa
0ee1
ddfb
32a5
474c
50d2
b0b4
2cb8
6c24
c9ff
48df
130b
bfc8
b22e
cef9
c34e
8895
a119
6ace
a12e
989b
831f
c015
43bc
6ce9
9791
20aa
6232
1524
8bdf
62e6
cde7
4d1f
ea28
41ee
7e44
8b42
e868
8838
2a78
27dc
29b8
a223
db85
0024
24c1
f2aa
5209
31d4
dfac
c4fa
6389
2a4f
7309
5785
7915
0001
2b1b
797a
da16
d5e1
da82
c4f9
48f5
ccdf
a883
d357
3268
95a3
7108
4d25
7908
3387
7c20
7366
45aa
dc8b
d0df
0e7b
2835
318c
48de
e876
2dcb
716d
5085
271e
5a76
c864
2edf
d80e
20d1
c57e
1aa9
889e
8436
fa60
411c
efe7
dd9b
2a37
ae74
6867
cc46
b97e
d116
ad1b
86de
5afd
a98a
3617
0472
93be
e835
c637
186d
b210
3954
a76c
b78b
aed8
6a78
ffbe
7f61
a56f
419a
eb24
f890
6b2c
5fb8
29a2
cf69
c072
1764
4580
036f
5971
71da
c83c
4633
0a18
0a30
285e
b9cf
b7e2
70d9
7d61
b24b
a20c
bf47
07c3
74a6
582f
2a65
a73c
b7c9
da08
229c
c70c
3f41
3d95
44b1
202a
29c4
abe8
7f92
28e7
5c64
9ed3
f59e
e881
0f70
91ad
2ebf
c626
12a1
10bc
69fb
78dc
98d5
2591
ab4b
0569
8138
e7a5
fa33
b912
fc85
4ba7
2812
07e7
384b
6efb
0621
28c8
977a
eb0b
ec67
8cec
9f47
de0b
316c
8714
2100
5b65
6e65
3a99
69df
e99e
2db8
f962
acab
a10d
ef38
5872
01ce
cb40
22ab
f0ed
f2bb
4557
28ff
82d6
9cee
1fd0
9be9
15d4
019b
894b
266f
6c45
0158
46db
8191
6a44
953c
855f
fa4d
9ec4
ec47
d2fc
deaf
7029
4bf2
2869
5a1b
ac3f
c650
97dd
42ac
ca9d
9379
b6b1
960d
d7e7
3dd7
7922
a3db
d4e5
b0e2
5db5
edcf
89de
fe2f
b525
b4b8
13d1
4d6f
0466
fe97
af55
c75c
9da3
56b3
75ae
b773
20b9
2697
b8b3
8079
1857
eda7
e151
2523
387e
81b0
5439
6ad3
7ce0
5157
990a
debc
7d54
5b66
4e0b
6cbe
eec8
0559
e0a6
480a
bf19
f023
78cd
f666
b0e1
4bcc
b6ff
9e66
0934
dbd8
e9bd
f87d
68d0
6ce6
c63a
42cb
2654
500f
42f9
1627
fd9d
d3b8
ae16
5251
600e
ac8b
4abc
2e55
89e8
6e47
d13e
beaa
8f1e
8260
55b9
8a95
2483
cbe0
e4b5
cafb
68fe
122c
fe4a
495d
f688
9e99
386a
8aa2
8b30
5ae7
2838
733d
f0fb
ebea
88da
31b2
2aae
7ca1
d163
8ec1
ae07
7d16
a11a
e4e4
8d7e
0997
c647
a662
21e2
8ddf
2e7b
691e
729c
3810
0bfd
2d75
9858
8667
b5d3
63cf
5a0d
d862
26bd
ad2e
3aa5
df15
5d33
369b
d0cd
8839
ff38
b369
7683
4757
24e1
5491
2632
0c05
b33a
348c
aff1
bafe
e9f5
ffd8
b000
5619
0316
282e
e662
9761
29b0
6373
9d4c
afaf
fc5e
be28
a7e5
8f1a
6af0
71ab
6d97
6d28
10be
156c
86c5
59c3
288e
d81d
cba0
dcf1
a0a4
db5c
af72
318c
bd4b
02b2
2e8e
5763
85f9
207a
00c0
2dc5
05b2
f372
471f
e4ff
7789
d7c9
b589
3634
39f4
d9b5
869c
42cd
523a
485d
3359
b1c0
aa6e
236f
1760
deb5
19af
c0cc
7826
b513
fa6b
5f3f
5759
8982
30f5
00a8
7c64
cbbf
3b3f
75ed
5a1b
cc6e
b868
a883
3ed3
d440
db36
6198
3ba2
e336
6605
f424
1b77
28db
ba26
43bd
1d95
58a2
6a20
0805
169d
b4dd
fb73
9cad
079a
e46c
fff4
767a
c705
05e6
6e62
60c2
4abe
009f
d5b2
48f4
72e2
7161
56a6
7a57
f349
a84a
6b61
8fb4
0ff4
728f
a8c3
f502
8076
02aa
29fe
73a9
15a2
2c56
a444
21f9
64ee
c0ce
e73e
3a9d
1478
a36f
a855
f250
ed03
daa5
7b92
6b1a
a40c
9997
ed83
20f0
17c1
53a2
c086
91d6
1916
8ba3
1e79
8457
ca68
6f9e
0c47
6f92
5216
aa70
18a5
9e19
caa0
99f9
b028
6918
aa1f
1757
273d
851d
5505
85e5
b3ab
24e6
5b2f
0b7b
a760
068e
9cf3
0722
31f6
6d41
1fb7
2e54
9467
5afc
5e46
cc97
08b2
63d8
7a45
b4f9
e21b
1bc6
5c76
5805
3606
0004
0512
aea1
a85b
0391
6866
3f29
f7e5
efa2
5399
0a4e
4eb6
f214
20a0
6f31
bff7
0a0f
bfdb
2830
5783
a070
8383
3f0c
7929
ef4c
5c83
bc31
7497
0276
8fa4
ca82
1f00
da12
bb23
7fcd
5de9
6fc6
ee1a
4288
4223
7099
93e9
2ccb
e8ac
3887
5e95
c01a
6a3d
0b6c
b0fc
d78d
a04f
4b59
5567
75d2
7ebd
ec0f
50f3
9878
65f7
423f
82f2
0862
f460
1500
7af8
842d
eea4
d49b
b7d1
2429
c37a
6719
9714
c3ab
9c7e
09f5
3c38
865a
ff52
78a0
7a20
fe9b
cd13
ecb4
1da1
db02
a0a0
cf99
c586
5b89
aec0
7102
6495
6e01
896a
68e5
e947
6490
7592
152f
09d2
d80e
0f34
3161
4157
5b99
a7ad
a6b4
a09f
257f
d3a9
2746
aaaa
e915
3652
997a
0030
44f4
bb4c
4bdf
11b8
18fc
92f0
cc19
c6eb
b9b4
43f9
5e1f
abc5
13f8
7206
ad58
9158
adc4
9e62
b4df
8f58
0dc7
6fcf
fc48
4c2d
f614
736c
d44c
be2e
1578
e001
2d58
31ee
350a
72df
9380
f14a
5183
8973
3a0c
7fe1
57de
0cc7
7a16
3bb4
3956
ae1d
9b9c
248d
48a0
b9ef
9e9f
227f
ce1c
1bf4
8bf3
4711
085c
65f4
ed39
fbd5
81ac
3249
09da
2cc6
64fc
95c8
b657
647f
ae6d
a3b3
6c7a
1e3f
47c8
85d7
4def
ba02
bad8
bab5
1d56
aa8c
3e78
9005
a763
4a53
b277
47ff
e753
376c
97cc
bf3f
a0ef
bcdc
c4e4
31a6
5702
cf97
1f66
4dfc
4b00
1959
f315
4bc6
9b1c
98d8
e6a6
5460
fb84
8bee
ca0a
c114
c260
0af1
0e96
f294
8b6d
4804
b943
7245
44bd
5f72
7b92
40de
ca9c
070a
69a2
acc1
c9bd
df3d
a6a5
1c09
b3d0
f588
6975
9cab
97e7
4ae4
c317
98f2
608c
6c60
7e6c
ff21
803f
9b38
6b7b
4ec0
064d
79eb
c8cc
e32a
ab71
e3fd
6c54
e8fd
3a89
6752
e0dd
c7d4
1e0f
d627
dbca
df40
98aa
a228
d611
14ad
23ab
6e49
2b56
84ff
e4a1
147a
6d54
f14c
b061
80fc
ffe4
1c19
0ba7
b51e
2e4b
e18c
07bd
1041
f388
3312
bbda
c088
4ab5
a7de
dadc
c8f1
969c
508e
764f
dfbd
d19f
453e
ebba
2cb3
8534
39e0
d3d3
a7e2
7553
c30f
aab5
a582
8a76
dfc1
3f9e
dc44
d3bf
5cb8
87db
f775
67f2
b571
b6af
b35a
ad6c
074d
f013
4675
4586
8364
4f6c
01bf
d38c
abce
1411
6775
1174
1704
0f6a
a257
5ba8
b60a
e8d2
252c
0ac9
4e57
bd09
d430
8a2d
f5a3
2158
9ff6
228c
7321
d535
d002
495e
8533
903e
e687
fbd6
b05a
6788
48fa
1f57
9b28
8597
72fc
c47b
4740
60d8
b640
3cd2
9a1a
d7cf
3502
8d44
7682
38c2
9128
e79c
f00d
79b0
0648
eeae
f61a
9a78
7644
8af3
1e4e
92d5
593d
a9fb
b274
35e4
8e38
0287
8744
db4f
f0d1
e3fb
6ba8
1b01
9ee1
81dc
7557
2866
2926
817a
f874
b1be
d5db
4df9
aec2
f58b
2dcd
2f67
063e
3abe
55a3
258d
e1ce
b995
6aed
18f3
e2ed
634a
9151
8175
f475
e0bc
8951
e5ee
5269
6792
42b6
cb06
5970
ae99
f100
bd45
72fb
6ff5
779f
9b25
666a
0621
56f2
abd0
b4bc
d4d8
e59b
801f
5184
4420
33d8
67c0
8cd9
51b9
bc5e
14d6
3935
11fa
04b7
8ebe
2a57
7d23
143c
ffe5
deb1
adc2
ab92
4587
01ca
6854
07ac
0d8d
49cf
b7eb
dcd6
209d
08e1
5bcb
3fd5
550a
d8d2
ef2e
4aca
30d2
3504
9139
92d6
3f24
eeba
974f
c6f9
63ea
368e
8a9b
7603
25c8
f9a8
32e9
198a
8d85
c529
e859
51a6
4538
d083
0e95
4de0
c3a3
6820
7896
5b4f
93c3
5445
9cec
26e2
cc8b
eb67
91db
ad25
9039
9b20
d035
ed38
cb2c
5b8a
aa31
7b75
cd52
71ba
d782
2143
a2b4
13ca
841e
a014
03ff
7b06
873e
a433
1808
a641
23ec
ef74
4237
acfb
8cc7
403e
639c
58ff
62d5
7014
df2e
6836
2fe0
938a
465f
ec3e
8051
bab1
edcc
206c
c43b
b462
ca52
1c69
5ce8
78fb
2985
a1a6
c15c
87c6
6885
0ffb
4a16
e2f6
ba1a
5b6f
088a
e162
ef91
eb0f
8706
cc0d
3b8e
5f44
b11c
a41c
4f57
31b5
f778
8755
4248
c928
c3c3
d674
eee8
2026
0f0a
4907
65bd
3cc7
c253
5197
5599
83f8
b2da
10da
38ce
979d
5834
7423
c61e
3e27
eb93
d810
c7d4
dda9
0e78
9d00
0a28
8614
2a96
c477
3d0a
c8b5
e3bb
c19e
604f
cc83
4475
1712
1b28
f604
58e4
0a16
f467
9129
64eb
2f15
05c7
ad54
4104
75c4
596b
3c58
e1bf
a0a3
6209
5dd9
4158
d1b7
2a6a
1eb5
3fd3
82ee
89ab
3597
942c
f3da
6c43
aee1
4f33
0746
2b86
0eac
9a25
fc19
9f6b
f0ff
c77d
dbbd
d338
af44
e6d8
54d8
e14d
b21f
0ba6
c2db
77cf
1559
b292
15ff
b057
fb9e
bf78
a0e4
1c1c
17c7
7519
0dd9
eac9
c85f
9303
25e2
5199
2faa
da2b
5cd1
6ea8
2d3e
d94c
875c
7e0e
0932
e05c
c102
0128
1a56
d24d
9079
f36f
ea4a
7205
f5f8
c72a
3db7
081b
7532
4de3
9524
97ce
ddec
7269
dab3
0621
be9b
a4ed
ab20
45ec
e067
f9a8
6ffc
86bf
a07a
d255
c241
d126
8325
c8ae
c3d2
ebbc
914d
3119
bdf1
7e1b
523f
a939
e810
82e4
bb66
9f90
a8b4
c19f
a06e
bc4d
e24d
3995
fa06
956c
7130
6bf6
d7f1
adec
7b26
c568
e984
eaa2
22eb
e176
9c65
e52d
2b73
0a97
eec7
db50
fdff
03fa
4736
1ccf
26e8
16c5
e88c
3cc0
b885
01db
0419
f15a
1727
792c
dacd
be11
6963
4b86
9d03
66df
55dc
f1e8
93b8
09e4
f453
0406
92b8
40a5
fcb3
8460
4740
06dd
060f
626e
b2b8
edd2
91b0
9b86
40fe
28b3
e79e
913e
a421
a0f1
ab22
b643
5fd6
372c
fc0e
b5d2
5bad
4b0b
c773
6765
0965
f898
6e81
f3ad
a74d
69b7
6a06
351e
7007
e104
2399
9605
f974
de58
ab72
c40d
b181
8805
b7c3
fa06
4d7e
3d2c
bb08
935a
b0e1
89de
04bc
7517
274a
f14e
eb4d
fdae
db99
67e7
490c
7cf5
e4c6
ef08
af4e
37e8
738f
2293
23bd
585e
4aa1
f97d
3227
ea3b
8333
bf60
84cc
981a
1f45
1b08
f50d
4025
c5ad
b933
b8db
6f97
6375
725d
ce4b
78e2
c907
1644
ad16
ee40
698f
d743
e154
1828
dd1a
7499
c691
d9c1
3778
418c
9410
e6e8
f130
30a8
0926
4ed8
f7b5
f77d
f2ef
660c
e2ac
b7de
d25c
b599
d19c
89e3
d1cc
7cee
8c73
5556
b6d3
3e3c
ed45
234c
f7f6
1059
5e3b
412a
b782
ab05
675e
07fe
033e
4820
be8f
76ed
e509
0253
65b5
02a5
45d1
a714
4417
e4e7
3141
5d47
0325
8dfd
34bc
affb
3787
2793
3eb7
2b99
bbea
b61d
ab72
bc50
7462
546b
81fa
b0f9
7824
33d4
4b2a
aa37
9a37
496a
8eb6
79ab
a964
a587
9b91
37ef
b43f
32e6
7e3b
0968
dd92
72aa
a1ec
cdc8
3eae
3df6
3569
d46e
c20b
0004
742a
7fa3
e473
85b4
f81a
432a
9231
0845
a840
6eca
7fb7
5d3d
2461
b44b
ce27
23e1
6e41
520d
6a35
be43
b2b6
9201
5bdf
e215
6729
33e0
1f5e
831a
7817
3352
4898
8901
8292
f220
9ca5
d159
0171
6f6f
7675
6dbe
1dfd
c460
0bdd
53cd
8512
5252
6f82
78a8
b192
e167
6c05
712b
211a
bca7
0804
51d0
052d
9985
ca28
9849
48d1
40e4
d3c3
c744
6126
5e91
e8bd
6b03
8f43
5745
9b93
db24
7325
9309
9b3a
a9e6
5f31
9388
8fd9
736c
8ccd
446a
dda0
c281
de2b
daf8
1f92
b478
db7c
28da
026f
06c1
3645
cef0
75b7
96f5
b53d
6dfc
e408
8bf2
1605
fad2
d0e6
05ae
295e
e9e6
e9a6
53dd
953e
b179
6588
435d
26cb
823f
67cb
c480
8448
1561
7972
c910
c900
7c7e
53ef
8e93
6250
6b68
3538
4245
ef79
55e8
8fbd
96d4
1014
f0b0
1d34
ae64
9901
78f4
b6c4
df3d
054e
e78a
17ab
8b81
032c
d639
51b1
2f5e
6129
7876
f91e
ced2
6161
f5b6
ff5b
242c
7856
7ae1
77c8
56a4
8463
1ffb
840e
58df
e2bc
0eb3
e189
83fa
3176
918a
172c
1260
48ed
b6e5
9754
2a1e
e31a
ab2e
1305
cdfd
475d
19a3
c1cd
5bda
2eb2
47e7
1800
194e
a1e7
6250
996d
a046
e20a
73e1
250a
0f1f
a1bf
8ecf
aedb
c9ae
5b81
f557
5a3a
d151
329a
d1d6
3eeb
a9d3
49f2
2e9a
15a0
9b84
ea16
64a4
056e
eb48
2c32
e7cd
0c29
f5f5
12da
d766
7eaa
fef5
b138
bb73
7370
fc88
e3d1
9747
fc95
05a7
da8b
f33b
7389
741a
f1c9
22bf
cff6
6ee7
d9a8
e934
d9b4
57a1
a219
341d
c9dc
949a
9b41
5240
a09b
31f1
bd33
ec9c
dc9a
3b6b
c423
ca55
5710
dfcf
afc2
dece
c86b
87c5
6fe5
e708
a0ce
2ecf
8582
e7d2
99c8
303f
9647
7023
308a
57df
2835
b8e1
9b72
7a7e
ae85
45c3
5339
0686
2cf3
f21e
3e40
097b
0791
c751
5865
54d0
f606
5a3d
dea8
d39e
137d
0468
3da1
60ec
4278
e616
6045
9210
45da
597b
33ca
7e67
82ff
be18
9ddf
0710
2437
c3e9
ac7c
44b7
cac7
c48c
6b7a
f7a1
c328
98fc
d03a
b48e
ce1d
045d
5b8f
3725
dc31
dd69
2571
f2cd
bde6
9a4e
5361
7f3c
e6d9
f315
2aa2
ff34
ec66
c948
c963
3acd
3a7e
5d30
f774
42b5
4d11
3e9e
ebf7
a231
138b
a006
dee9
324c
304c
9dcc
f9b7
0138
4f1e
5e1d
dad0
e04c
1301
5b72
ab68
a7ec
64b0
4f42
f92e
731d
5d7d
cede
2135
a336
d7d1
ef7b
d098
3c0d
418b
3b98
95c8
5e8c
3c8c
6f2a
68af
26fe
1f34
485f
1e8c
90e0
7c0c
1015
2328
03b5
1da6
9f6b
5ad7
d4a6
8772
d614
1707
4d06
9905
9483
2a63
56b5
48c3
54e0
cb1a
c7eb
9aaa
286d
447a
7203
e78e
a6b8
3ccb
581c
07bc
5ca4
3099
777d
7394
65e6
c9ca
3d0c
20cc
8382
85d5
115e
3648
0d4a
d6ad
77c0
a364
5f53
7b10
dc62
d918
3db8
ef13
f74a
cfe9
793e
8547
2572
4f46
ede5
4f6c
f414
c306
79ab
0b88
244e
4017
4a9e
f56c
9594
859e
8879
96bb
e34e
2aaf
59b1
f525
e629
e64d
eeed
aaf2
2076
2c4f
dd87
ff99
efb4
b6cd
1bce
c7d6
e096
d0fd
4d9a
d036
3b3e
8e93
f5f6
2122
655c
8751
beaf
5fef
7c7f
7850
9742
e384
45b6
40f1
61f1
5c01
8e05
9dc8
be40
62aa
4305
7798
51db
1b58
2975
03d8
ad5b
8b0e
370a
4ea6
f34b
06f4
6117
1ac5
20f9
92cb
2448
352c
012e
071f
ad03
cd61
7e73
a996
a980
2897
474d
9bcd
f9b1
590c
a673
74df
2ef0
cc2b
6c02
f239
8fdc
52a0
3d38
97fa
2c3e
9c60
9aa7
d92e
7516
f37c
6286
3aa9
45b9
fffa
a3e9
2dbb
085b
4cae
e17c
99b0
bfce
be21
49a1
d29f
fd8f
c765
e1c7
8ee1
ad6f
be5c
bfa8
c949
3474
29b2
2a2a
7a45
eb56
b629
df76
7eb0
83d6
3be3
a152
9e41
8664
ea8e
caba
6797
9e1c
2ab7
a658
a088
4899
41c7
3656
e143
c23a
2d0c
ae44
8cf6
92be
31a3
6bcc
2b17
c807
878b
0c53
b889
159a
bd97
8c01
07cf
db45
b518
227e
2546
a162
c6bc
55be
50d2
45bd
bee1
ef25
de87
13ff
48cd
a3dc
b626
244b
d278
b3a6
b2a2
d18f
f3ec
ecc5
4e8a
90e8
ce15
cff5
601a
0bc3
afb3
36d7
eff8
2935
3925
39f2
d57f
d4e1
0ac8
d80a
6603
716c
f96e
6746
7a3e
1cc3
1169
c9eb
6366
c109
4260
aeca
d60c
4579
113a
53f4
5f82
5df8
4087
d3f8
8e2e
c565
40ea
881e
df96
9ad8
3c74
6288
427e
0f73
4211
caf8
7ea3
81d3
9278
1c2f
4cea
d1b0
bc05
41d6
5a06
25f2
da1f
9275
e80b
67ac
c84a
4690
6391
1776
4976
90b8
347c
857f
36f0
6cd9
1c97
6b52
f945
930b
7095
8526
31e1
34d8
5bf3
4de7
e78c
9d99
b83a
b24c
7374
ef8e
5213
2c07
d044
2921
d7ee
bf8e
8c29
04c2
3203
4d6b
a890
5c56
8458
e42b
6aef
7d86
57e4
e679
363f
3376
a578
ca77
1027
2725
4174
ca01
5952
26b6
85cd
8698
cf29
8119
654e
7bf6
487b
2b1e
d755
77bb
5c4d
78f1
5cf2
5846
94b4
6dc1
ab15
70d4
b0be
53e7
2d8f
01f5
8b68
5420
2927
b13e
8298
105d
50a5
98a0
ccd4
feda
3664
08b9
aef6
c4cc
f714
051b
ef08
3bf8
71e4
d5b0
a74f
2bd7
813c
c1bb
1543
f37b
56e8
e674
e85c
960a
bc42
4d04
23f0
448b
934d
f1e9
9036
b8d4
e6ce
fa14
d254
f5a8
f7c7
662a
2211
c719
537a
f13c
4ff7
1f76
70af
9fb1
e9ae
b07f
34e0
ed1f
ee32
f6fc
095c
6129
5c25
9f0d
2f48
8d46
8f3a
8620
dbc3
e18c
074c
8a24
eea5
6497
03db
d4a2
f54b
b989
3756
3038
3c4f
5f60
a23a
3d12
e025
8537
b3a2
ce32
022f
5cc3
5e66
cff0
1195
60c1
6443
254b
7542
25d7
f6e5
595e
69af
3845
6816
e063
b5b2
31f6
ad5e
7c68
cc46
3334
a8ca
f026
9eba
f088
5903
be2c
02f1
5732
b344
4e02
b58f
a8d1
cef4
2be0
3c2b
c8ff
4475
8f34
9f95
cefa
34ca
624b
2d6f
d1e6
eefc
16b1
52ca
688b
34f1
890f
158b
be22
3ac7
6aa7
ff3a
289d
93a6
43a8
cdee
6e73
efe0
211b
02ec
2893
6377
4063
f287
4646
40c5
8cb1
e314
c603
b0ce
2210
a6b3
f5f2
2b50
3112
aa51
d035
4c3c
be6e
d96b
1669
64d8
3cef
ecac
aa31
36e1
53b4
111b
93c1
23b7
b3a5
1b12
26f0
afca
2207
9983
4a98
7f1b
0be2
8683
258e
b9d2
a89b
f6b0
4a24
b1f2
88ec
0a8c
6f8d
0795
14dd
fe98
5af4
880a
fb05
0c7d
58e9
05f8
380f
82e3
0739
6b39
06dc
f3ce
4de0
25e8
7c77
28d6
f2dc
5dcd
2922
c85d
5a49
da63
4309
1ca4
48a0
1d0a
33aa
57f1
a7d5
1ae0
36fe
1070
93f0
dac2
43d8
e024
1b12
0166
79ff
9627
de66
2d9b
16e9
afc1
9338
1d50
a86f
393c
30c0
04e5
cfe8
f6d8
5122
9a8d
2c6e
8a5f
3ef6
d9f6
d0d6
182f
698c
ee71
3192
0617
c93d
71d0
cccd
b1ba
48f3
f390
fea4
dcad
776c
6210
2158
a810
d8d8
942f
110f
363a
25df
01ac
7ab2
001e
188e
861b
1c92
aaff
dbb6
c117
28e8
a8bb
fa37
e1aa
cf66
940d
8eec
b3c4
e468
f054
16ed
a3bb
ac9e
60ea
1a20
991e
03e3
dd01
82ee
c9bb
c85b
d692
38cc
b459
5ce2
0cfa
fd23
7b84
e45d
70f4
7a13
6a51
98f9
7779
d700
dee9
ad91
9f98
9ceb
725f
5b35
21bc
2ea1
3d20
bb01
b59b
dbff
341b
2403
2807
688b
d92e
53a8
0d5b
fd4c
b383
7065
3713
2d5e
5b7b
f878
3d10
f4ca
611b
68b9
4174
d6b4
1126
0a65
48a9
607c
462b
e83b
8dab
e72a
407d
d7f6
1141
7e3c
0856
9297
5358
ebdb
203d
3854
f52c
018a
fd75
3107
673c
b099
9e09
bda3
10f3
9e47
8129
02dd
d1e0
ca56
eb92
dc5e
b50f
d7c5
55f5
ebb5
9ecc
74e1
4681
426a
2d4d
515e
3546
f3fd
6d81
4976
de3e
8c1b
f2fe
9e8f
53bc
8526
f3df
f544
4945
b60a
113e
c217
5e56
fe7e
c4b2
3fde
de49
de69
99bc
8bb6
6426
3802
682c
d42a
9b77
d932
2ae0
26ce
cdde
61b0
ed1b
9f4a
bd0a
8249
a644
9bc4
554d
8b47
f6c4
85e8
0a1e
2975
c27b
cd0e
8fed
a726
5fe3
d4b5
9eb4
5ff8
13f5
39f6
96d9
12af
53eb
4399
1662
ad1c
ba24
6575
1653
76b6
a36c
91ef
8e40
8510
81cb
377c
c725
8ff1
4460
2118
2f7f
15b6
2888
f0b6
2ba7
ba1f
b2ab
78b0
263a
8ebf
6b23
2a51
ea5e
db14
a0de
bff1
1c4b
67cb
be3b
cda4
0071
5e1a
11bf
e938
4881
e65f
2e04
8663
dce6
8d82
78d8
adc6
da0e
82ca
9a7e
b1a9
e32c
a3a2
ee6e
0cbd
85e9
84cd
bccc
343a
efd7
c520
67a6
39c0
971a
6396
eb69
06aa
4bbd
1c70
3e25
19d7
4ef4
5268
2aff
0b83
1cd0
15b1
4206
e19b
6c42
d2d2
348d
5d79
a29c
7380
9f71
130a
7710
0a3b
93ee
6800
2dbb
f23a
ad0c
7f45
766b
dc5b
1af7
aa25
e433
22ed
ab97
0d3d
a83e
0f64
3df3
2840
1043
e0ce
5187
d392
f763
5409
949e
add3
ddf0
2b8a
c1a9
6add
b51f
1eb9
a9d3
cb85
9464
cba8
0440
8955
5b0c
de56
e06a
0f5b
e935
80b1
623e
5af4
db9a
099b
2e11
0e94
d2bb
9492
64a8
5b07
d063
0f12
c61c
2943
0098
f741
358e
d8e3
a8cb
4201
c3e4
0f04
eb4b
49ea
7525
f69e
1fc5
8d0f
dd5e
46ad
9043
8902
5715
47bf
e7f5
578d
3fb6
eee9
8259
271a
6610
bff1
2a15
4c0a
dfcf
fdd7
37d2
4bfc
01e6
ed23
e98d
1919
5fc3
a468
f8f4
6a89
879c
37bd
c8a8
4dd3
5355
0b01
a3fc
b4fa
39dc
97ea
3855
64cb
c2e6
ce1d
7acd
1dba
a4d8
db72
62c7
46c6
0a89
d9ee
f049
0e7c
9b82
fc44
7704
5154
dbc4
0fba
7df0
4162
fbd5
6730
dd13
ac72
8f50
b63d
b9c3
bdae
ef8a
b515
ac07
a8b7
bf60
42e9
f87c
7ee2
b396
f752
1280
1ca4
b051
f073
a3ac
eec8
e42f
3939
26c7
f564
c389
bde7
003d
6d10
727a
7a8e
7219
70f1
706c
82e3
bc3b
21ed
ac06
e980
e385
f40e
964f
2d60
105a
f538
b408
9fab
9d9a
bc34
e70c
09eb
2030
8e7f
8a20
8545
5666
1ca4
918d
0c59
927c
5862
1030
79ff
e9e0
49a5
8c4f
a06e
0338
7946
e777
7449
d68e
e8dd
9587
210d
19dc
63d3
0d22
b284
f9d9
a478
e9c6
a18a
0684
1f78
4d80
de46
ef3e
95a4
b5f2
1edd
2778
3230
02b1
2c28
d009
3294
8aed
bd8a
543e
409a
40cb
521b
5be3
72a7
8d0d
80d3
1129
d4a7
cd0b
546a
01ab
08da
89fc
a623
c68d
0ea6
8f25
3f2a
e964
a040
6567
9c4c
adb3
71ef
3fef
cb59
568a
3c0b
3fc7
ea85
7a71
f8b1
f903
0fb1
2555
b0ae
2efc
5d10
1ddc
974d
8007
e91f
6921
9345
13e6
68e4
0822
d093
c36d
a721
7466
c864
b0fb
c8a8
62c4
4653
9308
26f0
f2ac
d3d3
5a85
89e1
64e6
fafd
e76f
0ba3
9820
2f31
204c
1b8a
48c1
81d6
4d46
e261
39a7
75e9
17c0
afb9
8dc2
3639
a305
d563
a7be
6b2a
9ba9
2ddd
bcce
863f
4e42
1ef5
b7ab
e9d1
4921
56c8
ae4f
b053
7fd5
e373
066f
264b
940f
f79a
739b
41d2
1d38
1a79
b50a
664f
b205
b101
6649
2420
b1e0
1c52
61eb
44e4
39b2
6b26
31ac
ce0b
08b7
b453
ff1e
b0c9
39bf
daee
1d4f
d027
aedc
2fd3
36ea
5f41
c240
13cd
7777
c1ac
bca7
9a08
b103
a87a
cd7f
e2b6
d16c
0763
1c62
eb11
325a
d014
414b
3037
fd97
780f
3969
298f
f352
08ec
5ee6
9bf9
beec
3211
750c
9d99
148b
60ba
cf25
4767
fe35
b7fe
a684
4bf4
8af6
ef7a
e2f5
cc58
5a91
ded2
33a4
47e8
7241
edb0
1a77
ef7e
02bb
f200
49df
6aa1
45b9
f2ba
f322
36b6
d373
dd8e
088e
b6c3
7a65
2569
7f8e
4c87
65d9
7ea7
3d48
d5d6
90fb
eb03
13ce
fae3
ea6c
1d11
204f
55ce
2870
e89a
c575
a849
e25d
a22e
e447
13d3
976e
e93e
066d
5a89
b639
598c
e45e
71ca
7e32
adff
cdf5
22d8
7f10
7871
4fad
bc1e
1b9f
8ba3
3d8b
fc0a
2911
d5d9
a5a0
af3f
1a93
7329
348a
b86d
6d51
e7af
090d
05f6
f8c5
068f
18c5
2ad5
d1b0
9953
371c
5870
dc73
7f92
c602
6eb2
9bac
0320
3720
1a1c
5d17
080b
c31b
e35f
63b6
35e6
373d
d985
a4f2
3a2e
2379
3e89
a91f
533b
b7f4
be66
9842
6a34
3fe2
70e4
6fef
c802
25a7
be73
69b1
8894
5cb8
d492
aaec
b04e
273f
cc11
d00e
31ac
6ab6
2edd
95f3
3405
c9ff
5567
e5a3
7acb
f494
3df1
b71f
6d59
9853
65f2
2534
5228
7fe4
0108
8ce4
9753
66db
c2ef
ced4
7a0e
5b1a
e6ad
20e0
6da5
4c2b
e697
400e
78ee
10ab
194d
cfb2
80f1
4bf9
a65c
54ad
49b6
2cdc
8aae
aed1
c3cb
b2dd
e6a1
a0e7
b205
7439
f8a5
ca50
f158
106e
7bf9
b4b9
8af1
acee
1feb
e154
b2dc
8303
5128
2543
4575
80b3
5bde
4f00
cddf
95ad
9c79
a369
4262
813a
7005
b83f
6377
f27c
fbf0
7067
14fd
68c1
5aad
4c10
47e8
d27c
220a
d559
f8aa
0521
50af
4bd2
1c1f
a500
8032
39ad
248e
08df
1e6e
858d
d7b0
bb91
c685
e5ef
2141
1736
7eb9
b1eb
2ada
f7f1
9ae5
8b1b
221d
fcb3
ea16
fc27
fc5b
5187
7fac
db4c
79f6
1125
4a70
2bc8
a1b1
c3e0
5a4b
8b19
388c
efe1
bd6a
a63c
9520
1837
dd92
928b
698e
0775
d9f7
933c
5eae
68eb
d71a
980c
ce90
6669
b470
648c
1672
ed4f
9996
297b
42fa
983c
492e
4f54
6494
e153
d711
c87f
a824
ee52
9f5f
2de1
4a2f
5e08
1890
8667
2e8e
19c0
cfb7
1890
4d2a
f932
9334
c79e
1b58
994f
bac2
4213
b885
d8ed
6be8
8e57
b57d
52ec
93ab
1681
1e29
cd7d
d236
0865
6d93
dc02
8392
a8d8
7e18
6f89
745d
15db
1c0b
d4f4
5eb3
3d1d
c670
ab17
e555
4bfd
4a80
def8
ab60
ae8a
5feb
9ecd
0ae2
4bef
d76b
afbc
d5b5
7aaf
af99
5ea3
e638
9b6f
029a
9fc4
f0ce
878d
450f
9fec
457e
bffd
c061
f3a4
eb1a
e5e9
901c
3155
4e78
ee5a
a4ec
9f22
cb54
e638
042b
8813
9a14
bf0d
37d0
514a
e982
d20d
bbfd
237d
45c3
9bd3
45ef
a3fb
d785
d78f
bce1
7eb8
aaa5
d7e5
d7d8
03a9
751d
b425
3322
dd4b
1230
43a8
9c47
78e1
aef3
1ee5
5052
b597
f550
d1bb
88d8
a8da
f2a5
63ab
8103
132f
a277
8422
a24c
05ca
b9e6
2ee3
bccb
b624
51f3
a802
c259
7ab6
702a
d50f
35b5
b2a4
d287
0108
98db
cc45
2922
62ad
ec24
1025
5759
8391
b3d8
d7d2
df07
f0a7
8c17
2207
e1b4
1d21
97a2
42fc
68bb
fceb
2fda
5790
a1d0
ddc5
ab9b
b9e9
e6bc
3a58
711f
ef06
d37e
d41c
3ad8
ec41
6d0e
29d9
1326
dd6a
b211
1af8
23d8
55f2
4266
ad02
1018
6ef6
7bcd
a1cc
29e2
7ec7
8f3f
08fe
4999
5777
5a3d
f123
5f5e
d362
5d98
1946
76e5
84f4
9c04
f98d
abf1
3f9a
78a5
1dc2
002e
2d79
79f5
e90d
537e
0961
c039
477e
7182
2ca5
6dea
8c7e
d31d
56b2
fd26
1494
4c5b
a390
52ea
2c1a
f136
40fc
01ce
c7fc
269c
5c4a
c4f3
3963
a82d
4bc4
d1ee
9b52
99c1
37d3
222e
173d
038c
44d2
70af
e7e4
7719
f242
7b5e
12d9
41e0
ce96
4160
ca95
2854
d751
d54a
b56d
2bf2
c00e
ea11
5a95
85ba
aeb1
4221
2f28
6d2c
4f92
50d9
c578
3318
e28d
ed96
1a72
6629
cfe7
9425
2a94
6a1b
e71b
5fba
de8a
762e
04c4
f47f
c46e
f3f5
ff05
4357
fd36
8fa0
575b
7957
7852
2223
fb54
ae3b
7d91
4dfa
8802
e2d3
579b
3650
6333
eb44
2727
4776
714f
edda
2b40
3b52
b514
9b17
ccb0
cdc8
8d07
2ec4
a2b8
77f6
72e1
88e4
4cba
aa6c
788e
9538
460a
4dc9
c2b6
29a7
5889
2d40
b9dc
6da2
66b3
9262
47cc
92c6
5501
b129
e3f4
c185
8770
385a
0f87
2b8e
da66
3e1b
44d1
1b9f
8ea0
0224
2ba0
7c38
8d67
32f4
2c00
9fd4
b31c
e2e1
42f2
ba93
27ab
5f41
4bdc
54ce
3c91
13db
7a87
bfd3
373b
a63f
ff75
784a
c7fd
c8f7
b347
5cf4
f5b2
7397
0171
6297
9a92
6bb6
6244
07b6
d699
44ec
7ef6
f66e
ea4c
652a
99d2
a9b1
0de0
a794
0864
b7ca
e9f8
aaed
493e
1bea
93db
7b2c
f8a7
10e1
d534
e0f7
828c
2a71
8c41
df36
8753
1949
a664
37e1
1fed
4eb2
93f6
b227
c5e3
45fc
e8fc
d950
8968
e661
ee70
7e21
b5e3
0f2e
e7d7
2892
6a4c
28f4
1f5e
4737
2eb1
2ca6
9c89
b4ba
2237
4c7f
f854
ac67
9dcd
5497
4bab
506b
511c
4ea7
b455
7af4
3c9a
1de2
1dbc
1db2
ba05
8956
93f2
0512
7f54
b2a0
99d2
a2cb
7c42
a2c5
3fd3
6e31
0566
5d8c
0869
5c66
ed0f
3b4d
e68d
566f
c237
417d
de3b
7c09
d42a
8832
9e5e
6c03
aa6d
01ab
b947
976b
614a
8b6a
6e49
2525
f144
3cc2
de30
d7f0
571b
1591
f1a2
0cdc
ba99
1455
2266
2b43
4165
9751
fb83
e076
64a6
9a07
ace8
3edf
02c3
7b79
1ef1
bf83
8a19
0f0b
e439
721d
3a35
26af
a3f3
19f8
75af
c9eb
cfb7
e31e
4a4f
61c8
336b
f45b
fe07
0247
fa77
abb6
32a5
050a
7826
ac99
999e
b35f
1195
4b0e
d31b
47ca
b2dd
bc3e
afc1
b8f6
b644
fbfb
040b
dc5d
e90c
5d70
206a
1b02
1765
cf8a
e5f4
a34d
b177
e70e
9b35
7957
b571
e972
2e61
9175
254c
3aa4
3a5b
fc40
a889
a58a
1117
12ec
028e
8414
5fbe
fbc7
367b
58e9
5e5f
fd18
0a2d
8c07
09b8
fadb
e1fc
6396
a43a
adf5
9ef9
5d53
f12b
c7aa
e45a
60c3
a86a
ab36
cff9
0473
fef3
e450
9bf9
97fa
fb50
29d8
25d4
0dd7
a426
8afa
4b2b
16bb
4b29
ae9f
e2d6
53f9
2a53
6322
acd4
ae94
0502
cf37
7bb4
f237
7621
5336
5f2b
db32
b2f2
ce42
2e76
4755
2bcb
3373
a8b8
f7fc
547c
5c86
c78f
aae4
b78d
d465
724f
5fae
9970
f54b
e505
3c7d
4030
4f7f
e763
1527
1796
658c
96ad
96e8
8cd4
00ea
6b30
082b
3bce
9ae0
2fc6
638b
01f3
3c92
dce8
c46b
50cd
f556
9241
cad1
9039
a0ca
ac0a
4fe2
33d4
a0cd
c95c
0250
d9cd
28e5
e5ba
f608
abaa
9f4d
184d
25e1
c627
2364
e1db
3d9a
9de5
7177
4ff2
9d90
fa49
d5b5
0500
558b
f345
ad2f
8423
7769
29d9
5010
516a
ccfe
c70b
7cfb
deca
6b75
6c04
c50f
811b
edf4
1637
670d
ee9e
16c8
21cc
7bd4
8262
0a58
eb51
2c3d
c641
85b1
8724
e514
f090
34ef
b10b
18f4
05ea
c9a2
f62c
cd80
191d
ee96
9283
339b
ae1a
e48b
d3a7
f49a
6bd7
e7aa
a5ab
1020
28d2
ca77
d753
467a
7234
49d8
1a9c
deb7
6b53
f328
55da
1fcd
e301
a9b0
822d
bbb2
c794
ca81
c3b1
7959
ea47
6aae
f813
010d
c7cc
fe01
e065
d87e
f610
fbb8
7af7
9219
dc61
a6ce
64c3
f003
5da5
b51a
3b11
52b4
8127
be71
6499
c4dd
4dbf
49d7
e4c4
e23b
e4f9
a069
e9df
427f
c82a
e6c0
4eb3
6d18
b5a0
f238
f536
126a
75bf
3375
9bde
c6c1
9af2
37dc
3fb0
6deb
60db
f9ce
335b
f97d
d92d
37bb
5f17
2b02
bb37
b39d
a710
d773
e73b
c2d6
99ff
fe0e
096e
9e38
89d0
d2a6
deec
ffef
c36c
e74d
f995
0edc
bbf3
0712
0777
212c
bc0a
3c7e
1db0
2956
b8cb
8419
07d8
38d4
a7c9
9ebf
dcdd
95dc
5da6
a90a
b7fe
5762
6a7e
bdb6
7e37
dd25
98ac
f63d
a2cf
0b92
6a2b
2f10
5a54
517b
3b53
1104
439a
95bc
2b3e
ae7e
c5a5
4c85
f621
ea6e
bc05
ff51
7edb
b2b4
43b9
e76a
cea5
111b
2b34
4c05
1f63
f60a
e5b9
6004
5b1e
cb3e
1493
e438
4e98
d030
a598
349c
806f
0175
0198
df23
effe
12ee
093d
37b3
50a3
10af
0f90
d6c7
a62c
8a6c
b074
4398
d4be
d4ca
e98d
8a0d
4390
4512
8ebd
dd6e
b504
f638
5e44
54f4
ec58
574f
191a
0f70
ad86
d194
1c89
51e8
c817
7603
94c5
b1e0
1f2f
7e51
7c85
3dcf
8564
7b87
2634
93db
d77b
4fc0
ab70
9196
c687
16d6
a4a7
b3c3
8341
25bb
2d7e
00ef
8578
f786
c623
a3dd
6837
808c
8ef7
9215
ac2a
0443
9a78
5de2
e4ef
d98b
d2d3
c4a4
cf46
5fbb
a94e
f404
66ee
eacb
48b5
9ff7
8665
9ede
cc15
ac84
fabf
128a
9fb5
ae1f
b4c8
e261
b8fb
61a0
81df
07d9
9544
1df6
672d
5fee
d885
cdf8
82ed
805f
d90e
3111
b444
ade7
f959
0a6a
f7b4
bad3
3dab
81dc
6a84
d59e
6930
b657
d070
6e93
97d0
b528
4c9e
230f
aaa2
d618
75c8
3381
a8fa
c610
a579
8d4e
ad31
3b3c
081f
4787
ab00
2c90
6c5e
bc12
a2d5
1db4
25bd
d8ce
5cc9
c472
d92d
2bfc
4acb
152c
fbc5
a4ab
f296
85e7
d718
0fb5
c27d
8ff7
cce3
5a00
7daa
7607
475d
5a56
67b6
2a09
4a8a
bd9c
1a57
a157
fc85
197a
398f
742b
85b6
63bb
069d
49a5
8223
5d73
6b28
6eee
1087
458f
6d32
48f7
3bf8
bec8
b9b1
792b
e187
7f34
dd40
c3ca
8192
ef7a
f86c
0460
323a
62a3
f291
8681
851f
2172
42b4
b808
af21
26b7
6014
9bff
6d19
47bb
5375
4e91
d4bb
2ad5
64eb
f02c
70f3
2c86
d250
55f4
313f
443f
3b27
a63c
1362
7cbf
259c
7919
c3a4
c054
2137
e4b0
9760
94b6
5518
4f1a
e5e7
e653
46bc
3401
d900
3aeb
bae6
868c
b9e8
44fa
3eb8
61ba
5c7c
373a
481b
8bc2
c10c
ef4d
41eb
ab78
1b24
98e5
e447
07c9
a843
7291
bc24
dfff
e93b
5113
ced7
15b9
b834
e3b2
d5ef
787c
4fc3
b3be
7482
cd3a
c69a
c2c7
04b6
1500
047a
7995
0d08
70b6
7687
d936
3b63
764a
c214
1127
8982
a99d
4d66
3d6c
2edc
1e63
9499
5296
2abe
7cad
0655
5304
bcbf
b688
6701
e72d
d4da
313e
a3cf
03fb
1fcd
60e1
9a90
f402
b561
c992
ce63
6daf
3285
a544
f0ae
2162
5fb7
8d45
ba4d
0c26
4ea5
ac7b
ec1a
ff29
798b
a699
7f1f
b853
5ea1
9af9
a931
d7bd
def8
2a98
1a9a
78ae
9fa5
3972
b131
b142
a114
228c
ea7e
e4ba
e036
7cec
773e
04da
ed5f
d261
d045
5f45
bd8c
0a74
0d00
2df0
1462
a41b
ca0a
3acc
0fb7
4b74
91bd
c828
49db
1ce7
eb41
a154
228b
b165
4079
1dc4
351a
46af
4841
aeb0
6265
b62b
2fbc
8997
580e
5c83
2bb4
f6dc
979b
b715
b53b
de56
54c8
fe69
66e3
bb39
4152
7bf9
002a
e9f8
ac99
2f79
da7c
4122
36f8
2014
e5ed
07c9
4ccf
f3e8
8015
7fde
5c0b
aa9d
978d
13ab
9a0d
419a
9613
3af5
1493
4aab
4727
a6db
128b
c44f
1e2f
50e3
cd38
d7eb
fd57
e11f
0627
0e08
5501
dfa2
f231
5058
c719
4c0d
e40f
3e8b
cabe
b6d7
ada3
6041
7e36
ae10
1b7b
25fb
f493
291b
588e
f0ec
d776
bd0e
3547
d16b
b127
79ca
3177
5f80
213d
e2a9
46c8
4892
a782
8087
c88d
0c25
c5bc
92bb
da5b
5894
2d09
0e05
4e57
d675
03b5
54c8
a766
3bdd
f6fc
17fb
65dc
17b7
f41d
b208
4352
aabd
64aa
76f6
eec1
83fc
b4d6
8890
0fe3
1c10
7c4e
9968
e1af
a48f
dcdf
0230
4d35
50a4
4b99
ce19
076e
4899
53ce
82c5
8d13
eb98
1556
ed42
158d
44d1
8b00
4398
f9aa
18af
c65b
7c4a
a9d7
4202
dced
0c75
0a1c
f165
9ad9
ac86
776d
043d
676e
63a8
37d9
8323
3e9c
500e
f7b5
7b24
c78c
152f
8a38
7047
31cb
1da2
815f
9003
825b
fea6
8a57
b981
3bb4
d35a
cc7b
0f60
45d1
ae11
4234
7d8d
b7e3
00eb
81fa
5e52
afc9
9fc9
a833
1d94
56ce
096f
bee1
65c3
6a35
c823
0fc7
74b6
32f6
22b4
3c0f
acfa
df37
562b
9d5f
79fd
12b8
9ac3
79ea
ed1d
c369
7de0
25c3
e816
43d9
17c4
bc66
b2f0
7806
4c8e
2419
f6fc
056e
9797
200c
65c6
6230
23ea
2479
e08e
4ca6
127f
1634
9ff3
7d43
7c08
6db4
f58f
84ad
10f7
c437
56e1
f450
745a
7e21
2f57
2a34
4608
208e
074b
8740
6d29
e4b1
bb11
4238
3ff0
d6f5
ba21
b97a
c13c
ddee
6ace
1f9a
a862
caae
4c08
d8d8
38dc
e5b7
3456
0064
1383
381b
2a48
18b6
c4dd
703f
b5ae
eddc
013e
f0c5
b305
88fc
b898
a22b
ceeb
1308
4307
28b2
5859
ffcc
fef8
460e
3688
7925
7c08
e4f3
e1f7
0375
feb5
bc5e
8113
ab09
9ce2
03b2
f282
82a2
5b44
c6b1
929f
bea2
908e
2ed3
9591
30f0
efd5
ac16
925a
7535
fdfe
ad46
46d6
bf1f
3465
afce
e4be
56f8
aced
eaa9
fffe
95f8
a5c6
8777
59f8
244f
0d39
9934
7970
df8f
5c67
7abd
7735
f92b
2214
07ce
bd66
8dda
10b6
a20a
1669
c9a6
3c99
ecb3
1977
325a
033e
d3f8
6714
5286
1a51
9d9d
24d6
5568
8d54
939f
ccaf
481e
903e
3eed
4c52
5777
c1b9
ef95
e93d
f59b
261a
00a8
7a7b
6370
b336
cfdb
01f1
10e4
6939
c5ee
9317
6349
5f10
5203
111d
cb28
2dbd
1818
6ec3
2717
4f7d
e5be
7dae
2969
492c
dc61
dbdd
08fa
8547
da58
4cb3
1c75
660b
469e
3429
8213
5b1a
f8fb
3f54
af16
ff20
a1a9
0228
772b
657b
d297
432a
aab6
6230
b263
e21f
4dc1
42c6
7b61
4de9
bbee
ea66
536b
9738
2ebc
6c4d
79c1
2bf1
5e88
2285
1a00
cc28
4d34
bb6c
30c6
a670
c871
27f0
98e9
c211
ab4b
ca6f
8094
cc15
6b94
2c17
67b2
882b
f307
5a29
3cf3
d917
7874
3b1b
98f5
4031
78ad
8874
b9bd
3e35
bb3e
633d
edad
8502
5427
2251
4e98
6c4d
fb75
8006
5fc9
8720
2eb7
dcab
3c99
89b2
615e
73fc
7563
bb75
8ab0
85b0
cb1f
aa06
c99e
a6a4
d2d1
03ab
986d
6ba6
e214
812f
38e0
804e
ae0a
4e12
ed8c
fec5
545f
17cd
497f
d593
010f
ab55
2e5d
33de
db7a
5f53
37f9
a2b0
91b8
871f
3f95
4365
d47d
bfe5
7b7f
d11a
9927
9ef9
7c8a
46e6
b802
962d
5c6d
59ee
18ab
25ca
8ff3
b1d0
0f61
a928
cd40
22ef
b393
4cd4
e1fa
15f5
0756
c958
3ac1
2d4d
ca33
859a
0495
5a60
d97e
7b8b
b918
aac8
b3be
fbe3
816d
1a15
51e6
9231
6495
347b
142a
6218
1c31
9c15
93a9
c1eb
eafa
a54e
2104
00fa
f99c
a6f0
c459
3c07
0ecd
a06b
8b5a
5052
caba
6922
1a40
e107
f348
0964
3674
cbec
889b
4f51
bafa
8049
305d
adcb
adb1
aef1
fcf5
aa15
e980
f7da
7ffe
c2a9
118d
6498
78fb
0c10
9cd3
9827
a4c9
7972
1c5f
6bac
ea01
d88c
7499
bbee
d2a9
322a
3418
2f30
4d72
c35b
528f
ed9c
e3e0
0945
2a2a
e943
ae28
5b27
17c3
9535
0251
6dbc
94f1
0ca9
4034
9d96
c402
9897
2d5a
3469
a8f5
07bf
aae2
da81
9928
61fc
1687
fb50
ba57
dfc1
2dc0
c26c
fc04
34a9
0809
180b
81c6
61b9
ab56
3d3e
c48a
b5ef
1317
e87c
d1bd
0f1c
2038
6426
e4dd
33ee
8ed1
bc3c
9fd4
698b
0cde
8af8
b5f8
be1f
e668
6e0d
ebc7
6b74
5e7d
7a3a
fa63
cd60
5e9c
29a7
2f9c
a238
d40c
75e1
13b1
28bd
5f3d
d096
96a5
687e
f9a7
88ae
dfb8
029a
ac81
0281
1df0
6a33
ea2f
9a19
5122
a2d5
0e1e
6103
85a3
cfe2
e523
2e41
3739
e763
0908
2b6f
487f
d445
86a8
2b66
aa97
6311
0016
c3ef
bcde
9fc8
d2b4
8bde
6f1f
0267
663e
791c
4d2c
73ea
c287
17f9
7ee0
7084
1c86
1bff
bed0
fbad
39bd
5577
c4c8
810d
9787
3d6f
a755
3e8e
75c4
133a
353f
b41d
d63a
8003
4312
e0d3
417e
020c
b229
4980
7906
e649
d7c6
4c5e
a3f0
7660
32d0
9b27
79f3
2f3c
f974
0dfa
43f2
8929
37ab
9790
b304
79d9
6dd0
0626
6250
8144
2f45
570f
4261
b396
f1ca
8474
26b3
b7a1
ed57
3104
f23b
99b9
b4c2
d652
f70d
05eb
9336
38cf
b4b1
3b9b
bdbd
4264
8d38
d550
7cf7
8081
d578
c39c
c4c7
f753
e512
91dd
34bf
02de
292f
fd2f
9768
507d
f206
084f
544e
8391
4e3f
79a8
1245
dbd8
3fe7
9577
7f17
ce05
6334
b79a
fef8
0e3c
904d
b459
91e0
e469
0342
03d0
87b8
6c26
fd53
1088
d9ec
43b7
e56e
80ef
b0d8
e6c1
7315
9ff7
177c
8fb7
7221
ca9f
f9fa
e6bf
e93a
702f
a55a
fd18
b505
13b6
3272
9fd4
7982
4e3b
c730
5dde
5767
54de
b521
e962
c2f1
e592
6aaf
2f5d
0c55
a044
6110
821f
e55e
5bbd
797a
d6e4
8ec2
443c
efe5
6b8e
ff44
a580
eed7
7313
3ba3
5bde
7c49
14dd
b49f
e226
1ba2
0485
dfdc
610c
b481
c87e
9295
bec7
8c9c
ad63
a45f
c0f0
8266
8166
155d
28e6
f682
603e
f776
0e43
066a
3e09
3547
2dc9
6e05
dfa0
d64b
02ce
a142
e97f
988b
0fa3
5dac
1782
3663
3d29
80fc
30d1
713e
f411
0e8c
2577
84cc
9a70
757a
7963
62a8
30f0
ea72
9a58
32f9
7151
81fc
000e
dfb5
5b8e
9845
99aa
8374
299d
8972
813e
4ba5
da64
018f
36d0
29f5
d844
2654
23b0
f0f8
e2eb
0d9e
6d1a
24b3
011e
1f6d
f8d1
328f
2827
9747
50ab
8d4b
2755
e436
efa2
c895
add4
f76e
c92e
4948
173f
a7e3
17e7
a70b
58e0
b3b6
9897
d20c
1f27
2f14
76f0
27a9
5616
0c5d
9c1f
b9c8
efac
3eab
1601
dfa8
9acb
1c4a
3ad7
3fdd
5db3
7ad6
2533
cf2d
af8f
7f5c
8d16
9575
4419
7554
ee0d
72d1
5965
4dbb
331d
39ea
3a46
5533
3de3
43dc
eb5d
abf0
ac34
1a4b
d51c
5d84
35ee
1ef8
197f
757d
e8b2
8304
6dd6
02a0
369f
e9a6
f047
442a
540a
61d8
65c0
dc6f
699b
8757
28f6
2b91
87b5
8d18
fddf
127b
107e
ca44
894e
1f5e
2520
4abd
8fdf
7b97
4975
ebd4
0841
6b2b
53f5
9a13
82ee
a046
af6e
468f
ee96
83f5
2bcb
7fd0
5214
f73c
5cd1
2ed2
4ce3
2310
02d1
b9a4
f6b3
7f77
e5a6
1a91
d888
4e0e
b427
e9fa
dff5
b77e
f670
0dec
8572
43db
0f78
c818
cc80
b7e2
726b
f4fc
ff65
23be
bfde
75ef
d965
c6f3
78f2
2dea
d443
8db5
e1e7
c6ef
eb7a
7c35
5a10
f655
0e68
643e
0ca9
8af8
17a4
5e4e
d714
a941
f007
8890
244f
c839
4493
57b0
e172
8a17
51cc
9584
d9df
e8bc
89cc
e47c
8483
3b41
604b
1844
fc63
5433
83fc
e041
cf69
e13a
3232
a36d
d2ad
73fe
7bf9
c895
2539
0428
f629
7dfe
bded
e8cd
ead4
03e8
eb91
d974
ca06
8dea
95e6
a4e4
d83a
a187
38b5
0197
fbf4
c067
2447
6672
1428
74c4
72e0
6a44
e955
331c
b6ab
5817
02fc
b109
8bb4
7a4a
20e1
ad0a
e967
126c
6313
91d5
aedc
eba0
b9c3
495a
2c64
40f0
cd99
33af
19b5
21d7
f25b
d519
7c28
4ebd
2321
fe0a
a4ae
0763
0e8e
0cf8
9250
49eb
c53c
3290
2033
70ae
59b2
1f34
1acc
ec41
402d
4ef9
2692
214f
6886
dcd7
1676
ad5d
9be6
3415
929e
c94e
fa22
1031
adb1
f9a4
cb91
a290
a2b4
2305
baad
9636
e7af
1d31
2318
7352
c6da
2e94
9866
e87d
86f9
d046
9e0b
98db
66fe
bdbf
e142
24cd
8a7a
2bc7
a81e
2476
c159
1e64
3229
efa4
32bb
1c4c
e9f8
36b4
30ce
ffb3
ddc2
b65f
447d
cdfc
104e
a78f
49a3
547d
aa73
cf3d
cf1d
7bf4
f9d6
95b2
03c0
4f7b
4acd
a3e3
72de
4bdc
c98a
8294
bd25
a791
4962
570d
4284
4728
0ecb
c0e9
83ed
64bc
68d8
970d
1757
67b9
4c1c
37f0
8b5f
ee4f
b668
6264
23a4
5d52
3aaa
c1d2
2bfd
b435
7fac
b348
8078
d698
e119
e62f
f898
8532
a4d7
6f5b
3b98
ac69
bd95
01bb
2f6a
9053
e53c
fd13
39f1
73e4
5468
36d3
4df1
2631
407c
1248
d896
a875
b631
c6e3
cb1b
760f
8108
fa4b
478e
e9fc
cfeb
e042
e011
1c36
e4d9
7891
4d0b
007d
656c
773b
75d9
6674
dbd0
2665
2d99
2bd2
4d0d
7c91
9f17
72bf
abe9
30d6
b87a
312a
94ea
7a24
e846
c17e
e597
0bf1
4bb7
315a
0999
c3b4
4c9e
fcf6
7cf0
4cd8
68f3
b3da
61ff
605f
0b7d
d3c0
eca1
5c42
1d09
8901
9fec
5c57
a21f
fb9b
8ef8
4fd1
7342
f122
2f51
ecab
e08b
6279
c59b
198e
3704
06ed
e2ee
48f0
ed2d
8781
1e28
d5e1
1749
8c92
cba5
c92f
50c5
eb75
8673
d494
195d
56d6
6ed7
3ea9
9abc
3817
f97e
c1d0
b489
b78a
3878
be70
acd2
d2dc
34e7
c1a9
410e
eab5
1cbd
4e59
d3d4
fecd
e31b
4016
7e4e
8a17
ee9a
edbe
8248
145a
b458
644e
2474
aecd
ff74
1ddc
98e1
9246
3df6
5470
6978
1a0c
7352
7c8f
26f3
ad65
8249
d597
a510
e94e
dc2a
2889
dcb8
aafe
8bb0
edbe
d0f2
2181
7870
5ddb
b2b7
333e
a182
36e9
91bd
e8d7
6033
7651
659e
8000
5cc5
b948
1cbc
7bc3
09a4
aebd
f000
8e87
986a
dfd5
ddc9
fb2d
eeca
37a7
821a
bc1a
4c03
c556
a499
7a2d
b556
84d5
0af1
8c53
a370
b791
e817
7fdf
c8aa
99d0
0e7d
a8dd
8eff
c96b
a3fa
9f2e
4f59
4117
8e5f
3fe0
7152
799d
4adb
b496
e01a
d2a5
0a7a
4ec2
523f
448b
9c86
187a
56c0
24f7
5618
47e9
fe0c
8752
0325
91a8
e09b
580b
7a9b
1024
984f
6d92
0afe
33a8
11aa
2c8b
c3a5
404e
548c
b17e
4f64
3c7b
2c55
5c55
7075
8eb8
073c
b8dc
2246
0301
85d7
1014
7d90
e77a
059d
9ef2
6e50
bf5a
dd4e
3d66
5bcf
7a2b
2559
a52e
f289
7b48
d0fb
b022
4e2f
89b5
ccf2
264b
65bc
7040
7a85
1d25
cc37
2874
713a
2507
f752
db14
2460
ee33
8f8e
5ae8
872e
9dc7
0124
c2ed
2a2f
9c6f
03ca
ed5a
9828
7699
d87e
7e02
bf02
1d66
f36c
50fb
71a6
4333
443b
e484
0d27
8d7e
1c4c
544e
f896
55be
24a6
40ac
8e21
72b5
346d
4dc1
6172
40aa
f4a8
235a
a0c3
78db
b531
0363
a07e
c9ac
63d8
2567
c24c
5edc
fa77
f7a0
c880
7846
74c7
974e
a30d
aa72
ba03
a00b
613c
0a15
320b
ec85
e393
e2bf
81ef
ba3d
d7c6
a58a
72a4
e16f
935e
8b12
8832
cf61
a7a3
581c
2953
b5f5
20f2
d6b2
3337
1653
cd87
b7b8
9e2a
3b21
0894
ef43
c07a
507a
6941
e190
b9bf
0ef0
ff1d
43dd
f298
7057
3ca4
1ecf
4d71
bff6
8523
9da0
4bf9
0ce1
1e8e
6558
afb1
93d3
a1c2
a753
0406
43be
e171
b0b2
6801
cc20
8604
6880
4b42
3aea
f830
955b
7690
4f5f
249b
4736
84e8
1af9
7318
121c
55bd
5dfd
a2c8
4a23
3b85
82f1
b9c8
8999
fc40
e594
16f6
6e92
5ecd
7708
09ea
63e2
b867
e889
a40d
11ad
286d
789d
3d5c
8656
243f
d186
b784
7d39
cd21
2b55
2f19
7f82
424d
39e5
60f4
426b
6d3c
2f74
22c6
5ca6
caa1
87aa
c7e3
f48f
29c5
c60e
f299
c2f7
8d52
68f3
8531
b48a
02c4
7ba3
e2da
ef07
fb97
4ec6
0c95
2d31
bc50
05f7
faea
706a
d416
8024
8f6b
b8cc
075b
6c75
b350
fb83
0698
5f89
806f
f664
f184
8d32
375f
8bb6
8e18
071d
9f0e
61d7
997d
be4e
f7b0
19db
9f84
4444
e00a
59ff
de5b
1555
aa28
24cb
bf5b
bc20
4319
7faa
5c41
05c1
51f8
0651
d6eb
05da
e77c
fa40
2011
0749
508f
9505
61d1
4a7f
cfa2
534c
4251
bcad
cd78
3cc4
e9ae
5eca
5625
140c
2aef
3ab1
3ae4
fbd7
f9e9
7e2d
a567
c7e8
5950
4c50
2aff
4d4c
e060
0bad
77f6
5c6d
e323
dd3c
d57a
b77f
a2c1
f38c
20ea
daeb
84f5
0d16
5df4
728b
aac3
4df9
a7de
0181
ac75
0ff5
2025
92ca
2386
82ff
6155
bd5c
c31e
1d85
1cee
b20e
0e57
4dc1
10d7
1cc3
2a1d
f95b
210e
dea9
56bb
8a91
8444
567b
78a9
0cb6
990d
69f0
ec93
cd51
a1d6
3441
c7e9
0d58
a942
c41e
15c5
2f7f
9f22
24ce
d1f3
39c1
ba51
a711
2a05
49d0
fb7a
dfa7
264b
a61d
8433
c04e
74c6
8642
6566
b2d7
5fc4
c7db
12b7
f1b9
7a2e
1536
08b9
21af
0a4d
b5ae
1dc7
5aca
e93e
6ab3
a222
98f8
e342
6f12
643e
c1d0
f810
88e0
42fb
6e25
5543
e2a6
bb95
684d
9e7e
8497
a7f7
e58b
d52c
26f4
4188
a36d
0558
c843
d7f0
9c69
e108
526a
8c3f
9d0e
bc94
4ccd
5576
7e95
a066
021f
cad3
0ad5
480e
f4f3
5caa
b142
6a44
3a9e
0450
8cc4
0f06
9067
b07a
5de3
af6e
1f45
4634
5846
d60b
63d2
a138
66b5
9f90
0072
08f7
6fcc
9b71
2383
3d98
2ec0
704a
4302
6a12
f4be
baf9
8064
0f30
5cd4
9381
c1fe
1c81
004e
3e82
7637
82f4
6946
9beb
e2e3
7bc2
0a87
144c
9022
12df
a4a1
efc7
ca6e
8b3d
8fc4
dcb7
849e
0dc5
0426
688e
3710
6d54
4ff7
f505
ef21
f1b1
c6b6
58f7
ff7e
0022
babc
aee0
9ed7
7875
cd40
5269
670d
a0ce
de56
aaf7
e485
443a
f5a6
b65b
7d91
6ee1
b073
b6d2
7458
a603
ea2c
a11e
d0a9
1b2e
3d7a
6197
553d
88a7
50c0
73e7
3fe3
2248
91ec
6c17
c3bc
d8a8
e45b
112d
e020
4042
b6a0
58e6
b6b0
fd6e
67f2
cc9b
8fc2
f40b
04a2
1d0d
1bb0
175a
2ba7
1fc1
e0d5
c1a4
d6dc
70b1
7f66
2711
a21e
6077
9840
8a11
8372
2980
8c70
f5f0
c20f
0fbc
ca7b
29ce
7d26
f12b
a952
c4c9
21da
1d47
3ab6
689f
4f44
f01d
a9ec
965e
084d
cb0a
f358
d6b3
8085
a1c5
32ce
41cf
340b
1076
b130
8da1
8e40
05d2
ddf2
af73
6180
3033
053a
c3f7
31f7
81ba
1c20
13bf
b04b
b5ec
ad2c
2803
d83d
c16b
5322
3e31
d02e
e48b
f6a5
6327
e1b2
e0e9
7ecd
4c92
238f
2785
5d1f
f8c4
be4e
1db3
7068
b754
6143
39cd
1d34
b9c1
27a4
c034
2dd1
0b3c
9f4f
d38e
7304
13a5
5a82
faff
3a3b
c250
29f3
6384
a813
d75a
f1aa
330a
02c0
0a4f
99d1
3f72
6522
2618
8d4a
d368
526b
5796
ee9f
f535
9d50
1daa
7913
e1a8
18b1
32f7
a44f
e4e1
c203
d141
769e
90ea
536d
cd2b
5c53
e579
2e34
82ab
9683
afa9
bd19
648f
e5f4
8b9a
925f
35c1
85b1
df89
4038
0ffe
9a1d
3d74
ee37
d468
3d78
8d70
db1a
e815
9eb2
83f6
2ccb
b396
c229
fd0d
ba75
0040
4bd5
c274
80bf
0ee3
de46
7ba9
93ac
3248
3c55
a8f8
b55a
419c
f512
a470
baca
d63a
3a16
297e
cf60
0e07
a4db
f150
a15b
7fcc
d209
d77d
8e9c
d8ad
763f
b016
ff3c
f179
ed27
a91f
ac32
d895
1ba1
a887
bf5f
e39b
abb3
385a
2ce0
2807
82d3
579b
7d9a
ded5
c4eb
4e23
3050
1a6d
7f6a
8714
9375
c4e9
d76f
ad73
e747
87b5
45de
beb1
2822
0a93
ad94
6c2f
0d29
0806
1cc3
dce5
fa77
5fbb
4a57
ab0d
72b0
7868
4b06
7713
c978
70d9
a3a9
2d33
7394
2b06
b750
a0dd
0967
9beb
c9ce
ab9f
f426
d77a
6266
db66
44d6
5239
ab59
8f0f
37c1
f7c2
aa42
c848
81ac
6452
b720
1127
cee4
7289
7a61
80fd
1038
5360
28cb
497a
1530
7b04
76d6
d1aa
a301
7815
4a0c
67cf
7daf
96eb
5892
e00b
5d20
b10b
471d
4528
6ccc
9737
100e
77b7
09c7
011f
186b
816c
1e06
745c
cf4b
6cb6
deb1
8f3e
0e12
1417
9870
669a
5aa1
10f6
aa9c
1b3a
4999
3f53
4822
e3fd
3c97
b8f3
bed3
012b
5f2d
79f7
73c7
2051
7348
9d89
f447
8fc5
4ce1
386e
29e2
8653
1ebe
0ea6
90a0
2e07
3d6c
b560
41a6
8569
93e7
4766
d532
9d35
3275
58ee
9576
71fd
cf66
12db
aefe
2ced
1fca
9d33
475f
b667
626b
fc8f
1961
93e9
31a6
18ad
fc2e
ed65
e0e6
bf32
fb7a
2129
a6b7
aa68
59f2
f30c
addc
1080
49a9
97c1
ecdc
673f
b126
35bd
231d
fe72
1836
c33b
1ce9
ec5b
918c
3371
ac14
721f
2ecd
c5eb
b2e2
3112
358c
df79
a505
3f5a
9244
679a
87e2
2492
e5b6
5f80
7f91
754e
9a2e
cbf5
4470
aace
ed44
b325
3bed
f13d
af0a
37cb
f24d
2e32
d3dd
c1be
b493
eebb
60d0
8d26
a82b
abf8
745a
6f4e
55d4
c486
87ae
4a5e
4e9f
e337
e73c
cb29
aef6
9149
bd0e
cde4
a32d
c173
d761
1374
5c3b
d7e0
002f
dea5
3ae4
f833
d54b
d747
c88d
b4e3
ca3f
d66e
111d
fcc0
0f42
7277
6c3e
a414
5eeb
f398
7fb7
00e0
76c2
1718
1175
8e3c
effd
e904
4303
42b2
6b58
2da1
b745
0b88
4e4a
7ab0
4453
3dc3
b417
6e68
d55e
7148
44d2
76eb
04d7
a144
addb
3837
5cec
6f3b
cdd4
5044
2468
68f5
9f4a
880b
48a5
2761
b77f
6175
6ecd
f42d
0f2b
9d9d
5aab
4611
e581
a4c8
ac31
ef70
c79d
7be6
c70b
70a8
3a56
ee59
7b08
4c7e
7d84
b8bc
047a
3c98
3052
4ef0
2d8b
3dd2
e046
b0f9
a41d
5868
749f
125a
c07b
b7dc
a1a1
3826
159a
8250
df44
32ee
a463
c3d0
f39f
2e9c
fbe8
b092
8c70
f414
f357
9b39
44b6
9205
36d6
e1a0
5b8c
2cb7
d402
e787
2e50
6b0d
97ea
2c27
a22f
6c41
b2ec
6bad
2b9b
a069
63fc
7ab9
f6fe
0ee1
7be0
8132
6a31
5f58
4ebb
d958
8a1c
6ee1
73b6
c79e
1001
1bed
8198
719f
cffa
6b85
64e4
f3f0
abca
1467
7736
e121
349c
5aca
feae
da97
4ea8
0ed4
d3c0
1725
cec6
2e35
8f81
aeed
dfa6
2014
4fb0
50dd
445c
51e9
f303
e52c
7463
7e6d
d250
f068
0904
e66d
9100
f0f1
efbc
283c
03fe
e933
11c3
8282
7e19
8062
3183
ea95
2510
d26f
e368
dba9
d0c8
c0b5
9df5
4e98
15f6
c5bd
4f47
4ae6
c94e
45b4
0cfd
617d
e964
19db
3360
5f4f
40ba
1c8c
1380
220f
9628
463d
7a80
535c
fabb
eada
cbe2
0044
b24f
422a
acfd
47fe
e842
fdcc
5398
e23a
3ad6
c070
4268
c173
3f15
1d60
1723
6975
439e
7688
e08b
deba
16b4
2131
9bfb
3264
5a2a
32ab
4ad5
9caa
0e39
16ac
0652
19f7
1cc3
9d1e
64dd
d88d
cf04
bd02
feec
c2b4
9fdf
23d6
fcde
f944
17e7
b251
9079
91ad
d71c
39d1
d063
a192
553c
abc0
6166
922b
c3d1
fcb1
50c0
1f17
0c16
2f8d
5477
1b7a
a720
2ced
6090
d3fa
0a78
4d8c
a1ec
052a
c7ca
08e6
47dc
845a
8e65
7023
8e70
2c21
2b01
3fc3
cdb5
f7b6
7612
0001
4b44
40b7
c9fa
98cc
241f
5b65
228e
509c
89de
572a
d9dc
4df7
57fd
74bc
b039
05b4
7ade
fe96
5de7
8d18
76ce
262c
5051
8ba6
74e5
e481
0451
561a
7595
768d
2f09
7f33
f4c3
f520
8d78
5efa
9ebf
9485
1523
508b
7f62
40c5
33d9
d1f3
14e6
349e
0371
4912
d2f7
4934
eddc
4521
b4a8
a15b
3212
5b54
8500
8fdf
c39e
72d5
be9c
9794
8e14
aeaf
2603
cce8
0e3a
4735
c5a7
5c20
9cfa
bed7
48ca
0124
c1ab
db8c
dbfe
ecba
79cc
9278
44ea
3d5f
2ec7
b7aa
f19b
59e5
67fe
f19d
7a20
ddbf
9a70
da74
e391
3093
a924
ba28
490d
0731
f166
9aca
bccd
5cd3
308d
6366
dc90
2d7f
641e
25e8
dfa3
40f3
3767
03ec
50d0
8333
5b6d
56f7
7bbf
5ed2
edc6
a2f3
df51
e237
7814
824d
f588
e309
da76
0cbc
57dd
6f96
05b6
a7af
56ec
ee87
bb59
6890
e893
97b4
e8c8
d4d5
45a3
5850
448a
a47d
92cd
7f18
387c
4b6a
0563
57bb
d302
5b41
b5a6
cdc0
341c
0d8f
6a88
dcc9
027a
5d42
1cce
0794
de80
e661
0091
2e6c
1d0d
27f8
2099
8a10
809c
af51
2e41
cb12
4778
5560
1dda
4bb0
1fd0
ab0b
baff
edfc
9a93
81dc
b735
b870
e26a
e298
96b6
e1ee
a85d
72ea
8d76
fde7
b212
4797
15ff
f8cd
eb47
8e05
489d
075f
201f
637e
0232
220f
e3cb
68fb
b5dd
3a7e
3f90
b37e
96af
1597
c494
4d08
b1ae
2228
a286
2ed7
8660
2f11
682b
a816
c43c
df1c
e3e3
be95
f278
86c6
a1ce
a6d4
48eb
a6d6
e39f
da9d
5338
2586
c289
43d5
6afa
2168
e923
bac9
7140
13ef
2c17
0e31
fe4a
9ad7
fe17
2093
852d
c58b
8602
e14c
aba6
b01a
e7e8
4fbb
83c5
fd35
e60c
020f
d707
7780
15b0
7a71
df84
07fe
6bcb
d0bd
22b6
b0f9
2394
2808
e29a
14d0
ae0b
965a
3ea1
d6ed
23ee
e777
af35
5eb4
0171
25a0
0310
9da7
add9
06cb
acc3
b150
51d0
1cf9
0dd2
ad5d
2799
ea77
e156
95c6
8c36
e3a3
8236
1392
ff3a
397c
1228
16c5
6a4b
6ee6
ce08
4b23
337b
c005
8701
f0f4
326d
7883
7d9c
ce65
8648
c1d9
bfe5
d50f
d7d8
794e
313a
9a71
68b1
5ec5
1535
17b6
29df
2384
4048
4e4e
75c9
648c
dc5d
904c
db35
45a2
5b36
0bfb
e240
1733
effd
f0f2
6b70
0602
b7c0
c242
91d4
a6ac
8efe
4250
8be1
41ae
9112
0e00
876a
5b3f
2115
dde0
5e9c
4e41
8b4c
3d6e
a4c8
c6ca
9962
7143
ddea
a3b6
a5f6
0d95
b65c
3632
a7bf
51f6
adbe
2263
fed9
953b
e74f
875b
e7fe
a608
856a
744c
f9a9
981a
f780
0a62
3db0
ced3
3800
6509
be89
8243
c3be
edf1
21b4
a185
fc34
7f4f
74ed
dcae
3e6e
db5c
f418
46c2
173e
eecc
bb3c
f98d
bbe2
8e6a
f4af
5a91
785e
177a
1782
8d5c
80a1
6f23
3361
4576
887a
d2b3
85a4
b5ee
97a1
a27e
40b3
ae6c
6377
c7ec
3391
ace8
bbf5
aa59
9b5a
769c
264f
29cd
8919
ec9c
3459
c17e
ef61
086d
1730
da87
cb22
b748
a89d
c796
b936
5976
225e
6900
9a5c
9cfa
2f19
353c
e062
818f
64d2
1c09
6666
cb26
a226
e5cd
f260
a1db
fa1e
b27e
9b39
a17e
eb5f
a431
233f
82b0
dcd5
87f9
beb1
2485
7ca5
0f15
ddd4
44e4
1879
3613
9297
9265
6749
23d3
74e1
d92a
bf4a
027b
cd13
c755
5e61
6bbf
2ba9
da3e
6354
e1e1
cf56
5363
c359
3bb9
7660
bb57
6440
4212
51a6
9fee
5e00
dca1
68d8
4241
b40c
b7f5
5f53
12e1
2dd1
86c0
db90
e178
e7d2
8568
0375
90f6
c8e0
ba3b
025c
69ff
3da0
707b
dd34
9873
f284
dde4
06ea
5904
e9f7
b175
63c9
b9ad
1bed
edcd
8083
32f4
a09a
ba1a
cc0f
debb
25de
6e1d
95b2
3556
e75a
7d87
1fe4
3034
8308
ad01
8915
45a6
ddac
0d54
de5b
4e16
3bb1
b619
c2c5
b4cf
21d0
a7f7
91ce
24a4
465f
dc10
d795
d3b4
fd12
4163
9469
14f4
dc6d
9808
62d6
88d6
0b28
bf09
9a98
da6d
2e44
b8b1
8401
6c9a
089c
7cac
5255
6cb8
7a75
1277
1f46
1dff
caf5
3747
27f0
909e
80dc
4a0f
e4eb
4644
2630
3776
1dbd
fb45
5ae7
267d
8312
c34c
00aa
b1a9
0083
53dd
caaf
0c9d
034f
3ce9
7106
1429
e907
d77f
5e0a
d7c9
e9d8
286e
b53c
bcb3
9803
a306
6f7c
2c11
2b14
477b
9c9d
ba35
4c73
53f6
1f38
f48b
7ede
8188
8551
a007
d661
2692
a248
3531
e69a
1046
056e
d677
85e2
e9e1
d6fd
6242
f07a
b2d6
0efc
b7c9
7543
0c04
12f2
da08
4e00
623c
a045
15a9
0863
91d3
4196
501e
8b04
2a0a
15a8
6ca6
4b6e
d4f3
63ad
c442
42f8
a5e5
b07f
fc48
9dcd
0ee5
ace0
43a0
4d20
7792
ed25
a134
a800
2ce7
d104
e665
b5e0
c8f9
be25
a186
fcd5
6359
37f3
eac2
20d9
626b
7b52
cfe5
d404
d37a
f5e1
a870
4947
845d
7563
ed15
5680
c573
14fd
b43e
47fc
7658
de88
cb41
43ab
63d5
2353
0091
45c9
8ac3
f814
8364
4c4b
c2c4
211c
e75f
7e64
ad6b
5bcd
1a3f
367e
83e4
b5ff
dccf
c2f0
fc24
b022
92cf
51aa
f063
c443
6c80
4374
71e7
9d4e
ab70
3a91
9948
b1d1
0c3a
3dae
acd1
a5c3
17d9
3d4d
2fc8
52af
78f1
e2bb
ba04
8472
15eb
6a36
432a
83aa
3b5a
a79e
09a0
1602
e495
4b4a
7e9d
a55e
4988
f498
3028
cbcc
3516
3a23
5361
6c6d
c6fc
3595
6da3
7c98
b107
bfbf
2557
2127
b3fa
a391
0674
d0be
9918
b4ed
ea18
7f4c
2d76
8882
b710
017b
f96f
9b11
6ab4
1f4e
d0d7
f0db
57af
fd7a
4926
6d4f
a48d
e78b
ec2f
88dc
abe4
10b3
16fe
0743
99e2
fd8f
b575
8ade
b054
7ffc
0803
e773
a5a8
1ecd
9e1f
fb3e
2c3f
3183
ecb2
cdbc
cb4b
5717
f44b
4768
389a
17e1
0c68
920c
d9bc
b5d7
82a0
9216
093e
f9b4
c567
0c33
1b9b
e63b
9385
7cb5
1ff4
1220
3078
1c73
81cb
d94f
2a7d
b992
53e1
f4cb
bb12
c3f1
8667
e512
dbe3
172b
3ea5
60cd
1ec4
d948
eeee
8dab
a6b3
011d
482d
c4c7
2373
715e
226d
2164
7299
282a
e249
26e7
392c
13ea
3013
1638
42f7
fa13
b319
778a
1d84
bef8
b0c6
b916
1959
4ca0
9976
9843
ece7
a747
36a6
bbe0
1670
5785
d0bf
79b0
cad3
3e89
8f8a
c322
b2c0
ef4c
5d7f
a050
82ca
a167
bc16
2bce
57e2
f5a8
4138
286a
4d87
fc6b
ba16
ae73
1891
517e
5b9a
b440
651e
49d4
9e61
4969
e803
e817
a54d
443a
404e
6eb2
c68d
b3fa
fac9
65f0
b2f4
107f
92b2
87e1
09ef
bced
941f
6a66
48fc
062a
2bd3
9f37
3482
edd4
f682
69d0
c2e4
c1a6
44e8
60d5
b1af
77a3
8f83
9446
e3c3
a4a6
b612
09d8
3eca
353d
7ea0
b93f
77f8
b91c
e08a
24d0
c41f
7a16
14d5
73e9
ec53
d795
e9b8
5182
da04
6f62
a9f0
6613
bede
dc4b
61fc
9c03
ab9e
040e
97a5
c574
1c9e
2445
167b
7e95
293f
55a8
766e
50f7
4b86
16e0
4174
e4c3
54b8
8860
bc45
99cc
ccbc
39bc
0e55
b130
e6a1
1a5c
5529
8f7e
0641
6895
eb1a
acd5
7c94
1f87
93fd
4c6b
f6f3
4672
5735
0c79
90f3
2eb0
6c29
9506
18d0
bf3f
fdbd
f601
93d3
8ad2
9367
6edc
e020
f13a
f830
9abd
046d
38bd
1edf
c650
a784
8580
3f0e
7949
f2d5
537e
ab57
bed7
a147
763b
e4be
9289
7e57
e371
51e7
eedf
41f8
2a79
c108
f599
9d7a
10e9
6633
483a
baef
979a
98f3
3c06
2def
afe8
45bf
a2a2
6b2c
517c
d1a1
7190
3c90
152b
27bb
5cb8
0a4c
f8fc
a3ee
4f8c
372a
1e6c
3b88
c2ff
7508
8c84
56b2
44cd
e2cc
82a5
a783
70ad
12b1
421d
8f7d
e120
234d
6d1a
211c
9f61
f67f
08d2
7824
b7b7
c01e
49d3
4c15
41d4
5716
c81b
6036
bb97
1e65
c70a
c21d
db21
23da
173c
caf2
cab3
42ca
b77d
df9a
4d78
c7d2
3513
8bc1
402f
4c36
8ad7
b74a
5d61
de29
f621
2707
f10f
8a11
36a6
dc8a
14ac
d7d5
a94d
7dd1
99c0
57f2
65c7
3b98
167c
58e9
ab4d
e192
55d9
d367
bc09
8df8
a594
58ba
7254
b15c
fbd4
7483
0a16
69ab
0fa7
59f8
9734
fc26
b039
c472
75f1
750b
f07c
88cf
66aa
85d6
d33b
517f
5881
67f1
2f9e
9c11
5f7a
501f
b4fe
6f5c
a217
bd96
69d9
33ed
637f
5890
8ff6
64c3
78cf
c256
b008
0f63
3b25
c68b
bd56
670d
1e02
314a
399f
0cc6
f279
d0e1
6cd8
4abd
919b
44e9
09ac
bd34
f4c8
0237
0d60
fcff
6211
75c9
d559
85b6
a53e
4f9f
03d4
038c
fca5
a402
bbf5
ba49
e0f0
d0e2
107f
8e6e
2b70
21fc
301a
be17
3fe9
6519
c815
91c2
b72e
8c2f
df9d
2535
3f1a
c82e
e759
e2a9
9f69
0008
31ff
e1f6
4182
8408
7512
35f8
332c
f1d3
a8f1
0a23
6962
a8ac
b526
88c5
a503
013d
8c97
79c1
3583
f3cb
e19a
877e
7c6b
e523
8734
1bd8
46a2
d3ae
136b
01fc
4525
ba63
242d
c1f7
f551
3de4
5d6f
ffb8
c3e1
a5f0
588f
1ae0
bf6b
bba2
ca3b
a787
9329
fe30
c56f
12b4
ba3e
3039
1ad1
4d9d
0ebd
d1a5
3f99
3699
2701
808a
a15f
ad02
5526
74c6
5240
68de
865f
ed4a
7ae6
5a59
ff66
9264
2188
418e
177d
4c71
ceb6
55c6
42fd
8c89
b247
6ddc
2eff
da14
69dd
a2bc
dc16
e4c1
131f
eefe
6b24
0a29
aae3
9eb1
34d6
546e
609b
d2e6
f191
407f
d94f
8022
f7a9
98e2
3a31
c220
2e38
1bc3
9927
79d9
275b
34c0
fca7
4540
59e5
1bb7
c85f
123d
efba
0ab2
3a9e
8a01
38af
5d79
96c0
2f98
61b5
8506
a386
37b4
aa37
9dc5
2431
2a36
0e85
e893
2698
f76a
4d01
6e5c
a873
c8f4
aad8
6d85
54c0
9957
ad73
97a4
988d
9809
e342
34f2
9c18
13fe
cd8f
ac32
5311
4ae8
4af4
00bb
4171
e953
8a33
2815
6b25
7951
66fc
a292
ffe1
7d18
fd56
3a9b
8304
53ef
f870
b889
8fca
e176
2336
eeea
6897
9f59
2ab6
6548
2eb1
b19b
b759
3dbe
fb89
6701
2eb6
aca3
161e
0ecc
2ec7
311d
02df
64ae
dfb2
06be
1482
d91c
e088
6b68
c8ff
b061
7054
9e54
0af2
e192
3eef
1a86
812b
e9f4
47d2
b42f
b49a
1e5d
6da4
8d6c
d476
5090
911f
507b
c1e5
0ce7
284b
bfad
d7ae
db88
8785
2742
0a83
2403
7231
221c
d144
4789
a415
36c6
6d98
efb4
5738
4c6d
c834
d6e1
e4e8
c686
cdec
5b64
0d7e
0910
47b9
0474
3eb0
2c82
5bfc
6998
7f0d
a831
f00c
b148
1dcd
9d2c
6de1
264f
5b11
3184
547f
287d
51c2
d1d2
29fd
17e6
4ca3
bace
af32
1dd4
9af4
c3d8
9381
2d42
cdee
0d5a
156d
8a93
8d4f
9692
0ce8
5d0f
f85a
adbe
ed8b
7844
38d6
1bbf
c7b4
8c66
76cb
5a76
a62f
b58c
b5ce
75ab
1c28
2e45
15b6
6114
0eaa
c8d9
92c6
32aa
687c
8a38
2a38
ac98
310a
d1b7
c6cf
bb28
6725
1af0
28fd
358d
4219
8600
c651
79a6
014a
0532
49d5
fda9
ec62
dd42
5bfb
710a
5210
10c6
e3a9
93cf
6aef
81ae
b4a9
bbae
58a1
0292
d46e
e23e
e58b
3b77
4767
2deb
6f78
ecff
5fba
16f3
f4ce
e288
1e67
266b
e3d4
72b6
0aeb
756f
a0cd
e193
df6a
676d
6a4e
368c
2bc2
a18d
67f3
465f
3233
990d
7bea
707e
07e0
5470
a025
226c
66d6
4388
a6fa
d10f
4feb
b15c
bb5c
dacb
5d59
e92d
7e9b
f80f
5747
3570
3a87
9727
e649
b297
e86b
5e4f
0192
bf92
1fb1
d369
e5ed
d086
e95d
bc82
b768
20fa
7c99
6cd0
0173
59fd
c1dc
be06
67c6
d9c1
2df9
c495
da90
8751
8c92
c928
6472
1c8b
ce6a
730f
d9df
e7e0
35f6
5a46
2974
4521
dc80
0f47
9060
fac2
efd0
effd
6cea
c6fa
2467
1289
54a2
dd68
bca8
0867
3d77
540e
1c44
f71f
fac7
edb5
4837
a3eb
41cf
8f71
8ae7
3bab
b8d7
81f3
2e3e
6f77
4c44
2421
857c
a9d3
e5d5
20db
ee0c
984f
3b72
e910
44a6
503c
8cdf
b809
5f80
7378
a2f0
8622
56f4
82aa
2398
fabd
e2d1
dcb3
2cbb
22ed
8e8f
cb61
b384
c3b4
66de
164e
be68
31b0
95c4
1cbf
9cf3
5422
fd2f
90bf
1e0c
296f
44a2
b60c
1325
95a9
641f
8e60
9c20
7830
048d
95eb
85ee
ca08
9c9a
8826
7085
2bc5
ee08
a3fb
b6bb
1dcd
2e60
7ddd
6043
6807
00e0
1c1f
c12c
f9df
e9f2
fdac
1324
1fc0
a8d8
163e
6c21
b961
0a9d
b2be
f7c4
94d4
949d
da04
66ec
ea01
e9e2
2508
8f63
a68c
6a98
9ceb
c6d3
e831
b2bc
9ac3
252c
6f3e
3036
0249
8d79
d54d
c680
c68e
49da
4882
02ea
7d84
f980
295a
1823
fc9f
24de
1051
b4c2
afb6
579f
1ed9
cc7a
819e
6dae
eb20
95cf
c63c
f925
61d0
bfcd
3bf0
beb3
affd
7eb1
7a7a
63d7
fd4e
e8a9
5187
805e
6b63
7d69
1e99
a255
2e76
6751
1f74
9164
c879
2eff
73a2
0ce8
3ab7
8687
19bb
0052
b1bf
bbd1
a767
5683
4d6a
f512
5048
569d
a1a1
0aa9
034b
6553
494a
b877
3577
35c7
205c
81aa
d59a
6514
d21c
563f
e04b
17f7
be6d
d79e
4151
1ffc
2584
1650
e522
9b1f
0b7d
c254
f50c
2ac1
1761
2141
91db
ad5a
0c4f
aa6e
64fd
f8b2
7f2e
e6f7
c409
c83d
4f7f
9cd9
20be
73ec
5005
2993
bfff
d081
3285
0453
e58f
48fa
6cea
d25f
2330
46d2
c901
d934
c173
3fd6
8cb8
dbd3
b308
6bfb
d766
b659
8fa7
36ce
cb78
339a
2626
c339
0d75
1a1f
2dac
be0c
68b9
f9ba
248e
df18
3c69
29ce
d8fe
6a42
892e
797f
7c9d
f389
6126
2d07
fbfd
b1d8
4a03
53a6
4877
60b2
fbe2
b3fa
6f07
5183
42d5
fd97
2844
0874
b4b4
1928
768b
19a0
7446
d444
4b1a
8bc7
86fc
da87
608d
e1d3
d2ab
2940
417b
cf32
0dea
a60d
be87
73cc
46b9
cad5
2b87
0775
c520
f7f5
8e8c
0fde
6ac9
f330
8000
bd4a
ccc8
b1ad
0dd4
c122
3f38
cfe4
541f
c579
d1ca
0bc2
a2c7
4631
4d6c
dd79
0f97
62e3
4e3b
911f
cd89
7428
f73f
5cb0
ca81
c916
c1ae
9eb8
3b53
608b
acee
d8b0
206d
4386
4a54
da74
aafd
52c9
9d20
9253
886b
8d35
e7ab
e012
19e9
9cce
a223
9004
a455
b051
6824
c7b8
39fa
697d
13a7
4706
3195
48b0
763b
cb72
a716
6dd4
8f82
77cb
f590
eadb
5a4f
a573
bcce
2d8a
f24a
22d0
87a7
ab34
f0cd
2a78
bc7b
8be1
2a08
98ad
847d
88b6
bb05
ba5c
b3d2
e268
36cc
26fd
0ca5
1809
0f0f
54fe
b0c1
d4b9
8b54
c6ca
519b
1a20
4a5d
5e95
13c7
b812
7f19
a81b
fdb7
7374
93db
099f
4cf6
f7a8
9dad
511f
c88d
a5d7
88be
30ef
c069
9614
d508
418e
e4fa
a089
365e
092d
8663
f267
175c
806e
11ec
d807
5ca8
9a5c
2d51
81a5
9643
dff3
c25b
0b7a
3c6c
5119
64b2
758e
778c
2698
2e1d
b665
fa15
1e86
897c
f692
437c
8135
f97d
3bbc
787f
25dd
9862
9a09
6fd7
872a
0b1f
aadf
101a
47c9
c303
d475
529a
fa24
98e2
19c4
7de9
37ac
c988
903b
c345
176e
88cf
11b9
65a9
090a
4b3c
8bce
b067
6262
dcd4
5d38
6d03
de4d
77de
1e7c
345d
4a7c
2b73
cf6e
60b1
2255
a3c7
90f4
2cab
5731
bdd7
62fa
ec69
9a2a
f5e2
b8e9
ab2d
09d2
4ef0
962c
786d
df4e
7816
22cb
8b0e
cc01
01ce
1cb7
53e5
91d3
9cfa
0e8a
453b
4181
8f1b
b07e
c31e
e513
dd57
2f16
d2cd
0faf
8427
227e
ed63
897e
7196
e331
49ba
a686
0062
ee7e
5b46
f565
5b43
51ad
349d
accc
1e63
581b
eb09
e873
fee6
f183
fd41
c188
12d2
5e35
ee3d
b5c6
4eb3
77fc
8537
1671
c75d
b09e
581c
17d8
5def
c9e7
655f
40fd
9090
5f68
7455
ba76
39f8
d3c3
c1dc
cfd3
c093
04a0
864a
984d
813b
4b79
0782
ba7f
68d6
857a
da1c
6e7d
97a2
446d
80da
34e3
23cf
6142
89b9
e3c0
2d12
e848
1bdb
4dd2
f830
fd41
6d39
da2d
0de2
97d3
5007
ddd1
fca9
fd33
0cc4
22f9
713e
c5ee
5c77
5893
786e
b006
e341
7140
55bf
aded
6648
a18d
4d31
631d
20a2
195a
b634
c517
c564
339f
3f87
7038
3387
1dee
404d
6400
c387
2301
cae0
a9c1
ed86
4ca1
8f1c
de39
31b5
6408
cd1a
d19d
8d24
bc6d
8506
c150
2fd1
9279
0ddb
7d96
4869
5fe0
5c4c
e107
5154
c58c
a4e5
d263
994a
485b
e960
8394
f2ed
5129
73a8
f0c1
e68b
f4a8
9d1d
108f
3a79
d440
3987
2be9
bfba
e6a8
a073
947d
7a65
be3f
d32a
8e61
6cca
2a4b
b5bd
df50
2987
9d8e
f1fe
624e
5053
9f3f
116c
45e7
1738
9723
4592
4170
71ec
8431
0c40
0c9c
6b91
226a
faee
c29b
c57e
3335
8c0e
5225
11a7
7f4a
a588
04d3
7cd1
4f8a
966b
1f4e
8d44
0bc8
af02
fbc2
0c23
e87d
69ef
6b06
e039
62f4
698c
937a
a25e
34f5
1c6f
26d6
c89a
288b
69b1
5654
f327
caf8
3665
c6e8
7b74
c9f6
1e4a
1f53
c1bd
0349
148e
ee6e
98af
5bb4
51f0
5e87
5507
b9b8
b465
ad02
b56b
5629
06db
2c52
7292
436e
94d7
18ee
38d9
76a2
cb04
37d7
b398
86e1
f09c
b561
34e4
f9c3
89d2
df49
e244
3ee7
0aaa
6cc6
db7c
052b
f3cb
8f3a
fe8a
4436
5e41
d3fc
b214
10b8
a2d6
36f3
ece7
ddc1
f7f7
ce53
4f97
e740
d0e1
4d7b
867f
dc6f
86a3
c842
9d76
0486
0cf7
4580
9037
0443
312b
76f6
0ab9
78e2
04bd
65e9
b3c6
592d
de3d
01bc
f937
86d4
d23c
5bd5
a652
02a1
d5ba
8085
cb3f
c79a
18f7
2f54
e79a
2d9b
cdfd
d384
e6da
d068
44af
2242
c006
27f2
4bf0
5027
2170
de11
8eb9
12b9
2321
8016
d5cb
374f
7566
0bb9
489b
a52e
da36
725b
6038
c95a
6055
9e46
f710
f446
0b00
2f3e
a200
771b
9ad4
8249
2f9c
de8a
0183
d12d
32dd
5c16
94c7
2764
2fab
552f
deea
7601
4a1f
4ff1
1c78
426d
9dee
3f0f
9a6b
f4e1
46ed
8869
0e54
458b
29e4
bc6b
2471
6e5f
da3b
8d00
b91e
2c97
4b86
1d03
5662
b983
69e3
f5cd
a0f5
79df
ff85
a35e
51b8
834d
ea5f
2be5
f050
60fb
d33b
089e
4f85
9e02
2e32
ed3a
74ba
56ad
ad4a
ff87
4f11
50bf
e401
d042
c0fb
0c99
6291
d10d
ec04
7f37
c212
d34b
ca1e
6bac
4e3a
d76c
2fd4
987d
b182
f9dd
9bf1
735a
7006
5b98
5364
fe32
05c9
b44b
13cf
22cb
a7a4
ec51
6b14
985a
d686
3926
9236
4bd4
2756
8c60
1e9c
e8cd
1814
fd67
2c10
f6a2
39d7
9096
c01b
eb69
1316
0580
c8ce
2f10
c20e
e804
649a
34ef
3871
c00f
9ed8
a167
2122
d54a
a99d
f1a3
687b
5b12
29de
97cc
75c8
ad9b
faa6
9269
84a0
83d4
e8da
6ce4
f2f4
c5bb
15cd
6cba
4939
f3ba
5e41
ff5e
eec9
2158
2834
fa53
139f
6ce1
a36e
3c70
8716
969a
478a
df29
b523
f7bb
e146
46e2
6909
09fe
83ab
637f
07b7
2e69
c7d5
99e9
85f2
f1b4
64a2
5335
4819
0246
1ba1
f9d4
f3dd
a8b7
9ca6
964b
4725
3d06
2cf2
7600
ec46
dea9
c318
9800
7392
6e1b
4406
34ed
708f
2275
90bc
a0ff
abcb
e0cc
92f7
3704
9c0c
39d5
71d4
2ec4
0e0c
21b3
f0c5
6b91
0486
596e
6653
028c
c1c7
3f3a
8771
7d15
589e
c1a6
5e32
fb96
6a31
1f27
5737
2bc2
4c13
c7eb
26e5
836d
bbae
86c1
ac43
87b3
42ef
d48b
166e
485e
11d5
fa7a
b1f1
7f3b
3121
99d9
2f50
6a0f
dc2b
462e
d2f6
5d18
2ff9
7499
924f
9a38
d4df
8968
bdff
d0b5
c8ff
c8c1
77e0
8d68
c80f
52f9
179c
da11
dd27
42fc
4b31
4d31
6296
ad58
5090
aa78
df44
1e91
ff6a
387d
41df
006f
4454
9ebf
d8be
46fb
1380
3827
c87e
2837
1aa4
7e85
c4ba
75d8
9545
e9f7
dd5c
76b2
6a5c
69b1
6705
703d
b64a
297f
e222
c003
a8df
ea72
191e
5926
bada
f4cd
d337
f7b0
0604
8689
8acc
e4a0
cc9d
e8c9
7e07
168b
a46b
2a16
79da
f76e
1a70
edab
da32
594c
375b
eec4
69a1
eb63
1624
bf8f
41bc
b3b2
a840
23a3
b1d9
7a46
70da
f553
c4fc
9449
a777
1da8
9350
ed38
aabb
9097
3c0d
18fd
1417
6c1f
845d
2160
7250
235c
f8ea
f470
ff4f
072c
922f
7a51
48de
327e
2220
5dec
a69a
0382
6b85
b54e
d611
3c04
5c91
5734
5489
e842
feeb
fdb0
2a18
7c8a
bddf
5bf1
d28e
c92f
f897
afcc
7a24
671c
3764
af34
5ac8
8d11
8a8c
2249
9fe6
acef
ae43
e26b
58f0
374c
3bcf
dd25
4ce8
6f19
2095
c85f
3571
79b5
1758
0949
e96b
7bf4
0fd7
438e
70ab
3f36
3e1d
03e4
5d8b
f3e8
2f0c
446e
528e
c680
7ecf
94af
fc54
3e90
b1aa
a1b0
2afd
035f
4a92
7255
8731
0409
efc0
a7a1
f801
89f1
51c8
9b49
91ce
425f
43bb
45bc
7e68
b62b
a2f4
3b66
f1a8
cdea
ebc2
8e6d
cbf1
43b2
367d
7c3d
cd74
7548
2580
3ad4
92c3
1935
cf99
12e7
05a4
3be5
e944
7e7a
c7f4
052d
a93a
e84d
d6a6
5121
175b
e883
be7c
62cd
1817
9719
3bfd
4c26
8658
71d7
3f33
a85a
2c5a
c81e
d764
5ffe
da5f
a781
e6b5
6d29
1d7a
2e45
4405
8c26
b98a
a7ed
39d4
3f41
8046
42bb
c9c2
910a
90f4
1aef
11ae
f55b
be54
fd3f
f946
91b6
6eab
a96e
fa6a
cc06
99a6
b619
0a3d
f85c
67f0
5667
cec7
09b7
ba2a
eced
3645
cf03
84a2
4a11
f487
6dff
be40
7b28
63cc
6a3e
22cf
82b8
ff39
fb0a
5640
ffb4
b19f
167b
cf2d
3929
1e0c
8556
e89e
bc78
d6a1
85d4
ef32
83ec
9a57
6ded
7dd4
e7af
d721
82a5
2e29
011b
e51e
be60
d6f5
cce5
bde5
d0f9
8a61
c33e
b7e1
1082
8533
645d
afaa
5938
39f7
24d4
5b9a
6d68
b128
91bc
26f7
c45a
5ce9
3615
4460
415d
d008
fe7c
0bfa
f110
c186
87f1
2208
f593
3d51
87f7
665c
38dc
8248
b806
306c
1796
c508
1896
d009
cfa4
fe5c
ee29
c6ea
a63f
f3bc
271f
5157
38c5
3650
46bd
e4bf
035a
7f60
83c3
4345
f7e0
44db
bb86
39ff
341d
3829
13fd
3134
e765
21b9
f173
3b77
8327
6157
2650
a478
cd52
f7c6
686b
9fbf
fd1c
7714
e583
0e32
55e4
db37
bdce
a8a3
2d88
cb33
36a8
20d6
10e1
3369
0a7f
08f5
17f7
4a24
575b
00ca
5aac
1294
a9b2
abef
6901
34a9
9f1a
f202
7a1c
fce7
e48b
35a5
fc57
b587
80fe
6eb8
fea7
4f7e
4ffa
6614
42ac
9224
147f
f7a4
3957
f34a
0af6
cd27
c7a8
eb1f
c992
57aa
f8df
9897
74f0
2888
1703
a820
4e0e
d861
9933
5da3
daf5
32bf
7837
2f8a
d218
5f18
de63
f637
db24
ea4e
55f8
e27d
9c88
ee5e
bd82
6999
2228
90fb
0e18
377c
b803
cb54
448c
e64f
b3e0
77e1
3fbe
74dc
0026
e20b
03a1
ebad
be9d
352b
ca6b
0c94
d555
d4df
5b30
b375
d707
e44e
7791
778a
c9f7
e569
d9e6
5b6e
4eb4
38f4
0784
dd49
6e3e
3e77
f0b9
f9c0
589b
1ec7
a8d8
e6d2
296c
d0b5
2a76
c561
1383
4677
d3c0
b9a9
5932
2a3f
fa90
d9bf
d902
e4ed
7c6c
9e07
b8bd
c01e
3c3d
e74f
0a94
9e40
d9fb
eb6f
078d
a85b
4a00
6d39
4cfa
ec80
f269
52bd
fc9a
6a0e
df38
ac09
751e
0ca2
51c5
fad6
3bfe
08c1
a6b0
872b
4c75
04da
b5eb
9432
215e
c505
ee9d
beda
2425
85b8
965c
419a
f183
58b1
f110
2ea6
2751
22e1
3fc0
277f
ddff
a432
7939
b39c
4888
f96d
71c1
4161
eb77
24db
2f71
3159
b427
37ca
e72f
1a90
cbd6
ea23
a956
aa4a
070d
f6aa
98df
189b
c22f
3161
3ac6
e3ff
3ef7
8593
f6de
362a
ef8d
586f
0ccd
268b
0ef5
6b9c
029c
1a57
8cc7
1287
e68b
89f4
fa89
6360
69f0
4da8
6ec1
07ec
f997
ba5b
7502
d220
461a
68af
b1a2
0f57
f03b
ead5
7c96
4748
c48c
1938
3432
3ae0
58ea
227c
beb9
8660
c048
f5f5
c9b0
cab0
4aa7
a859
5a09
0108
e935
457b
8f81
d0ef
aec5
ff37
d049
8b07
b33c
5543
669d
0f13
2c9b
835a
4970
630e
f1ab
055e
8822
d3d0
3f72
564c
6287
0d61
e14e
f0ef
6765
3b0e
a112
ccfe
5833
4b2c
bed5
06f0
d475
d0d6
3db8
d1a4
9026
621c
3e76
1121
da13
da4b
8708
6bbb
d06b
bb88
3ba1
ea4a
b0f1
fd74
9233
f3ae
ed28
74b7
49fd
566a
4c19
4584
c2ac
c977
6399
9a8c
fa3c
b3ac
c642
db78
cf55
45a7
f57c
cc2b
9eac
8663
0c7f
36fd
ca4c
4348
8e2a
6575
be8a
cd9a
4f13
a492
0596
c97d
7ac1
0ead
1d3f
f80e
b8cb
d338
8688
15bd
94cd
96b5
0080
e85a
ffb0
e8d5
0bf3
3855
0375
98a3
180e
6107
cb7d
f0c3
14c2
476e
2e04
a0c9
1cee
032f
1919
b4d7
7b8b
b22a
0512
e117
c7fa
848c
deb8
4ab0
6bf6
a102
567c
8331
48ca
f6b4
240d
c93f
912e
fec8
c656
4d78
b26c
226b
0018
20ee
e408
a1fa
b655
0ee8
c92c
ca1f
64af
adfb
9f9a
bdfa
ee68
f6b4
c37e
4b14
a151
4335
5e0e
dc35
e46a
1ca9
4a35
6a07
7089
086d
e4c7
1281
e996
fae3
bdea
135a
60cf
9273
8bea
b68e
4629
7649
a7b9
c4e9
0ba7
7aba
2952
25b8
3fa1
2a0f
8fdc
7704
df47
4c31
5de5
13ee
968a
af5d
0740
7a01
4b3b
5f9c
7fec
fc6a
5d02
e2a6
85e6
0a9f
c3fd
0fd7
a21d
5500
f611
04c7
8b92
82a9
f2ab
e202
f069
7967
9d27
76dc
a4d6
6bc5
e0e4
6989
a5c1
6978
36f9
4d99
48d4
4d49
fbfb
a188
70b8
bfc9
ef88
06d9
3a06
0b8b
e52c
d2f8
380e
86a0
f294
bf08
7993
a342
88a5
77fa
6302
7706
56a1
158e
2068
c153
0d93
2f21
24fa
86f2
1f7e
9b69
b5e2
b4ea
220c
2cee
c30d
6ca5
2122
b434
087c
b8ee
eda8
29e9
0cd1
670f
9e4f
2014
24c5
137a
39da
1867
48aa
ee3e
62c8
4ed4
fbff
6b30
2063
f1c1
9c49
5b43
5cab
61ec
b18d
b1fb
b484
56d8
5083
d14e
823c
7d03
d67f
c37c
ea42
a280
a7c5
13b3
0a60
0145
6e2c
342d
ada2
37a5
fe82
9bfd
8398
8cfc
78e7
c3a1
4265
08a4
28c2
7f04
4194
ce72
7239
58b4
e829
9ec6
6598
f1d5
3c46
b52a
cd36
cad2
59c2
fbfb
9d78
355d
7306
d11d
2eb5
7704
42eb
d6bb
673b
6ad3
7f25
003b
b8fc
c1a7
4886
9763
eb73
5e68
c9e3
0ee3
62a4
c26e
4a5d
a874
7d2d
244d
c550
e83e
1856
8b96
4694
151e
dcf1
1ad9
a2cf
59bd
f9e9
d40d
8297
de2e
28cd
4049
ca2b
6c21
3126
6d6f
94a2
f298
4efa
f014
85d4
85ac
28b1
87c6
af12
d013
92c0
5d1f
89b6
b6dc
e139
192c
53ff
afcf
78e8
9749
21ed
8d22
0b48
80ca
b5d6
75d1
9d31
45e3
89c9
fbb3
f926
41b5
599a
141b
c794
f0b0
18f4
c85b
254b
54ca
1931
aa3f
6d35
191b
766f
a249
4ae6
20db
9943
80d2
6b07
36b5
81e5
0b6f
6b0d
5a6b
461b
e34b
83f8
f3cb
c693
3301
6fc4
a28b
eb2c
bcc3
94ba
b00d
78bf
b501
7807
4eca
7ba3
1e62
d2e3
5f9e
876e
cac0
5bad
30e9
0c7a
934e
dc7c
de26
0209
cf61
0ec8
09db
e6d5
366d
874b
b3fe
72fa
0f94
9761
9a6d
c9c7
dc74
a5ee
30d3
7c64
b4ce
6b5f
c79b
4bcd
e8c8
0dc3
393a
6054
b52f
9902
f904
b21d
b569
5621
aed9
c659
de59
598d
5add
4595
ba33
b429
48a5
71ee
0f33
92f5
4298
d59b
fdc5
f828
1bdd
f548
fe98
38ea
32d1
ff68
8d19
6536
c9f4
6260
aa04
328d
c28a
2a33
fd50
2028
9beb
7d1c
8d77
744d
cb19
adc0
c9e0
5558
e243
5922
0e60
392f
9836
a147
1166
3f57
e13c
48ec
db87
a594
4b6f
aa29
c982
c089
7de8
b854
ec0a
ff06
7817
df28
36c3
7b69
09af
9345
ffb8
2148
f0d3
9a53
067f
c918
c712
13e3
a540
ef0d
abe4
1397
eb51
c27b
7804
7f79
b80a
c6f1
4a3b
3e47
6488
0722
444b
c4fd
35b9
aa5b
9978
7933
6b43
247a
1b4e
12fb
888a
10a2
27eb
0412
4459
96f3
2993
31ea
8d33
14c8
93ac
21bb
abc5
9002
753d
baa5
ce96
c3b8
8d21
baf1
e80b
4a22
1e1d
e8eb
8d63
84e4
cc91
2cfe
f810
00f9
75a4
9326
1468
7069
ca6b
2945
7e7d
5c92
fe61
6754
49bb
e64a
4675
209e
7c96
7d83
b925
6a23
2f5e
fa1c
edfa
bb42
480d
9293
6a12
06ed
a2d5
33a8
1bdf
b7b2
f19a
eb0f
ca28
6800
844d
1dab
04dd
2fb8
c47e
c0db
5c50
7125
ff33
3d24
0033
e125
3b6d
63d2
9564
57b3
eb38
c18a
ff40
1ac4
8dcf
8507
e798
fa60
6f25
9344
f503
9a4a
21dc
8fc1
a2c4
4f19
9e99
1472
afb3
33e6
3302
3839
c600
5e26
e02a
9a47
f2fb
c2dd
d679
1f7f
7ae2
8603
083a
ec3f
aa05
d186
ea84
75ff
beb0
c71d
f19e
6aae
0ffb
de54
3306
98b3
054b
38fd
7e0f
249d
0a8c
e642
c6e3
cbc0
9181
71c6
b149
c43c
ddbb
1a54
f401
34fb
d955
bd6e
0f67
a2cc
8b19
32d6
9bd7
8b63
12b5
9491
220d
59ec
1ae5
c3eb
d8e5
7e6e
2737
d463
52cd
4a58
c21e
e8fb
288e
47f7
05f1
c3fd
7a63
d59e
1515
03b5
2f47
6960
a61c
3045
c6e8
ad10
f81e
c04b
89e8
2c5f
1f55
b37e
3243
1f4b
42c3
1acd
ea10
1277
fc0a
9f2c
ab53
87ea
d572
66bc
da47
1b6c
94ae
eaac
5eb2
e24c
80c8
2b2d
5327
8f08
79cc
ce6b
6571
13e2
43a4
2dd8
5e95
5fb5
dc46
e15a
ec2b
da10
e86a
bce6
db4c
b71b
c50c
7093
3d70
a789
7fb7
8a69
2193
0112
03c1
ce50
e1b5
9beb
fd7d
a854
7535
0a27
16f7
6865
0120
a02f
4855
4e5c
af99
192b
aeaa
fb33
3d37
fec7
f600
0758
f414
403e
90d0
d53e
deed
5323
d570
2347
9bf5
bb8b
a319
482f
4eef
c6c8
43ce
0b67
2eb2
98ac
7989
fddd
c3df
08f7
8dd0
811d
c7de
9bf5
f923
11d7
520e
5982
44ff
c8bf
94c7
3fc4
1675
fad1
97d9
e9f8
8384
74e0
3328
3ffe
06f3
ed81
99b1
c58c
14d3
