0000
0000
0000
0000
0000
0000
0000
0000
0000
0000
0000
0000
0000
0000
0000
0000
0000
0000
0000
0000
0000
0000
0000
0000
0000
0000
0000
0000
0000
0000
0000
0000
0000
0000
0000
0000
0000
0000
0000
0000
0000
0000
0000
0000
0000
0000
0000
0000
0000
0000
0000
0000
0000
0000
0000
0000
0000
0000
0000
0000
0000
0000
0000
0000
0001
0000
0000
0000
0000
0000
0000
0000
0000
0001
0000
0000
0000
0000
0000
0000
0000
0000
0001
0000
0000
0000
0000
0000
0000
0000
0000
0001
0000
0000
0000
0000
0000
0000
0000
0000
0001
0000
0000
0000
0000
0000
0000
0000
0000
0001
0000
0000
0000
0000
0000
0000
0000
0000
0001
0000
0000
0000
0000
0000
0000
0000
0000
0001
d8c2
885b
be01
5b79
e19f
1821
70d4
5029
5900
28ec
d2c2
58a1
5e51
1c70
b29f
311f
ba96
2fbd
ce67
ff1e
5be4
a3b8
c404
e62e
40ea
745e
5f84
df97
dbc5
145c
8ffb
a331
04b4
f48c
4dc0
e6e2
b588
0ec7
2c8d
82cb
96f4
a2cf
b6a6
fa03
2a65
eb16
b4e8
c30d
2728
bd83
060e
baf2
079e
ea6f
b452
496b
6c8d
87bb
252c
6091
4641
6c19
1ca5
d27e
0001
0000
0000
0000
0000
0000
0000
0000
0000
0001
0000
0000
0000
0000
0000
0000
0000
0000
0001
0000
0000
0000
0000
0000
0000
0000
0000
0001
0000
0000
0000
0000
0000
0000
0000
0000
0001
0000
0000
0000
0000
0000
0000
0000
0000
0001
0000
0000
0000
0000
0000
0000
0000
0000
0001
0000
0000
0000
0000
0000
0000
0000
0000
0001
0001
0001
0001
0001
0001
0001
0001
0001
0001
0001
0001
0001
0001
0001
0001
0001
0001
0001
0001
0001
0001
0001
0001
0001
0001
0001
0001
0001
0001
0001
0001
0001
0001
0001
0001
0001
0001
0001
0001
0001
0001
0001
0001
0001
0001
0001
0001
0001
0001
0001
0001
0001
0001
0001
0001
0001
0001
0001
0001
0001
0001
0001
0001
0001
0001
0000
0000
0000
0000
0000
0000
0000
0000
0001
0000
0000
0000
0000
0000
0000
0000
0000
0001
0000
0000
0000
0000
0000
0000
0000
0000
0001
0000
0000
0000
0000
0000
0000
0000
0000
0001
0000
0000
0000
0000
0000
0000
0000
0000
0001
0000
0000
0000
0000
0000
0000
0000
0000
0001
0000
0000
0000
0000
0000
0000
0000
0000
0001
0001
0000
0000
0000
0000
0000
0000
0000
0000
0001
0000
0000
0000
0000
0000
0000
0000
0000
0001
0000
0000
0000
0000
0000
0000
0000
0000
0001
0000
0000
0000
0000
0000
0000
0000
0000
0001
0000
0000
0000
0000
0000
0000
0000
0000
0001
0000
0000
0000
0000
0000
0000
0000
0000
0001
0000
0000
0000
0000
0000
0000
0000
0000
0001
0001
0000
0000
0000
0000
0000
0000
0000
0000
0001
0000
0000
0000
0000
0000
0000
0000
0000
0001
0000
0000
0000
0000
0000
0000
0000
0000
0001
0000
0000
0000
0000
0000
0000
0000
0000
0001
0000
0000
0000
0000
0000
0000
0000
0000
0001
0000
0000
0000
0000
0000
0000
0000
0000
0001
0000
0000
0000
0000
0000
0000
0000
0000
0001
0001
0002
0003
0004
0005
0006
0007
0008
0009
000a
000b
000c
000d
000e
000f
0010
0011
0012
0013
0014
0015
0016
0017
0018
0019
001a
001b
001c
001d
001e
001f
0020
0021
0022
0023
0024
0025
0026
0027
0028
0029
002a
002b
002c
002d
002e
002f
0030
0031
0032
0033
0034
0035
0036
0037
0038
0039
003a
003b
003c
003d
003e
003f
0040
0001
ffff
0001
ffff
0001
ffff
0001
ffff
ffff
0001
ffff
0001
ffff
0001
ffff
0001
0001
ffff
0001
ffff
0001
ffff
0001
ffff
ffff
0001
ffff
0001
ffff
0001
ffff
0001
0001
ffff
0001
ffff
0001
ffff
0001
ffff
ffff
0001
ffff
0001
ffff
0001
ffff
0001
0001
ffff
0001
ffff
0001
ffff
0001
ffff
ffff
0001
ffff
0001
ffff
0001
ffff
0001
7fff
7fff
7fff
7fff
7fff
7fff
7fff
7fff
7fff
7fff
7fff
7fff
7fff
7fff
7fff
7fff
7fff
7fff
7fff
7fff
7fff
7fff
7fff
7fff
7fff
7fff
7fff
7fff
7fff
7fff
7fff
7fff
7fff
7fff
7fff
7fff
7fff
7fff
7fff
7fff
7fff
7fff
7fff
7fff
7fff
7fff
7fff
7fff
7fff
7fff
7fff
7fff
7fff
7fff
7fff
7fff
7fff
7fff
7fff
7fff
7fff
7fff
7fff
7fff
8000
8000
8000
8000
8000
8000
8000
8000
8000
8000
8000
8000
8000
8000
8000
8000
8000
8000
8000
8000
8000
8000
8000
8000
8000
8000
8000
8000
8000
8000
8000
8000
8000
8000
8000
8000
8000
8000
8000
8000
8000
8000
8000
8000
8000
8000
8000
8000
8000
8000
8000
8000
8000
8000
8000
8000
8000
8000
8000
8000
8000
8000
8000
8000
8000
8000
8000
8000
8000
8000
8000
8000
8000
8000
8000
8000
8000
8000
8000
8000
8000
8000
8000
8000
8000
8000
8000
8000
8000
8000
8000
8000
8000
8000
8000
8000
8000
8000
8000
8000
8000
8000
8000
8000
8000
8000
8000
8000
8000
8000
8000
8000
8000
8000
8000
8000
8000
8000
8000
8000
8000
8000
8000
8000
8000
8000
8000
8000
0001
0000
0000
0000
0000
0000
0000
0000
0000
0001
0000
0000
0000
0000
0000
0000
0000
0000
0001
0000
0000
0000
0000
0000
0000
0000
0000
0001
0000
0000
0000
0000
0000
0000
0000
0000
0001
0000
0000
0000
0000
0000
0000
0000
0000
0001
0000
0000
0000
0000
0000
0000
0000
0000
0001
0000
0000
0000
0000
0000
0000
0000
0000
0001
ffff
0004
fffe
0001
ffff
0000
ffff
fffe
0004
0000
ffff
fffe
0002
ffff
0003
0002
ffff
fffe
0001
ffff
fffe
0000
ffff
ffff
0000
fffc
fffc
0002
fffc
fffe
0004
fffd
ffff
fffc
ffff
0002
fffc
0004
fffd
fffe
fffc
fffc
ffff
0002
ffff
fffd
0000
0004
0002
0003
fffc
0002
0003
0004
0000
fffd
0004
fffc
0000
ffff
0001
fffe
ffff
0000
0001
ffff
0001
0000
ffff
0000
0001
0001
ffff
ffff
ffff
0001
0000
ffff
0000
ffff
0001
0000
0001
ffff
0000
0001
ffff
ffff
0001
0001
0000
0001
0001
0000
ffff
ffff
ffff
0000
0001
0001
ffff
ffff
0000
0001
0001
0000
0001
ffff
ffff
ffff
0000
0000
0001
ffff
0001
0000
0000
ffff
0000
0000
ffff
0001
ffff
0000
ffff
ffff
ffff
ffff
04ad
d5b4
39c9
00f6
16d7
80fd
5255
0d89
6fd5
f11f
04bb
9e8e
14c9
18e8
188e
100c
6168
96b1
4a22
95a9
4bcd
59e1
e616
2924
5c94
8e02
2593
6bbb
84de
d3d2
5663
9a39
3b57
14b0
1eca
4273
1a01
d4bd
a492
0251
45a6
c98e
14c8
0ae1
583b
05ca
2b14
f352
65c0
37da
b2c8
51e8
217d
8396
8ec3
f09c
7eec
0dcb
5a1d
f74b
5975
d859
d3c0
2990
70c8
9838
b5f6
82e5
dae9
fa22
4f37
cbc6
d7b7
a6b4
0d80
473b
05f5
bc3c
1d3d
42b1
07cc
211b
c05a
408a
05ad
ec56
fa60
f651
fd34
6c39
cf45
83f8
81cf
6d55
f091
7855
a8d2
5bf3
8f29
f954
5ddb
6c4f
4932
a572
76e9
e591
35ad
4cf6
f6b9
a016
d209
54a9
8cfc
b768
b06b
e331
21c2
1d4c
154d
7662
06d7
7a36
c485
9397
06b6
da6c
4de1
9a3a
a8a3
54b5
f7d6
3954
ffc5
750d
005c
8760
0f4f
7e70
8378
1f58
79ce
d993
fc0b
4980
1da6
d3ad
be29
7672
8300
fef3
556e
c5de
1fd5
482c
00cd
f281
eed6
6479
53f7
57c0
474e
7bc3
b4e0
b6ea
c547
7ff9
e847
81d6
06c2
a1a2
2e05
5472
abcb
2d18
efbd
b9ca
e9d5
bf19
fe79
3a32
3053
3eb8
6456
2a81
8193
02b3
ae09
9ebe
5a8a
8e45
f895
e8c0
e77a
5c95
58b6
4139
3fb7
af0f
9e7a
0183
5043
61ad
b639
2d20
45cd
aa78
ed88
b7ec
7027
c461
b367
b364
2315
6f92
17ff
67f8
8889
868f
4556
ce32
b8af
cd16
5b9a
3d08
e56d
2c80
4093
d8e2
5d7d
0e89
0451
2a63
daa5
0761
22d3
6668
a959
dc33
ed5f
a967
3482
257b
d93e
4d59
58ad
fab0
01b3
fcc1
0c71
5830
c4bc
88bc
8a6f
05ee
c9a4
6aa4
f374
37cf
eb32
6c0f
45b4
2d95
df67
d921
209c
ad0f
2bd5
8725
fac7
661c
6a08
cf50
c04b
ed98
b9f5
0c53
e462
77ce
a58b
9d60
7840
340e
4191
32e9
81dd
dea2
b582
518e
7703
5cba
520d
53f5
466f
8c2f
8756
7679
e865
006d
e605
e479
5ab2
333c
7e98
5a17
6d72
fdb9
0b56
9e64
24db
0026
6512
630c
8b34
d027
dc8e
bdd1
b599
c8d4
72a0
873f
0497
a844
72fd
6ba4
56f3
ad2a
fe48
a3ff
c594
4ca2
8272
b383
203e
a90d
3f6c
7ae8
ea73
85f6
0752
9dfe
c7f1
094a
cfab
c678
0794
c142
eca2
ed37
c847
c872
e62a
de20
3064
2461
8e18
1e60
8838
6337
42b1
284d
8aca
9e61
d8b1
4658
5591
c96a
0456
18f5
3706
c505
564d
607a
7817
1872
c1b3
f66e
f3d9
83d1
3567
3b4e
bb8a
dcb3
411f
0045
d9fb
138c
0be6
7477
a2e7
2c69
a811
9d90
b761
1e4a
d95a
5e88
1446
9bcc
ec46
52dc
ffcf
c94c
bad7
2c41
79c0
6982
4317
40a5
1fb3
b545
b357
48c7
4e59
7ef6
08b9
d906
a08b
86c3
5cbf
5a30
eddc
c171
117b
72a1
674a
c264
f44e
2d6b
9c3c
bb7d
174d
ab01
30e6
85c0
67b1
5f77
b80a
2280
4c32
c53b
7112
6403
73c9
8ca2
531a
146e
c511
f612
2903
fd6f
c014
b446
b578
4081
3c29
0833
c2dc
d7a3
3e74
ab7f
de12
d39f
d4fd
ea4e
577e
5a3f
05d9
3f52
45f5
89be
1596
eec4
931e
ecde
968b
c215
5aff
f9ea
5491
3b9f
9a91
03fc
3842
d875
5458
177d
d1cf
1b2b
e2de
13f5
3a1b
d6ec
0bd9
4dee
cbbc
2d08
03de
4076
1393
01d6
d59b
cfe6
a66f
90dc
c6b4
bc9c
524b
18b4
45e5
bf65
85e2
c8a6
e3db
a71a
4975
9adc
4ae5
11d3
a3c4
8b3a
97b4
ed4e
435d
0a02
e17b
29da
5217
6409
cc7a
a0d3
ba2f
2e1b
8bae
08f6
c7e6
f3ee
ea2d
8c13
8e5b
ebb1
dc6a
8d34
a94a
d6d4
74d3
e917
fc35
3bc6
0383
832d
3381
0480
abf3
0940
384a
e1fb
f697
19f1
2584
5d0b
efa7
fdcc
cb01
439a
9bbc
5606
e018
58c7
66b4
f24d
b98b
7130
c504
96f0
f0d1
2893
9b81
fd2a
0195
4153
1742
5f61
1ff2
40c8
026d
7b5d
be1d
7812
297b
10c9
437b
4b98
c49c
53b1
fed5
ef9a
6aee
9592
65e1
64b5
2d0f
4b98
6f54
43bf
5160
843a
e7cf
6e2b
46a1
5b32
330b
09e3
843c
cb8a
1a62
902d
b1e9
5a43
7d36
caa5
63fc
8b0c
1abc
428f
bc2d
906a
1c67
83af
d9ed
b08d
fb32
517e
a6f3
a610
066e
838b
8ee8
bf52
424f
a04f
37a7
d879
dcdb
e635
ee5d
f9ee
ff82
f5ef
7460
f569
ac22
3dec
f6dd
2287
9447
3de4
d2bb
42e8
41e2
629c
ee5d
4a72
2ec4
19e6
aadd
bd6f
b5d0
7948
970c
7c89
563a
b7d1
006e
f001
a52e
d776
51fb
4223
3c8a
bec5
9b6b
62fc
e7ce
1a28
8f04
0b25
34ca
b1fd
0b75
4c69
1c71
bd88
991d
8b96
7960
d197
724f
effd
02db
64e4
0938
7e9b
4248
8a44
a7d1
94a0
15d5
3151
2eca
6f2e
8396
2330
4f46
3267
9e68
1fd8
3f9f
3f79
136e
25fb
060c
9e14
b4cc
a7c0
fc1c
21b2
b227
446a
c8b1
3940
3647
2fe2
1a38
14b1
7922
db51
c023
2780
1357
5ea8
9195
1c9f
fef8
69a8
5aaa
76ad
5129
0f36
fab7
eafe
faa5
2cc3
02d3
d429
f349
66fc
ce9b
e8fe
5377
ca3b
b00e
5850
f5e1
d29c
8bbd
269b
1375
ca68
4012
a224
6c19
949c
cca0
0f18
2d3f
79ff
9168
4a49
deaa
9430
1813
90f1
14fa
9935
cbd2
8966
3762
0382
9703
17f0
e820
a63a
40b0
4582
48ec
8286
e307
bec4
2f8d
9c06
c2f7
8d6a
d29d
c835
5857
914d
08fd
de07
39dd
de07
f418
43df
31ae
753c
9ab1
c1e5
8ee0
9ac6
626c
ce83
02dc
7665
cd8f
b9da
78cb
cf2b
62d9
904e
4e25
15b6
c8ef
e655
33fb
db3b
14f0
4a8a
7521
9cf1
970e
6a24
1524
398d
c155
947e
7c7e
c24d
5841
ed85
dfb3
65e1
7f72
3070
1390
84ac
112c
f073
3632
77f4
7d49
29e1
e30d
0b9a
7afe
1edb
919b
e574
a519
34b8
b78e
3cb5
6f88
5068
44a9
4735
8c67
f215
30d2
2e3a
26b9
c46f
adab
b3a2
0ba0
9535
bf97
2c7e
a3e8
f1a2
cb56
ea39
15d2
a4b9
48c8
eeb0
a940
caa6
7b41
64af
5554
c3f0
9ba8
7635
a54a
84d4
c92a
4994
45f2
411f
baef
5a72
1a7b
136f
7ff2
ee73
d8c6
e443
d7d7
58d0
840d
b194
795c
4d0e
5123
79be
0b52
5dd9
5c99
6bbc
4d26
508e
d503
a5bc
4aaa
1fba
0114
143e
4345
92fa
5063
9a18
14bc
ff03
ee21
2985
0ef8
7d08
d934
fdb5
65b4
daf9
4d27
1c09
9ebc
48c6
9899
8996
8d13
0d6a
5c73
ded2
7156
1460
5439
504a
b0d5
5f06
bdf5
facf
4e97
36c1
511e
c336
1518
eb01
6cb6
0881
aab1
ba1e
2c79
763b
2120
1e1a
ef88
47c0
fcdc
750b
bde0
a01e
e29a
1fff
cf59
e093
c9a1
0b15
4de2
cf6e
47a7
5670
0a77
63dc
f256
728b
a5fb
e94b
1fa2
567d
1589
f511
e421
d602
4cc2
b095
c42d
8790
b277
7317
7aa4
83d9
9263
1f0a
ad49
1717
b9a9
8b0e
684e
44ab
623e
29d2
04ef
e125
e336
b629
054c
b51c
3aa3
6bf5
18bc
dbd0
d9cd
390a
ab62
40f3
4b95
7018
dc40
51c6
df50
7bcb
6613
e6c9
1ace
756c
bc7b
14ce
94ac
8e15
002d
a66b
aab1
146f
c1f0
e747
980f
04bb
130b
7821
fe0f
023a
9d17
aab8
88f3
4a03
0178
bece
4769
5040
369e
02ff
7935
e9e1
bb1f
3a9f
d80e
a831
2fcc
0073
b058
0220
b04b
0142
cc37
0148
e305
9b44
680d
e132
9ee0
9db6
ff49
0944
2809
3c61
1e1f
0cce
efe1
a5fc
7548
cb8c
e082
d7fc
4a1a
5bc7
9920
9ed4
5b3c
e53a
b0f2
925b
296a
052a
a567
40e8
05e3
d179
f546
4d53
752a
f8eb
bf9c
760b
f955
f38d
c6a8
4041
31d7
6922
a50e
0683
8bfc
4a91
54d2
4281
cc15
cde0
d567
2b60
3120
9936
ae46
216d
6f53
2617
c519
c936
025e
828d
6a8a
27d1
e98d
f788
58f2
5545
6d49
73e7
f344
1c32
c40e
7748
a5b7
cef9
7aa9
a379
c338
4fe8
8c95
a2eb
8958
e9ce
7d20
6b32
a9f4
c05b
56fc
a0fc
b23a
a074
ced9
0221
e12c
1336
aa2d
e6a7
2880
826b
f595
16c5
0641
7646
8532
93ed
a1df
c10d
8347
d817
0ec3
437f
6174
3277
4ce6
d012
cae9
1210
2c9a
4d63
7eab
d71e
a2c1
9e5d
8164
e2de
dc2a
4b6e
dc5f
117d
7c86
df3c
7911
5d8a
b1c7
ce79
f862
d3d9
93f0
6627
fff1
b7d4
bba6
bcc5
61d5
eead
2ed7
a64d
f008
11e1
27aa
ec6b
afa0
e317
8c66
3a5f
cbce
d572
e024
0788
d08d
e0be
3145
2594
cd8c
f638
2714
3f17
3c47
86c3
8837
9503
6b8b
b50c
f835
147e
53f3
e851
e517
8b18
0adc
53c8
46e9
1e20
8fdb
75ab
93c9
0d1f
e006
6d49
1cb6
102c
e1b3
2456
72b6
6205
a0b8
50eb
3e86
2b4e
6428
819e
1e84
64f1
87b9
58a8
7a3d
4152
f676
d3cf
0f36
f779
5128
6341
a597
2435
19a7
a67d
39d5
ae42
f45e
146f
2f02
2083
034f
747f
4a1f
25f7
5251
c2df
6665
ce05
7067
a1fe
6943
c765
9a1c
1848
af67
f65f
495b
2ee5
fc4d
e170
89d1
ca93
e766
9c07
f6cd
d37b
74e5
a1c3
c32d
7547
6b6f
77fa
59f5
be4a
9392
e307
e5af
c8d2
d1a7
82fb
c912
b17c
24dc
395c
e848
33cd
c8ad
fb09
c0a6
e41e
50d4
b335
95c6
a468
7253
141d
8107
0563
47db
c388
7b7f
0c7b
afd8
0205
7002
04f7
0e16
3b94
cb6a
6238
8a5d
bc8e
a746
b2ac
8d48
0d9d
367d
0669
8f03
16b0
6325
0372
0d5a
0e04
cc37
9028
6fc9
e38b
b918
ff15
13f7
2cea
3835
ef45
273b
e1a2
6d6e
44a4
5efc
fb87
a87f
4c64
ca5f
fc42
c308
9180
ebc2
0cf9
313d
4570
5378
4481
6212
04b5
442c
d23f
46d2
30b2
6f34
f64b
2bc5
f6f5
90e3
c66c
058f
296f
c162
cff0
4d95
dccc
a25a
256a
361d
78e6
386d
9e6d
7309
be78
f56a
e4fe
76b7
5d78
5685
381f
5c27
8ff8
a562
4fcf
129e
1d2a
6ea7
4621
ab6d
23a3
1e63
bcd3
6dcb
f01a
97d4
fae5
a115
1892
26af
5bc5
8eb3
9cd9
85f0
1343
4f0f
9123
fb57
334d
a58f
70e8
7682
0542
2036
a1c3
eafc
4292
53ff
c3b9
936b
4809
f58d
22ff
9eb1
047f
6fc5
95ea
cd95
46c9
691b
99dd
9a5e
0b94
877d
d2fc
4224
5e0f
f479
c562
dd33
e823
9fb1
acba
88b5
5df4
d814
d24c
f37d
292c
660f
dc13
79c7
ccf4
6247
e5a9
18a6
f4a9
2f71
38b0
80f1
592f
3e9f
31e8
5ed0
9d2a
0563
acdd
b07e
f8e6
e807
73aa
25c4
98bd
5260
c5d1
89c4
5cd0
f2a8
1464
b15a
12c0
e591
69b3
741e
66fb
f1ab
2600
ee1e
55d0
46d4
6f6b
1d63
5e1e
5d94
363d
c8d7
4dc3
5a13
c808
7e60
4479
a281
9dcc
cd35
dbe3
6d2c
5325
9998
f702
3200
c2c3
ee4a
a74b
50bf
2762
9302
463a
175a
5834
bf06
d795
0dce
57c9
e68e
4ef4
dcdd
838d
cf82
0d7e
7dc8
c53d
2a06
d771
82ef
25d5
9bd7
542d
79d3
e75c
120a
19e0
c920
d6a6
c647
8c7a
4f12
272d
47f4
3be2
b338
00c8
1627
512f
f49e
22a5
78e2
ea8a
8882
dc99
3257
bf47
44ec
ecfc
c7f3
c062
5931
ac63
8589
1715
f9eb
1077
62ee
8fc5
4271
5fca
8376
9ca4
db27
01bf
07c8
a925
72d9
31c9
b870
7e6a
0074
6872
c28b
ef54
177a
8f5c
e85c
cfe3
5b6d
d264
9680
d6f1
2465
cc00
885b
560a
c7c5
1590
9ab4
06cb
0a02
f92f
6b93
8b2b
1844
29b5
d31d
16c3
6879
73ed
f6a4
6d56
130b
b8a7
70e3
b88f
51c5
e104
201e
230b
efc8
dcc5
daad
7aaa
ffdd
625c
fdcd
5b0d
d5ba
cabe
1987
b5f2
b7a5
d958
72fd
18c1
0459
8261
1b17
cef3
8979
ffaf
1fb9
cfca
3810
5985
e6c4
e505
625b
6955
49ff
4bd3
1882
6340
894f
de3c
580a
1aa1
c101
5ef4
4bf4
3e5a
7f6f
d212
5d3a
b7b0
098e
b2ad
1884
2522
5ee3
8b6a
4e26
df08
b653
ed62
ee65
4df3
2442
65ca
d311
144a
ae28
d447
1d4a
65ad
f169
1697
ae55
42b8
5dda
890f
8f49
59f7
8234
fe9c
cf39
4663
fa51
1838
58dc
e2d3
c278
9329
a3f8
0d97
3a8f
687d
e6b1
ba10
83e5
412d
ba92
6d99
e3e8
0608
3fd1
b8ef
4dfb
eb48
c4aa
6a67
044d
7344
5c58
2a8e
ce73
5fd0
a89c
3596
7945
6829
74ce
4bcd
d310
fce9
4f47
d9eb
e65d
00ac
d80a
d43e
9c60
c484
e236
e362
39c5
bd11
7c75
4947
d5e3
9631
9769
612e
60ba
c288
8327
ca06
6d19
2a75
2d06
56fd
d197
ec21
d64c
6cd1
b452
111f
9929
5888
dd3d
c120
eab1
3501
23a7
1078
a008
7818
d404
8997
96d8
b6e1
52c8
0b85
a525
a3bf
3dda
9ad1
f800
0b49
b21b
d449
9f4b
86c6
c5d7
b00c
ab8c
0007
b35a
7150
903c
5282
8ed8
708e
0c22
9159
ec09
023e
4d16
dfb6
4034
5426
c2b1
d9d1
ecce
3eea
cd04
c764
d63d
943f
7663
c9ff
409a
3434
2c90
a064
7d40
4a57
4d7b
5824
23ea
14e8
af10
74a9
8bd8
6734
8be0
3d2a
6df2
f346
1683
7129
be6b
4c72
f456
eddb
f1e5
0a54
9002
166e
ed3c
8b59
c4f9
b4da
a2ca
465e
47e3
b94e
e4b6
f1c8
cb1c
e305
1200
109d
0ba7
d1ca
bd29
aba2
7abf
a2e0
5282
2338
4909
c0f4
3675
b522
1ed5
46c2
187b
6e6c
276b
b19d
5d36
c5b2
889c
0ca0
0aeb
dae6
b7e0
f54a
081f
7884
e240
38a2
74df
ee33
059e
fc8b
e1b3
552e
bee2
ee3c
e4c5
87d9
b928
1f6b
1fbf
1b37
dca5
268c
9fa1
6ad7
035f
b931
97e5
2c60
a1bc
0ebf
7551
8160
957f
e6aa
e6bf
09cf
76ce
c996
8c6c
f915
6041
9b97
2755
e6c1
606c
db6e
08d7
7128
e52d
4fc5
ed5f
d6a2
d49c
1419
6abf
2acc
ee72
2c46
87a5
ddd6
7f37
c073
421b
6ceb
aa17
0129
4d2b
7152
340d
089d
28b4
b4fb
5d0b
728f
9292
24fc
9e88
1495
bac6
129e
e922
7ac7
8eb5
21dd
1434
7510
3403
006d
132a
d63a
916f
d561
daf6
2720
63fe
f830
ee42
9aac
71f7
7f82
db50
584e
e439
2b0a
fdd7
29f2
4359
4520
06eb
2239
3eb9
65f2
3be3
6ece
1e3d
89cc
2158
55bf
fe53
0201
9664
a63c
f717
def1
7cdd
7e11
1cc8
e265
4de1
3942
5722
fe30
d66c
dc5b
00d7
5158
fb29
58dd
ba4f
ae08
ef74
1d94
fa71
e38b
09a2
8b45
27aa
320b
73df
3739
a32d
6c02
a8b9
8dd6
21b4
29d5
05f6
b2c6
50f6
8e40
ccc1
25da
2c76
725b
07e6
e0d7
ea6e
e65d
4288
aee6
b50d
5612
7ce5
1ca4
3bf9
0438
5783
fd64
0626
899e
9005
f42a
58fe
6cc4
3279
025e
caf1
6169
38d7
e58a
8c9d
30b5
fce3
1f47
ade6
a377
1e14
9b7e
cfbf
c562
c196
19e6
a052
2b83
73ff
c11f
afa2
f917
6dce
1f0b
3522
7543
e97c
268f
26ab
577d
483c
d745
95c4
0886
fd23
3762
d8b3
b492
811f
86e2
ec48
e197
5c14
57be
ad58
68ae
60c1
f595
aa89
c32b
5913
8875
bd24
63a9
0791
287b
a2aa
e69d
5168
0593
d1eb
bdd9
eb9e
fa23
aaf6
1f31
9964
ff1c
7cbb
58f4
1a0b
dba0
859e
d4b5
999b
53e4
bcb8
aa03
f7dd
866a
2a20
28bc
206e
64aa
aa66
11cc
d3a3
b201
31da
40ee
615d
206f
f1ac
2ff3
1caa
c501
4718
59ed
8778
dd6e
4b9e
0bc0
25e0
a2c4
747b
2b58
0c25
0308
2278
4300
8cab
9121
cde1
516f
1a4d
278b
aa26
742d
c8f0
7053
c845
04ee
74d6
cd5a
636f
5a0f
2793
9b93
df30
01a6
4dbb
fa47
b23e
a3c0
3acb
6c5c
109b
7758
e71a
a749
7e4c
bb6e
7a98
081e
5f06
df41
9fa3
1915
a724
3237
5340
6584
23e4
f8bf
cf37
7cc4
640e
877e
3955
2165
92f2
0607
06ef
94d7
01ac
5a21
0eda
e8e7
3211
0e75
f266
6836
e797
0574
2308
cdab
2480
db50
6873
ba45
e9a5
e14e
8dba
094e
9641
4edf
9a0f
5280
968e
042d
956b
3bcc
e5f3
56ef
9d9f
0122
f37b
9dcb
a26c
2b81
b3f0
19c2
43e0
53b7
0393
c91e
3548
b590
314a
8106
dbda
30d6
fb5f
f845
d63b
7627
24bf
e3bb
91b2
c6dd
dbcc
10ef
340a
8b47
349b
0376
19f8
cb09
6b3a
a241
2bdf
f145
32b2
f34e
f63e
35fe
474b
738a
7455
6637
efc9
690c
206c
c85f
7339
636d
bd09
3409
0185
15f4
6dec
7f30
ee4c
9878
f0fb
7f18
0566
73ed
b8d2
00a6
1198
1648
85f0
973f
33ec
9523
f0ba
bd23
3f77
57a3
2962
b7c2
e416
23e6
6480
720c
f580
795b
b37c
0dbd
f23c
e641
382d
8d0c
d8ac
843d
884d
a8c5
0910
5408
8939
00bc
4a6a
8059
ca2b
5b10
94ff
40a7
f440
2967
7a0b
0486
edcb
742a
468e
8dc5
1959
b342
5402
de9f
3441
30d9
aef9
0a0e
0202
4e11
6247
2ff3
7426
5991
db3f
c61e
c0d9
16db
7154
7ae3
5be3
ee1a
8b46
ce78
4d97
b092
5f04
0748
09b0
6e3c
893f
10f0
fd2f
7ffb
2448
4a03
e6b7
1f9f
7f9a
6bb2
8178
756d
d585
9e86
e4f3
a7c6
2457
34e6
3066
1008
83b8
e4a8
4c48
fd6c
6ad1
b0e5
b97f
93bd
3a2d
0815
aa74
879a
b56b
1111
0bb8
49ad
59e5
e8ef
d29c
c4dd
abac
d536
c0a3
c0c9
7ff0
a115
06b9
3257
bc03
a3ff
cb7a
5249
c075
38cb
0fe3
dca3
c9f0
246f
bbd1
5792
7384
3f0e
061b
c410
7ad9
e177
5075
ba46
8c14
bff9
33f6
9be8
e37f
a333
81b3
28b5
12db
f0e0
1557
1eba
cb27
d263
9136
47e3
042e
f30f
4e7a
1e68
46b7
38e8
9c2b
3b7b
d39b
1f6a
e793
7c1e
19e6
1bf8
9de9
2a9e
6a8b
917b
aa10
88ad
7d87
0ee4
4208
5d4e
4682
fe2d
6048
c20a
b1d8
0f51
beda
bbef
b02b
0a13
07e7
6032
bee7
1178
fb2c
1c16
3613
712d
1e05
9803
2064
0dea
26ff
8a55
4274
f0af
6bdc
a15a
79f0
3a21
c01a
fb4e
3ef5
9d93
f9af
5973
d975
eb15
abf1
8d8e
cea5
962f
25ba
70b6
fcb6
9ce5
ae15
106b
7a5c
26c5
36cc
0536
1905
bc6b
18fc
fc79
92d9
4907
3a46
8065
b121
cecf
57db
0022
f270
a66f
bf58
4f1d
21ab
79e5
50e0
0b6e
8364
af84
c574
a4f1
3579
3473
eeaf
bfd3
030f
fc9f
e8b9
2bb7
294e
d739
4df6
194a
e506
4e5b
d4e0
d604
d154
490e
89e4
853b
a256
964c
987f
0671
4858
d9ec
4b2d
ead6
a61b
4c8e
4d07
b74d
0aa3
175f
0a84
963c
5450
fed9
7ecf
6e1e
aad1
d62a
8a78
0eb0
6903
cd67
4175
2e6f
1b0f
d644
cd59
0e5a
f44d
3f89
69d8
6f04
6a07
e881
a766
3cb1
c362
ce97
a806
e944
19aa
ab41
680c
1c58
2a31
fac8
0399
2204
1a8b
c4b3
8381
bfa0
bd38
e8a7
fcfe
38b5
f8ec
47c3
d8ee
1566
3647
93b8
fab2
f21c
e011
1bce
2c32
bb01
c440
1a22
d11b
5c83
b9a4
2d01
c4ff
953b
9ed9
952d
0668
bce2
a737
8974
9c75
a5ce
177c
d489
38da
8439
f8b8
b623
1c12
28d3
6c7c
cccc
2eb5
174c
b989
aad1
0475
be11
b19b
de8f
5de2
be33
52ee
be14
2b4d
67af
8656
3771
6e2c
5c80
0eb8
ed92
3056
f08a
5baf
d092
c60b
0f07
3acc
b6cd
9fb7
8871
787d
0c56
f279
1027
d5df
81f6
7a8a
2015
8a26
54c3
cd2b
2e7d
b54a
9039
033c
9203
9812
9e46
a37d
9591
7d18
23ff
194b
2fc8
54bd
77d1
9ec9
ea67
77bf
510c
388c
929c
7378
8a8d
de4d
ff6a
abe4
9fd9
f80e
9721
4d63
2d46
62c3
160e
8557
28a5
4568
250b
e1d9
4502
44e5
487a
2d89
a412
f00e
15b9
89ac
a1c7
0a29
e65d
125f
fa51
63dc
779d
fb88
ce5f
9b30
d55f
9cce
5a06
1b3b
4b03
eb63
8a74
dc60
1f95
6f80
4453
7b3e
83ad
60b4
5c06
daba
05b6
e726
4abc
653c
a99a
b593
d18e
7271
1054
3de4
234d
c90a
96d7
4c6b
20c5
2d9b
a09c
fc44
eef0
08bd
ada5
5328
3a1e
6ea9
672c
5583
a87e
2746
40a2
9461
6774
0594
f8f0
e85e
cbaf
db7f
c414
a320
3b47
3607
2364
e63a
d8ce
3226
9a9e
3218
63b1
118d
45f4
2fab
736a
6293
dfc0
8bc5
c2e2
ab6e
b89a
cd97
274c
ef2e
dba7
70cc
70f8
7f47
475b
3acd
8f4a
9137
aac7
aedb
188d
656e
8296
dbe8
3b32
305c
80b9
c63a
58b6
a2ed
0a61
eb95
ba2d
ab88
0101
92d5
276c
b27c
198e
3fac
b380
fcaf
f316
b74c
de53
6abc
48db
e7bb
11c2
cea0
71ef
0a3e
da1f
bc0f
589e
bf4d
e3ec
625e
170a
fb69
f543
5922
816e
151d
31c4
e967
c11f
0ac0
7085
a731
a4bb
7f4f
27a2
ad77
4967
ab4f
db9c
51c9
3eeb
fecf
c8fe
e3d4
e6e0
0df4
4f45
9b4f
7c26
fd5a
2893
649d
69ac
b8af
0aef
24f8
1a9d
6fba
e9b1
edcc
9e2c
1f11
647b
4c81
90f0
417e
d8d0
a66a
79e1
ed01
09c1
a5df
633e
34bc
327c
dbf2
9cb2
248c
ef31
1ee3
5700
9998
0a7e
e805
80f5
b04d
defb
2486
08e9
e8bd
715c
77b9
8f0f
58c6
1ffe
57a3
7e5f
c64c
e7c3
0bae
492f
3b07
d182
aafe
fefa
e092
e7c2
6292
ee9c
acb8
ebc9
ecb9
1d68
fec5
7acb
3886
f7cc
94d6
e3a2
07ce
9d57
0152
9d57
c057
82c0
7a4d
9438
fd72
519c
c72a
b570
d7e0
c46a
a773
0763
9f9f
521e
5869
e2e5
a12b
03de
5f9b
b291
416c
5472
46ee
ea6c
14e1
631f
beca
a866
52da
2a20
2656
5406
9bff
aa87
9ec0
0607
e97e
176c
4388
1ace
7744
46df
a86d
f3aa
0493
2a14
41f8
0399
45cb
6039
7447
1da3
195b
1d84
1b7c
3fb8
1cbf
fb3a
b70a
08a7
2459
e260
a0cf
3e4d
72b9
2230
da60
3ef2
505e
d417
8b1b
6fc9
8358
a71f
d7f6
5244
59ad
7498
35f5
9e42
a75c
c606
0270
eefb
9135
2952
22fa
a0ca
bab2
f2ea
4336
42d2
4a93
38c6
89e4
7034
ba2e
0ee2
a6d1
1826
dc7f
f0af
563d
9583
abde
10cd
8fe1
fba0
992b
0201
a219
b506
1721
5a24
17a9
15dc
846f
8f02
eeda
8cc1
4d67
fe83
90c9
77d2
49ad
1443
8b76
e4bf
c40e
67c6
c854
8362
0bc3
89f4
5178
2397
a218
a35a
2c66
708b
e7d3
5798
cf29
a041
172d
6197
eb8d
06e7
5ce7
9e01
8530
320b
ddf4
ace2
978b
45e3
108d
089e
d860
f897
40be
41aa
c2e3
9551
9714
a61c
a7df
9ed0
c69d
d4b3
b496
3bf6
04b8
935b
89f8
1875
32dc
c3ef
6a22
2eb6
f39f
1865
a024
cd4b
64b2
0aeb
1e85
cb49
78ad
add9
12aa
af69
a036
3b92
40ba
466e
1028
0369
8aad
9856
529a
7643
4303
7ee9
263e
cd83
124d
9c74
b052
975b
15a6
cbee
e1aa
9af2
5b07
8bc3
3187
2e36
7092
a4c0
2891
c4ad
a84d
0d51
8ad8
1a67
3531
c5c6
bb70
0d28
96ec
c565
8e6b
b4a1
e9dd
c06a
71c3
85f2
a07a
3b7b
5678
60b7
2c47
e45f
1574
6f3f
db9a
66c9
bf9c
b1e1
7cc4
c8a8
e7cb
77a9
b82d
e162
c40e
68b5
8685
0d37
bb98
dd5a
0c74
4a36
76af
4b2e
ef72
1e4d
6987
e16c
998c
848a
5144
6960
f41b
e384
b60b
9cf0
c0c4
efca
0baa
d9bd
60c2
6cdb
8287
80c5
f3de
8e4c
dd63
5ffe
8d68
7567
e5e3
587d
f901
12ba
8c98
ced8
a39a
3055
fa34
879c
722d
c71a
ba18
5c68
2472
26d2
000f
7843
beae
86b4
2c41
7cc6
91da
2f9b
a7ec
732c
52cb
fb44
532b
db6a
5844
c527
6d9b
8489
a760
8b35
7c5e
8c10
ac0c
83b1
d7f1
9fad
6560
1d73
f294
dc42
82fc
6c62
9dbb
d95b
272e
defc
4175
b422
aa91
9e73
cc79
3414
dd75
554f
983a
ed2f
c5d6
ceb0
aa76
d3c0
5f22
1322
a0f2
f67d
bd23
5fa8
815a
e36b
8e03
40c6
2be6
5bdf
c317
c96f
d3fd
706f
c35a
14db
2ea0
73bb
7ccb
a2cb
2ad4
c976
9a1c
432f
27d0
fba6
81b0
257f
106c
98b8
f2da
2ac9
5142
cd40
47e0
7c47
7b99
5c8a
8da4
29fd
d960
1ced
f04b
728f
3b10
5f1d
4872
9b5c
09ec
dec7
d748
6613
b551
9c42
e8cf
3fd5
8a41
24d7
2673
a4ca
dce4
3711
25b4
8559
6297
0d7f
38dd
05db
f8c3
970b
2c93
3f9d
2d02
e119
28cf
95b7
7562
dfed
9611
6a0a
7767
b3b4
8676
790a
f94c
91ed
c827
c286
e47a
6609
f6ab
0095
143b
785f
bdd3
9ba2
2f83
ecc1
a6b4
9ebd
a01e
8fca
4ea6
5072
c93d
7137
e8b1
58c3
4e20
25f6
8653
6973
b3b7
8b25
53b4
1914
a66f
56ce
699d
dd21
1334
9351
596c
d973
9667
32a0
967b
9971
7d54
3123
bb2c
e72b
c61f
3681
aa9d
7fe3
3d5f
7c8c
e437
6c05
e9cf
df74
4449
271c
e935
6e09
5bd9
43ec
1597
084b
77e0
4921
2d0f
2817
c534
ada8
bc07
0391
829a
137d
e916
d19a
3469
569d
d308
71ec
15a5
8677
a28a
091b
9ee1
2753
1b40
e413
963d
8e26
574d
a6b2
5c03
205e
f9fb
50cb
2d33
1e90
2a69
1cc3
12c7
46f0
f849
47d8
d83d
3c60
9dd9
1082
2fa8
730f
141e
84d9
17ab
56d1
9770
cfb9
80bb
ea0c
726c
9a0e
765a
e002
5a5f
67e7
8755
1895
10dd
17db
a310
1833
2555
2877
8704
3638
5fa2
b7f2
21fe
4e69
6f06
f39e
8e3b
aa64
f057
1fa9
7057
086b
63e3
f422
2cd3
5970
a429
1ac5
83a3
2b1b
57a6
05c1
e050
4816
40a3
271e
9f7a
5c3d
7847
db7e
56a4
df51
4215
8250
eae3
4620
bb27
5c4f
255e
060c
e363
6026
1b87
3e2a
e602
d10d
3ce8
be1d
4ed0
d088
c0a6
63fa
1533
b9fa
5203
415b
c42e
dadc
fc85
fd16
c013
de10
cd0f
d2d9
d515
f6f7
261b
22b9
42ce
99a3
0a89
9ff6
6e3d
a9c2
bada
91ef
d165
fe56
6b0b
dc21
e9c1
b0a1
b577
aa4c
a544
435d
262c
36c2
655b
dce4
1fb9
9970
52c0
42c0
9323
f8d4
9ce1
9816
ad56
edc9
256d
4ba1
043a
e3ce
1743
e91c
b42a
ba77
8e1d
50ce
2397
c28b
ae1b
3180
8542
3aca
3567
c808
56da
5572
4525
5d0a
29fd
19d3
2ca6
ee90
756f
9c86
f9e8
040c
209f
86fb
2b14
21ab
8013
5b48
7afc
d036
5490
fd0b
ee55
2aa5
0db5
39e8
8a0b
797c
b98b
1a29
b7d7
64f1
a8f0
0d58
dbb2
7919
dabd
4af2
feb7
4b1a
17c8
30e9
c288
74e5
3f01
a0c3
bfc1
4c0b
c191
5353
d5ae
dfbd
26a6
776b
ec0b
e0c5
2312
48f7
182f
442a
1f61
369d
3542
0aa7
1a48
7d4f
dfa9
b545
6458
ee10
03ea
0475
7bfe
9972
0f5f
c1df
5a24
3a05
2545
ab49
2250
e4cb
8a1c
ca52
061c
e4d3
a15d
9058
4074
0898
05a9
3624
3c63
0e78
b085
a4f8
b40a
a758
81fb
0d14
62d3
7d46
533f
3719
d04d
5638
2120
e5ca
2891
880e
1640
bc58
7bc2
ce34
5555
1708
ae62
f2d0
9b64
b43c
3aa0
2aea
67ac
d47d
0d38
3835
9813
13df
6279
a900
90a2
6633
d81b
2b5f
265c
e00f
6afb
bfd1
f26c
e9e7
3edb
81db
2daa
556f
504d
f562
2e62
0974
995d
62db
124b
104b
970b
bcd3
3d52
6727
b078
98c0
9593
d93d
2e14
a369
99c1
bfd0
191c
9083
f789
6aea
9808
d191
1a63
9924
2342
d299
4b9a
97b9
5bd9
bc06
1ecd
15e3
23d3
dc0c
83f4
2d74
5b69
761c
3815
f299
9358
6ee8
2ee4
a0e3
4518
5f65
ecbd
0ad1
a36e
3ee6
38d8
a1e4
ccdb
4fbd
f56d
cb8a
85ef
0493
cb41
1835
aef5
6753
45e6
9a51
fb88
b20e
8e3b
25b4
c3fb
fbda
fb5c
9eb9
c1d2
ae91
9c8b
8048
9c8d
b5a9
1b61
d4c9
60fa
8e76
a136
377d
f597
7184
76e8
925e
75b8
daf0
ed79
ea0c
61db
5f43
87d7
fb50
b8c8
74fd
2ea2
b82a
66f1
08a8
5986
49a6
ad7c
b5b3
3108
1ea1
a324
4ac6
6c02
3889
89d8
4ac7
4fc4
0677
db98
fd9e
4891
fe9f
8709
2efd
7267
ae66
8b3b
33d8
a46b
3647
66d6
92aa
631e
9c45
9c9b
91ac
b696
16f8
d499
b197
c827
81a9
51bd
452d
6388
73b2
3e26
3c73
9bc8
12a2
53cc
821e
67ed
8062
5844
7345
c298
ecb3
f375
b800
e774
334a
39d8
3fc8
b38b
91f4
a6a7
8369
bebe
0954
3e3c
33ea
ff01
a4f3
bd86
350e
2661
8c9f
e6bc
c9e8
9148
accd
b96a
521f
594f
fcec
9be0
1d6c
67b9
0b72
330a
0a1c
5994
c1f8
49aa
3aff
9696
2556
329c
40cc
f6ab
3580
54f8
f0f8
d1a8
3a80
10a0
65b4
d265
905b
5ffa
e539
d114
5e0a
2f6a
8b2e
041d
e0dc
8bd4
f475
79e2
1550
3f64
b387
eceb
0395
00bd
ac8d
8530
2d8a
f0a0
2f55
eb3d
67f6
8a8f
1a15
446f
0e05
b307
6269
b29c
71f1
ea06
283a
487d
1035
992c
34ce
2361
fca0
87b8
b9b6
9581
85d5
8153
572a
6edc
d51c
04ab
ba31
e93b
b1ec
0e4d
2054
53e2
0970
e442
6fb1
ba5e
8996
d424
3fdc
a878
3841
f7db
e5be
e8bb
b422
1319
ba7d
f4fc
9b2c
e39c
504e
bfc1
8e5d
469b
a6a7
7ff2
7220
d397
518f
dda1
59fc
2bff
130f
2429
fed2
e43b
b777
a5ea
c7f8
68be
3655
61a3
7502
6d37
22fe
52e1
566a
2915
73b1
e862
7dd4
13ab
0231
ced0
8a7c
0f5a
7e7a
f163
2db1
7ec9
b204
7df4
780f
679a
f23a
7edc
f41e
b7c1
a580
3493
02a2
85ab
4ecc
f367
b9a7
e718
b64e
000a
eba6
1e72
bc8d
e6ca
4040
1315
6fde
722e
db9e
7536
40ec
c514
6341
047b
bb6b
a879
d8d6
c173
c582
7588
1dc9
97ab
96d7
9e23
e8d2
aa01
347a
8d7a
3d71
316d
817a
c003
16d3
4898
86f4
ef41
0ed7
7e18
fabd
410a
3d46
bd4a
5cb0
4592
949c
6f6e
ff11
44e7
fe86
c43d
dafb
4deb
c0da
9edf
4504
e23d
d388
4833
9d83
5d4e
08a4
b113
e877
4cc1
e602
7a54
eaf3
29df
95ea
cd68
4d0d
cb46
bb5b
95ba
e7d6
3361
6f8a
1a66
7f31
55ba
9be0
dcdd
0c59
9afc
af58
6f4b
23f1
c206
8e11
a71e
6e4a
5a0a
c074
4bb8
e356
5c1c
9aa6
077a
c8f6
b055
8897
54a9
3634
1fdf
6e64
a10c
38f1
63b9
0697
20f5
cf19
2e09
31a2
a511
b052
3624
56fa
9d01
df5a
281f
1158
0fbc
8135
5725
209a
861d
85ea
9f01
672c
bdd1
f953
5b2f
971a
791e
668e
2658
06ca
f6d8
9410
8f27
f1d5
df07
be5a
4af2
ead7
46aa
00bd
e83c
5965
6798
572e
0f46
9ede
c89f
a97f
1059
1d4c
ec6c
5d59
5041
a298
85d1
c9ef
82df
a71b
3d2f
841e
f177
22ff
117d
144c
2333
7f64
b9f8
9445
f41d
2079
bdb3
988c
d934
d626
61a8
563c
1250
97e0
a2f6
27ba
71c8
7066
eaba
f4aa
b04e
267d
fb28
b5fa
b2e5
ff39
63eb
c742
e3ab
fe09
55d0
712a
83d9
35bd
1e89
59e2
9d22
1740
6230
9194
bf84
9d22
1de6
4592
41f0
6f5c
d59a
216d
ede1
082f
d148
9e33
6992
4118
1c8f
6ccb
3a01
e561
6455
e804
81ed
96f5
0359
5930
a37b
dc1e
e28d
53ae
cf21
a03c
b0e0
25df
5477
224f
8305
eda0
11c9
a2da
7041
0753
c33e
2870
f680
fd2a
2648
1b88
2101
461a
3625
4faa
b480
4ac7
ac1b
07b7
2e6a
a038
57b1
3372
5ca4
9111
13bb
d56b
6798
a181
8aad
32db
b9e4
4afc
b0ce
72f6
cf4d
830e
8419
6d6f
496f
80b1
d859
0e50
f08b
5855
73e1
7016
0724
5135
4b76
c19c
4dee
2988
5496
757c
c7af
d3f5
3ee4
1d3d
ff2d
427e
9764
c983
60df
2996
81d0
82f9
819f
a89e
2001
52f2
9b37
eb93
4c58
2484
4aa4
31f4
149c
f832
e06a
e739
b2a5
bf0e
00b3
89be
27aa
0a6e
9ebe
82bf
5978
79f0
a777
39b7
8116
6151
6bd7
28a8
3609
0995
f8fa
ab49
5b28
2e62
a66e
656c
2c1a
37f3
9c25
a1bf
7eeb
eccb
3424
0a55
e993
e823
b3c6
6903
c3c0
8990
61dd
9a68
9fdc
401a
0f82
a635
22e6
a428
9e80
3995
08f8
b7fb
92ce
26c8
95a5
a8d4
71d4
a2b0
4343
9550
1735
17eb
70f1
09b4
12cc
cbce
2d36
bf39
1d37
6698
82c7
a493
22da
337d
ebcc
04f2
0143
0418
66a3
f324
b0aa
0dbf
7c58
5f6b
7b4c
da8e
2c8f
c4ca
1363
2285
6850
8fc1
de8c
342e
5897
8666
b394
0117
54ea
9bef
318c
d802
b830
a258
010e
9881
9638
1371
078c
fecb
2a16
388d
887d
5bc1
9faa
0174
ac1e
6785
9ef0
d2f5
e03d
bc2a
10dc
2251
21e7
14db
51be
be2c
1ace
dc5a
af52
31c1
fe8e
1eec
6a9f
3465
1b43
1638
d407
9a4b
aa3a
e7e5
475f
7ce4
4a9d
afda
0ccf
082c
82ed
ce43
a509
0115
3ba6
d0d5
6987
4ebc
00e3
1ef9
2301
2a46
a972
50ec
1a73
a934
16d8
5165
9c11
7de1
5478
f48c
ebd3
e3e6
21e3
7cc5
b2d2
6e2c
bf07
57eb
bea9
0c05
4953
2ef2
b26f
9067
c2af
537a
8e33
da80
e061
a665
99c8
cad6
68bd
7e48
a337
ee2c
2c3f
3bf2
a47d
9aaa
9bcb
de62
b285
c071
523e
d300
542b
f3b7
5b6a
64cb
c363
742f
defa
5137
2a8d
39b6
aa19
a370
be0b
3836
6c1c
a041
1651
5715
3e8a
5649
e133
0fcd
3423
32b2
4fdc
4e1e
e599
3beb
1666
c667
9391
35da
2e5a
0b04
83db
d1ff
ce47
183e
f8bb
4ffc
21db
f4e8
3be7
fdfc
34da
c3df
549b
58b6
b2f5
b061
7b03
948a
a5c3
ce03
0afb
e6af
8202
6be1
3a3a
4694
6c8d
a509
41b3
01c2
1493
98b3
305c
bc90
086a
94a5
4e15
ed8e
a3f3
4b4f
5d91
afcc
2338
7c96
a11b
f0d0
32e6
e95e
599c
afe1
de41
4076
e9f1
d5b2
fa30
c83a
caf1
80d0
95a6
e258
031b
9f36
66a2
5311
8890
6dd1
a6e3
a358
b4a7
0003
4c72
4fb6
ba98
369c
839b
8e6b
4874
1f6d
9b94
4da6
1e79
e88b
0392
b9b0
f36d
fa07
3c56
a791
49a7
be6a
3813
6451
85b6
3a2f
c753
2d74
0aef
e7ec
973a
7200
77a7
078e
0ca3
4823
3c2c
eeb0
ef43
0e36
d1d1
98ba
9d17
ccc4
8f43
b644
8147
9929
b58c
da4d
41f3
86e6
0f3f
066e
bb26
4037
0b1c
1782
21f6
78cd
9f41
8100
2b7a
fcf9
3583
840e
b6d5
4319
5920
3d14
8a4a
a6e2
e1d6
e2e3
2c74
5044
5a1c
2b64
c0bc
1e11
be01
c685
6826
0caa
c624
6d18
9723
1c8a
b19e
d1e4
026c
af0e
8ace
fd27
53d1
4601
9913
b061
42ee
5e62
a842
31e9
808c
1a5f
8231
48a3
96e9
72a6
34cc
f907
f098
74db
26ce
a2c2
facf
6de3
d6f7
d9f7
7b7b
c597
8621
9a4f
2772
73af
f680
d7b4
7b56
43dc
29a9
e009
6eb4
6232
be54
23a4
afb7
23de
5172
078d
d5b8
1a7e
bbef
6e30
c699
8218
7420
501d
3dcf
3260
4efa
704d
bfd6
ed70
008e
c0aa
3363
efc1
0250
0bd3
29d9
fb3a
96c8
dec8
def0
cf0f
8da9
c42c
0e3e
4879
3330
a3f2
2b4a
afc1
9f0e
3965
798f
38fe
d4bd
dd0b
3746
c9de
04a9
60ca
10fa
4e3b
776e
2aec
10a8
d106
45c4
95cd
becb
bed7
8e7e
7b66
ad51
d516
bb13
a953
bf6d
223f
e484
6222
744d
74ef
a7ac
0df7
e55c
fa4c
e865
bc83
3239
68bf
e997
db52
511e
cfc4
3c17
3252
a366
faa2
a67b
5a12
166e
4f73
77bd
966e
5ae7
d27e
13a5
bd88
5e96
bfb0
2058
3764
dd53
9659
b400
74b7
e516
a3a3
918e
9fbf
f3f7
73e7
90d7
cd26
44a5
808c
4cad
0d12
9e15
2bf6
b9b9
855e
8e63
a192
12af
b882
339d
e27c
9b9a
f9a1
424a
3704
b8e3
9933
0913
80c9
0fd5
d7c0
4a3c
846a
293a
3f17
3e43
efd1
0d96
8e0b
db9a
a916
c5dc
d320
2aa4
8a46
bae9
599d
8fa1
3f1e
6c66
4808
c6d9
887d
de3e
3ca5
8ee1
10f5
d485
a098
989c
0d8b
a6d2
bd8f
772a
1754
5ca1
4526
a43b
ad27
611a
d366
a78e
a2d4
352f
29c6
db47
3df0
519c
150f
28ea
f76d
2647
81a6
ec29
3f82
43da
db7b
1698
c737
0f9e
65ea
4631
df91
387d
f082
6d1b
b954
062e
fd44
933d
fae8
8d87
a6cf
0cf7
816e
df0e
6d03
ae7d
4884
d8b9
3795
6b91
d4a5
7e04
7f3f
f669
c01e
e4b7
8f09
de84
0d85
3673
3df7
79b3
c936
df5d
07f0
0a2e
e6df
71ef
2b3d
26ea
c079
0680
ec29
7c81
4672
6ff1
504c
c5d7
26b8
6960
adea
293b
d40c
6cc4
ebae
ed27
b038
2796
2f93
e7a2
5269
c1b5
33b7
bd8e
7f1f
c294
95e4
3328
f69c
79dd
1c05
b537
6049
a528
8cf6
659b
4926
1ddb
3be6
f24e
4ce1
7a33
49e8
0f68
361b
1215
6aae
3285
1fbb
5c94
6b0b
812a
1e95
f120
21b2
db70
3e87
5c3f
70ba
9a0f
2437
3e55
027b
a5d9
7d7e
afbd
5a43
0be9
e716
8fb8
7bae
827e
fa4a
2684
a309
a026
99d9
e9b0
3227
68a5
7338
84c5
f039
eefc
4e3c
e5a6
0bf7
aa89
564c
759c
2761
004b
88e6
dac0
1c07
385d
26bf
9b82
372c
9080
6a23
eb53
067e
b16e
24ee
b61a
7621
1e74
7d14
1e5d
38ef
a784
7f09
e259
6623
3106
ae3e
27ed
2244
5b20
2412
3b50
da88
4df5
f61a
b006
746b
1987
578c
ba64
3caa
fdef
213a
dd64
76cf
b85b
cd8b
bee7
e1be
0274
0150
94db
9188
562d
0e50
e4ed
e53d
b393
bd27
d553
089e
8c40
e503
400a
cdd8
0c6f
81d8
a4a7
8ff0
7d3f
5b7b
9ac2
de0b
9959
95fc
d9cc
285b
c428
6f65
f649
1829
251a
a3c5
3b98
b2ad
858c
86eb
7cb8
fe02
42f9
6a6d
cbb4
b8bd
6ce0
1c71
a3bf
be99
458a
48ae
2f6d
71dd
7e8d
70bb
9b25
36ac
2383
893a
f49d
8d9b
342c
8c70
0f35
d980
b7b9
689a
c135
d0c8
2fea
26aa
ea4f
c011
37da
5e93
f08f
4d84
f70b
d360
7806
d0ef
fbe6
345d
6558
814e
f082
b102
8566
92df
36f2
e111
a5e4
e844
2322
051d
ca92
6374
9b87
d449
5e44
76ff
66d3
985f
dc52
ed7f
9a7a
2a30
ebec
febb
bfd3
5ed5
daa3
d027
c098
6a34
8b06
0c7c
3feb
88f7
40dc
7ac4
77f3
2647
b91a
f904
bf35
5748
fa90
980f
6d32
a6e5
b53e
77a2
694b
6ecb
d2c1
093e
9c9d
412e
048d
3d7f
bfa3
32ca
b760
821e
cafe
3d7c
2f4f
2ffe
d668
2adf
f02c
825f
95de
7aa9
74f2
431e
debf
05db
8b03
e847
3b31
29cd
9cf6
e6c9
c7a0
837a
4c35
8fff
6454
d780
3a78
98cf
e757
45db
1c97
7fe5
5b15
ff78
7926
aac2
2a8e
ef0c
90b5
5b43
d4cf
dbb8
1032
86a3
72b6
4e75
e578
9648
599d
1015
8765
0068
1ab2
9695
aab8
3afd
6a01
2916
e67c
2bcf
99b5
d270
8248
0483
7322
9477
0a31
8ddd
1986
47ca
3ec8
a4d2
9f9c
1aee
0682
21ab
8ab1
89f9
de40
6f0d
05fc
6521
1523
9bf9
363d
126b
599c
ec8b
76bb
391d
6ea1
2eb1
2e22
30ca
ad73
e106
96df
57aa
7727
08ae
f078
c131
20c4
f33f
e2f9
008c
fef9
ca79
b2bd
8456
e111
f397
f116
4782
715e
2729
bf54
0716
e7f8
c3ce
dca3
e881
5c78
7923
0b9c
8feb
be0b
c01a
cf67
4825
bd64
9c26
68cf
6f2e
026d
c245
2bb9
1c82
db80
8bde
fcf4
a9e8
46d9
378e
6757
6e7d
957d
9cc8
b09a
359b
384a
1c36
92eb
4e50
93b1
6b5f
0a19
8e2c
0257
6f9f
8b21
61e5
68d4
03b7
2256
4edf
4479
ec50
1c28
07fa
7a56
f55b
ec12
6202
4124
ab05
675c
b681
0e8e
32a1
d0f3
0608
5245
b431
d02d
0014
dbd9
a9df
9878
2923
8e38
1cd3
11cf
bcdf
f613
d039
4d58
e969
9124
0c57
be07
2776
6494
d9ab
3e4f
48bc
62d4
f564
f95c
b98a
51ec
2f40
8c68
09e1
8c83
62fb
1bd8
59cd
c56c
4cde
26df
2d00
995b
98a6
dc8c
668f
ab2d
2a60
c846
d0b7
92b9
cb42
3e91
ace6
976b
ddd2
0478
417c
5524
f946
3033
9a50
5740
cbc3
7b08
784c
a3da
e3a1
84f1
ae1c
8eda
d101
0960
8c3d
890c
2c81
5657
ea63
2fb7
5fc0
4aa1
2d4c
2fab
241e
3324
e66a
ff24
fdd6
0c88
c912
2d6c
6b55
f43f
8cf2
982e
51ea
745a
20fe
6a14
5dc7
6882
327d
8056
b630
654e
9d22
875c
2735
0cc5
ae85
0f9d
586d
bbf9
63f6
c3e3
efe9
2aca
6711
7970
bc59
7b51
8d20
3133
d29f
0fb1
1445
195b
bb31
711b
4c39
3bc0
3893
20e7
4269
f047
ab85
07f7
a9fe
d227
ad67
9b1b
c143
96d4
a099
a0cb
dcbc
273f
0f4f
6bfb
2be1
c5b9
9afb
4a8d
fd0a
001e
3908
c9bf
efd6
7745
a816
27b4
282d
3316
c289
0e71
933e
3b72
6931
67cd
fcb2
7bd2
ea66
1549
fd52
276d
6d81
170c
390b
8f02
cd02
28af
0208
daae
df62
f5b7
cc5f
3038
7234
b37f
c462
9939
c63f
b908
c394
0390
bed6
c473
c9e2
4806
3840
e446
aa60
3370
25ed
7806
4ddc
0093
2221
303d
b710
95d8
b0f7
c990
b5c7
d3a4
b387
7be8
31a1
3f9f
5134
823b
dd28
28a8
b0c4
c791
709c
063f
1aab
5cb4
1147
6b16
7ce7
2c33
d533
4e79
9080
9001
eb75
8b89
c56b
8ea7
c0b9
5393
2597
bbbd
c608
64fb
7e40
7ad6
6138
ad90
6d70
4615
9475
3677
196d
e5fa
fe92
e997
bfad
482f
20b8
7db4
8275
71b6
4c13
85a6
983a
f264
6c48
21e0
88ff
6c37
d02e
268e
91ff
b2db
9c61
dd21
aa4e
7b0c
783e
af81
2c22
c2f1
fe46
4303
c398
d18a
1092
a62f
adc7
38d8
f9d0
dcc5
aac7
7563
797e
225b
3792
bafd
3a07
b542
80e0
8699
cbfd
0dc3
8ef2
f436
4679
c93c
1b86
0cc7
3fdb
b919
b736
cc75
2f27
016b
af66
c70a
7587
2845
8138
3ca2
5d28
8dee
0f70
372a
f157
1dfa
3a19
0ba4
e284
f225
2efa
6e6a
641a
b388
890b
30b5
183c
791e
8d09
dc9b
4b6c
b3e1
2d62
bd41
a0be
dc65
49ad
d81d
9653
a4f6
b6af
f4b5
495d
abd9
ae02
aa7b
37b1
3a9f
20fd
1eb4
2167
e448
a17c
5dfd
b34a
9ae1
d6b2
1031
3eb5
8de0
ca3c
dadd
495a
43b6
fd54
6197
fe34
62ea
d5c0
ce23
2ef4
8ef2
d33d
4aad
322a
d052
30d8
0548
611a
ed38
9bcc
f624
add3
b01f
4264
8673
4465
5af2
f1f9
54a8
01cf
9378
d175
4efc
417f
5e68
e15c
e6e7
fd0f
1804
7d9f
999a
100d
d8bf
8d3c
6aed
0fbd
20d9
0d1b
6840
31b8
9e2c
61d2
20b2
68cd
b63c
cff9
848e
854d
5cd8
4f34
2a81
2a67
5168
3dce
a52c
8985
ede4
cb8f
0670
c9d6
9d72
23b7
97a1
f44a
b97b
bef2
18d5
71dd
0cca
f4db
183f
e3c0
f18c
bd9d
86b3
840b
d534
e486
c296
bab3
fde6
c415
c7b1
50cb
ff92
19ee
98ca
0649
2b8c
9490
4931
c557
30d7
2be3
97ef
84e8
0353
ad60
ad5d
5f58
2d7a
a426
4a75
e808
a2ce
8808
1fb4
d0ba
7a4e
ac33
95ff
5c68
fd3b
d28c
1636
0239
a7f3
9a04
b171
9d74
17d5
499a
8166
ecf8
ae35
b042
ccf2
1ae3
6692
4761
5572
e7af
cd71
b609
46d1
0966
04ae
5d21
238e
d92d
9043
2000
e13e
3c8c
3011
e10c
32d1
57ed
597d
7b1d
7c49
ea39
7c91
ddf7
f583
ae66
f062
1299
411d
d730
cb92
0980
db79
f13e
f51c
6b5c
0a78
a3b0
9676
63d8
a4c5
1910
cbaa
9d12
e545
04f8
390d
23c2
2aba
8e37
ebfe
fcb3
37ed
4a60
a4de
cd2c
abd5
704c
1c03
806e
4fb2
d5dc
9045
d6d9
e579
dd56
dada
e6e3
f1c2
874b
4ab8
e657
26db
13f6
c6b6
2584
f13e
df92
4ed6
3e07
be1d
1dd0
3953
4232
38c8
a093
9de6
e443
aca8
c2d0
fedf
737d
608e
eacd
f89a
4839
8c04
29f5
1175
d64e
0639
d558
b1b9
56ca
d4d4
4853
e98c
aaa6
9061
0486
77a6
239b
9358
4d48
0f60
dcca
c1fb
2b3c
20cc
0891
aa61
c480
c918
3eb9
662f
ec73
57f5
0084
705e
e0ee
b098
a04f
5110
3b57
83a3
9b85
5a12
5606
555e
4a73
23bb
90d7
509a
3090
d31a
8351
ac16
0cf3
2e4e
2fc9
2327
9200
ae0f
0975
c215
7c1a
d7a7
b23f
6536
e384
3f43
b2ba
e548
aa9d
1894
dfc4
c33d
0e13
21b3
dc71
fc6d
e88b
5526
e25a
b75c
8907
1e11
f89b
32a2
cac2
761f
f257
3331
15f6
fe1e
383a
685e
ee9d
f446
8b20
68cc
7526
ee62
f720
1539
aa19
4fbe
404b
a5b4
9cd0
f636
550d
6d30
b1e2
839e
62d2
af0b
d6eb
08aa
b1f1
5f2a
d391
544f
04b5
ca22
1dd9
3a62
3206
fb9e
6d3e
3c00
727d
70c6
eb95
1419
be1d
53d2
2518
3b60
aee2
245f
fff0
11c7
2539
ba55
df70
1a48
96e6
3f03
cbce
9cad
6d28
6992
480b
b3ae
52a8
cbcf
8a80
980e
c46d
e8a6
ca15
0c5a
424c
56d1
776a
8fca
4753
9c13
cd5b
77ee
f425
1951
cafc
8a96
a4ca
9da0
85d2
d5ce
9e07
4646
f30c
f183
5863
1c65
c3c3
66f0
7141
7b22
4a41
e20b
1f4d
ab7c
f135
051e
44d5
b210
8710
ffc8
71da
0447
903d
00f0
017e
4ca1
784a
8b78
7123
a98a
b8a6
6faa
093e
39b4
49de
d0d2
61a8
d20e
3666
0a54
521c
bd4b
a0b0
1580
72c5
4bf0
498e
666d
6230
394d
6cdb
7020
7136
7ce2
ad71
6dc7
84d4
664b
2a22
488b
4f6a
3dec
6dad
24be
ff2b
536e
abf9
6659
a9c5
42c3
465e
293d
84cd
ac68
ce00
c213
9780
24e5
7a86
8777
ebce
4efe
a172
3e85
d35f
cd65
19b1
3b4b
103d
dd0a
26b9
bf57
d6c2
1966
6821
4a03
ae20
2cdb
4a39
28b7
38c9
220c
dd67
8f13
c075
66bb
6eb2
d9a6
f795
baf1
3a8a
5117
d038
563d
e04a
ab3a
ef20
f9f8
37c3
6a99
f826
5462
15cc
e24c
289c
0548
3907
11c5
6c4b
aca2
c3bd
2e57
b6d7
8d17
5b1a
94df
ca9d
9590
74b3
cd7a
ce11
25aa
bf63
a495
6bf3
1721
db2b
d457
da0b
96a0
4f80
ce38
4d0a
d862
712f
d09b
67c8
bc55
91a6
1ed4
e47f
6e1d
4c27
b9de
9ba9
d6c1
577a
11f2
3506
fc7a
88dc
9636
90f3
644b
16ec
2262
a067
71cf
ad6b
c1b6
b59f
b1e3
e860
e1a4
21fd
6e7f
8e7a
2fea
49d4
769b
962e
bd69
a4a6
eef7
36b1
b0d2
45b5
085d
3d77
28e5
e4a2
f018
84e8
08e1
975a
4d73
b15e
4806
88bc
f5fd
3b88
90da
467d
f6ae
2bdf
78a9
b6d6
3a76
e233
6494
e595
596d
9776
3745
304b
18be
4b9a
119d
24cb
594e
8a6f
5e7a
57ca
b351
5d2e
a185
f3c7
cde2
1b9f
3b74
609d
2202
16db
d91f
a24c
8256
b62e
22ef
0c92
b5d9
68eb
6377
2603
e325
c147
9721
eb6b
6ce3
4b49
4c9d
9570
302c
7eb1
5e80
d64e
8c44
f8f2
4758
a030
1694
0a2d
b7b3
3ac1
434d
50d1
40fb
74f3
f23d
88e2
4a66
39b1
8f6b
c580
7c9d
b203
15f0
9310
9c3d
94db
17df
c16c
7e43
4c15
1e70
b20d
c615
1554
e092
cdb6
40ac
49ef
bb2d
dc46
4019
ca31
78c3
27b1
4308
c5db
bec7
3f25
7aa9
29d8
657d
a0d4
23a4
aa54
30ac
ec3f
3020
781a
bb64
97bc
9c8a
916b
2987
b88f
e52a
8053
e9f2
1374
58d0
f576
707c
628d
13ad
f20d
d995
7842
7304
5690
87cd
85b5
bf76
f1e5
2b5f
0400
9840
840d
91fc
6f07
c295
3d6c
ccc8
49aa
da5f
ca30
2005
caa3
8e9a
c69a
4686
ab9f
1c2a
e59a
d4de
5eed
345c
9d87
e103
ac06
2ddb
8b24
ffc4
aa3b
ba8d
4c03
0e5f
a7ba
5746
eb91
3f31
c71a
7b13
11a2
bb4a
d49b
bffc
6e93
7e0a
44cb
02f3
67fb
f3db
bc4f
9221
d204
28eb
5d57
b299
2a50
35a0
2a19
9ca5
4070
5720
299d
9863
12db
e705
e192
aaa1
3220
bf50
6e0a
4a30
d24d
0ebd
a07b
647e
9d79
db0e
495b
24e1
0918
3400
948f
bc2b
7c2c
6afb
9dfe
1072
1518
4e14
7e1c
cd3a
ae61
a5f3
f2c1
d023
e41c
6150
6398
55b4
81e1
0c14
a3df
fa2d
0eac
5bfe
2623
2d4f
afda
af40
08fa
0a0f
96f8
a0c1
f830
a114
81cc
8b07
c416
88b3
8ea4
b577
8e3f
e5d8
91b6
b1c6
12c3
a49c
0a7d
e75f
bb08
d393
8c0d
e72f
70e7
10db
5075
0c26
b2db
0828
80c3
178d
23e0
7dfd
bfb0
4aff
3ea9
5de7
86e9
5203
ec3a
2439
a1e9
8365
5c3a
3e3b
9059
a446
f2cd
d30b
e10d
9e3c
6841
3912
e30c
2664
c7a4
8176
238e
1e7a
b6c3
a0ee
8469
9568
cb7d
2bf4
ce5a
e438
6f8a
1c3e
1f90
655e
b734
45cf
2a97
8b3e
27ef
bc19
a1bd
37f3
7a92
4f38
29c8
65fc
317b
6996
e90d
2fbe
2a57
0af4
74f6
40ba
479b
1a65
a61e
5625
fab2
dec0
9060
949f
baa7
5599
356b
a0c4
26bd
4654
14df
a0fb
69e7
b5f3
0b06
488d
ddb8
78cb
fa2d
7296
4f0c
0d0b
de94
40ff
a639
82a4
1a90
aef0
3264
ac55
042a
a4a9
39af
5202
62e1
4752
c579
4965
b4ed
e331
9717
5c0f
ed80
dd17
43d7
8bf8
691e
be5c
2b39
461a
4bf9
2dc7
3e2c
0ed6
a38b
e6b7
2414
2e08
104d
bf9e
a249
b1a7
8845
ba45
ccb8
535a
7d2d
f778
0f14
bebc
08b1
68ab
649f
4a03
4639
e5ee
a4bb
17d5
b419
d2ac
b512
1579
f9a6
2cee
51ad
1f9b
1652
885b
7376
8ff2
2dcd
9b86
8043
c19f
527e
30eb
256d
ee0e
19b5
5b86
a583
f56f
f416
42c7
780e
11db
b9b9
c3b1
04ac
49be
dded
0344
4b60
11b5
9a16
617d
1fcc
a324
5b61
3303
3f03
09e9
5d9f
3dd1
55a4
49fe
056b
686d
4028
b731
441f
6306
ac00
6ff6
f3a9
7a90
c443
a313
4dbb
d688
b846
81a1
7798
900d
da5c
007a
30b2
f1ba
817e
0f76
bed3
47ef
2f25
645d
9b11
19d6
36a2
8692
3598
506d
5352
b0bc
ce9d
8c10
6837
2a4a
8ca2
1da9
8d36
4754
907a
23ee
6130
078f
d17b
32f0
f2d5
8e83
342f
609d
2d5b
b891
af8f
f575
24c4
cb62
8027
5055
702c
98c0
1e0f
61f9
4729
d12e
c77f
dd5d
7360
9eaf
5766
322d
4ec4
bebb
a707
64f6
2819
ef70
51d4
701f
1b34
7817
6fad
7ddb
46dc
9a8d
8088
d913
dd5e
e819
8a42
2406
90db
234d
75b6
94a5
0e02
ce27
88a0
776d
be17
be54
304c
57c1
4724
b518
92ca
b489
da68
4f85
0ae1
8903
f632
194a
f1b3
9881
a28f
0c6d
55e5
3ee6
1b14
cbc2
e3d7
e8e0
97ca
c523
dc88
a155
0b5f
d19b
55d9
fbfb
3c05
3639
5622
7c97
6e82
21cd
1cf5
b094
0bcd
acc7
57a8
f20d
003f
5c53
c8d4
6675
e80d
d4eb
3fe9
6845
6373
a61f
338f
9057
7878
69be
efca
7430
178b
f33a
cd7f
7796
44a3
c540
8042
d1b9
2b2c
d4f2
a809
95ae
b5e7
6f55
1ad1
4868
c2a9
26d5
8572
9d5b
1ea0
e0df
54a9
7196
077a
3c45
164d
6a13
efc4
4dc0
6cd9
831f
46cd
e5b6
2448
56ba
5d4f
a1e0
d870
b791
aa26
f0d1
9f23
7272
cebe
d161
2502
3906
fd5b
791e
cea1
f39e
9f4d
327c
8cd4
39c5
a0db
711b
4856
16d7
80f6
e0b0
8c55
2153
81a1
3753
544e
c7db
4a84
d0aa
00c1
dd27
d475
cebf
2769
d604
1dc1
aa5f
3b35
56ce
a758
5fc0
7bda
e46a
f1db
f080
23f4
eed9
d81d
3662
cf7e
2df4
63b5
5131
0106
eab3
1267
d2a6
e933
325d
8279
aab4
766e
5088
bc75
b6fe
0f0d
48ee
58b6
f057
2c6e
7c1b
676a
575c
909c
f91c
0f44
ef82
d2a4
9a69
73c7
2756
cf68
64b2
6a72
0d8a
c27b
4530
2778
4120
9677
d773
772c
65bd
df16
aee0
9017
d6b1
7c7b
66e0
a170
8f4c
6bd0
8612
34f8
f7af
f5c8
4e6f
b9fd
a821
ee3d
2aad
5614
169b
dd28
6cf7
15f5
7b96
029b
cb7a
a778
1d5f
0fad
a1fa
1a52
fbf3
bd92
0784
847d
2395
13e1
5195
4009
03b8
7795
c99f
336f
86af
dfc6
cb02
8309
9684
7da2
1bed
043b
504d
b311
5368
164d
9281
f7c1
4bc4
8133
239a
6ae3
7e3f
9367
9f5c
6851
30f7
5f36
2e4b
9c84
b58d
be66
e308
dd85
ed0d
5387
caa1
2c04
15eb
d8d3
d61c
3b47
c626
fcb6
6b69
6902
f5ba
3b72
7f71
57ca
81fb
72d6
d906
f932
c512
8b24
e8bb
e965
00a4
b56d
75b2
a165
b873
6d47
9764
90d3
8ed0
0df2
ab80
ca91
612f
d940
63cc
1434
eeb7
8747
7ab9
4675
be90
ecef
a176
92ac
a20e
02a9
c1e1
5c22
a3fa
2112
bd8a
aa6e
480b
8b79
04bf
7c4f
72aa
3997
768b
4427
67be
626e
2220
6ada
8d61
abde
9e77
d7bc
ef46
dcf7
2433
beb1
c3c3
e8c6
02e3
0d34
af75
dcea
1afc
45af
40d2
35be
6012
0be2
2f8d
b53d
d52a
b539
a4f6
ba1f
928e
546e
f133
b40b
f0ea
6ca2
1e73
63af
3950
4a06
4a73
f9c1
6387
2acd
5f84
e79a
871e
ca6b
5894
1482
16db
b25d
1483
4aca
fb97
8ea6
2fcf
f0e4
4d38
17c7
36d3
20a4
181a
a620
b009
1014
7982
fcbc
9285
e30c
686a
7b93
a959
810b
0ca6
5141
fb13
4570
77c1
516c
c6c9
20fe
f98e
29a8
fc3b
c531
cd0f
80bc
932b
c8b4
ce5c
7dbe
55b5
3fe1
4372
caf3
5a47
b607
4d86
72bb
88d9
93eb
a263
a4a7
6529
cfe6
412b
a394
ef09
d753
bf00
a404
0a73
0cfe
19b4
0cf8
44e4
3401
7f43
4b63
1e35
bcc7
b983
3b65
d373
26bb
5a18
0cca
371e
50d7
660d
bd08
64ea
d67d
4514
7a50
3611
89f4
d989
21e3
2551
782a
5eaa
9167
eab8
0bf4
eaef
6585
ada3
7122
b778
608a
d4e0
7d72
385d
9cd3
78a3
df44
1c52
7707
45e3
1eb5
f1da
b20a
8db3
a8d7
ae39
d1aa
61d3
749f
e601
d027
adf1
5007
4b30
01a2
f403
12c0
f787
ac70
0c9b
7450
7814
228e
0344
2149
7db4
a1d2
f1f1
1185
05f3
cefa
ef02
d5e1
c150
ba20
62ff
e8ba
39c4
612c
ccca
25ec
0c42
3d85
1a65
9c03
3d36
1f15
5471
c341
9754
bcde
8b6b
569f
093f
dc77
22b2
9ccc
6d0c
4613
c84d
2181
0df4
8489
d419
957e
29dd
91f2
e10d
6944
5f9d
2ee4
1dd1
a46c
6c77
2fda
ac39
32c9
cfca
83bf
42ce
e373
a971
0b18
ac9f
bcd0
0dd3
ce3d
4b8c
8a50
2f14
ddee
b97e
a1ae
9087
cd4c
68a0
4616
6d34
4878
6c29
8a20
8b6f
ef83
8a14
daeb
1ccf
ae3c
97cc
786a
e767
e3fa
2b87
0aa6
6825
8646
78be
9793
28b0
eb5d
7247
2ced
3a6d
043e
f447
76c9
8cdd
48e2
4dc6
3e00
2ec2
ea3f
a67a
d671
7911
58df
deb8
f4ed
a1eb
cc42
a972
f685
f5d4
0e89
428b
e396
b297
e15f
769c
1d7d
67ff
d241
7ce3
1136
e853
07dc
f257
94fd
b037
3d14
e846
76a0
02c9
9b55
2111
f06f
f8d2
5e47
6c6c
ef1e
a6ab
a68c
ff3b
d251
4ed9
dafe
df10
4009
2267
59e9
5eae
08ee
fe7c
5115
c4bd
ee0e
c351
f0e1
1f18
95f6
4b77
12b8
fab1
f13a
c7ed
45d0
6945
1cdf
7644
145c
dc67
1b97
41e4
44fa
1fef
5ed6
267e
83a8
9f1a
f274
8a20
41c3
a152
94e6
e516
5f9b
043f
85ef
43b3
acf6
c9a3
f08c
6a08
98f4
5c5b
44b1
f212
3389
a5e5
00db
837a
ee47
bfb0
2d87
7834
3a20
48b0
8dea
edbf
bcd6
7cc4
5617
5e78
c855
705e
5400
a527
147f
4f85
93ae
76b1
8b0d
de7f
56a4
6a5e
876e
86de
daf0
672b
7295
0fc0
ed94
8ec2
2eee
8972
d90c
3c10
6949
a9c4
8b3c
f276
a115
144a
7f07
80e0
add0
9e94
cc9f
af39
8040
24da
c03e
406b
b22b
01a6
09db
fde0
b00e
d76f
bebb
6182
208b
8cc5
ebff
de00
d17b
f096
852b
8017
b9fa
9c51
a0b1
ece1
a8ad
9d63
3008
af3a
cbb1
be53
61a2
1504
40e4
a5d1
f0bb
35bf
c7f5
2c60
8219
6982
9d3e
1f70
770a
af12
41fb
4c41
1b32
56b5
5c26
b4ff
9d7c
0c05
0dce
4339
52a0
2862
e821
dd62
ef5c
0e64
10ab
e709
f50a
c2d6
9ab9
a9e7
3144
3715
6940
a21c
61a5
7c5b
2f7c
079b
20e1
df7e
fb18
39aa
e72b
1752
1476
cf87
6b70
aaef
c591
9c85
f8ed
315c
91e3
2d30
f16a
ebae
5085
0065
d58c
3030
d9f7
c83d
6596
e467
2e9a
51ef
22bd
e38b
2994
59a5
879e
739a
7300
4d59
3c52
17e2
4d9e
82df
3fa8
5b94
cf78
007a
7a7b
93d5
92c9
a1a3
632a
0075
18b9
8bab
603b
83e7
84c8
e113
aafa
42a2
59b0
9db3
3d22
9d31
cf72
8e98
bef5
1ecd
3231
4a18
bc83
b737
6d0a
b8e6
46b2
e36a
14d4
005d
5f20
8b42
5c67
56f1
b5b9
ddf9
893c
e40b
ba93
19e4
69a9
79ce
c872
638a
20fc
1589
6917
bdb6
7e3c
a57f
8057
79a0
311a
4137
4a1b
7084
0a95
f33f
68ef
3436
a47f
0064
891d
492d
da76
ea7a
03d3
27c8
a1df
46a0
8f50
e876
0721
6e1f
e3ab
cc7e
37e0
4a6d
bf74
f507
e5dc
f754
d1e8
1d33
08cd
9a94
e34d
d9fb
eee2
6ee8
8197
573e
f1a9
f583
1829
aa92
893b
233a
2408
9e50
057c
9e6d
a8ac
5629
c4d4
e70c
374c
1bae
84d5
7235
1196
c7ff
45b7
531c
d9b1
8c63
2062
e2b7
d95f
762a
c5cf
4781
c604
c0eb
9d55
c819
e303
6885
a279
3764
8fb8
f206
3445
2134
52ed
66b6
eebc
e329
1550
a64b
8d83
7c35
c894
0bbf
d0e0
b97b
cd71
729d
3eae
d680
fdc3
ea25
5af8
4051
4227
fc6a
07ba
848d
8f76
7b79
28f0
b8e2
1b77
909a
b13e
3780
5afa
a64a
9ce0
bd63
9eb5
d056
1674
0778
cd8e
d5e3
fc8d
1974
ba74
2c56
7fdf
f041
15f7
4a99
3d7d
3a8d
10d8
1c57
13ef
ef1d
c83e
316b
0c06
c026
382f
373a
02b6
bf3c
1b46
3505
3fe0
3a05
9c68
7dcf
a1fb
ded3
8faf
6214
3084
5e95
b8d9
719d
1e47
7e14
a0b1
8eaf
dcd5
898a
0e33
4d00
4b21
59db
dbe5
e0d1
ef5f
d266
a25e
b5ee
df93
e401
3038
fb8c
0ab4
987f
bb31
ad38
c011
545e
c13e
4f9c
661b
093b
e8d2
b3af
6705
0776
aed6
0c8c
180d
ae59
6e25
116d
f8ee
b0f8
ea02
7271
cfe9
012a
cc29
0a78
c20b
92d8
1e77
cb23
4022
48ab
8043
062c
a7f4
d2fc
9b63
db07
7b1f
f22e
a55b
aec4
4da4
96f6
6c6c
cf2d
991b
e03c
59f7
8901
5655
39ac
c7b1
d0bc
8c35
385a
8d72
1486
66ee
39ca
3ddf
783b
c4b3
7890
2bd3
e8a7
cad9
5354
5d1e
ee2f
17bb
2cda
7954
4b68
3656
acfa
d4b1
e46e
cc50
835b
7a06
27f2
d64c
cd54
f968
9811
b353
28fc
5f51
2bdc
eb0a
52a5
9c54
c998
3922
7e93
01d8
528a
7c4b
b88b
95a9
0436
a75d
f3c7
d63d
9b1c
0dad
3194
69b1
2351
db11
9db8
0a0c
8d53
e054
efe2
598d
ac87
36e9
5508
621b
e492
4496
e0d4
36a2
7b81
5ad2
4ca5
d1eb
5b2a
e1c9
b22f
ecf6
e6d8
01a4
86ce
cb6b
9e7e
8465
59d0
c984
341a
39e9
cdd7
b111
b93f
90af
c3be
4c3d
53b8
d979
fc04
e7f0
fab0
deea
904c
e064
98ae
3f3c
74e9
57e6
80e4
123a
8f6a
482a
e810
3331
5839
57d5
a93c
f0ec
1bf2
3d96
7f49
6619
2d53
ab59
1964
121e
26bf
c097
db2d
9186
7dee
b2d8
edd4
3623
56ee
1e1c
f0ce
488c
8253
47e9
54e1
4903
e318
5018
4990
e5bd
6ac6
4a97
51c8
236a
507c
dd30
afc7
4d70
cda1
24f1
577b
43e2
bf6f
7afe
92fd
233a
4506
1721
12f5
fa7f
1a37
8d5d
0fa9
94e4
912f
4233
1625
f8d9
d80b
33a9
7d2d
573a
895f
6c11
5601
1928
51a8
15a5
abd7
5c8b
34f8
5b04
ae6d
5279
9467
8700
e3df
d05f
09cf
40ed
9366
f1c4
b04b
209e
3493
2229
12d5
cb8d
d167
d900
722c
22cd
0af9
0eab
4898
c267
14d4
f176
35a7
2cce
dbb2
dd00
ab55
6f92
f274
a952
9a32
07ea
bb8a
3c5f
15ef
233c
28ff
47ae
2cc5
1c9e
40d9
4c43
4aba
f38f
613b
da7d
51ad
3b2f
c004
1918
09e4
0177
9780
67e5
fdad
f0c1
fe67
3443
85af
eaf9
3153
109d
0dce
aedd
de1a
5015
c7d3
fbbd
7261
87fa
200c
8ad8
171d
7a40
bc40
4534
f4ac
95e4
918c
2b62
626e
ede8
ddd4
ac48
c3c2
745b
1792
24cb
a389
7ecb
1ab8
f053
c353
6496
fde6
5db7
b9e3
8d5c
28e5
9945
2c7c
0717
daac
d80a
9732
925c
82af
5039
e1f3
c959
274c
05b5
ed95
7555
4a2d
6335
8e06
698f
6623
7123
544c
8168
f242
3165
1046
a22c
1385
65dd
2cb5
50dc
170c
adf8
94a3
aa45
4266
c25a
3895
3fc2
bdd7
5285
18fc
94bc
fe49
d060
cc1c
d8ed
4f5a
681b
1501
fef8
47c7
b9d2
bb1f
0a31
5b29
5903
a2df
0773
6d17
0ce3
a87a
64cb
4b45
06fa
7263
02d5
d9e8
d5a9
9eb8
1cd5
6aa5
483b
d38d
c15d
3d8c
83a2
4e25
93eb
7486
84a6
ffb6
24c1
f656
0b6e
b433
1722
be2b
8bad
f515
9cbf
62c4
222f
3199
9cd3
e106
afca
c78e
e731
01d6
70fd
fb51
9fed
f7bc
37a2
6daf
9c9f
fa22
e4ed
6551
7f54
4515
9987
2a26
6c17
143f
3d7d
c9ac
2b3c
ac8a
44dc
c86e
8179
d1a0
0bb6
97ea
fd4b
044e
cfc4
ffde
6c72
26cc
efbf
1c36
0f5e
e2b6
677e
1dc2
e6a0
0eb3
7212
6d74
feaa
9c26
b0da
5fd5
6b34
1689
d7a5
8a1f
d1e6
4c73
077c
b787
9d0f
d263
960c
900b
e4f6
8e25
1c81
8f6f
b573
480c
d8d1
f52e
fcf9
dae2
74ef
8887
da8d
40ce
2c07
62aa
efc8
1331
a2f1
880e
5c26
1323
5038
d827
5199
b161
1ca3
4877
bab3
1ec9
3572
cc00
a4f4
de3f
c8e0
e2b8
c615
433d
ac9a
67d0
2388
4af0
2c1f
030d
9012
4670
5ff6
f007
e52b
bdb7
ffa0
ac8f
10a0
26f5
5b5d
afdc
b88e
978d
2047
fe3c
90cb
ce89
d9fd
8a88
7f97
c402
b143
bbb5
b129
2382
561b
477a
5058
1203
fba1
6981
dee8
6daf
09e5
a80e
b047
4849
1c58
297e
cc29
8dd3
98f5
5494
ab42
ae23
1537
4817
aa34
6aa4
bfe2
aa65
9b9a
fb59
8489
28fe
f823
8231
81f1
6bed
2bc4
557b
636a
8641
bad3
1919
ab02
ad2c
1eb0
eb43
4a9c
a865
e933
2087
7167
a15c
058e
9753
0441
cf69
4605
2ecd
f037
7ed9
8872
0202
d18f
a992
546f
e22f
702d
2482
fa4e
3189
4634
747f
a3f2
149d
98a8
b3f6
05be
cc1c
7dab
6cf6
2eb0
320c
2f2c
6d71
53d3
a522
01fd
1179
717a
99fe
2284
1ab0
e49f
dd0d
3fa0
4d99
31f0
54a5
856e
8708
f1e1
ff9a
d204
3c91
515b
ad30
a1bb
0f77
d881
1c31
2d18
23b3
9297
bf09
127e
5097
d26d
b49c
1a61
1f60
cf35
abc6
fd77
9ad9
851c
a2b1
3e02
aaa3
51ff
fbea
d029
ee9f
571e
c40e
9f31
ce57
a167
f66b
f2e5
9167
7c59
f603
dc62
7a17
b856
254a
a568
3c98
a277
7c7c
eac5
8676
92f5
3e34
9e8c
a856
cce8
b633
28c8
0d1f
a502
0adc
70ca
eb82
3d84
3c8b
a92c
2eb4
b9a7
2a1d
8f85
d0e6
9370
b660
c3a7
b78a
2092
faea
71be
096c
d06c
d92f
55aa
bcbc
93e0
c195
4aaf
865f
ee65
312a
99cb
f8d3
16db
9363
77ac
dc10
ce11
475f
5da2
24a6
245b
18fa
857c
65c1
85d4
5561
cc8d
4354
1fa9
4a0d
1e80
0f3e
18d7
9e6b
c070
31bb
183d
43c2
b8b2
4cbd
2765
0fd4
4741
ba6d
cfad
131a
6a9c
3c29
501c
3d41
7973
8e2b
1efd
af87
b093
457f
d5d0
6c5a
d09e
ca67
bba0
bdd6
9586
3794
dd52
c0d7
652e
76bf
57e2
edf8
b389
c9a1
91d6
9407
83be
9845
65fb
6666
caf2
9537
f93a
9f51
3e24
1f5e
78ad
91fd
10af
9ec2
e1fb
0972
d9df
4553
3d0c
93d3
e1d1
bed5
cc09
0331
0bf4
6585
fd1a
06cf
101d
e076
745f
dd9f
0861
ffc4
928e
eaf6
18cb
f740
0695
805c
0458
e12c
0547
80a8
1f4c
739b
9d2a
da6f
664e
525c
5ce9
7ef5
1268
9a07
452b
970e
7c4b
0af1
fc66
94e0
2576
7103
92d1
0e34
76c1
c0ee
e869
d4ef
3b83
446d
ede5
5dc5
7e34
bcc1
8cd3
0ab2
009d
3592
91f0
07f5
b5e8
cf42
e2bc
3b7c
9449
08a1
9520
1112
58d8
1909
0ede
92a6
ebd9
9be9
ff93
18cf
827f
898e
86f3
2570
f341
62e4
6f82
fbca
3b82
837b
b721
ffc0
49fb
1adb
a727
eb9c
b0cf
65b6
52bf
6065
bb7a
d731
471e
bbec
393b
c3c5
ddcc
b20b
ee59
e0fe
02f6
ea08
c5dd
5f0f
22ea
66ef
948d
e2d2
e022
a7f4
71b5
caac
85de
694c
3908
a856
41ce
707b
453d
e5e2
f575
09e3
dbd4
2c25
ea64
f3a6
adf6
1eea
e574
ecd2
f386
cee4
abb4
a644
ff4a
88f7
73e7
f4d1
233a
73f8
d66a
f9bd
df45
7a00
76e5
a03c
6d20
36fe
0793
5b29
0dd9
39cd
69db
c8a2
81fe
2f9a
890c
e089
914e
4c07
8011
5471
0942
5263
248d
8606
dbd2
68d6
b155
59bb
d246
bcc5
9ed8
22af
a6fe
62b3
9f47
83ee
6599
8d15
1b4a
5f38
8756
6172
4ea2
f500
f1d9
d9e0
30f1
bdc7
5780
8333
79ba
58a0
0484
a46a
27d0
8610
801f
b379
d08a
6d3c
84cf
1322
9050
2436
9aad
abd9
170a
8521
415c
583a
e31a
e990
3f08
0234
c5ba
a0fc
48a7
9af9
bc13
2385
d042
6da7
c86e
44e9
b651
5124
29e8
9e8e
5ab1
6f31
4a47
ced6
6957
207d
6e7f
0a2e
d806
62c3
60e3
29c4
3e00
09d1
5cb4
0225
1ade
4403
fc5a
139f
e605
2981
a265
883c
2bfc
cc3c
eabc
6a26
f2e6
c526
80b4
96a8
5b9e
a8e5
ce31
b0a6
f1d4
ba70
343f
164b
dd4b
e264
9a1c
11ef
f2fb
53e1
fb93
e63c
4acc
6c00
e21a
21d2
f8bd
510c
f73a
7154
3a57
ea99
e778
3478
4c71
15c6
2dd8
0a71
7185
f6a9
348f
8f5a
4f1e
b45c
8d98
b3b6
68c3
bf47
0f65
2acc
db7c
2297
bc1a
31be
19c0
f610
ef0c
96c4
c916
ff6d
fe9e
36a6
d629
eaef
77c3
3b2d
0490
3814
406f
16ba
9b6f
aa51
75a2
323d
fb49
9242
0b02
4fbc
d91e
a2b0
1a21
8ac0
7fe5
1f86
7420
3077
c739
4708
6c83
a3dc
4da4
7cfb
37bb
4ee4
296f
1772
6597
2f6b
305f
8a19
26b6
c85f
e610
4b5e
1b61
f331
d5f4
c077
21ae
b111
8757
e89b
36aa
34f3
aadd
89ee
a741
2fe3
4e6e
29d0
a122
e6de
7bed
1d95
726e
9e36
f1b3
199b
85ee
83cb
e4ce
8384
5acb
e04c
1f6f
16f4
34d0
77e6
72fa
b8e5
288e
d243
e97d
44eb
6a49
ab9f
4569
7a56
f52c
56b0
e419
1d57
ecde
af9e
3f8c
c8d8
7233
e1ec
9a4f
2fb7
0aa9
6b59
ab1f
0eec
de25
cc67
26a1
d75e
4d0d
0c19
6114
e048
c295
10a2
f9bc
fb77
3d46
f471
0623
1296
8674
d720
2f89
829b
7639
49f8
78dc
7979
3e50
efed
fa52
6106
0980
f728
6a67
045a
44ee
f615
368f
103f
0a80
4845
99f4
ca42
8c4d
129c
8533
666d
4f8b
b9e2
914c
f1e0
999f
8ecf
ec13
c4ef
132f
eb6b
715d
6a37
2bc0
7487
bc5b
686d
444d
0a2f
9c8d
0286
de8c
cd56
d8ab
c910
e0be
ab36
5fa1
a1fc
46f1
58cd
5a15
d8fb
bdf9
8df3
cf1f
bdc3
3f2c
f4f5
c162
c74f
46e5
4c17
8607
afd4
9d7f
59d6
46ab
63bc
b3c8
5cde
83e0
af24
6cb1
af94
19e5
39e7
5595
be88
9920
18fa
a49f
30ca
4e8f
dd85
e06b
fb7d
cfd7
4716
475a
7b25
6304
a20a
2501
0546
df76
37a9
4057
4ea9
0578
bd96
0342
4a22
e2db
d122
a6f0
f99d
f9f0
3783
43b2
7f2e
2d4e
5425
7d3b
44fb
3d9a
9ea0
ece1
761a
8165
eb95
4cd9
da2e
1a69
b8c0
0b42
f509
9866
ffd4
b6bf
2bec
e48a
800b
8c01
1446
3483
f97d
0563
a0d8
ad8d
3e89
d3a5
17eb
5490
a5e3
843b
2edc
7db2
2928
a733
bac5
a7d9
65fc
6f43
2760
57f5
4ecc
f69a
3e7a
75db
6b75
3a66
46ee
db14
6edd
34e5
31db
d649
74b1
8751
db0c
4f03
4d0e
c275
9491
288d
7054
5771
e1e9
6073
982f
3604
7388
bb87
20f4
a4e3
6315
5e6e
7266
1538
97d8
563c
0faf
a695
4fa7
f7f1
ab28
5260
a897
1fa4
5a8d
fd00
0656
bf36
bef3
fb32
3d05
889f
a55c
7f83
d345
1393
5cb8
e3fb
0e05
35a0
2dc2
10ff
fe51
836e
2cfd
5a06
7d04
95b1
621b
eba3
2836
81fe
d4d3
85b7
52fd
e1fe
12ae
f2bb
aa12
4ea0
92fa
2ec6
e6f2
03eb
0440
0106
59e1
b4ce
d74c
5b64
9ff0
4a96
8080
fb6b
1e88
559f
df8e
0e7e
a340
66b9
387c
f233
0f58
6466
3dbc
9aa4
6c68
7f62
a067
9f46
f07f
fd89
6818
5187
f4b3
4659
737a
7445
3dbd
56c7
bc1c
54cf
38e2
9b51
13ef
ef25
df9a
d237
6e9f
4458
c9b5
15e0
d9b6
8ca3
09a5
7fdc
f3e1
b568
e15b
4652
8c0c
3800
8b9e
1b27
3142
46a5
266f
e5d7
1fcf
4529
0ede
c944
a201
a13d
4289
2b75
758b
c97c
1fe4
add7
6be1
8e86
9708
cc78
9b7d
5967
67c0
5767
006e
81b4
c764
9a2d
0459
b324
3f92
affa
7130
6114
fc72
1c54
157d
097e
3273
19cc
6c04
c75d
d4f8
236e
167d
e940
27af
c402
f41b
4c20
869d
f2da
4161
7b9b
2695
f6ba
d939
1011
6a37
6a26
8e40
8fb3
94f6
07b8
05f1
ce35
0304
86a3
385d
8336
4838
c431
626d
2a45
665a
54f2
eca2
6a1c
979e
dea2
c433
fe8c
1738
5cc2
610b
fd40
2e6f
8fe2
fa74
7461
5403
fbd5
b6b3
9cbc
4bba
3999
6e7e
74eb
2a79
f3e7
cdd3
5f8c
2d5a
eb61
533b
7429
120c
43ff
8928
8f49
8646
2735
d411
5fd0
f43e
c99e
e9bb
25c1
fa6f
b29f
f575
8190
8f28
ec31
6f81
aad7
c478
c88e
9224
5d94
08fc
3bd8
0f48
b5a7
bd94
26d1
7ec0
2161
351f
475a
f331
6d16
70a2
ae6a
00c6
94bd
36f0
f4c2
0151
2389
ad4c
f0df
85db
a6fa
8034
81d8
3bec
3b96
25d2
8a4f
688f
b5ec
d83e
675d
5d48
4756
31ba
787d
8a02
31da
56ec
801f
58b6
fc74
4cb9
36bb
d88e
a105
eead
a84e
256f
ebca
0904
de0b
a36a
a065
b4fa
e44c
77b7
8606
9e46
403e
1e9d
98fa
3b18
abd2
9eeb
bda7
6dd7
8604
af56
da72
2542
7a11
0a30
177e
882b
c5d5
6fcf
2b90
f547
ac20
a0d4
1ff3
793d
614c
82e9
dc79
7874
afd4
7af1
1a65
6745
9d25
7376
13ce
3f0d
cd86
46ec
a34e
fe53
6dcd
3109
8405
d9f7
8c6f
e760
1d3e
300d
43db
9e0c
d8c9
0a70
c444
0239
b14d
69c6
d965
1216
83d4
f43f
4e68
22e4
df49
78d9
dde1
a280
0d40
065a
78bd
b59a
8a17
756a
8e6a
f25a
8d1b
a209
eac9
b23e
3f7a
ba78
c22c
f9d9
ec36
8dd7
f9e0
3dc1
5e61
b2cd
53cb
57a7
59fc
5af2
8ad4
1da4
bf77
7b01
a37d
08b2
30bf
56bf
67da
3eaa
6bee
ef40
9944
f0de
dcc0
aa04
f19f
c647
e53f
4205
27a0
31c0
32b8
e78d
c468
5424
e758
75e0
61d8
c318
de3e
410e
32cd
c1ea
ad21
2233
4f54
288d
25ce
ff2c
d379
0a85
8080
343f
321a
de85
eaa2
25ce
5d19
4592
de12
f6e5
39b9
6b78
fcd9
d9b9
910a
4c11
39d2
245c
a102
6e04
1c0d
9d93
2de0
7991
05ab
9b96
fcb9
7259
814d
9b98
968c
2a83
1800
7452
1ba4
b99e
01f2
4d1b
ff1b
1377
829a
aa00
fa57
0f4e
b3b6
be56
d34c
2231
2957
a029
6b56
40b8
e4cb
8822
ef1f
1b6c
07ce
13f2
da92
e05e
7e12
2fe7
346d
e5c2
caf0
9b5d
ff49
e4e0
bc78
03f7
46cf
cd3d
cf8e
8fc3
a54a
cad4
a1ad
8437
805c
f532
9159
f08e
61d0
0f7a
a25c
3416
ca93
2cdc
f05b
4f19
b98e
9b06
ef04
91c4
ddaf
8a7b
53c2
0c63
e200
7b85
b048
1653
d5ca
3199
5daf
a581
34c2
535d
2494
74a1
fa69
3997
dac3
8ebb
1561
b4c1
5bb4
f480
33d0
3f90
3d9d
f960
9f43
ba75
f915
4081
c3ae
d041
1a43
ae6d
5323
fabf
6ad2
584c
3967
5bb1
c78b
2e31
25be
e4fc
065e
5cfe
4cb7
4f8c
64fe
95f1
50d7
c6d1
0e7f
c5ff
fc1b
b933
2d52
9058
fc5b
12a4
80c0
b700
2af8
9143
b978
0ef7
bff2
2d42
aecb
99cc
d191
d7fb
e61f
3480
d143
8e46
e1c3
52bc
7428
c9a7
c845
2554
d88f
af23
938e
98da
0110
c8f7
1e92
094b
ef73
b4b2
ed45
3246
771c
18bc
af2e
1c00
6eb1
3c55
cfb9
83d8
8365
e7b2
7fad
ec06
3281
ec6f
eafb
bd02
f063
8d4d
edcd
c66b
5b4c
33b1
6d7c
ba04
a207
403c
7ca9
8eaa
4fad
4451
de4d
85c8
7d20
0b6f
1836
b641
ab29
ab98
bb64
3783
1a46
b22a
6cea
9aa0
66c9
2d66
626b
a64a
c1b3
5643
ab2c
0878
dfda
78d3
5622
13ea
446a
d945
240a
0334
940d
727c
f3a0
3f72
c7fe
7054
15e8
c502
2eac
7f4f
a5fd
9466
c8c9
7da1
0ecd
f7df
a103
0dcc
e4a8
da6b
24d3
3106
526a
c3e5
d6c1
8111
059c
fa35
aa54
d004
933d
fe96
ae9e
67f1
6b10
ba75
f628
a6cd
a00f
a33d
bb8c
52e6
273e
bd80
c2a0
0129
214e
8be1
454b
3dcb
92cf
1656
d905
6b94
79ab
2f42
dc16
493b
99d6
0c82
2174
0b45
26a2
b260
b9b4
b7af
97d8
4d8c
23e1
49f2
d4d4
3ac5
7523
c7fd
3001
f0f7
fef3
7930
72b3
4cb9
0c4b
97d3
22be
df02
55e5
135b
2f72
15f9
4a70
6c42
00d3
7456
e175
73f3
4051
f774
92ba
98e9
b506
7678
b4f3
da81
5e7d
2e74
3576
135d
c0f5
35b5
987b
59af
d354
a44d
0473
0cc7
ac5d
fc7f
4952
bf0d
da7a
f057
c10c
8f33
55ed
e170
feca
6f9f
1c29
d3e3
a230
ea0c
b1a9
bd7c
376b
7dd5
e009
cf50
807e
5eb5
cf0f
2563
ca3d
f723
49a0
d34c
6ffd
eca7
83d4
3a18
f486
cc5d
ff93
606b
e9e8
dca7
47ca
048b
9502
7c44
216e
4931
e0ef
de21
57c8
9ee3
6cdf
409b
e654
272f
716b
cd8b
bf58
459e
a83c
b3cb
bd70
29c7
c394
61c6
02e9
8b5b
c3c2
f287
2790
22ac
3416
dd2a
4998
74ca
98a3
0d4f
863d
bb94
42d3
198b
32bd
3370
573f
b628
5fcf
3f83
b1af
1ee1
ba9f
06d8
7b02
d6e0
857e
81d7
63be
0032
5628
eded
dcd8
88cf
4952
5a51
8509
5636
8327
23d5
15c8
0e21
dd4c
a5d5
7325
8202
8144
abcf
0847
d445
5184
2900
d0de
8ebf
c81e
5ff1
0370
972a
678b
7f39
564b
8a8b
078e
3375
15bc
e485
33d2
dd59
6aa1
7b2f
a693
3d46
edd8
ccd1
3f8d
7c5b
c8b5
0fb8
e73c
6987
3782
1c15
1248
36b3
e8a1
8a99
3fe9
3e04
56fc
8ad5
c18a
0a88
ff04
9c6f
4893
06bb
3208
82a8
8166
01a2
30da
0065
e3e1
3553
a1b1
2922
6f34
4a60
ff43
4eec
ec6b
1620
6e50
5d96
73ca
922f
e421
bbd6
9348
4f98
7ae7
9ce0
10a3
055f
2e7d
98cf
c02a
5e27
e4f8
3eb2
7009
02d5
5768
e5a2
d25c
15ac
1136
271a
cd08
cb5c
9180
4c62
fc21
0a8e
d02e
14fc
4f6b
2704
2b61
8b8f
15d5
0b13
89dc
3b01
c84f
47ae
096f
0a6f
2dc5
a310
9c28
8b02
bbe6
98bd
c3a1
366f
670f
92d2
8220
7da0
4340
165a
3df0
eb23
3aa2
aa5d
0195
b44e
2fd6
051a
e117
1c1a
0483
c3a0
d47f
74b8
4752
ed58
f2e2
3d4a
56c2
11cb
8af5
0a66
1593
0295
a91b
0b60
3521
5c75
4f94
19c6
287a
ba1f
c07a
6ae6
8063
581d
1fd4
1c40
d1fb
352e
1b88
9569
ca33
ad56
79f6
5462
249a
d9a1
e04c
e8d2
9580
c432
8690
4e5f
45f8
bdb1
f9f1
1862
63d2
9ae0
4902
904b
217b
571c
8414
a3a4
ae59
bb2e
ccb9
8042
7e4f
afb8
7dc0
76d7
86a3
222d
45e1
e8b5
f7ad
7f37
66a9
a39e
6a63
150c
ed5d
2010
7578
d11c
79d7
8e89
1c11
ce07
bee8
7a46
bc6b
794f
389c
9222
4b51
a83c
6f9b
7589
637b
2215
fcca
5de3
4804
d044
7f14
358d
c491
b113
6af2
cbd6
75d5
bddc
0251
0392
dded
56b0
f342
9db2
1983
46d0
838d
073c
f59c
403d
bb5e
7f13
eb8e
3fbf
6d54
fab7
1d27
a7d2
2055
89a7
5bae
f521
30c2
6b6f
1aaf
7c6d
7f47
4299
696c
1e96
ceba
1be5
b443
627c
cebc
f029
a31c
5fd3
35dd
c874
ed4f
4f5e
c52e
b115
b4fc
a61c
9dbf
44d0
b567
d3ae
bc7a
09d7
cba9
ffd6
f4ab
0a6c
0abf
c934
b34d
219e
71ca
ff11
7af6
0f29
b667
a1a5
e8ce
e8d7
4250
04ad
8d10
160a
aac9
826f
93b3
a842
d8bf
9a68
9654
fa8a
e1eb
ab15
79eb
a2f6
dc29
11b0
fd68
3318
9a9e
74a8
2197
dd7f
f398
9a6a
1121
c362
a259
208b
dc42
4caa
7d84
c1e9
e7c0
251d
0f81
2d9a
8896
031b
52b9
fe6c
936d
8617
03c2
2cf9
a0e6
9b87
17a2
96f9
bc7f
8b28
20f6
88a9
42c2
4afb
623b
9247
3692
35b3
1263
d467
ac58
8c29
780d
1972
7dea
7b12
e654
ad1b
0073
7fb1
54d5
9826
77f0
a3fd
f533
b712
6fa4
2852
5c9b
fcca
52bf
d967
1c23
97db
dc39
2589
b1c8
37ae
352d
8d80
0d40
bf70
1e67
3360
58e1
00d8
eb9f
2c01
3f41
26aa
8128
c386
00d7
8176
e2ee
3aa6
3a0d
e2dc
399b
a1a5
6a70
c6f5
4a26
e0fe
62a6
f9a9
f2f7
6db4
aa02
bc6f
27f6
17d9
c71e
125b
e43c
7e17
dce2
ae9b
0009
947f
8d1d
26e3
d4c5
9916
fb60
b50b
4956
c76c
0a42
3d67
0131
35ec
1c3f
9855
f45c
766c
e7b1
64d0
4107
0f35
2aaa
bedb
e41f
9ce3
0fbb
48d1
ca50
6b6a
0b59
df4c
eb0a
f2a9
4ebc
75b9
37d8
7be8
8ca7
d35e
c931
8427
a611
86a3
b542
3ee2
977a
aa42
7771
0e5f
c3f0
7a9e
ecb1
38c7
f6a7
da6f
6746
dc3a
688c
383d
f948
25ed
5070
2159
2aee
beb9
b8c8
6ac2
b8da
7145
3641
832f
ec7b
bea6
479d
617e
6a69
83f7
4078
ac1d
028a
5e8b
31cb
256f
c241
42cb
5b0d
1309
ec8b
3844
bf07
6ffc
e0dd
da05
6068
c803
f88e
ddcf
2627
f8eb
653a
d8d7
e615
5f5d
354c
7183
e1d3
f872
7c8a
32fe
ef2d
530e
e7bc
dada
3997
6b82
010a
76a1
1c42
0955
59aa
4e2f
4035
4dd1
9ad5
3407
dd25
f440
8439
16b0
2e4a
a067
9cd8
2a72
c346
5b01
a572
2021
0e4b
b89b
91bb
b88f
2398
c921
70ef
2a99
376a
be47
4ff4
c74e
2a91
8d46
fd9a
e2f5
d64b
8ac2
957c
f4dc
033d
7492
9f08
f7c0
ff89
a744
1e1d
322a
0bd5
732d
6000
e406
3e46
da5f
b4ef
7f72
f38e
7e78
dbdd
dc7a
e101
aef3
21ce
fa96
2c1d
b65e
8760
5a92
8808
6981
6092
3805
26e6
87d8
2c06
1afc
2060
5745
9283
7768
9a74
e82d
4beb
7550
7167
5190
eaf3
32bc
8a85
b792
6919
8b33
21f8
e567
26e2
ee18
cc11
c58d
b3ef
17fe
e7f6
9cda
781c
b32b
270a
c10d
3e27
cfcf
2e28
5312
117d
c484
3aa4
0ae5
067e
023f
c439
aca9
be7b
2b8f
8548
9fec
8914
4d83
eab5
914b
5561
4f16
d694
2245
dde9
af26
7b3b
93b5
4783
4715
56f3
73c1
a8b3
5828
809c
1160
22d4
1491
d7ef
b316
55b9
6613
0a05
7dde
f67b
de31
91cf
fbce
a65c
1aa3
5a1f
64df
fd64
b933
33ab
5ecf
b3f6
c5d5
c3a1
6305
5bdb
3fc8
c411
2a8d
31c9
3d11
6f99
a0d4
4ef7
c41d
dfee
7d78
a142
0478
8a41
de9f
bc94
e44d
1a1f
1ef4
bab4
5152
5848
cbba
08f2
4c80
9e83
16bc
35a5
848a
7ded
63b6
9eaf
2180
c567
aa3c
720c
bb6e
43cc
1764
8f83
3cef
5e03
223d
b9ef
3fcb
f187
5652
2231
4961
c6d9
e5fa
680b
d778
77bd
5931
cd83
a143
d413
10aa
69f7
8651
c349
3b1d
ee8b
5ad7
819a
05a0
4ba4
90ec
5853
53b6
0eed
e052
204e
768d
8a28
4052
475c
a505
24dc
ec2e
182f
4d17
8db5
75e1
ab1d
0bdd
fcb9
5cb3
b77d
9534
a37e
c109
ad52
fcbf
82be
9efb
6f34
0bca
2ad3
c447
16ba
0d7e
6e39
3f06
84dd
518b
d9f2
be1a
8a18
f1ab
d4fd
0a79
f4b6
3fa4
2e7e
09cd
e8be
44ee
0358
65c1
87d6
a633
562f
455f
7519
b4b6
f4c5
a49d
ecd7
72a6
958f
18f1
a8ae
592f
b06b
d063
473d
809d
4d34
4aa1
d6df
9ff3
cfa0
01ee
6537
d189
6451
8335
5bec
230c
9585
8a4b
3696
6a86
da7e
013b
30c3
ad0b
e02c
ce8e
ddac
6107
0c42
86d5
ef62
05c6
885e
f918
ab79
f865
feeb
a646
23f4
1f30
1ca6
4dab
c9da
581c
aaf0
591f
93a5
72cb
3aa4
3aa2
3c35
50b6
e395
3eb1
a08d
907e
62f4
5b99
e34c
c036
de90
59c6
b015
8ed1
66e8
6db7
e440
112c
a9a9
3a44
0d87
e784
d124
0293
899a
0bbb
9d8b
2856
4949
d14f
9235
9fea
a58c
42bc
dfc5
ce82
ce6c
d130
3eac
5e18
bb58
e0ac
0dd0
a94e
a61d
03a4
3519
a1d2
dcb9
c171
443c
4f56
04c9
3dc7
113f
43e1
be83
f743
5d62
6478
51aa
002b
66cf
0ecf
3667
1a3b
0012
11df
fbaa
f669
e8a4
324e
d471
1bda
6b24
4f15
2957
3d23
4db5
ae5f
5dc3
4633
d659
64f7
082f
ec61
ace2
6a9d
d8d5
1925
cc04
8494
346e
3128
ea28
bc55
9b61
ce44
cf63
825f
1836
565c
8ec6
0f77
ec2c
93e3
cd91
5f9b
3fca
793d
6e6a
f63a
dc9c
0680
7ceb
683e
29a5
c509
8f87
942e
3202
b4b5
781d
1f48
8740
ff2b
f052
1bdf
bd7c
6cdf
a4b9
32b1
408b
be2c
e0a2
5123
ea47
d68c
b2d0
9f41
7c6b
69a3
5a5d
5f1e
4a04
3c82
e6af
5284
ac0c
3554
a397
269b
63c5
426f
7072
ed78
702d
14a7
0a11
29c9
200d
d184
7780
9926
4264
d149
f87a
6d13
6df2
058d
b45a
af85
5e39
bef4
95b0
dc88
7059
7b85
39bf
e498
d4ac
f75b
47e8
9b5f
f403
dd03
a613
7d4d
2410
45e8
d8b6
0240
77cd
3b90
dd1f
ed3e
b5a4
b34f
4e40
8855
9b64
3fff
80a0
7fd7
9091
0537
3f25
44e3
7729
0d87
392b
87a7
56a5
0a1e
187f
8d4e
442e
626f
9ec6
e084
9344
d851
68fc
b44b
5dff
13ec
830d
b58e
6284
76f1
aeec
789b
035f
e5ba
5244
2d34
2242
cf15
1344
8ebe
7bea
4ae6
cebe
5b67
35b9
557a
3dc2
6cf2
cf6f
0342
de47
00ea
1666
cddc
3500
283a
2612
a62c
087b
2d21
1c7d
b9ce
4681
6c74
f250
f9f6
f905
bacf
e685
35d6
2b0d
130f
e174
da11
8035
8351
2745
fcd5
d851
3f79
7f1f
3645
ac2a
050c
13ae
b7cf
217d
ff06
d098
c926
df1d
0806
a067
80cb
2b71
9857
4e8d
c698
9087
b956
8bed
cf8f
9d5b
d073
5c38
81b8
4e8f
885d
3885
0afb
5011
9657
2a02
d02b
0b40
db02
3c3a
aa7e
fed8
425f
71d4
d610
03a7
e522
56bc
7e46
bbb5
ea6b
1eb1
cd65
71a8
a7de
367e
b3aa
c328
dd51
2c2c
87fc
2296
d775
1803
898b
7544
67d7
4e00
6509
180e
315e
1406
0de0
906f
b5d0
b6aa
d9ad
4824
bf3a
4961
018c
5d2e
eff2
787b
475b
73a4
30b2
d4c3
baf5
b52d
c13b
30e6
d9fc
dc94
8549
02f5
2b74
e1d4
aaec
86a3
eba9
9413
f019
4ab8
2d97
cab7
00e1
e035
8bf3
6bf6
1a56
be68
0815
45e1
3720
77cf
40be
91df
4565
32f5
5fd4
8a46
3350
9256
8eb8
df7c
0bba
7975
687d
ee30
5c8a
0cd2
25ba
e540
a7ad
f118
193b
8ef2
34c3
defc
08c2
f3ef
f648
483a
3314
2310
b499
cb67
3103
cbea
14db
03dc
dccc
013f
b735
fb5c
922e
f77d
d7d2
b7a9
3620
e4de
a97d
2597
265b
639c
27d2
bbc1
4684
53ee
12f0
b77d
ee15
bcbe
5fc1
682d
6b3b
2ad9
2835
8e76
6f17
3b09
f8ca
bb88
f94e
281a
06d2
2a63
1c13
1473
221b
d99f
a632
c083
d467
4abf
989e
6ae4
41a2
dc46
cb44
ee36
3155
7566
7af9
810a
f487
d0e2
b771
e0dd
9bfb
7af0
25cc
027b
2dc2
6af1
c671
3968
96a5
ffb1
e270
e662
9841
82da
0ad9
6bdf
5adc
6b77
cf92
529d
81ab
1840
d1ef
4b55
2cb4
6fae
c34c
2992
3b64
a0c1
c4e9
69e4
8b77
4919
98f1
0a6a
6fc9
b473
12a0
6690
db98
ad0c
2378
8813
323d
9b63
4607
265e
69d8
098e
58fa
5e96
459d
6a6c
70f9
3f4f
c558
524e
0a11
1976
c860
e5f4
babf
d2e9
9b08
56ef
0f29
e2a6
4b5c
93e3
ed41
bbf2
5bbd
1b29
aba8
8e95
a8bb
3acb
8722
4f84
eef3
e759
1425
db6d
e5c6
7d7c
e057
227f
90d1
fda6
54b6
3778
b747
5ac4
f82d
0ec4
892b
36e2
9c13
e791
b91e
f5c8
257f
3dd3
7637
5a55
ee93
6cb6
17a6
e501
0446
00af
95f9
9bd0
1fa0
03f0
501a
d200
d249
61ee
7a9a
de42
13fc
9647
31ff
cbef
3a9c
bc13
c1c2
937a
2692
5087
b07a
c86b
c7b1
9e0e
183d
4727
6ee6
d173
29e2
cc5c
9d52
e84f
8eec
66c8
ac58
f11e
acd7
2e00
7aff
eaed
34a4
4ddf
7e5b
539f
376b
6222
b7b1
64a8
5db4
0a66
56e1
3d42
d4d0
f173
e97c
e71b
66c1
b7d5
50d4
b26e
d8ca
b033
a459
8932
c17f
ee88
f8ae
c77f
1da9
5865
4031
4429
6352
26d7
0898
4ced
fb9d
4314
8cdd
d44c
c609
a225
23bb
a999
577e
b610
11ad
1f86
0f94
c5e6
7d0c
2251
948a
fc26
9fa0
a888
b9a5
7136
986f
c3b1
c461
a65a
0bc2
2c13
33c5
6a19
d432
fb5a
8387
0a27
fba6
623f
deaf
d51d
aeee
1568
2dc8
4d64
e2b0
6039
0626
c668
b495
1c2f
df53
0a22
8f1d
f6ef
8416
b348
beb2
4374
b2a2
a23c
99d3
f70e
d671
aac7
d940
8258
0acf
e084
25ee
0da7
b78c
1af1
f15d
fed3
1b21
8b79
2572
b410
d067
d31f
66ca
ec7c
a62c
c818
6b39
7c64
0011
3e0e
4170
410f
1965
fdf3
40a7
7ca2
29a9
8e71
a9ea
8f67
6ae0
4740
9406
fda6
43f6
fd34
e17f
6fe9
2f64
bb30
5923
1aa2
2870
458e
7072
38de
c813
061e
a06b
723d
d77a
0f97
f0fa
bfbf
a789
173c
0bc7
430a
4e02
effa
0637
693d
02eb
bca4
3cfa
5d7c
846a
f4c7
44bf
7bc6
b442
c959
ba80
d1c2
bbb7
3e43
a75c
7bd1
95bf
9931
6942
6d6b
9578
6473
f29e
a494
a1c0
bd77
107f
e649
2172
0819
a1b1
a982
5001
8ce9
8840
58bc
0722
1674
ff4f
20f9
761f
0271
f0ae
f269
beb3
53e9
75c0
0700
7054
f02d
fdad
59b8
1068
5350
0060
880c
36e4
c47b
e19c
4d8a
485a
415c
6e94
673b
ae50
0101
0d77
8000
1675
d21c
fb1f
3561
366b
d391
e8ca
e516
4253
96a6
7826
7426
6dd7
acc0
d02d
1e35
5f7f
37d1
9c0c
0f1f
ef3b
1ca4
66a2
ed90
2870
ea92
c75f
80d4
dc0b
b3fa
0f07
99af
4a76
5a5e
b7ba
a82f
9e44
b154
0cd6
a17b
0d52
ddcb
98c1
6fc7
248d
4766
d364
e61a
28c4
f469
da79
44ac
098b
2562
ce3c
8438
9a9f
3616
4616
d39b
7b25
6e5c
393a
bfa2
cf62
88a3
d69f
d75c
dd30
000d
14ae
d31b
9756
1fca
9dd6
6a18
d266
c57e
8384
5eb4
f7b8
e310
a308
b8a3
dd21
7b10
55a9
e2f5
cf4d
7084
d2d4
d7bd
d8b8
6db3
9e4d
a383
e90d
f53b
ec1f
74c5
4dc7
2fff
9276
8ab2
3d29
4098
1ce7
c478
7877
24e2
ae0f
78c0
4a7f
6628
1b51
448d
2a8d
5ed8
de6e
7849
6387
7301
10b2
f78b
e838
2754
a7b0
67e1
65d3
9c8a
85f7
8563
2b66
39fc
6226
8de9
4602
de5e
039b
c311
d786
8aea
6576
dc2b
cab9
f925
cfbd
fb96
cb79
ffcc
90bb
59d9
d653
f9bf
4122
3f7f
e724
9754
1a6d
e67c
77fc
9ef3
c5e1
5126
aab8
604d
9309
71f8
43ab
eace
1de4
b5eb
b48c
836a
e06f
5b0e
c086
985a
9c83
0c06
a8dd
1d28
b33a
66bf
642b
275d
1225
7252
fcf5
555b
586c
ec81
260e
97d4
f22f
7a80
3adf
76ed
2daf
6370
8151
abd2
753f
424f
46db
b635
2bc5
7d63
23a5
134a
e210
c9f6
b670
38e0
6c53
f89e
b643
189a
b4fd
800a
e7a9
9113
ae0c
a4ba
99e4
74b5
fcf5
6cd5
cb35
8b53
8246
d4b7
8cde
8f46
5b42
1bf5
65dd
5dd2
c625
3683
7187
9284
c935
7b9b
85c7
a245
7bea
8f4a
fe72
bf7f
cb99
6355
4660
ab2e
0715
290f
f6ce
a184
0356
55ea
06da
ff28
e194
7764
f2bd
f494
257c
19a0
e5df
0c7b
448a
b6af
7a6f
1ca5
b536
b134
43b5
bc60
04ea
a802
a7b6
5279
c6f4
5973
1b96
a3e0
b932
b36c
330f
248e
cf71
b8ee
a5a1
bbe4
06b8
3625
8782
0ee9
4538
bb1a
60e7
49b4
dfd6
3925
a73f
0b3d
9f81
1638
486f
6ee0
2266
5de2
c17c
b545
e780
a53a
d707
88f3
c718
4685
e864
6576
5e1a
934d
9d5c
c407
61ad
c7e4
c5fa
da81
09e0
9cf5
de8a
46cc
e2cc
134f
482b
a199
9497
ff90
a88f
9a00
e365
6811
4f5d
fac7
6223
d44d
c398
3b4d
5bb4
f8cd
9d5b
bd8e
d59a
3445
c2c5
d83f
f9dc
33fb
df84
6993
6ada
712c
3dd1
0f74
5a38
c286
7048
c39d
5f84
9ab8
c6c8
3191
9159
a25b
737f
55e3
bb85
220c
d76a
5c85
52d1
0795
0ab2
1f93
e504
338c
558e
1034
2e5a
cc31
ecce
46ca
bba4
228f
6669
ce07
0175
ec2c
86f0
1822
b120
0330
ee4e
f587
be7b
c03b
e4cb
fa31
d4d6
56bd
475f
0fdc
5a4c
a2f7
5441
9458
27fa
40e0
1f72
db37
c36f
6d37
fd3a
ca69
e484
9006
c133
0dc1
e761
4ca4
c77e
a879
dcb1
2137
472d
75c0
6c10
b647
d160
bedc
e410
46d0
778e
5bd2
87b8
4336
fc43
412a
cc34
921c
5b63
c5dc
76bc
951b
967b
e4d6
104a
2729
12f5
5e98
b1e2
bee6
6125
a099
8fed
7e0b
d374
65eb
5480
ec31
0fe2
a1e8
aa82
af72
5102
c00b
f962
2f35
89b2
c0cb
014b
4e30
25c6
3837
eab5
66fe
e7a6
4e93
aef2
2da7
09d6
a530
516d
d553
38c5
8835
bdc9
e0be
0a2f
06e6
244a
8ce7
fa5a
ad0a
9ea2
1c82
7a59
2c0d
3466
28cd
18ac
eab4
58b8
8f25
5c9b
7979
e94f
b740
d10c
33fd
c625
3b8c
5b27
d89d
3873
be9b
a6e7
93ce
64bf
7d9a
b13c
4cb2
3ead
cb88
8894
ed96
c2da
8201
e37c
53f6
43c4
0d4a
50bb
f5de
0ddc
906f
3143
861e
50f7
0294
58c0
eb03
90a4
52a0
edb5
90cc
d300
296f
91e5
0180
7553
f445
050b
d1e4
340d
7e6b
e3c1
b980
cc65
593f
ae8c
4ccd
f6ad
af17
d8a0
b1f4
3239
b0fe
b8d7
a177
d1a4
4cd4
3cf4
d579
981c
ecb1
bd66
0f14
2bfd
b0e4
c394
130c
eb3a
7d28
e763
17d3
a05b
501b
0c3d
b900
99e3
bead
9f03
6e3d
1f19
4f64
fa17
0c2c
3b12
ddd6
3028
d54e
d7d5
6106
112a
bcbe
bab4
e3f6
57da
2926
ee0c
79b8
c151
e07d
2eb9
5b4e
2240
0179
5607
9e80
8a1e
3a80
67fa
fc79
4f84
1740
e2f1
70d1
c3b8
d03c
e12f
e02a
2c2a
0750
e0f4
ac3e
4a4e
f26c
4fee
989d
c839
cdf7
1d7c
0e8a
b69d
1a4e
014b
bf86
128a
7696
5348
8dbe
9f3f
cae6
0ffb
1710
54f5
8993
d7fa
49dd
05d9
a25e
802e
8645
18b1
74a8
ce87
9b58
5bfa
e56f
0fff
4d9e
7bc1
b74b
87fa
c938
6704
7c0a
888c
9abf
cc51
11d2
aeb7
98ab
40c1
2f22
7852
dc46
efd3
1a76
d695
6f97
e728
722b
1e51
9270
868b
00b7
88b5
16dd
f660
22fd
38f6
bdca
e7b2
52aa
479f
2482
b953
4db6
4a7f
52f9
56dc
6e54
3d5d
0dc2
130f
983c
6170
7bb6
91d2
3dc7
2a7f
5556
83f9
5ebd
d560
2bf8
082e
70c3
6ae2
ecbb
c302
9956
2492
5fd6
06dd
16a3
9b18
1abf
3c95
2436
2855
3aea
1c41
ab3e
ab48
7b85
1cc6
41db
a170
677c
b4ba
7451
4ab2
c67e
d351
a8d2
9c88
9bda
531f
f3fa
b1f9
9941
0879
743c
6d08
6a9e
dd57
779f
9b1b
6192
97dc
a07e
6b3d
5b7f
f8ea
d57b
bf4a
2e34
0773
fdd6
6f9c
1332
9365
b245
aa4e
0777
ce3c
2d40
119d
ae7d
b5cf
d7c7
daca
2e33
725d
b104
af14
04cb
742d
ac5b
59d1
ef7c
25d1
5432
a516
8198
d575
0194
f406
c8c4
9467
7b24
7377
b1ad
37b8
1d21
a002
0bae
c6ab
11b2
353d
7cd6
57f5
6feb
b9f6
e9d6
e2dc
7f47
041d
3a04
e1fd
1c07
b5d2
3936
80aa
37ae
920b
11d2
c27d
d077
2257
2135
dd24
79e4
f47a
556b
906e
ce43
6852
89bf
0dc7
1ab0
0697
6bf0
78e8
1475
cc46
4bdf
af03
5b7b
93a7
5c8a
7f19
446f
843e
c762
ca02
6791
2eaf
c066
7cb5
ac79
d91a
709f
012b
5ba8
a823
dfd5
1fba
1c12
74bd
cdd3
7bc5
334c
9532
5190
f4db
674f
3050
5f44
3e6c
0150
036a
1d64
d403
3022
02d4
5c44
deae
4403
f9a7
71d1
761f
8937
7ef3
248f
5293
fd95
6a23
de87
858a
9baa
90b9
90d4
bc82
5c62
1777
7701
2bcf
0c45
97b8
8c04
2871
bcb6
e175
f97a
34c5
5d72
4cac
2693
0e06
5b19
b898
8a8f
19fa
34ab
b298
7476
e759
c307
f47e
3778
251f
1ab7
1384
b6c6
1f64
1d01
7c21
b185
b819
773d
28fa
cf21
bf71
365c
bd07
6da1
cf8b
40df
6a47
8861
e4e2
1bca
0d90
8c3a
a8d3
cdb6
a744
deb9
60ff
5677
0071
94b1
aa73
94be
2525
d839
652e
2635
ab06
68ff
c540
ea62
52ce
634e
c52b
68bc
8473
51a4
e91c
6c8f
b032
6ea5
76ff
06f1
1892
79cf
7626
c38e
7161
de1e
b29b
eddc
1692
9715
1781
395a
1986
d0dd
b0bb
16d9
a13c
8105
8ff3
6ba2
317f
764e
16df
a458
8e1c
97d4
bef2
b550
6bc5
8ece
2c49
35f1
6f3e
abb3
f6cc
27a4
a38d
3a13
1eb7
d4e8
1f57
5653
d4ae
ac71
a4b2
ceb1
5937
b65f
fd86
c284
edeb
60a2
3496
4f9e
c35d
8c6a
4b42
4826
442b
5c68
944f
6d25
440e
6b83
afd9
5ac9
1691
ee7a
a9fe
c914
8b90
5f99
60b3
27a3
fbd9
1ca8
0580
fa4b
29ec
26be
f447
6771
1b94
362e
8907
4e64
4c21
5110
2eb0
8f49
98f6
250b
baf9
be2a
0247
3fd9
599b
7bb7
df8e
a700
9a0a
080f
8bd7
64cd
88b5
e8bb
5ba4
af56
4483
26bf
4e25
5a3a
b59e
58a6
f201
e1d9
ac4c
44d7
475c
8b1e
b65d
89ef
3f83
7007
1b26
54c2
cb7f
93b6
efab
f5bb
6dff
1a7f
f091
fb86
3c1d
ebae
0979
d08f
871b
657d
a1bc
24fc
8724
dcc2
0a49
3aa9
387b
41a9
6416
4057
8fb1
6321
b543
bb09
215f
040f
1fad
6bc1
6479
fc5f
6d57
9b58
54a4
0b3e
1d57
73ee
b0f2
a574
49e2
c95e
41a9
d80a
9de2
63a5
c753
812d
a6fe
6f41
46cc
1604
f42b
7082
515d
f04a
daca
f56d
89ae
c1e6
700d
3b59
9551
6d82
66af
9809
c8c7
9b87
8587
729a
9c13
3ef4
c008
323e
fc11
24ad
1220
b27d
e899
0d68
c90b
9bee
050f
2ce6
cc54
d473
82ff
80e7
7913
158c
d44a
cc29
ff9e
83fa
36a7
4cf2
fe09
b11f
cf8d
c1c8
1ada
f413
8c4e
3b85
a788
2b7b
0dbe
9d8f
5aac
f641
0ec8
e2b1
fbe5
73a0
fb50
e916
a458
b81c
008c
89e2
780f
d080
e4d8
8c2a
c834
2afc
c031
13e3
98fb
e066
26c2
bf62
0998
7c5f
500a
e18d
222f
a371
efd0
0086
4595
85cd
70f8
9407
5918
b7cd
c73c
726c
4d08
2a5a
7b99
36e7
884c
270b
a4c1
3084
7d04
f275
7cc8
bd82
7feb
c464
c78b
0670
7156
b47d
e595
ef96
cf79
68c4
2af6
04f1
2d6a
f887
2a49
d2fe
c0aa
46ad
2a02
d325
ef90
f5e7
bea6
df30
0037
121b
d2b5
2aaf
772e
729c
1ea5
6371
60b0
7ff6
0739
3e34
8e2c
6ec6
3dfa
fa3f
7f47
2387
68af
de48
ee4e
eb29
a5b4
56e3
3ba9
7a1f
7c47
5d31
a6f0
98cd
1619
fa80
bdfc
d377
90ff
90fb
e307
91c0
8e16
f516
5907
a58b
7ffb
f39f
5d79
05bd
411e
83c2
f7d1
0ce9
0e91
0bb9
02ef
6284
9b40
9482
8c18
4ca7
3327
3781
94b6
39ee
789a
9109
56fa
e236
2311
3263
9696
3baa
1b6b
2b02
3e6e
952e
2c77
3eaf
da8e
c28f
b947
86d8
27fb
f655
45d1
1c92
9492
e5a7
221a
3e4d
cd51
d47b
3dab
1703
aecd
5c1c
fa7c
7755
37c7
8686
7796
e47f
5eb2
f4b7
f0b5
adf0
77f9
804e
3f05
53a5
45e6
8c84
41ea
8d04
06f3
f617
4741
668d
6201
aaba
177f
1fb3
cfbb
1c62
6dd8
1cf9
d7d3
f5f0
0aa0
0147
73dd
61bf
c1f3
73c4
5a77
0ddb
d7a5
47a3
a8f1
8c93
0434
bc65
86d3
db38
a8fa
39aa
51d2
8585
9eec
65a1
23ec
2b72
b6dc
bec4
93f4
5bf4
4b71
6874
1f5b
fae3
3a53
9293
30d2
6ed7
c7af
0121
4de1
b3da
b821
0ee0
0146
2405
e63c
27fb
2938
9efd
542f
ad42
d63f
f536
362f
5c8b
a455
cd68
1d6c
1067
27bd
e092
743b
2881
4009
d35a
4a45
c003
9527
b450
de36
ffb3
fc37
1e7e
7c27
9292
bb0d
1a3a
9f9e
5be4
fd0c
054f
9842
1a59
43cb
d188
8154
78ca
f910
0f15
94c3
6d6f
eb4e
fa95
b389
128f
e100
9394
56f2
cebd
b011
b627
68dd
530a
db3a
6690
14e9
a24a
25d5
88a5
50b9
e0c7
3fc3
461a
2560
0405
71b3
dd55
52cd
d3de
43b9
fe74
9e89
aa26
1a1a
fef9
51b5
f098
a04c
4bd9
1677
7623
9185
e2fb
7185
a59e
f6d9
88da
4125
7487
d9d7
df07
7a41
35bc
d692
02c1
3088
b670
d036
87a3
8e72
4a6b
e9b8
9b02
8f0a
5c81
7e5e
eed2
8c62
026b
93dd
d124
2bc2
77f8
9623
fb75
3e59
8cd9
767e
6e43
52c1
82f7
5fc7
3e2d
a78f
b19a
55c5
2b29
b7e3
383a
9811
ab4a
a55d
83db
3873
f06c
ea94
e94f
42e8
3e8c
c521
d345
aae1
105b
10d3
dd3e
e609
d243
84ac
6494
4309
8c8b
f0ef
3094
f445
1fb5
1ec1
3f69
060b
d16f
f508
bbc4
1ef2
fadd
a17b
a73a
05ff
08ef
d279
426e
cd91
bb79
6786
3400
03bd
7d55
7e65
23e6
fec2
c704
a2b4
1fe5
b6dc
164d
48f1
0c9c
026d
b483
1ad3
ea85
b6a6
ab54
1902
c966
c3fd
5d49
6333
997a
a819
4960
b701
00dc
7366
01d6
d1f7
aa50
a4fa
425f
fd77
9b87
fc77
4c5d
41bb
8b5a
80de
f6a7
d801
71ae
5c8f
3dc9
b307
9aaa
0b1a
9e00
6cb0
dea2
0441
c2a9
681b
5dc5
c4bf
cc83
5dc7
0559
6dca
589d
4f46
6c34
5af4
fa25
3bdb
f248
acd0
40bb
fcb7
1d2a
0a93
1ddd
cb33
32bc
78b6
4a35
ecf2
94d9
df7e
cd21
a01a
f3be
1bde
da13
af77
c559
6684
b675
42d2
6f56
682f
6229
6f74
0849
3649
e633
7f75
bc15
eafd
9bf1
72c4
b516
f132
9047
9764
02ee
f840
a0b7
43c4
63c7
91eb
8615
1832
1097
0901
2fd8
0bd9
5021
2b62
a930
5787
1547
33af
6037
776f
82a6
2ef9
fc8a
6440
aabf
bcb3
99cc
8362
9a70
80b0
9b2d
ba98
b405
8c4f
51b9
ce22
df51
9fd4
dcc7
aa34
befb
c62a
8e4f
4161
3c60
873e
2a85
5efd
a058
12a2
f293
cb11
47d8
de0e
abc5
b14d
e47e
2b57
634f
a25f
f3b1
a8d0
b22e
b89c
f103
9c02
7f46
52b1
18c3
e815
c072
0404
4b93
ee31
c8eb
9783
afbf
32b1
5760
dbbe
ef72
c093
5e7e
8155
5f26
ad9a
5bfb
c8b6
cb19
248d
5e97
c771
442f
1a04
188e
f05e
f197
0177
1a37
7b55
9707
7fa2
65ed
d8f3
4126
af07
f189
db08
b680
7c57
8471
bef5
4f3e
6111
80c2
f534
4248
bf0b
abd3
68f9
cc3e
cdb8
1cab
7a42
3217
4c49
c3aa
5837
83a6
f823
062b
2255
8855
fd10
7c61
d2a5
1885
e769
7778
c789
6c1d
11bd
69ae
90d3
891a
d708
1373
36b7
0b6e
1bc4
277f
aa48
a5b8
10a8
4f6c
3b7e
d460
dc07
1c7f
29af
dc94
bc5b
e28e
ef32
6cd3
0029
0ea7
fe5f
a357
3cd6
d545
1d6a
f2ce
c1d5
978f
c40a
849d
2565
97fe
c453
ba54
c8b4
4529
1103
34c6
502a
7e94
d143
f544
f392
64ac
29c7
4601
af3c
82cd
e7ab
6de3
d45b
ee1f
f232
585f
3efa
cb34
755e
187e
9580
7aa9
8589
3c42
fe6d
521a
72ec
2dde
ed2d
b7ba
9f71
5e1f
6820
a388
22ee
b13f
ce1e
9727
1075
2eb3
6594
dffa
1238
3e87
411b
b4f9
a402
8064
8076
1ac1
6352
7115
07cb
4374
f329
0d08
c623
7dd6
bccb
a052
bc06
5944
7a49
b638
448a
1874
a629
ce2e
938e
db7e
2011
5d3c
14f7
a053
678b
fce3
f9ba
daeb
4c5a
861b
d451
6674
e5b4
d2cb
c9bb
edd9
bfaf
218e
a0ff
8800
5bb9
497b
8f1f
0d60
ea25
628e
a7cb
275f
c999
2888
972d
a006
ffc8
7d42
6c1f
fc41
633e
9f8e
3df1
e8a8
25a0
7c32
d2f8
6c87
909a
ac0d
d218
e71f
42cb
25c4
7988
8d03
5912
7b2e
5d9b
df39
9ec4
4ecb
b089
2c26
182d
d5f7
d3e0
1cee
9c4e
4694
a1e3
a535
f36b
e198
f817
311f
df50
637a
56f8
4820
3538
85ae
a677
3527
88a4
59ea
5ca9
143c
ea9b
b13a
1d9e
107e
0aea
a854
f6cf
e3b4
bdee
ec07
ad93
684b
79a6
ed7e
e161
c192
11f2
612f
7421
e139
809c
c4a7
be96
49a8
befa
7880
061a
cb7a
cd4e
ec19
1aaa
102c
f6a4
14b5
5d6f
da24
40c9
4b3a
3f6b
018e
add5
3c38
cae9
1fd1
07ed
63ce
a208
1578
2c6a
19e2
5890
e2c0
49da
5e6e
54a5
d002
82c3
fc8a
add5
b017
73e2
f701
7178
9160
c3e0
95a9
6bab
18e7
e66c
f530
e7c6
826d
c914
e7e4
5ccf
9db2
0c18
bdb6
c082
e3a9
cfbf
f3d8
b32f
fd9c
b365
a60b
8c5f
1512
1f06
fe06
5cb5
0dd9
a015
3765
d5ff
7d80
ce9f
d441
1914
3241
088d
b5ca
0f08
0104
1627
f5aa
eb6f
f63d
8204
9c1d
42b3
d0c9
4129
e041
6324
c9f3
f08c
8361
584f
3db8
ee0a
eec7
2874
2685
5524
da0b
09be
23af
ad5a
502c
aa6b
5d7b
3477
6c00
de60
a977
671f
461f
6c76
7604
7e53
84dd
fc9a
393d
9242
a1c4
c637
bf7c
1a14
f425
b5aa
2211
9fcd
3a04
fa4e
afe9
8ada
20dd
eb23
7a6e
c164
69ea
f456
4683
e361
3b15
9d45
59e0
77da
b5f5
3277
6aa0
f6a4
8c1f
eb83
a87f
60be
3216
29c7
36e6
cd0f
7c77
3624
13f7
2dd1
95e0
5f98
2ff8
fcc7
5d24
9ea0
3321
88d4
5636
7653
09c0
a26c
7349
836e
d9ca
13d5
e06b
891d
f5b2
dd2a
b47e
33e4
435c
93d7
1903
a135
0374
304c
9845
a47e
6470
f7b9
2128
2acc
4b31
5c49
da22
a300
d8d3
e20a
1c08
44ed
ecf3
74d1
60bc
47b1
cc0c
7c38
9117
2afa
f725
caa0
2f5b
778a
4fa8
3fd1
0f96
bf2c
bf62
be41
7f78
430b
cfd4
0510
08e8
cf8d
3af1
a02d
d021
b36b
9f19
197f
1518
cb1f
4294
da4c
25d0
f8f3
d20d
cfd8
3dcc
c87b
3490
f17f
9b58
8094
98c9
d120
2689
c821
a2af
5c4f
e37f
be0e
98d1
9e09
2ef4
564e
d849
5090
d781
90ae
0ed8
e2a3
546c
d5db
488b
8f21
c851
a9da
3725
4c17
6e79
0d91
1156
18ea
0b2a
4574
3017
120e
216e
e582
45a4
64bc
4a4f
cc24
72f0
f798
fc87
39a0
3c4e
0281
347a
d76b
840f
a5db
4b94
9ede
4fd2
c9fd
01da
897b
5e3e
fcc8
9506
36b1
b1cb
68fc
cc17
06eb
6c23
7f03
1852
d5dc
7848
1475
9359
957b
980f
d31c
2ffc
ca14
5b4c
44df
98b8
a02f
d2f3
8279
e1dd
0872
61b4
c6a1
caea
e6b7
f4e5
58db
4dee
a5fc
1075
9ef5
ebb0
0e88
9170
a755
585e
f7e5
1234
52b9
4430
bebb
6e06
7d51
f26e
6072
b72a
808c
27b4
2ca8
24b9
a188
ee8f
ccb7
f627
2b13
157a
f234
d741
758b
2195
9e1c
5b90
2118
ea88
a515
0e2b
904d
4977
1ee1
feba
061e
20b2
a947
cb29
41be
7d19
97cf
170a
477b
40e8
06a9
5db5
0d5b
8091
bbc3
1cd8
28b6
55b9
c041
505a
eb93
2207
9d38
06f0
d74d
0db4
e732
0ed9
90b4
3b06
2323
be2a
b7a3
9f2f
b32e
212e
30fd
f734
9168
9f43
4fb7
b863
e2bf
4f80
1cc2
2eb7
505e
3235
8a40
cdcb
6339
ad59
2207
ad9a
79bf
a513
bdd2
7601
9871
62bb
0a04
4dcf
cede
ba6f
a54b
f74a
08c5
8c44
f20e
3f8b
7d9f
bfb0
7fbe
1153
a1fb
e5d1
88ad
9a3c
89f8
1903
9cd3
eb43
5f10
5676
36e9
a848
d68c
7ae7
ff98
ebc0
6f25
ad57
dc8b
06ea
f6be
c8ab
429f
ee6c
0384
c1a6
ceba
8aff
d6c8
9492
490d
f603
d950
9956
d874
228b
9816
dc1c
7abc
e5f7
ed52
b040
e2a0
0b19
a399
93f1
75e9
63db
0496
2058
a1ac
1826
f401
e36a
c426
7c19
6955
685c
7672
8d55
db3f
7093
d973
610b
2451
5174
dec1
3dc1
e192
1d12
daf0
138a
350d
6859
d050
5771
f211
1600
c711
40ee
5ca8
adff
9b14
5bc5
42f2
51de
c5bb
d9e3
bdab
b382
1941
6167
461e
e342
156f
c98d
947f
d71b
bb6c
74a9
23d4
6c3e
43e0
934e
63e1
0cae
9ec9
0114
0fa3
7278
1567
839a
77c8
926f
f2e0
672c
cd75
2805
359c
4d60
6255
f656
bc00
dff1
acae
f077
4bc1
2bcf
0cb2
d93d
2a3b
5d01
007d
6782
30cb
6ab0
ab31
795a
2b92
7036
3c27
d331
8b24
a7ae
4643
cfeb
7962
3d10
8bf4
8cec
a672
a207
fbad
4077
2606
d679
4965
1680
be57
09b8
e720
154b
69d3
53b1
d664
a7d3
a16a
25fe
ab11
cc01
8fda
5223
f7a2
4a52
0d37
f23b
1e20
97dc
ac93
a513
1021
5c32
57c3
9a31
d97a
de85
52f7
ccf1
b37a
180b
3899
cc3b
8587
9055
b593
ecb1
5244
95b2
7bdf
1536
220d
5956
aad3
ffe2
390f
d7e0
e050
4415
5290
8f8d
566f
776c
959b
860d
86d6
fe5c
a0ec
1d01
7d6b
55aa
9411
8680
d291
3111
7348
eb7b
b874
aa16
12bb
90fe
b68d
0e29
a61c
a842
d40e
2303
b4a0
9cb8
cc06
3882
bd1c
fd2a
d87c
b7be
639c
e24b
cc0b
eac0
93e9
bda8
6a1e
5f7c
11fd
8136
b75f
dac8
7bbe
1836
54be
b465
67a7
74be
0c24
96ca
20ee
bdaa
e452
829c
cf05
3f39
666e
30d0
bf90
7938
e246
3a46
1de5
fb55
9764
b3da
8369
7b39
822a
ac98
aa8c
dde7
2c96
2af6
f3b5
d0a4
ebd1
e93f
bd12
6bed
2c51
c50d
2dae
2653
432e
0af4
3889
da1a
491d
e3b4
3382
46d7
c914
df3c
927f
9454
caac
e1f7
0ecd
ae2f
7f2c
6d23
0253
3a95
d384
e7b3
304b
5b8c
9adb
3270
e237
5f93
7413
a3d8
bcb8
7f5f
abdf
90d1
ee33
786d
1ca7
5932
9064
1c63
84d8
71c3
c326
e7f4
b842
2a9c
7de2
da94
7e14
d857
0592
7946
6558
0bd2
ef1e
a255
891f
1504
8bdf
84dc
b6ff
90a6
e748
f8b5
95c6
2654
a71c
6c47
d85d
055e
0745
1d16
7ba9
6b4c
9492
b7b7
be03
1ee9
8e81
bc5c
9dec
4e19
dbb8
1937
fafc
bc7d
d21f
2af4
6568
7f6d
fc05
e4ba
c28b
2627
751f
e330
f26e
c748
d175
d3cb
56ca
7ae2
4dff
98b5
91df
bef0
989a
f9bf
b5eb
f299
aa01
9009
1910
1d53
3fdf
a2ea
8e9a
05e1
e73d
9b85
d49a
806d
cd7c
74f0
b629
a544
2014
e270
d102
995a
0d07
d1e9
1d80
5916
d79c
7a07
4cf5
c7f7
d235
1971
bc81
bdd9
d4ca
2365
f9bc
75cb
9dd8
6bd6
0ac0
6f93
bc13
0853
299c
0d56
af09
64f4
41d3
b131
6ba0
b9df
9cd4
1ef9
9762
938b
d239
08a1
f7ae
cef2
528c
f619
ff07
2e1e
9956
27c5
fe8d
9878
8356
5c9b
7f56
27a7
8e3b
2e18
cf9b
1e77
44cc
1ac2
ed49
a246
70a7
9af0
f443
51c7
b56a
174e
b816
619a
1e39
b027
0954
c6ea
97a2
9843
9fec
396a
b522
fe42
2712
fea0
4b64
60ad
bb77
4e72
3aa6
0c75
7409
32fe
dcef
c647
c88f
b9fe
1fac
8c9d
4be1
a4af
a0d1
63f7
2aa1
1d38
a012
1266
0d74
3105
94b4
ecb3
0eb6
3cc0
6db8
ca11
c697
5bfa
7425
9a06
a6e0
522b
c0e4
61a8
c99a
36c2
22b7
0b4e
819c
9062
7d23
29dd
dd3c
5174
6125
73d4
8e6f
ac9d
8dcd
54dc
d175
f261
3d98
0214
a18e
d171
3ca2
9daa
f138
2cdd
7fdc
c5a1
50f7
3d20
4f05
93e9
122b
9dfa
543f
6f56
9fe5
8c32
4d6c
49e2
1360
2e58
5970
20a1
c99f
bcfc
d976
1fae
02cd
1815
cdad
c39d
cd28
0708
fd6c
8dd3
d349
15f6
47fc
dbf7
26f2
4969
7ded
f3aa
2cbe
d523
9ad0
eeb0
b693
3a60
ce8d
e776
870a
d480
5ab4
8a18
e278
93d7
200b
5c3c
6ebe
f95c
89f7
a0be
26b0
d1fa
c8e1
b8e7
a5ac
4a5b
6b27
e657
5c6e
86e4
a16f
2589
e62d
bb28
a3c9
d943
83d8
dbc1
100b
ee1a
c8e7
f16d
ffdd
8ced
a3f9
5e32
224f
1be2
0d22
1058
ba64
963a
8b2a
38fb
0ab8
4da5
5075
bda9
8cfa
88b8
228c
2083
6496
3afe
c3a7
e43d
6282
1c30
667a
a8d8
12e6
01ed
fd95
4de6
9afd
72cf
30cd
635a
b020
6b0b
5f6e
8c0e
16ad
3b37
bc79
ca14
45cc
d2a2
48e9
2d8f
1d63
67e8
54dd
e88b
c22b
5bee
0356
6562
8bf2
203f
0663
c812
ed32
1bce
8c6b
0399
4e25
081c
25ac
2794
0f72
438f
93e1
a675
e3e4
0ee4
1b07
5e51
888c
f2e9
f26d
4fb3
914b
c3c2
3c27
d651
23e3
bd26
ea54
2b9e
71c3
1da6
8966
65d2
a01a
4323
4e0f
5d06
9fb9
68fa
dc1b
4adc
a28c
21b6
513d
3c22
543b
b4f7
57a2
727c
8cf0
7abf
719f
a8b3
ff03
933e
a605
d23b
235d
c116
4591
c5c5
c35d
1c9f
7924
e520
9592
5b6d
7e1a
f60f
3c7d
538f
19c1
4bf7
bfc8
c1cb
f4a3
a399
a754
3d32
865f
36bc
369e
aa33
1886
c4c0
c8dd
c9a3
af98
61de
35fc
b209
e5fb
e13e
e013
29d7
c6f6
83ec
5d93
e793
2cbd
3ae7
d4a4
03a1
57b9
3a15
1208
5558
2f38
b769
c471
326f
beeb
6496
3439
423b
a8d7
3f7f
b918
4b52
ce5a
9350
477a
35e9
4cc8
432b
c602
162c
b5b9
ea8d
30e9
7bcf
ccf9
f2c8
c0f4
24e6
1673
8e22
2583
0e10
c3d5
b37b
af73
fad0
c61d
f38a
9634
b7ed
6c81
2115
61b1
d895
61a8
5f3c
2e13
b708
2702
044a
866c
a101
933f
91d6
7147
742d
2632
de8f
2f1f
7185
7274
ac45
677e
7c59
837b
edff
d387
7d59
75e1
2c05
7b74
bcc3
6d99
e2b6
243e
68b2
223d
f4e5
4374
541d
e99d
d25f
151f
cd60
8b7a
b485
b5ff
597e
43b7
2297
087d
5742
fe32
4a7a
20a3
7018
ab63
e6a5
786e
4a86
dde3
2e01
83f9
dc30
09ff
673d
f740
ddfd
ec55
828b
8f64
68e3
c878
df77
9a30
43c4
9b40
84e7
bf0d
c707
83af
cd7a
fb20
ff4c
697a
84d3
8b41
7ed1
98b8
fbae
66fb
132d
dc6a
c789
e283
b6fd
cdc6
d1bb
f525
c1e0
3674
8c95
3f28
3b20
a207
1290
1a45
d156
69a6
38be
be08
7701
eef8
1990
476c
b1bb
a779
3913
62d9
bfbe
eb99
a43e
59e7
99d7
cc74
52b4
d593
0fe6
4c29
30ca
958e
8a94
0565
8616
4002
9e7f
2511
90f8
4146
bf4f
3c68
6b84
4a97
9e60
a0fe
f626
b770
c5cf
1bcf
7a99
c8e9
072f
19fd
f437
9ec6
9351
581b
06cb
2d5f
26dc
f5cc
d58d
9e52
2b55
eb06
4bb8
99fb
6603
514b
8849
193e
cec5
345d
afe5
1b9d
4b6e
8bd6
53e8
26bf
4bb0
3a10
2008
ee4e
fffd
699b
ef99
71e7
b807
51e1
c945
bb78
c20c
60af
38cd
3592
835e
5fd0
f533
fe33
77fd
a525
aca6
784e
0e43
39e4
455c
a61b
564f
7b15
22b6
f571
4f03
9e8f
c02f
f785
9216
38c3
33ae
3a32
f1f5
c5ef
7449
a347
b56a
e106
c368
dfda
f218
9d1b
1c4b
df04
42b1
46fb
2060
f80c
4737
79b4
b813
93ad
0b88
3690
7c6b
0e37
129f
b4b0
9c2a
6866
15ea
0de4
46d2
0fca
fc30
1b7e
6b81
b4f4
eeba
4fbd
1530
99c6
27f1
3f1e
8aa6
bd10
e9f5
16dc
a2aa
0e0a
341d
5cdc
b525
aec6
e858
1345
c75e
260f
b37d
7af5
b7a8
acf8
81fd
084d
4cc0
1dc2
2a92
1524
d3c7
08a8
1b32
8c82
3059
f515
48f2
7898
2410
1144
36c8
5de6
e2a5
d0e4
6f1c
4081
69b6
8f01
6dbc
0c48
d34d
2856
83e1
a0bc
b125
2f47
6d5a
c928
4f91
e2d6
b3cc
6e00
1dee
ae74
2d90
5ea0
b697
74f3
4382
2d4b
9b3f
1947
8712
49d0
230a
0ea0
009c
d1ff
ec86
5275
0909
7ae7
71ec
59dd
5b43
04c7
7209
4720
6a25
52e8
dffd
dc1f
c423
a308
37ee
cacb
14aa
b18f
de43
847d
7d8e
5baa
24b3
e235
f000
f2ce
9247
8aa6
62f1
3ccb
2f84
bd87
65af
f38f
90f6
e8a4
1198
75c9
2cfd
7303
22af
48cd
9cbc
8fd7
5396
6309
43c7
395f
2b78
9485
00b3
513c
9993
229e
35ca
7926
fc99
8c5d
6428
743c
61a2
2d26
6937
56ee
208f
795c
05e4
4fa2
d6c6
10da
e4d7
471c
59b1
8b2d
ff95
4f10
5c13
0a06
1362
1e0b
be7e
315f
71fa
de44
008a
4795
6b99
725c
39c0
15cb
7a49
ca39
0d61
dbd2
f0dd
4e5d
bfc4
00ce
e8b7
41ee
238a
d012
ce1a
8d1b
e31c
8329
afba
74c8
4c01
fb44
b063
0d94
502b
574f
d389
d1f6
17ab
c311
77a4
ea01
43fc
a7c8
148e
d400
1949
208e
ff32
d804
7a2f
f59e
f78b
d927
d856
ac4f
7829
5f19
67d3
12e3
a730
adba
82d6
f7eb
bed1
8444
44b5
ade5
3f31
e546
9571
f742
f652
fbeb
189d
a8d9
b05b
d6f3
99b6
ddb1
93a1
62c8
48b4
02b5
e44e
f33d
946d
b86b
8d29
0842
61aa
8fde
b244
18ad
4447
5d94
8b29
8591
7e73
fa4a
5cd6
c397
7271
7b09
eb6e
7988
6c00
6f1c
d86b
cb53
776a
e2ce
da9e
a089
4659
547b
b444
ef5b
e171
0626
773b
70e1
aae3
57dd
f5d6
d0a0
7627
b5a5
06be
f6ba
31c8
7967
5312
1201
0e5c
5916
941c
b331
0066
3ed5
e2d3
faeb
dc3d
5b7b
b368
4a5d
cc12
0f08
6be1
6307
e1c6
71f3
b786
37eb
8c00
7235
42c4
68c3
2fe2
f312
1007
a974
e88b
4178
fcbb
6699
f18d
6df5
caa6
efe1
7bb5
1777
3eec
4a1c
f3f6
2455
a23e
f864
f91a
590c
3213
ee70
de2c
b637
f0d6
af04
c1e2
cf8e
df76
1575
6c79
3165
ebeb
f516
ea08
6f76
a1ea
9350
d11f
64b2
4bed
2198
6084
f387
c4d9
2877
f781
758d
f5b0
96e5
9891
a113
40d7
5dea
786e
411d
2cb7
128e
47b3
a1ed
6792
877a
397d
9a36
2ce3
1e84
cdfb
8d3a
a428
6c79
9331
a7ae
1a54
b8f8
3e3c
9762
7084
6d30
7bcd
b7b4
75f0
51db
41d3
2c2e
a67a
8094
5916
427f
3f5c
693b
11ce
b2cc
ca35
ead2
171a
d496
cfba
f705
df00
baf9
807c
2924
59eb
b27a
98fc
1684
5891
d9eb
e683
3e7e
51e8
1029
fd05
3b17
bea8
3c83
3cef
058d
77a2
045d
3a08
7aad
abc3
b79f
f5d7
6d93
421c
7049
ae66
af97
a55e
0d9e
f658
c70f
d649
61f7
617c
4d46
2a78
ddb2
a3a6
ecd6
e411
d164
e69c
281f
56d8
ff02
9834
3d91
396b
df47
1ea8
de9c
b1dc
a889
1edf
bf54
ebb9
5941
ff4f
6e7f
d642
3cff
a466
0d83
12d5
333a
0ca5
456f
f155
6ecf
1f3b
e327
25c9
5bbf
43b8
4413
d36e
6092
480e
ad3d
6c8a
50d7
811f
53ef
4479
d063
23a8
4632
80cf
dab2
725c
8fae
b368
e9bc
6fb8
05f5
f298
7a03
0f3c
886b
ca8e
b9ac
c248
744b
1bb8
fd42
ea5b
7e55
6193
7428
3b98
a5a8
1734
e00a
5669
aaf2
4d60
f51c
7003
9672
cd0f
c98e
4658
9f05
40d6
f772
0534
c24e
5e80
b38a
6313
1401
1aa2
16e9
b64b
c2a8
0ce1
a83d
886b
a440
9a77
f047
d33c
45e8
8afa
506b
1343
1f92
af1f
8f05
a67b
6550
5490
6292
f1be
d3ce
e571
776f
2b68
3bb9
87b0
7ea1
508c
6f01
c76d
b222
2506
88b4
5f0a
9f8f
7d45
6f8d
66d3
d5ce
3b7d
f4d1
cecd
da12
ee14
f2cf
208d
a4d1
4fcb
43b8
4ca4
89fe
074b
b309
78bd
2b53
8944
d40b
7d1b
6270
2c46
1e2b
4005
613b
2859
7736
88e8
811b
a3b6
02b5
8486
5c56
76d3
5b87
4bee
dcab
5f19
38f5
9bc7
f75d
962c
a175
c0ab
f7e6
a334
a3f2
fce7
f589
b679
2994
3d9e
7bd2
e7e1
b089
7f59
c1e5
e4b8
bf1e
2207
6daf
b085
e345
3ac2
4543
fc5d
4c74
21c0
324b
8b4b
0fbd
1b3b
44bb
b6d0
3057
d15d
874b
f4b6
dc6d
5415
8123
1d9c
8090
d562
0326
c091
3e54
91f4
0c10
1598
34a4
345e
4a00
8e56
037b
ac58
5493
15f1
4fee
872f
1f5e
329b
5eb9
4798
708a
372f
7fd3
f849
63ab
ccfe
7903
75c4
bafe
a7f5
a92d
affc
7c51
c24e
ba54
ee20
c4cb
606f
c87d
b230
0c26
4a44
61a4
f940
fda3
35bf
76aa
6b2c
50b6
8061
d2b6
15e2
01d7
14a5
a4d3
c9ee
e653
bf83
7b5e
e908
419a
ac9c
7a15
b8f3
6bab
c33f
6875
ac87
50f3
19b4
4d83
961a
2ab1
8097
c2c4
6ba5
8392
a112
4d6a
3e48
4021
35e7
b890
ebe6
7c26
d421
ef37
ceb4
c83c
bc05
877c
c07b
6a60
cb5a
b2b4
0a14
90b7
843a
a926
f603
e703
29e7
99ce
09b6
52de
a7df
356a
8394
8322
769d
24f0
706c
9b6d
f6ee
00f0
1863
945f
30e8
c351
4ceb
1abc
dbcf
92c3
868f
79be
b8e6
cc9c
8c1f
1d54
9af6
e494
fedb
3eb4
b37c
f2d9
b52d
974e
0502
52ad
d205
a1a8
19cd
0547
9a65
e96d
8330
77da
03ec
6483
463b
88d1
0599
e824
31d1
a9ae
8100
cfb6
59ee
6058
21a6
a01c
3146
d38c
1ce4
4d5a
85fa
86e4
23b6
be23
a27a
37c2
a0e6
252c
6181
65d8
6130
1a07
ac6b
f378
6480
2f7d
a179
e9a6
61fb
1993
be78
7df9
e9ce
78b7
d243
9e3b
ee88
11b9
4b0b
c6ad
ca1d
04c8
f187
ca5d
2162
0a38
d953
c5f5
14f8
19d0
7216
6f5c
d906
e06e
5dac
3596
5f89
d740
0354
9d9c
81c2
11e7
ea99
7ca2
e4f2
2de6
cd75
36a8
5f1b
c07b
8172
60c8
3e80
fc1e
c653
fc99
4285
70d1
392a
6c4f
67ee
2a4e
450b
70d4
9c82
4e43
56c1
bfba
fb9d
f6b1
b496
31df
a694
1720
0cce
0c62
461f
2e15
27b1
146e
58a2
7e68
0308
b4de
7b7a
dd74
790b
529d
82d2
f22b
0189
382d
ff1b
be1e
3b20
c513
00de
174c
8193
8dbe
aeb9
dc03
df74
1d44
391e
34d8
16ac
be81
7194
ebf7
50ba
878d
217e
4353
0f7d
daf0
1a2e
e5d6
43ee
919a
e72e
db33
f610
1f47
39c6
9f5e
ae67
eb89
9dba
c86d
19dc
415b
9196
167a
c147
34a8
2bd0
bf08
5dc3
82bf
a929
56a4
4614
5e8b
e2c9
8316
8653
de40
9bdd
cf0d
6b5a
0ba4
abcf
a1fb
cddf
7442
a8df
6ed8
4e1a
30a5
3b8b
f97f
e97e
6918
4027
5781
03f2
9c54
1738
4103
967b
4801
7f03
614b
5d8a
79b9
8cf8
8509
6cfe
31cc
1e15
62b8
9cfc
3d62
49b5
da39
dd40
f310
aecf
3779
f2f9
2096
1433
536a
3478
6db6
73aa
c83e
c79f
eca8
defd
6bbb
a664
65da
57f6
a59b
8f73
d682
2e6d
d954
4d6d
5f3a
ecb4
96cc
a1d6
010c
fab4
c678
006f
56d4
9695
7d78
160f
09fc
637b
8f22
c0e2
4697
892f
5146
ed92
084d
80bc
cd31
f7c1
23f7
0aed
5ffe
d712
b1cf
b87f
3f22
2a0c
7e82
1d01
8686
4d4b
8c3a
f501
5a8e
d6b2
f5ed
33f7
7c25
e5c2
ad88
dfb9
eea4
5ccb
9905
292e
7809
4233
53a7
039e
8013
91fe
3e1d
0036
a4a3
7f26
2022
12de
4ca7
6be4
9a1a
fc1a
a2ed
69b9
2b5b
cee9
c7be
ee3a
4f4a
1f3c
9740
55d8
ec04
c045
2bb2
c9af
3b55
469d
b671
c776
f933
25b9
b20f
ac49
4142
11c7
a20c
8010
e025
c012
6bb9
382a
1bf8
444d
f828
b5a9
9104
cdc6
7327
e333
e6be
bbde
e317
ada6
d4ab
d6a3
eacb
423c
505f
efb6
73a4
6c2b
f862
7064
9db8
2e56
c66c
b99f
91e2
b004
71c7
37a4
6338
9539
7a22
fc92
f937
ee73
5a05
c186
6856
4385
5362
a5a7
ddf9
c2af
36d7
155d
a7c2
3181
48e0
e4de
f626
e726
fd62
3829
d953
1d17
ca3c
0900
bc67
7aa0
c29b
fb59
5a9f
63af
ed3a
2ce0
bb54
78c8
e484
a3a0
affa
d49a
0fb1
8a37
0364
3a01
23f6
8b45
ff1d
2d0d
1a81
e302
d53a
bc0b
ba24
efc2
f43a
009a
4919
d2cc
ae1b
3b57
7247
345e
c12a
545d
4a79
3d43
3984
c2a9
6ae3
6589
75a8
5e6d
385d
d60d
ea89
097a
508d
b375
43ec
8ab0
b609
2983
3b1c
0841
6f1e
e1bd
e06b
8888
12ac
4081
7793
5625
5ffb
a2f9
9302
e565
50fc
cf8f
aace
4da0
db54
c945
3268
4854
be70
eff7
52de
c85f
5984
8e26
5f9f
48d2
beaa
8355
7869
6967
4a47
53bf
0fe1
e9eb
5ee6
cc6a
8131
823d
2854
d6fa
784d
85a6
3cb4
c1a6
39ec
3353
f06f
bc6d
f222
33c4
4c39
d769
e013
c4ae
57d5
a9d9
49e6
d186
aa7a
21e1
4798
2696
cb5e
67be
8c8c
605e
987f
3cca
8d50
279f
f376
02a9
6a80
a108
7acb
9b5c
d944
280f
1885
705c
a77e
22bb
fc06
7688
adf9
9ee1
ebe4
796b
68f3
f951
6b0f
2d33
5e8e
4656
958a
184f
db69
64ce
b706
9137
4aca
2fd9
d93b
d991
a9d9
4e56
c87d
310b
610b
9cda
530f
73aa
1936
c1da
acee
b45c
1e83
ac9c
a1f5
d15e
c93a
9bfa
de9a
19eb
6b63
b492
1500
f802
2d9a
f8e8
ced6
1983
d416
e13d
2187
89be
5874
9d3e
a3d2
ca09
4c6d
d332
0bd7
3123
44bf
af1d
a8f5
f3a5
858b
bc75
afa2
a673
51e7
be75
8c0e
9036
6bb3
97ea
1dd0
ac09
84ce
7c12
7f2f
1a0b
ae6c
9fdf
c367
cf8f
eeba
5298
688e
9dc0
5925
53a4
c3b0
baef
d117
ac6f
9809
e4a6
10dc
940b
f0b3
3841
e18c
4178
8557
120b
1357
3867
0689
9464
3178
ad83
5615
8adf
4530
0332
113d
18ae
1842
08f0
0dea
9933
a1cb
05eb
3456
bc26
9fe6
3eb6
3dda
99af
16e9
6250
4f5e
8330
025b
5887
400b
0ef8
20c6
f8f1
66ee
748d
0751
fd8f
b452
8060
39a9
3b06
a47a
666b
c4b1
e9ae
0f29
c0e4
51a5
cc85
b521
752a
cda4
4b06
14d9
8e23
b32b
f77b
6fe5
355e
c222
a9fd
68b0
2879
4826
5752
f692
8b8d
9bc4
e226
4907
9679
991e
011b
b796
2e4f
5281
0839
be11
0cf9
add6
a779
236e
344b
cea7
d3af
9fe7
b30c
c82a
0fc8
d5b3
308f
d620
3707
5ceb
121f
9a38
cefc
ab78
0894
b014
745a
b453
12fd
0f9f
34af
0cee
66a1
ffa0
c558
a8ef
ba88
e7a7
c1bb
72d0
ecab
88ea
3fef
1cfd
c786
ceec
66f9
a254
9a02
b2e2
717b
e8ac
c033
f370
d716
5934
bd33
a226
e215
6580
c1eb
1973
2943
bf47
3c8e
71f6
f891
cf59
5074
4997
4399
18db
ef78
43a4
e113
c573
717b
8f71
14b3
b96b
37fd
a903
e849
dc9f
a500
c41f
97eb
bde0
89da
4967
e13f
7e36
8806
f7bb
f13f
8664
aa12
2443
056c
e779
f122
b818
192b
a587
61fb
37fd
9352
e119
525c
4e4b
20cb
1bf7
1ea6
8e52
2d79
491d
f7c3
ecd5
6ede
6afb
396c
0514
9261
b0e8
ec75
d516
2d51
c941
aa04
4903
8dac
802e
77b9
d081
51e8
bd17
9c91
5aa0
8965
60e1
2865
e0ad
af39
0cf1
2da6
2d0e
ee51
2689
fd2b
e1ae
4d95
5b2a
5dcd
7c67
5fa3
865c
eb11
95b1
8cda
f245
5a10
8408
94eb
7592
8db6
7cba
938a
5034
6c8c
6e0b
2257
5128
452e
64fb
3dd0
29a4
da5e
14a4
ed63
4027
de55
9c91
1e27
97ee
7d61
41d0
2709
d01a
9909
47a9
fdab
e56f
4796
5a28
12ea
c29b
f78e
abd8
2b74
a838
688a
e1c3
c45a
7fd9
147d
0130
10ac
35ac
7f09
2a37
8f85
f0d9
6866
1e1e
e212
66d0
3a56
07f0
97ce
0476
2669
d0c0
605c
d36a
5c83
aea1
6024
c2e4
4005
9e48
1ec8
b7c0
3b00
4a4f
4f45
d251
e8f7
173d
515b
b8df
d116
670f
acc9
acd1
624e
6bcc
c66a
42bc
e88b
6df4
f885
24cc
a431
b356
b733
7e7e
8954
e2bb
026f
4ec2
cb3e
3315
e76a
5af0
9343
0a03
03a5
14bb
22a8
ecde
7bd7
0502
eb42
76f2
320b
99dd
7065
3dfb
c692
e87f
bdd6
fefc
d621
3810
9520
94ae
238a
cc66
6c13
fe53
4512
1dc2
2c1e
ea43
c2b8
a7ca
d1a7
f3dc
cde9
03c8
5bc1
8e69
8df1
0de7
4958
c435
c246
4221
b81e
35df
dc81
4f8c
6f26
5cfb
0b30
ee46
2d37
6bd7
d992
bb24
fa41
c8e3
3df2
69ba
12f3
d1d0
0c3b
3c1a
8486
85e6
ed5c
ca78
0603
8502
9b24
f465
51bb
08c7
20d0
481e
3235
289f
453b
8b40
bbc2
fb6a
4b70
1382
f534
4e0d
108a
8c6b
4b7b
d368
ad43
5cf9
b90a
a414
15c6
c475
6100
2732
9688
7bf0
6504
73bf
50bb
ca44
0baf
aaf8
a21b
60ce
702b
f24d
c077
0431
d5c3
c288
4f1d
71a2
976d
58d8
5c83
35fc
548e
8884
1d91
b325
472c
2d15
78df
126c
a49d
39d6
6d8f
58fa
0990
653f
86a2
1010
37c2
7982
336b
f6fe
2c9e
6bea
86f1
947b
2504
4d42
a12d
b994
f876
1db6
8b41
daeb
4b90
1834
5a90
bb0d
c255
4686
ee06
a15b
cdcf
50f6
dacc
855d
3039
fd6e
3d46
5716
667d
90da
4aa3
771e
f04e
b452
a078
984c
0da9
d6b8
7ba6
a6ed
9bdd
7438
3dae
fe63
d14b
c56c
afc7
ff8c
d604
200d
ed19
ac99
17aa
0daf
5db2
249a
797c
7479
6107
863b
db74
024d
7b44
ffa4
54a4
6b55
eb0c
864c
77cc
6527
f661
3462
e83b
bee0
5b43
e11e
8832
0959
6f73
c3e9
9697
98f0
834a
de73
6c6b
4a94
7574
fb9e
875a
48f6
1b0b
418c
2a32
2f71
117d
e5c4
72f8
87d7
b69c
fafc
6b9a
0384
4e75
b170
2d88
61ee
5c32
79da
1bf7
1e27
2a55
d1fa
e92c
5c24
abc9
5517
c5d0
0bcd
b36b
6d45
5b65
7d72
ff64
7198
05f0
2a84
ebc1
17de
6b48
3744
e852
627c
59e1
29c0
2391
6b5f
47f2
c98a
cf2a
2425
d0af
a33e
7576
4566
46c5
c7ae
af11
324f
d59b
157c
f27a
7378
b81a
7f43
f048
d00c
f12d
00e8
8b6a
093a
01a2
c9e6
d673
d665
0bd0
697b
7cd0
a334
2447
c847
709e
35cf
66c5
cd8c
e936
61f0
46e0
f55e
e092
fa3c
0440
ec64
a40a
3998
992c
5efe
917a
c44b
ff85
d3d7
1fb1
6249
5985
fc09
8a50
ae6d
6b93
f950
fb52
1b70
5626
20c2
3bbe
ac04
a427
d570
319a
e4b3
314d
e279
a870
f16c
3138
7691
964e
fbb2
23cc
d891
131a
39fe
7452
01cf
d92d
0334
dea1
5480
6ee5
b7a2
0919
56f8
2c44
f1ab
21f4
3eb7
cb0b
4a63
b98f
6a9c
ae75
b943
18c9
b388
ac82
404e
3c90
0214
9f93
e3df
2524
32a6
ded4
6cc2
5a3e
bbca
d371
0cd5
60e6
4e4b
585a
2f44
707b
2ca2
3ffa
ee7a
a77b
48a0
19e9
f7ea
6874
bf71
a965
725a
fd74
7595
b0b4
9d29
8cb6
0ace
1439
cd88
bb6b
e2ae
7ed8
969d
6045
bc4b
dc82
ff81
4c83
9302
0598
56dc
96f7
5c77
c5db
791d
023f
47b3
043d
b515
26f9
a7fb
c091
a47b
58bb
f51e
2dec
0905
159e
05de
e2a5
9bc6
e773
5c03
b664
91f2
f276
d40e
c635
a25d
2d54
4845
5e61
0d4a
8023
9872
5346
cc68
6d3a
7b67
29f5
41f2
0a0e
526b
7d17
da89
6eb7
49fe
2109
bea8
c4ce
4a4f
bbf5
72e5
f178
d0b1
0ce5
4cee
14fc
ffc8
a97e
380e
ca15
888d
88a0
dbcd
5bed
4c0c
701a
a575
254f
ad4a
c5a8
c3ef
c959
a336
c0f5
d639
e2bd
18a2
2184
4974
ae89
9aa7
2ae4
70bb
70d6
1c99
d71d
8bb0
3a22
137f
ae00
bb9c
6358
c754
ca46
91be
18ce
31e4
d9d6
6cf6
c3ca
23d6
1f36
510c
2289
3858
28c7
a80e
66cd
0ad9
0818
3579
0310
d3d5
2896
e5b4
c864
88bf
87e6
2d2d
1c1a
e878
7404
9e7e
197d
b2da
5988
8834
faa2
bc2c
c852
165f
86fb
ebd3
f266
e3f1
518d
ceaa
db73
c099
40b5
1485
7d74
0718
8eb3
f0a8
905a
39d5
4bb7
00ec
a1d5
2ac6
c7f7
97a4
f572
ca7f
007d
e20f
86e6
21b2
174a
d367
6b16
5b8e
e471
fe95
0ee3
4f28
af9e
32ec
ee44
b297
fb47
fadf
2944
f55f
c946
2f5c
921c
19cc
0e48
31f8
0903
78a7
3c40
a151
8bf8
fefd
4e1d
c4bb
554d
0292
8f3c
35a4
33a1
d45d
f9c5
76c9
1ae3
42b6
eb53
618f
51dd
352d
3ba0
b07a
6c93
cd7c
5a9f
15b1
bf27
3d16
a771
a2cd
5d00
609a
240e
73be
8d60
37a7
4fc3
5085
a747
9806
7421
53a9
94cb
69a1
b3b9
4876
cc70
ebbf
b7cc
2e6a
951c
ffad
7b3d
3591
71f0
bc00
c5d8
02ec
d094
b187
da50
4547
f5aa
37df
2a90
795a
f783
45fc
6172
ea16
70b4
80e2
9eee
1852
140c
0980
dcfc
ac78
977e
01fd
5daa
372f
bf3a
1433
7014
4b4b
ff95
dbf6
6be3
8ab1
8247
291b
de98
e8c0
561f
0d09
dc61
3b04
ebd0
55f0
fc9a
60e2
2528
7392
0b58
0494
71e0
ca05
8cc9
6e41
012b
2a4d
d18b
64dd
0d73
31fa
8cd8
8e34
0255
d781
b105
c2ad
bed5
0a7d
003d
5c0d
bd5a
1177
3990
e71c
a3d1
6d8e
567e
aa04
feb0
1973
952d
afe1
5e02
1208
6503
7040
26cf
c2dc
e33a
94d7
51db
20ae
ff63
b252
002b
c3fd
12d1
595a
b4c6
2fc8
f958
017f
0852
8496
e0ac
fad3
8864
ffc2
cc5a
12af
f478
dd35
89e4
6de4
3128
7126
b600
33b4
3774
301f
c062
5dec
9d9b
d043
5465
5eee
265a
6146
2737
39b9
6df8
59ec
4762
e4ba
4277
a85f
cf41
7dbe
f879
0e67
9e1d
06cc
78f4
cb57
448e
b547
98db
3252
dfd1
f086
3392
eee6
4ae1
4f8f
2387
07f9
ccd2
b584
f2c7
5d8f
0a2f
a69c
9b67
d57d
0cb4
2308
d78b
89a8
09cc
be44
8e6e
0545
ede5
fe1e
5985
a668
ff4e
6895
d1ab
a871
d897
f257
05d2
efac
bd0e
0cef
2d8f
364d
da1c
77c2
5e2d
c34c
24c4
614a
dbf9
11a1
2d41
b6ca
0e12
734a
6bcd
cb74
2afd
c5b6
a930
5954
a597
84d6
ced8
7c23
845b
5ecf
cdee
da3b
b602
7e43
631b
c5ab
cfcc
4721
f910
3fd3
b24f
fcb0
b243
c85c
3907
6756
4068
c69c
ea5d
fef9
8d8e
ec11
bd3e
9537
3f8d
9397
33d1
1204
cc8c
043f
f0dc
c82b
f85e
cf36
31ab
bb01
afb2
c674
16a4
91c1
f5f5
3998
7d5d
5602
0e34
a520
fef7
5234
6233
5cf3
ff25
5c37
bb44
81dc
a07f
0d42
8c07
333e
cb46
4150
8113
3b16
18f2
7138
496f
3ccd
2fb4
3b86
8b30
d6b9
e200
eb94
1ccc
87a6
2e21
edad
dd86
192f
4357
bf7d
3c1e
dc92
9c49
999f
eef2
e954
eae0
aa3a
1f2e
7f62
7410
64f1
c484
a36f
7efc
6742
b543
3ed4
438f
d176
9bd9
c4ea
1705
c357
a8a9
b2b1
1621
d8d8
3f17
0616
f08c
0fd1
f4c9
1269
8c33
fe78
9187
d471
ce5d
7f63
5ffd
6c71
2a0f
e4c5
7e55
9989
722b
2ff4
9691
6349
b281
3c11
f669
7b23
8833
6252
d7fd
eb0f
531a
1481
f50f
7cbe
c7f4
486b
6d14
9f2e
cf5e
979e
576d
705c
a6e0
1a05
9bbf
19b4
f93b
8a2f
472e
ed30
680b
78b6
2baa
d35e
36b1
c158
fe74
82ab
599b
4352
50d6
89ea
e866
e5d6
851c
8d07
b88a
1b9f
f92f
a204
a5d5
4296
5483
421d
4d21
af94
5375
11aa
090b
0f01
a819
4439
4ec7
d69c
28a5
e118
6f2b
50e0
d924
27a5
de6e
beeb
7d51
968a
7699
65f6
b014
c77d
9561
d0a7
0ddd
3989
c412
3bdd
9fa2
4986
0034
d39c
1836
dc0d
614e
38b6
c1a7
a1cc
96e7
7f33
45dd
cc17
65a7
0f5c
aa8d
cda4
8cf6
ed94
35a6
f64f
bb96
c6c5
7dff
842f
421e
15b5
08df
79e6
22f5
089b
af98
bfa2
43b1
1a5b
84bd
6dda
9b2d
ba10
c9d7
4de6
18ae
d589
549f
9558
141b
64fa
13ae
8116
be1c
4e4d
308b
1644
4de8
4673
f846
b7ad
5940
6483
68a7
90bd
513c
03e5
ddb4
9d19
0fe6
30be
0cff
11a3
ecee
6090
bb92
31e6
4d9f
dd93
d061
8c78
e83b
1ffd
9569
3ad4
3192
88cc
efad
844e
5258
8add
f1a8
1104
b82f
1943
11a7
d3c1
c4b5
9b77
1511
0835
0fe2
780c
42d0
ec11
e79c
b40b
2e35
c47c
60da
8765
b881
2b55
e848
ffa4
d81a
11ff
a183
44e1
f578
9c08
c3e7
24fa
41a3
78d9
d4b8
148b
68d6
4fdf
0f20
d0c7
0d6f
6a5d
87e9
f800
e3fb
ee92
906e
66d7
d8cb
e14b
2f68
5904
2a9c
3bf8
b532
4707
6952
b2a7
713b
8b22
a4f8
2b24
eab4
80c3
07f0
0238
4b72
fca5
c418
2435
cd81
385a
d276
e090
14aa
79e1
0479
73d1
b0b5
d6e4
0e45
9167
980d
8348
d367
6afa
f745
bbe3
5d80
6fe4
abc9
c55f
a012
c645
68bd
2dab
847c
e026
dbcd
361a
1a58
68f2
c9c0
dcad
0581
8a13
a5a2
032c
3743
005f
11e7
177e
17be
bbca
41ed
9499
072d
e9b9
fa07
1568
1184
b847
fba3
49ea
e561
5560
5c82
4d12
5694
1d7f
bbde
bac1
6ec8
b1f1
be61
f53b
ef68
f583
ca4a
9f5b
d28e
419c
0949
10b8
41f3
aff3
239c
ad61
edc5
c909
44aa
cf9c
e43b
2f51
bb67
ae26
5d3d
d969
7ee5
4ad9
8a30
683f
46b8
8979
3b7d
7324
159d
0cd4
8d9b
1323
664b
cedb
1064
95a0
482b
c30b
53a6
46e7
8e26
f978
0b56
ac0b
9032
eb06
ffe9
3485
0fbe
5370
c318
c19e
55f2
2083
2bab
539f
5f41
2c0a
bbab
d58a
29c5
631c
dc95
9413
8166
fdc1
ce60
9ca4
de80
c0a6
11f1
403b
f956
d197
4e06
39a1
2f41
d6ab
1c8e
39ac
4812
b330
faba
922e
e535
c707
755b
cdfb
ee3c
f319
5aab
011a
0197
afe5
937a
07f3
c9a4
a326
6ebe
fac3
9c86
4ee3
5786
7b73
9df0
444f
0327
2ff4
a076
6b53
e060
f803
4efa
dcda
b0a5
5446
dde3
a2ea
3a41
a19f
93e1
fb75
ed91
dcf6
262c
f81f
3503
f91d
5597
99e5
3e4e
8bb4
30a0
f37f
488a
09bc
7942
cfdd
b042
d846
2fe4
7afb
5d06
0462
2d9e
9aef
56ca
b995
3f41
4f29
dda8
b6a8
30a8
c40c
9b66
ef15
9109
7070
fe6b
10c3
9a39
2d1a
53b4
ee19
8335
47ea
5678
05eb
58f7
4357
c8e0
7f13
1dab
a12e
deca
159d
0fea
2f43
f6a4
986a
cbe7
94c9
16f9
6955
13a3
6476
084f
cebd
5ce3
6153
4235
9db3
ba12
c353
4953
94ec
e285
fbcf
de90
f57f
8c43
2618
b8b4
53b5
70e1
49b2
37c0
215c
5b11
db29
8d9b
2595
137b
219e
9d5a
a4c3
f07a
9978
829a
cbda
65dc
b417
0d9c
c0bf
1d6b
2a4e
0950
d295
391a
c473
a9ff
ba87
7858
6f35
eea7
715f
41bd
b990
b0f6
3fd0
f4f9
cd3e
c552
1229
1731
acfc
80da
ee72
819d
2c79
6d11
bd46
0b12
5ef1
f99e
62c8
993b
0eeb
b271
5fa5
f12b
b46c
c173
317c
256c
bf93
010e
bc9c
71ec
1f73
d0ac
df78
e08a
791e
752c
45c1
bd31
bed4
4a48
81b1
972d
2c06
cab6
1aac
23ad
46e2
bc99
f526
eafa
6f29
7522
7e83
4244
3fad
50a1
e102
a6df
96fb
fa6c
2001
effa
f18b
2f20
e2f8
2b7a
12cc
2936
e5bb
97ab
9af0
9287
4c71
1266
429e
7e1a
d5f2
a806
2b6a
a801
0005
bf3d
d271
95b0
722b
4deb
89bc
e4f8
0df1
c98e
a79b
2180
0a02
6f41
62f0
f47a
5df2
0759
9e29
642f
5fa5
8129
13c7
b44c
19ff
622e
00b9
9b5e
32f4
f19b
c6ec
8ce2
66b4
a2e0
504e
481b
3110
5ef3
11a7
5be3
136b
d98d
880f
d26e
81a3
3a1d
addd
b67a
6a6a
7f3d
b223
26bb
cd4d
9862
aa0c
8bb2
f9ea
fb82
49ef
ae39
4856
337d
7d39
de09
c1c3
ecdb
17fa
7f69
3345
7376
d23b
89ab
c962
0415
0791
d9f7
924e
edb3
a283
c8e7
5403
7d2a
276c
eb90
e411
f289
b2ca
f9ad
18c4
52af
6968
222f
3f3c
ba34
8119
21cb
2cf4
4330
ed05
a127
7523
09d4
f660
59a6
d103
d6f0
c92f
52af
0872
9212
e97f
5bca
209d
6e40
436c
2bd8
d26d
416b
87d1
3277
cad8
9d0f
5780
a6fd
be09
c889
e2ad
9fbb
894f
15de
11d8
b123
8814
0337
9a4a
1648
314b
23f7
8bf2
0664
9519
65dc
69b5
8761
2d8a
355f
3364
4e8e
ee8f
0916
800d
c3cc
c351
dccf
051f
92c9
e5b0
485e
bc29
b3ab
90b5
ce21
d3ae
ab7c
8b26
a04d
7102
3570
079d
a37d
b2e9
b535
4f30
c7b4
f84d
c37c
aefd
d740
c0e3
c81d
eb01
9856
adab
4a1a
89d7
79f2
a8fe
e973
c281
f13a
8830
38a0
f7e6
0e2c
dd85
2598
0286
0f5d
5bfe
207e
3db1
7b02
90ef
e45c
5703
a5c7
0409
b813
3c99
8ebc
aafe
006a
3ec4
e4dd
5dc0
b575
cbc6
37c4
958e
370d
23cf
ab3a
e470
54dd
2830
ee9a
a4b6
d53c
75f7
77c5
79a1
4c7c
9d85
cf89
9732
ba49
13e8
5227
67d3
255f
56bc
ff68
78d7
533e
fe61
4686
ca0e
abab
718a
40f6
e735
f916
e24e
b4af
2edd
c078
b889
5190
161b
33f4
100d
967b
71e2
7231
e946
9196
100b
4642
03b3
ea1d
8ac2
8565
cf34
d963
cbeb
86bf
4753
724a
f258
494c
a330
bada
d91d
3012
3305
7699
d5af
229c
b665
3d20
13d8
b9c1
5101
c828
30ec
3f42
16fe
b9c8
1f12
13e7
b246
37fd
a812
34ad
b3d2
97ad
6cf9
d5d7
3059
f2fa
e78b
834f
f123
4f11
3c2a
ba4e
f867
863e
8ff3
3726
21a7
cf35
750c
4813
64c8
e7fc
4273
ca74
284a
5ad4
cbb6
38a4
90a6
9cdd
f35b
b732
291c
c41e
73b1
72e1
fb9e
ff5a
7567
ae56
8f50
0fd1
a58f
678c
d871
456c
752f
abde
85a0
88c2
31ed
6e13
18f4
8ade
2a25
5292
c527
61a0
0ce9
34eb
88bb
c6c3
4fb4
e261
14f0
ba7e
be13
18c0
6c48
e495
211f
1fb8
50ec
9063
fae8
0114
5962
0e9a
9988
493e
b52c
5237
fe52
f407
0f63
d9d6
95fc
7aa9
61c4
eb57
4b33
28ba
97bd
e1b9
ac46
b339
4a15
fd09
124c
6fc7
752b
da4b
f97c
d543
799d
7604
5faa
37e9
6289
bf01
d1cb
1070
87f5
516e
d409
8fb1
a649
28d1
3baa
fa7a
8206
0c80
0323
1d92
0a6b
4e77
b189
16a6
cb5f
1ed8
a575
e47c
476f
7efb
cf60
5ff0
7800
c3ea
6520
67bd
0f44
58e8
266a
6b85
f659
ac50
d085
7a29
6b27
1550
714d
0153
a5cc
4765
67ba
8961
2b95
5512
f0a0
5359
43a4
06c5
b481
057c
b5e9
8c85
f295
c2b7
868a
e440
bd6a
15ab
49b0
bac6
d960
3edc
a50e
fe43
7931
b075
0099
5e97
f38a
c935
1417
7c50
a511
48a5
9a4a
180e
9678
cd93
3202
a1e5
cad8
514b
d848
7378
5f2f
3fc2
1592
1189
aa7c
c85e
7302
139a
0a8f
02a2
bd95
f9a1
cc7f
8edb
c559
267e
8782
1c22
dbb6
b45e
d3c0
ccfb
2560
7cfc
e001
94e9
9c04
f515
a5de
0835
8e9a
ef7c
76d9
91a0
ece9
9a23
0afb
3a84
d8ce
fbb9
1dbd
a4df
4059
4bc0
18d5
fccf
f397
4ebc
0f7f
5970
1c5d
7c25
55ba
0642
8c08
fb53
54f8
599c
1b5e
e4b8
0d88
5d6d
6c13
8b21
a30e
fce7
41e2
7c83
0efd
89c1
cb5a
1852
e49c
ad49
7a3c
6753
5cd4
d44b
038e
ff13
47f4
740a
5c54
a4a9
3f54
e477
00c3
c1d1
d42c
e31a
795c
4690
e859
653a
c5d2
6975
0b74
be81
fb7d
da31
c047
166b
fa7a
c423
a051
8ef5
09f8
e061
70f8
0d95
5394
cd90
48f5
b8cd
2a0b
f79c
3339
e086
48e6
0e5d
ea4c
6a84
eb9d
e0cd
7705
f091
fe81
b1c3
918c
b0c9
264d
8e11
5999
c2ec
9576
9d57
397f
3fb1
f84a
25fe
672b
ef41
20dc
dd56
da32
6965
34b9
d834
7a3b
6268
e1fe
0538
930c
b38c
5cc4
f141
b9bc
2601
eb99
ea59
8fa6
d2eb
53bd
b549
9b5d
7000
05f9
36ee
07f9
d0fe
5627
2662
cbc1
e8ca
36ab
fe7b
2937
0725
2a2e
8867
04af
67a6
a21f
b0ac
53e3
ecda
814c
1290
11be
5e92
9b40
ac3d
9cb1
d073
275b
019b
63f7
7362
ca26
2239
0668
8532
ee6e
cb6b
2d26
806d
e80b
dcc7
2851
c9c0
f7a2
96d0
37e7
4cf2
807a
7875
febd
a036
1a57
b72f
33b4
e191
3a9b
ebfe
271a
a56e
6b1c
d9a6
b55f
40c2
4f04
31bb
20b1
7e6f
b635
1c74
3ccc
e0f0
b4ab
2e69
0adf
97c5
3122
3637
4038
0471
1a4c
a5af
b07c
f596
1e08
d088
17c2
3f32
ca0e
4bfd
0ce6
a7d1
b316
e3fd
faa7
bd9a
eaca
21ff
4a26
4346
71c9
5b34
cd9d
7334
65a6
44e6
cb06
9d11
a6ed
c3c0
bcf9
14ce
4263
4c20
25bb
9ef4
e562
f709
ffe1
12b2
0dcc
e75e
f81e
54eb
ae20
b955
2464
c1cd
4b16
88a1
2715
4e16
adcc
35b0
b2b0
3c8a
bf55
97df
f988
3a78
9f20
21c1
d049
02b8
7565
09d3
7944
1e4f
7877
902d
dfc7
484d
1ebc
9422
5de0
4b10
4be1
fd33
a532
9a60
ac22
6220
7b9e
367e
0903
cdef
8938
4e28
7d1a
2413
e805
1106
2801
b9d4
f6e5
2001
9331
6ffa
db07
f8d4
71d0
7278
c95b
b186
8d69
1405
8535
5086
dee7
5fa8
b960
33ff
8f6b
39c3
ac15
4968
1fb9
2000
7512
e0dc
d5a6
a302
5573
702e
4b99
fe17
6f38
8b9f
5e19
3155
2b46
aaa6
c4d6
75ee
0b42
429e
dbec
c24a
d7d4
a8c6
6663
b054
c4a3
8299
159f
11ab
765f
c7fa
4db8
6c63
73e3
d6cb
16d0
0cc9
deb9
bb67
9a79
c15d
62ee
183a
7864
2c72
2e19
2657
9d29
4529
5dfc
8893
4ea3
b857
1414
9ba5
5444
df7e
6e89
fb3e
9d89
eb3a
90e3
2733
7b4c
51f2
9318
c484
0c81
5c39
d94c
eee6
6476
a5d4
6ca1
e2d1
fcfc
43ce
08d3
54bd
990f
5935
c695
5a5b
30d8
a7af
4632
b4ab
ded0
af57
93b5
4cbb
a455
5027
42b0
500b
bbd3
fb4a
fbe5
42c6
14d6
5f3a
cd50
22a2
c933
65a1
30a4
e8bd
65bb
8345
a95a
a228
3ab6
6b7e
1a16
105d
edb2
4cc2
f63d
648b
bbdf
e3ce
2a38
9250
8303
9933
bf10
bb59
9824
fd10
8271
e7cb
41cc
aaaa
1084
9e34
5e3c
1aa8
9db9
e335
216e
f10d
7d4a
fa1d
ec93
3480
a6e4
c8b7
c053
4b80
8062
a087
efe6
7a86
4acb
2f39
da82
edc1
cd22
4649
dc28
7b95
de5f
db2d
a79d
b385
5eed
065d
2685
46f4
28f8
d2ea
ffd7
ebea
9ff2
25ec
64dc
3706
194e
f619
dda7
c3df
8532
bbcf
1a8f
9708
9ec1
63b2
94a5
bdfb
922d
a786
6b12
4260
c9d4
5a45
e274
d06f
616a
1770
fbdd
23a6
25f9
5507
fe54
c464
6ace
2d79
b244
17e3
18dc
eb7e
bb03
3a52
b2b9
fd6d
6484
51ca
c655
6cd8
d027
ae7b
5f5c
da58
ef35
8027
9102
b5eb
a495
589c
8031
36da
ef1b
0185
f22b
87ea
c9da
2679
c903
5d33
abf9
5058
e519
8e8d
a0f4
d8cb
a59f
3d98
d224
d6d1
f0b1
a2e8
1370
8e02
6c82
2252
ea66
2335
9357
59c8
964e
b159
fcef
358e
7acb
1b37
14cc
b646
2537
7f4c
64ff
029a
a8d6
b13f
c186
33d4
f1c8
7566
77f8
8f53
051b
b6e1
0de7
b803
d70b
f132
0b3e
d947
570d
6d3c
e8fd
6b48
2b44
6485
9e24
ce33
b1bc
8da6
f565
db53
f5eb
94e4
db4d
710d
6717
749e
e385
f964
071d
48db
c7b4
94c0
15d1
3d0a
fdef
9d3c
8cde
945e
510f
7fd5
efd2
fd30
b6c1
6b12
77d5
58a8
02d8
6ee7
506a
d02b
b1cf
c09b
2932
f2d7
fdeb
d396
3837
20b9
3a32
3b16
7cec
3b0e
248f
e722
bdc7
1b58
7114
46bf
2ff6
0707
5523
738f
c6c5
b710
02b4
c34a
850a
dd4c
26bd
2ae8
6abb
11b6
dc78
c45b
4fa8
c5e8
cc53
8678
4cc0
9be7
c335
cb53
899e
a333
5e30
06ab
b4ad
d9d9
aa20
d937
b5bc
6a5c
58a0
926b
8142
dbfb
c0c2
647d
255c
0114
3bf9
edde
1fde
7e82
74da
f71a
84f3
f555
274b
5105
615e
a53e
f108
c9ff
5c0f
5046
b17d
3e3b
2e16
5cf6
7235
bbf7
6539
6dd8
2d6e
0b66
5385
d37f
fead
090a
6dec
e7e3
402a
f9ef
0c39
a42c
e49c
f2bd
9b9f
265f
0be3
3602
1d48
ab51
bb17
1d54
79c8
03fd
b51b
2d5f
9183
44d6
3ee4
27f1
f6df
541b
7cbe
78ae
05d7
7cb9
b15c
091e
6b78
a458
75b4
9ec7
ad14
4086
74e6
2f41
d113
36ba
8b63
b9b6
4374
810f
9a19
89fb
be56
ad6e
ed42
abe7
f0c0
15b1
67eb
84e6
1f72
1748
ef69
0e7d
01d2
fa32
ea74
e50f
4d33
1186
7ee6
acfe
8b0e
37e1
40ad
301c
f406
6f82
028a
a917
2add
7417
9bd2
6080
39f2
7df9
f3a1
96e2
8ddb
2d56
7444
80b8
93b9
1461
e97a
3ace
24e0
ba2c
bbf4
4ce6
2eab
7fda
12f8
05ce
b926
48b9
fe14
569b
57ec
759a
0165
029c
906c
ba54
8cdc
1045
4b59
6df8
b50e
8501
aa38
8144
6c6f
401b
05ec
16ff
682d
bda4
ab4a
240a
0f7c
9226
e386
aca9
d72d
021d
5705
7110
0c2d
459b
7cab
7d98
d215
23db
11a5
71ec
6030
4fcf
d5a7
99f0
3c52
68aa
711e
ed47
428c
e3a3
7ee5
217a
9cff
f529
6054
f7ad
907e
3275
860c
a91a
a70c
6638
d497
4ab5
2fb2
419b
031f
6605
d9f6
b9a3
9eec
ba48
c4dd
041b
39b6
b3fb
f6c4
b780
d766
a2ee
d01d
bfcb
be98
8423
5fe8
8b3c
c3b3
ba77
e679
f259
df3e
4215
3622
da16
a0ed
3b36
885a
f376
ba5e
9bb1
c54e
0590
c72e
1053
4ad8
8436
57b4
b6ac
a9e4
f0f2
190c
6cfb
de7c
9bbe
21f6
67fe
54cc
5866
835a
3491
42ee
91ae
f451
8903
a25a
b9aa
210a
ad2f
c725
765b
5311
c5a2
d799
1728
5cfd
44c2
ea81
8e98
243e
6848
8772
6595
1f11
59b9
3068
37c3
f5f5
c9bc
f842
d378
47b6
45b6
d6c4
3166
7b6a
9789
b2e8
85c4
d7b3
b67a
32c0
7df4
6b18
ad37
9d16
3feb
a122
861e
f0d8
f6e3
1c65
5791
e280
641f
b940
2cd6
f68d
a703
30e7
a751
2c2c
020c
919c
ab58
5729
b95c
43c1
0184
b297
8a85
6e17
582c
8b14
50f2
2b6c
1b8d
f1ef
da9d
5e84
66f8
6769
6962
4c2d
82a6
be94
9a1e
3fd2
bbde
a6d5
b088
dab8
2f1a
3c5a
4d08
2958
c6fb
85dc
d2b3
d685
478d
0f61
5b63
5bec
2be0
5a93
96fb
5485
6d1c
ca5c
23d4
e6d4
eb93
b122
871b
2492
5024
6013
c86f
4828
1782
667c
7d7b
0f0f
e6ec
c769
4f9b
7280
4e78
26ab
3a7b
1f6a
33f0
7e39
56f0
a09e
ebb0
bfc0
106b
9602
ea4d
fa7a
2b61
b99a
902d
cd63
7379
6e39
526c
8405
1f86
9e71
6298
e7b2
7ff3
a67c
0d9d
4747
1a83
9cbf
fcf3
1b11
6858
c3ca
6b24
b9e7
d531
f21a
5801
702e
208a
6186
f29e
f2e6
b80b
49d0
71ba
46b7
d3f7
ea70
5fdd
e1e0
2a17
db57
45bd
c17f
68e8
fb9e
a6ab
4dec
df33
81ab
ee81
992c
9466
07f4
c167
01cd
7325
1478
4661
45ad
1c87
b872
8637
46ba
dfc3
021e
9b0d
e97d
6456
078d
b3bd
f799
9de7
97e6
110b
1152
69e8
8370
2576
3eb8
6ca0
fbce
5780
9f61
b87a
efa4
cf17
af70
8358
6f6f
03fd
3277
fbb2
6fbe
7e45
a91a
624e
d199
af7c
8e70
277f
14c9
8991
84bd
734e
3ab7
c52f
adb8
7c4d
9261
38f9
ee78
3bd7
f361
1551
64fd
8b62
53a4
69a6
3b1e
3a52
8b20
6512
0110
20e1
b9fd
5088
4097
e1b1
e690
9c05
348c
b5bb
7e52
812a
4c97
a24d
a13a
7f05
d04c
0aec
7497
611c
7296
9cc2
4974
218b
1eb4
f009
9950
db38
a04b
c739
1ce3
1bc0
7b9e
0570
ef12
fd18
814f
420a
840e
caa0
0c27
abd6
c1f1
3584
88a6
78de
98e8
8257
a686
ae03
98a2
6129
d80e
f331
a41e
c6a2
2b67
e35d
a1d7
ddea
3707
6f38
71f6
3254
dc4f
4fe9
9db4
a054
633b
1660
a200
4380
ac28
09bb
0982
2136
bbbe
47a2
55e5
73dc
a5fe
8eae
7f55
5aeb
0303
0702
1fc7
1d94
ee8b
bf2a
52ad
353b
3e96
72d0
544e
a202
e7cc
895c
5646
9e64
c89e
9f1d
6730
1854
bf37
2e6e
bdff
15a0
f911
0d26
c891
c09a
0728
910a
b294
7113
64bc
6e93
5210
30b4
78ca
244f
5a96
0cba
1fb4
6719
d205
7f66
7dd1
9974
3660
59b2
9594
4158
9253
39ee
21e2
c367
adc5
2929
12d8
1599
a9ee
ace9
8736
cc74
ab10
3edc
2ec7
6e1d
561e
b134
a665
7d67
0cd1
7442
6a75
a5e6
0f2f
bc50
538d
f87d
0b4f
4791
b329
5968
a261
a597
e97d
07db
76f0
39ee
9313
a6b9
52a1
874b
d980
40f3
668a
cf0e
d155
8d5d
574d
8e24
cf4c
9454
97fe
ede5
1280
1556
e490
2601
1dd5
e905
d78b
e038
fae3
9a92
ec3f
bc46
33b7
b5d0
af6e
3a22
767b
789b
fbfe
9666
5d8a
ff95
5b56
295f
12b3
1b9e
2edd
6781
2f91
7314
3fb9
a6d7
830f
b528
8a11
ad7d
260b
ca86
e4be
1400
e285
5a77
f775
d6a1
448d
e690
a7eb
ee84
daa4
a65a
69f1
0645
9080
08ef
6875
253d
b838
c301
8922
2336
4d43
47ec
0ad1
c525
59bf
abc8
b578
9a49
fefd
c015
abc5
19da
b245
d9ef
8b0b
0e22
ef2e
155b
2bb6
a072
8786
4355
abe3
6432
b126
4af2
2bc7
f551
59a6
43c9
7fb4
1b57
04ad
4748
3751
752c
5920
f922
15ab
fa2f
67b6
a47f
fbd8
c5de
93c3
03b8
88f1
b963
cbcb
2621
9e18
2ac0
f08a
c74d
bf7d
5d4e
732d
1922
1e66
9bb6
ff4e
f573
d8b3
b78d
b70c
5f60
90ae
7f78
18ba
cd84
de4b
19b4
9fe8
fc4d
a034
9852
c99e
1488
c6d6
de3d
d44b
8ced
9c84
bd5c
4c3e
6710
b8c8
4389
dd91
2f52
8d8f
be63
1e42
9d86
f1df
2806
5ff3
c4a7
b663
de85
6291
e950
b912
024e
07ee
d4d6
0f5d
2c36
1280
6baf
4c96
4207
8f63
0156
0e29
0042
0643
ac65
0b8f
fe9c
a337
2d0b
5062
d61c
b455
6fff
1b3e
effc
31d7
e8db
60ab
3163
3d07
6e92
0f10
6e3c
2d93
660d
0e39
a14d
3cb9
2ea5
89ae
7299
bbc2
23f0
1d0b
b7e7
8f4f
b1c7
b086
4c51
5131
03a3
d5c9
b4d2
37bf
f7e2
c82e
459d
6d55
dc2d
95ef
710c
3481
5268
bb1a
2a6b
be04
5cb8
efaf
e174
c158
b833
6826
36ce
bf9b
a417
b5e3
f8a1
a68b
e0ba
ca37
e5cf
5e98
079a
7f86
d8b2
7ade
a612
e058
f7d3
a2b6
2c1c
f8e1
4085
91be
0d59
38c5
f5b1
797b
d932
fb7d
5c50
0f2a
d9c4
41ca
abe3
7eb0
398e
861e
b99b
e0f8
22c8
329a
fbc3
2c49
220f
ffaf
a78b
dd72
2633
f9d6
cc27
ec50
3dc5
5267
95a4
a8c4
58b7
56e0
6c13
7d26
15ad
5db3
103f
36a1
4a7f
8123
eef7
4fa6
7163
e66e
0c35
246f
ff3d
5bb8
d87f
265d
89be
4b9d
677c
3ce2
b489
73fb
160d
c884
774d
33b1
9466
4cb0
6f61
75a7
355d
82fb
e88b
c77e
804d
90d0
0a52
9985
74f5
6642
0c36
9a2a
8670
5d7a
7da1
b1e3
e435
033d
3fc9
3e06
c121
a7ad
c66e
8ef1
4623
24a2
aa31
5cad
f500
8bb4
12a6
1a5f
1e3c
2567
07b2
f668
da57
59a1
e758
c536
30be
4d3f
b5c3
5de5
e5d0
e355
ba3c
96e9
3730
b5c0
9343
aaf9
4115
a4f3
88df
775d
ebcd
cf21
e52d
44b0
fa50
8f5f
1996
6f77
2da5
c4bb
0aa9
c41f
390b
3477
72a9
6019
d122
8f25
67eb
e885
ed7d
d15c
1a6f
bb1c
8a1b
4d79
dec7
fe96
69e6
132b
3a2f
0a52
922c
ec7a
31ec
e02a
4418
979b
81e6
6f32
ad09
1077
becb
d7ba
1d66
32bc
8d04
e461
9e8b
f4b8
2576
fac7
01f8
0add
9033
7357
37a6
dadf
b453
0ce3
59a3
c3c3
8f4e
d568
40be
7662
8ee2
9a68
5ac7
fc4c
41c0
03fe
336a
c2c6
3a5a
2abb
a21b
5a94
1be2
2d3f
bc66
e02c
f6bb
589d
8510
2e0d
1749
aa4d
1505
f810
8d93
4f6c
e40b
3305
9eb7
bd9f
514f
ecc0
f4eb
4f01
a78d
6635
8787
1ccd
ee94
03c6
2021
afa0
0391
9cd2
2186
f71b
f5c4
38fe
f566
1055
2149
ff79
b5fd
fe28
0b24
9334
e960
1cf3
2d6d
59a7
4763
a286
2a51
0d2e
8efb
ac05
cd14
3260
1025
f42e
5a06
e43a
ac52
dab7
3c14
66ea
db9a
58ac
88f3
f9fb
4bfc
3dfb
b4ad
17a0
7cf9
f214
8025
fde9
d979
0274
19d6
a3b7
dc95
02c0
4cd7
63f3
e77f
6905
c342
e60f
e5ac
e502
eace
7e12
6518
e802
4cdd
cd67
3201
3a32
9b54
9270
d48e
9a8e
a973
5098
9bff
ee9d
d388
37e4
2a3f
bcc7
ac7e
589e
be94
2d71
9c06
7aeb
9ae3
cb96
69e0
91c9
23f0
2940
d2bc
050f
816b
9e29
8d0f
d632
5b6b
68f3
5aa7
0ba7
941b
1211
d046
9841
10f9
4e11
6139
74cb
a81e
d680
81df
9b28
ad96
284c
7538
437b
d4bd
7c78
bc35
65eb
d143
1172
a60e
c6ac
e1f0
d87c
2651
ed1e
7539
4f29
f17c
c2d5
52a2
5593
36eb
b3ef
e1a3
4999
1623
56b5
4d34
8737
10f1
00b3
74ff
dc9f
1110
5b7a
a543
7f54
4bce
f7ee
524c
6d8e
c69e
0576
a5ca
7b84
8f8f
38cd
705b
99e9
b915
6643
045d
2eb8
fe00
5571
8373
e6d7
e8e1
0c5f
e41b
21a9
c8eb
8f09
fa1b
cd91
4c82
e203
fd5e
2be2
e672
9317
b20a
9397
a4a5
2cdc
8e4b
d137
df34
c42a
7482
a926
b589
99ed
2f5d
b930
0cbd
98c7
1a80
0b2e
14ed
f473
50d5
0178
0f79
17ef
b6c7
3150
3c8c
ea58
64b8
5c99
fe87
4bad
a060
6e32
c43c
2de5
0185
8ccb
3aa6
9b32
dc0a
7083
be93
708c
04ba
e6b6
4350
75ee
0aeb
a042
0197
88d5
7c57
85be
db22
f428
9965
f995
b1c0
b32d
ce86
2941
a0fa
9cbf
05fa
3f65
0dbf
9059
17de
2ca7
aa28
9154
0744
833a
eb98
7d76
1020
8bc2
861a
d49f
0c60
7f12
b69b
5982
0c82
5c87
3314
64f1
5977
099a
d139
dadc
9cbe
b85b
19fa
2e13
fa97
49a6
261e
a129
f15d
0133
047d
424a
eeb0
d8c3
5b14
f729
37c0
4f60
ebce
5067
3e0e
f5d5
0733
f1ba
1887
2ec3
4c08
fe9b
316e
a42d
eaa7
e505
6a19
53b0
b8fd
5610
6d9b
9bac
a625
ac1a
f486
ac75
dd5b
f6d2
70a1
9b7a
70dd
ff60
14ee
8e02
b64a
1e0c
39a8
b818
258f
afab
6058
9d06
62e1
258c
4686
0f0f
2c3b
7a58
861b
9b0a
4679
bd95
538e
8175
e50f
9672
b3b9
5010
7b88
7893
6f80
3d1a
b8e7
15d4
78ad
bf98
28a2
011c
7c29
f94a
4e89
bd5b
c18d
96f9
e5d7
d329
f86d
8e77
513a
1605
b5d9
b6ed
b4f2
fcf0
b103
430b
77fb
e8e4
d040
2879
ffc3
9143
c2e4
afad
c2bc
1911
e642
497c
704a
bdb3
1880
22cf
8d4f
105a
e486
39aa
855b
0fdc
0297
ab9a
c0dd
3a3f
0b4e
fb96
c117
f6fb
377b
1184
62ae
e22c
46b4
754d
9910
2369
2544
30bf
9b1e
983f
f4e8
579f
e68a
c48a
d731
004b
e982
b803
2397
93bd
c346
2166
6c18
2d72
2441
2f97
afac
21d1
61d0
f737
1dc7
5f75
92f4
4992
d7a8
c414
bc67
9e87
03dc
c8d8
6266
ea79
cb71
2ef2
5132
5d45
f671
eb40
0128
644e
2be2
3c53
7a75
aad9
494f
ace6
a3bd
5f4e
753a
0f75
0f8b
35f7
7326
16cd
6a14
e8bf
44f9
e1ae
b873
037d
4378
7e83
23a1
e776
cb8b
7398
53cd
de50
6e70
cf91
8ad3
7674
1b1a
e5f1
4a83
fe54
4e02
35fa
9409
e3ff
306b
37d1
9011
6bae
896b
9855
4adf
62cd
ea12
0b05
af8f
5c7d
c91a
a39d
5d02
5c71
6145
46ea
d574
0ad9
ba4a
c2b7
ed19
11ca
01a7
b431
c07e
7dcf
2f6e
1324
9bc4
c814
2b3e
9550
9838
285b
7d9d
4738
2b58
3a03
c646
0de1
ddc3
011c
2f59
e337
1721
ffbe
8a48
1ce4
ba32
6feb
0958
7a6b
ef13
d0cb
cc8e
6fd0
d820
a9d3
1e92
5a09
8766
239c
f154
555d
acf6
1951
68e6
ffec
817e
d13b
403b
1e6b
3dc1
b85d
9bba
f442
3343
dcf7
30fd
7275
c5bf
f9ff
05a6
649a
9c87
c565
e13a
55de
c57c
5bd0
1084
2afd
78d7
fe35
a5ae
65d3
ea16
689b
ab44
46f4
f55c
4225
fcb1
c015
44ac
d204
095e
8184
e99a
4645
e7da
457f
c0c8
db8d
e906
9587
8ddd
53a4
1048
a6d5
5b5f
0624
0b06
56e0
0c4b
daf2
2363
a625
cbc6
9351
d46f
3423
50ce
4371
6deb
8390
37bf
9a30
a899
6a7b
5c36
ac78
812d
55e9
d350
2f9f
f476
8640
10ab
7d19
ebc8
5e6b
5d43
3526
d8bd
738d
bf11
5568
ff21
c2d1
4b74
5aad
6c8a
261c
137c
fe24
8c1a
37d9
ad01
6e48
e26d
a66d
31a8
ee92
bc87
a282
bc4f
353e
fc2e
f4c5
b3da
d6eb
9d75
0f82
d559
3960
7bad
1bf4
5d5a
b90e
3131
ea1b
af8f
5d00
f3ad
49e7
371d
bff8
0792
7555
fe59
d16a
338c
b828
a566
8869
59b2
5821
24f7
85ad
f4bc
a3dc
5cc7
f7c1
844d
25bd
9c7f
99f6
a374
5bd9
a201
bb4c
6cb3
5a8e
9418
1bd3
921c
7e2f
0d2f
9c0a
e063
ee9f
9b6a
4f57
c890
67bb
120d
37e7
3a46
2de6
8339
70ea
2a4b
18d5
efa5
e1ec
7679
8e28
6819
3620
8bb6
36d2
7f73
6ab1
411b
3dbb
fede
e292
0db5
c6e0
ee35
a9cf
9e70
58bd
a2d3
6701
3b1b
fd4a
9a09
c45b
8603
439a
ed0e
5fb1
8fd4
4a4c
f7f9
10f0
c61e
5faf
79a8
07bc
a70b
d96a
e7ea
67c4
f3fb
3c86
0ab1
f366
56e4
f769
6914
cf93
ec21
03f6
a868
eae7
d884
925b
a1a4
9ed8
9b42
4ce8
05ee
4e13
8648
06fc
b5f9
db87
abd4
8b98
23f9
e13a
06d3
b29c
2cca
b1ef
ced8
fd5f
87c6
d169
5b38
6da3
89ac
9c61
98c0
3294
ca43
9d02
f2cb
a356
5373
b3b4
3507
c1ff
fb15
1b88
9f68
b7bd
fef1
292b
17cc
0155
b1e4
03c4
a706
5646
580b
f59d
c031
b9c4
d31e
6ffa
3dc4
0d61
68f9
804e
8213
d88b
fc49
3c6b
b8fc
4511
ba48
e000
c0a4
cfbc
1ff6
10df
0728
4750
fa7e
07a8
80c5
7bf5
1117
59f6
799c
7a17
2c76
b83f
236b
5dc6
f840
65f5
535f
9f80
1653
95fc
edfc
5b80
518e
c12a
2105
fc2f
4b78
493f
13b1
ebfe
2e43
d311
fac4
eedf
c97d
60f8
2f99
8ee9
e5f9
f2af
d26f
df2b
5137
e83f
03f5
6386
8962
6fe5
0773
1949
0ddf
2940
e548
a2ed
a095
c771
2b81
cd0e
c770
51db
3337
82d0
ff95
745d
f0e3
a592
1505
97a8
4f79
ef25
7c13
398b
17c9
a7c9
c22c
0e75
2978
efbc
2ce1
94a7
fa88
caf7
a392
61be
d0c5
79b4
4c34
a53c
5d9d
3a35
f239
c831
6a93
f935
e57e
b739
09d4
99cd
5985
0986
fe44
b3ab
fb8f
1cf0
dd85
a890
de9d
2f74
ad06
98f7
005e
e9b0
b546
5cf9
ce68
886e
b159
2a1d
33ed
e67e
8262
5a57
7ccd
799b
f317
01a8
d878
8526
37ba
60a4
c0a1
c7ae
f24d
8ad4
c341
2615
6275
a4a2
803b
a1a6
b2c3
0e58
1457
871c
0b1f
0aa9
64bb
ea04
75fc
2ddf
5041
7b5d
247f
e587
2e43
b0b1
912f
905c
59b8
6ba0
6121
1433
c4e9
505a
7ed1
be61
a64f
8220
e1d9
44ae
833f
ad40
c05d
8201
e7bd
3269
fe42
0f11
d7fb
793c
01b6
4fce
92bd
88cd
3598
47ca
1e30
1f0f
90d2
7aa4
6795
c8b9
5502
cb36
4726
64f7
30e4
9f19
7a43
c392
b5b7
b08c
be6e
97ec
e43d
4400
000a
9356
a9ba
7b5a
6786
64ca
e1e0
3449
a14d
2ff4
8fd3
240f
a090
bbea
9747
16bc
48a9
6070
e2c2
851d
b2d4
d9fa
31b4
7e25
f435
d11d
db95
0333
09fd
de62
4c57
7592
05d6
fab8
503f
dd0f
1d1e
0fe3
6c19
d76d
de73
3128
edd1
2cd0
829e
4148
22ce
5094
f6fd
e48b
dddc
da46
99fb
fe90
724e
4315
cce4
189d
6873
f54b
e279
685d
021f
8c7e
fbd8
1f4d
2d49
dbfd
ef58
772f
0991
08a5
3edb
3196
5b88
e9d5
564e
c608
1a30
c146
e4e1
baa0
0ced
d451
8ad3
b524
4814
b312
b2e1
a19e
8154
6b67
c136
833a
deee
5939
e83c
b136
5059
ec62
f11b
1906
b4c7
bed6
22fd
ee00
e7cf
84b2
4e19
3e1b
1505
620f
6925
2e33
1f24
d3e9
fbfe
465d
1ab1
1468
e3db
bdc7
e583
afe1
7468
5e37
b298
bede
559d
0f25
0571
ba0b
e3f1
7773
0399
e9af
07f2
2d68
55d2
ba71
f3c0
1ca0
7237
7d92
7925
eeb1
299e
fa36
975e
8106
ab95
8e0e
a485
1bee
65d8
c12a
ebcc
e495
197c
1cd2
e6ee
30cf
7ccd
3abd
fa27
bf62
b7d6
0911
9432
3f37
7503
1dc9
4d2c
29d1
6c03
81c3
c420
b60b
54ca
f53f
7ada
2658
d0a1
27ba
d8ff
f517
d621
cf88
4286
c860
2c65
017f
b9b4
f8b7
ed5f
a6bc
1e80
e733
98de
ada5
f396
9a8c
04c8
fab0
4090
9132
b7fc
af0c
67d9
5e23
ab35
ceb1
b856
3d87
f85a
582b
be94
951e
318d
40f1
dc62
ba47
dcc0
6f02
7b20
cb09
bfe9
17b5
2b27
fd17
609c
094d
02c7
6075
23f2
7e49
45b2
3d06
31bf
1d9d
931e
ec73
f74a
0921
96fc
a37f
b895
443a
2e78
0394
c84f
e10c
2e1a
2929
2571
ffcf
8ea2
1c09
0fd0
a655
a7d7
8e95
0321
4cdb
effa
7e01
4b8e
1905
176b
1ead
4229
31de
6666
3627
b219
ffaf
187a
82a8
b97c
7de1
8d7a
5f1f
e46c
26bc
e1f6
ecfc
b635
c519
405c
4bea
9ce6
2674
792c
f460
9b86
4cfc
09f2
2d18
ed45
bcd2
3b61
edf6
b231
5e2f
0b9b
7667
d9ed
aea1
5dba
8599
f511
cf17
2a08
4c5a
25c4
15a4
dc0e
acf3
f6d6
08d7
a757
d2fe
a504
1fc3
e8ff
80d0
d91b
20cc
f40d
70aa
d7ca
d9a9
ecde
9a33
e19b
0468
3105
bc06
031f
de77
8a0c
7fe6
8277
81b3
b196
2c45
7132
9fef
dfd6
3354
ff30
1843
33b1
f855
0d8e
e1e7
7bc5
3680
a462
2c31
924e
0864
1dee
6015
cbc0
d3a3
fec7
5265
84ef
b57c
a84e
6da6
9b6d
e1b4
0a80
9f50
2a3c
073a
e9c1
e2f1
02c7
1c2e
3a87
a321
4614
ad18
0b2d
53e8
f241
b658
794b
df37
5c39
d5bf
808c
0ebc
39cd
d623
5eb0
e869
aafe
32ef
0e9b
13e3
1c33
0df1
c333
acd1
c17e
6f47
781e
147f
4d2a
c59e
aaa6
1e7e
1cd5
3a14
dc6a
7179
74e5
6be4
8572
dccc
cae3
259c
81c4
7e8e
e55b
9e2e
ea06
52bf
3829
0df5
00c7
67c0
0fc3
e57c
5432
50d0
0d23
3446
e3a9
3145
be17
74a3
97b6
ec12
7c86
6155
684e
6d0e
791a
4641
9c85
942a
0784
8d52
d020
c0f2
b661
d481
81f5
1b5c
f910
5639
f108
6091
fe7a
1e26
c460
4a2b
6b69
8539
834d
9aef
801f
bdf5
5210
35c8
4dbb
2e86
0706
c66e
cdc9
af14
e514
9aec
f15d
4a77
4c03
8ff7
2a32
6b6b
52ee
c958
9ad3
895c
7727
78f3
ccb6
59e3
bff8
44d1
c6b8
1e4e
1976
47e3
08f0
f219
8431
9791
88dc
38a9
0fdf
b80e
8a60
fc08
c279
ea7b
608f
8f2e
e01f
27de
9808
c911
c2af
5918
e598
06a7
6afb
e6e4
bf0b
3265
ce8e
ca9e
3f63
ffd7
5be6
f29c
0057
fea5
58d2
92d9
2fe9
0e15
37c3
10c0
6d55
5ff4
bcbc
6c33
6b84
3406
3bf5
db8b
430f
3b57
0762
6198
db07
3e17
d8c4
6433
e4f4
2b30
89f9
fda1
0776
6474
c011
d164
5ebf
5fcf
727a
120e
340d
7134
a28d
074b
3ea7
6d8d
5b81
fb42
8080
e9a9
e0be
665b
988c
3758
2032
5aec
fb0f
cc05
8f86
df05
b302
0f30
9e24
b0c6
42be
3c59
abf8
88c5
5961
7a13
5d28
e87b
2900
2eac
0a94
add5
f42a
27e4
8d48
64f3
e214
5b70
39ff
bafa
4ddb
8539
942a
a368
10a2
78b0
8d2d
b21c
b368
eddb
841b
a078
265f
8e93
ce03
183d
d5cf
6d3e
34f4
54aa
dd1a
3a15
5aac
7ac1
199f
7d7a
5a41
d219
f17f
dcee
be78
36de
767a
0b5c
2ff0
0664
f697
7c1c
1d66
2e32
dde0
dd5a
f225
b4ff
6ac7
1ff1
bb41
c705
5d81
5bf2
d109
a161
2db9
3564
e92e
b7ad
516d
d208
ffe8
8f16
5ce8
5f29
fddc
1162
ee26
7331
a89d
1813
c85d
f2a6
9983
c5c2
e9ab
9374
74fa
d792
9187
063c
3a32
02fe
95d0
75ba
0316
e9f5
bb0c
97aa
dce0
7a1b
5842
7e8a
d418
a414
d354
f37b
1d1f
5f1b
9158
b3ee
a4ea
743d
2181
8b41
31e0
8131
08ca
52b6
f36d
8aab
a22f
9938
d621
a100
33e9
f989
379c
ad16
72f8
b0f3
a865
a5e9
b5b2
80be
86d7
422a
2995
5f1b
58c2
0cab
6cc0
4608
9b60
41aa
f4ea
c56c
e636
e379
3304
a21a
b33d
7e0f
de03
34ae
4186
249d
87b0
e600
8c65
57fe
a716
e794
7a24
bafa
e4bf
2f62
b2ca
659a
98b5
4d7f
d5dd
e0d0
b5df
6a82
7253
4dc4
a9ab
dc5b
aa7e
9622
c9fc
e96a
3928
4d21
5ae4
12af
3472
4570
2ef1
fe35
01fd
bac9
5be9
d99a
7382
2713
6ed5
81a2
b521
9f03
f14b
2a58
da31
fe14
cbf1
b055
09b0
6ca1
2f57
0c3e
f958
39e3
952d
2922
266b
2989
c120
7222
6f8b
88b3
4bb8
41e0
5a29
937e
862e
bf8c
6a81
a56d
c6d2
ce68
1679
fb8b
c635
a69c
baa1
c53f
d4fe
5778
423b
4eb6
b05e
e2b8
a878
cc3a
ecb9
8b4a
cd99
2a19
95b8
bcae
eee6
49cf
215d
be69
fa87
36b1
fbe1
7a11
c0e1
542e
7cb9
3170
b471
5a97
ae58
04ff
4f9c
0213
8bc6
ee49
ff60
8c4a
52f8
2d0a
f6fd
3bc6
de33
dd33
ded3
7e18
15b1
c930
206a
49d3
fc69
df69
bc37
fffb
de07
d1d0
e22b
60c4
e3c5
e7ff
74b6
1872
dff4
62ab
a06d
f38e
15b3
a8d6
23fa
ede6
59cc
05ae
4803
75e1
63fb
cbb7
1033
a28b
afbe
8cf2
1d12
0be9
4dfc
1a0d
f587
9da3
3542
5788
a17c
dbc8
5088
a037
5899
b307
e50f
9fd2
700f
377d
fcc2
397d
f6ad
0762
7c43
6b19
7b4c
2d64
f6e2
db15
fa46
f42e
536b
dbbc
61cb
6e2d
897d
7bca
165d
7270
38db
828a
26cc
9ebd
944f
adb7
2b9f
9187
0db4
e4c6
adbd
baaa
90ff
03a5
6c3a
09ef
8c11
9af2
c9e4
9c89
e03b
014e
02b4
0eee
7850
a3d4
08e8
06a4
dc54
bb7a
74b4
cc2b
9c4f
9bd1
cf6f
0e1b
9319
e47d
0b57
13bf
7d9c
4724
26cb
3da5
903b
6503
018c
b197
7465
14e2
0021
8994
0a17
a5e4
2d35
a699
a2ec
317b
a341
d325
602e
4e77
00da
10d1
3a2d
b802
a81e
4d15
e1d9
d865
c153
aeb1
c098
d3c9
e4c9
8df3
ea21
01be
c50e
48cd
adae
aeed
e320
5bef
edb0
a6ba
afd3
217e
4e4a
d332
9966
d28d
9a74
f942
2016
8fcd
d936
ef4d
7b91
0511
59e6
6cc8
05f7
da43
e8fe
1b1a
9023
2ebc
f625
f0fc
9ee0
1911
df93
c2df
f51c
33c6
5ead
3174
db14
be2c
6e58
a5ad
375a
0e30
312e
223a
484b
bd37
cf1c
816d
a087
f9ac
653f
b3d1
3ff3
0997
4741
925b
d227
d234
e95d
cf80
1cf5
215f
fd8a
49fb
7461
4acf
48a8
d54d
5d8c
7f3a
a672
8cf6
4730
5f25
08f5
f7cf
b529
f402
7fae
77a1
aa1f
4eef
0915
9037
b795
cb14
b5c9
8d5a
2403
9522
a69f
dee8
6723
2223
553b
5af0
e57e
9cb3
f8e1
1fc3
ccf5
0d27
4367
2e08
2fb7
a766
d374
9400
259a
fc1f
8046
e572
e502
9468
baac
9b81
01e0
4178
d8d8
3f82
80fc
59dc
ba99
bb8d
4f50
66e3
2302
5127
e34a
9f20
a55c
8381
c393
55a1
4156
c95e
dcfb
9720
fb57
4e39
92b5
3332
5212
d36d
d709
f768
3920
3a82
6157
1eeb
0069
c01e
5d0c
2f47
b9b2
35df
bf3e
f774
0f76
0acb
a316
eabb
3b5f
56cd
2a3b
d273
c1e9
1b44
bf2f
ec89
fe3c
24c9
719b
a43e
49de
8d53
d81d
7b1e
1318
7d53
e4d1
41c4
51f9
6330
b743
4054
dd75
cf55
53c6
8c44
2176
4257
e2eb
f87d
e1e9
cc41
a2d8
418b
9c5b
38d0
b9fc
bdb1
4243
3833
f2c0
60ff
6a49
af57
8023
b6ea
a433
520e
a0af
22b8
0f27
0fed
a2e5
0152
e9d8
6157
f092
558d
11c7
47f2
131c
97e6
f174
f188
a3ed
8d78
ec34
c0ab
a8fd
40c1
3a99
daad
79c6
3731
4dec
5447
e2f7
fd0e
84e6
c799
1fdd
6c19
496b
d257
ad6f
b7d5
6ab6
9298
9a17
8358
16a0
8d47
702f
9dda
6861
386a
825c
93ca
d5ed
7194
2a81
8776
fdc5
1b39
1fa6
b9ad
2bc5
e1e6
88e6
af37
2e69
d129
e96c
f3a1
ee73
99bd
defb
904c
62ae
b911
376e
b61f
6025
0126
72f6
9a0a
dce6
7c87
d5e6
326f
1bc8
6b25
25f3
a6d0
31a9
f40d
dce1
88a4
ffeb
c2ad
bae1
7ce1
0d12
e6e9
352c
6002
12dd
67ba
b42c
917f
1da4
219c
1e9b
9767
45c4
04b5
bd80
8cb4
58cc
37c3
49ae
df97
d09b
aa7b
58eb
75cd
8712
a83c
4904
c927
844a
8f12
201b
9ba7
12fc
dad3
f257
0536
c4ee
bc02
132e
905b
5101
1e93
7aa4
8cc8
1de4
e5cc
2f5f
882d
3501
293d
a5d2
9ab1
1440
25a7
1074
6813
b262
23d7
3855
70c1
b993
2252
afd8
69d0
8c3d
1597
c8a2
08ad
2801
2b55
2674
6193
1919
e0fb
209c
f184
ae57
8a5f
59e1
d231
41cf
54d4
18e2
cd63
029a
8c08
e944
cdb4
91ff
c72c
985f
035b
b09d
973c
4684
038f
786d
361a
ed48
c905
f58d
aba1
38e3
3112
7df7
001a
6561
78b7
dfa5
646c
d117
6f9e
b4aa
a363
f122
7db9
8082
f3e7
db6b
651c
2d07
003a
a7b1
bff4
bce4
760e
f0f2
f745
60cd
f808
197c
b73f
a457
a1c9
299d
80c8
20d5
44bb
f2e0
2aee
6e7e
aba6
70a0
5f21
8b61
ff26
931e
0ae6
47c1
d7ad
8c82
1eb9
51b9
f58b
4121
17f9
4b97
3bbd
5f8f
3b2e
7442
ad6c
6527
67b1
cc6a
bc01
cd4d
5b3d
53a4
f07d
16aa
1170
7600
3c05
79df
3fcb
d24d
6295
c2ac
203f
2046
0910
7f88
01c2
2af2
b438
8327
9eeb
2612
12a4
48fb
1746
ab5a
a0b1
b07c
6471
0649
21e5
1c19
7265
19ce
f300
25a6
6292
939d
c2a0
5abd
bf78
47f1
d5d5
57f0
a8a4
6f11
b8e1
43c8
4eac
6161
cc0d
04f2
bfd8
18e0
c88e
da7d
4ad1
7b93
e0c0
bec6
689a
b8fb
b63e
d20a
aca6
f511
883c
1d49
f5d7
6b4d
11e3
8107
587d
9a5b
fe69
6b6d
b744
14bc
5e71
73b0
b144
cd1c
1af5
855b
99a3
ee4c
3d53
ecdb
a729
0f52
251e
8d7c
639c
5738
5af4
7b08
e14b
60f8
74f4
dd59
4247
b0a1
8ea0
0165
9af6
1ffd
adae
e2ef
52e4
95f3
1aac
5f38
34e8
5ffe
5d2b
55f9
86a2
2e92
4d25
6605
5f11
cec0
ed92
8fde
2c9e
027a
4af1
a810
6c0f
2e66
1d7b
58c8
04ef
e3d6
95a0
25b4
4bdf
5498
439f
3bd2
752f
973b
8d85
128d
736e
0ce1
2be7
00c1
db10
2df4
49d1
e857
12d2
0444
96f8
7f02
931c
3d3d
351e
3c71
c569
d4c1
f189
d4f5
c5cb
2da5
29cb
9f74
4309
917f
5069
3dc8
03f4
3de6
65e8
e974
5f54
8288
4f4e
81c0
9dd1
97d5
bbfb
ffc1
b166
34d9
ff8d
9749
b003
1ceb
a69f
9abf
a26d
be71
33e1
9865
c3a6
9382
eae6
e227
b4cc
f26e
63db
fa2c
f4c8
f752
88fe
07b1
36f6
6a19
3522
0c0c
91c7
4fc7
a3f7
6154
0309
ce2b
d691
a341
b04b
9489
0b53
0bca
c68c
b05a
b3ec
679d
469e
8051
b1b0
9d52
d573
81be
4e21
ef8d
155d
3938
8518
c840
e023
a95b
acf9
3985
2bef
8aa7
31b3
ebda
d0a7
2930
48b4
cf5c
1d09
3811
de4d
f7e1
82ad
82e8
4c58
75e5
feb5
d6b9
2210
7a4e
7d26
7d1a
91ac
0748
f45a
2847
f657
665a
a579
cec5
5042
037b
4d0b
611d
42d0
89eb
c296
99cb
15c3
e430
ccd5
d4f2
2d71
55b7
3121
2a34
7722
3083
5413
072f
9ef5
16dc
45c7
51f4
7fda
080d
4996
2991
4f20
597f
bd5b
3320
e3c3
0130
03d5
7b90
bdac
40c5
e74f
d890
ed5e
2f29
b471
7b6a
b8e9
a556
3801
f90e
1993
bd20
a827
6c4a
cdc4
2537
0507
0f4c
3ffe
dcda
dee3
be4e
ffee
b3d5
bebc
38ce
0213
bdb2
9cbc
c199
6511
f667
d8e7
4476
9125
7240
909b
3a1a
5f87
3daa
25a3
980c
a97c
ab43
d9ef
0b9f
a18e
d067
e97d
74ff
9c2d
a2df
233a
e037
906b
fc5d
2875
1838
9b64
6b27
6ac8
052f
ffe7
b141
0e34
397d
f1c2
f2fd
d286
7bf1
508d
bd25
75c8
1803
9710
517c
7e0b
9732
756c
b466
5189
c31d
fa65
63d1
3223
d1f1
7572
7c7f
d62b
e818
c63b
b45a
3e33
99a1
a679
a782
b704
a0ac
2708
3cb7
5042
c6da
4e3a
9258
0daf
25f0
43e2
3391
84bf
1542
6dc1
607a
1cec
ec20
c4f3
868c
e191
c1c8
f0d7
7675
0283
c9e0
1ba2
e195
cea8
dea5
cdbf
ba17
d240
21eb
ce9b
0731
ecf8
2bf9
7615
15c0
571e
20b0
c76e
dcfb
3fbe
8654
3860
ca51
5bdf
cd1f
a73b
d957
9414
7182
bf5f
90e1
868c
d733
d199
139e
ac6e
4509
4c45
7853
0ec0
1b9e
d216
2fa8
5486
4430
3e3d
9d6c
242e
fa34
d8c2
3515
10f0
99d0
2e1a
124b
9923
7fb0
ed4d
0c88
d6dd
5f56
45c0
40f4
9b01
3e2c
1fb7
77c6
8e90
d504
a69d
a18d
ff05
4d20
42d5
7c78
4c8e
a97e
5745
255c
5fd8
7cb3
4cd6
f46d
5e5c
607a
2cb3
a896
33f8
0e26
57cf
8a48
4671
db13
333e
542c
ab8f
cb6f
5704
fb25
bacd
49f2
e84e
6fb4
a88a
92f2
7add
9683
3786
1d74
ea03
5c8e
5644
26ca
cc7d
4b6a
dcc1
76be
d4be
20d5
ec11
001a
71bb
7d3a
6b11
ed87
e292
735f
6dff
77e7
f0bd
7991
2b65
c45f
0813
fa08
c019
dff7
a09a
89ab
b8b8
2bac
f0d0
ff55
35b3
c423
5c83
101c
617d
410f
955f
fbb8
f34d
2290
668b
ec87
42cd
1784
7f0c
5dc6
da97
a312
f323
af6d
2662
211e
d302
49fb
900d
ffca
2295
1ddb
ea2a
dcb7
cc1f
17df
ec49
3deb
2dce
f90e
cabb
b35c
5acd
0a3c
685a
b69b
41ef
5fb3
307e
2d13
f680
7c8e
a1cd
aa0d
f98a
9b98
2bcc
2f61
9cb7
327a
303a
7872
70c4
2552
2ebe
6d00
ea37
3ebb
69fa
a435
169a
ca77
c6b0
5670
61a2
3f83
d390
4a3a
60a6
7168
bd2d
0754
801d
0911
5369
13dc
a513
1f3a
95d5
2a4f
fb36
6e13
0468
5578
08ab
58c0
5d6b
6250
3f10
c279
866c
cf15
9575
7268
4ad7
19c3
980e
75c8
5f78
f7d6
c9d9
08c6
a9d4
b4b2
3caf
06f0
dc92
953b
1bf1
53e5
6875
bec6
6e60
9781
5f15
921f
d37a
8648
017b
6e98
aea9
457b
1054
f80f
3002
ca83
38bd
b4ca
5f72
7b1f
8db2
cb9f
55fb
d8c6
15ed
8c90
7c1a
26d8
3f94
dfab
282d
eb5a
a94f
6c04
506d
f0d0
f144
a393
0844
e9e8
3c2f
e598
29fc
5f03
d985
6695
a486
f4f1
e6e6
5055
45d2
afa9
0692
3095
7259
4857
5fcf
cc48
c239
9926
990d
2e33
ba98
75b3
b99e
710e
155e
c1df
e43b
8ff3
fa06
d8d3
a855
9d52
5121
0b44
feb5
9738
8c39
3ec0
845a
c5c3
c071
1006
6ce5
2063
071a
4439
3992
ba16
9f13
796b
7511
91ec
226b
24e7
d970
24de
7950
7617
290e
eec8
0ec9
6881
f0eb
fd47
f97b
c16e
82d0
ee1d
1ac2
f7a5
e5ca
cb24
9c99
f00d
3cd4
5ab7
af17
ed1e
7d6d
f4a3
e585
42b8
2fa4
93ba
8b9e
13f1
58ff
d136
39d2
e1a0
38a2
7a4d
c9e1
58dc
942c
b7e5
0765
0149
258b
3e58
abd5
276e
8420
1816
c7f6
715c
ecb2
5261
8f33
1956
f831
4014
b0fd
67e6
42d9
f39f
9779
4b5d
bcc9
9aa5
aa2b
2df1
ec1c
b34e
bb22
b970
86fc
6573
ee01
c0cc
fe74
fe9d
497b
b8cc
ef67
ca68
c194
2374
92da
bf57
683b
090b
d4bb
f61c
b097
c2ba
ca53
e879
7375
69db
1d66
8432
bd43
6fb2
2d72
d36d
110a
1fba
631d
b721
7029
f540
de7e
e825
48be
cbd1
ff1d
6371
ab27
a0f4
2445
db39
f6ff
c395
fd15
a6c0
4e79
7137
48f3
54d3
cec1
e064
0754
8f60
adb7
ab4f
bb40
ff6c
a051
0c22
3bdd
b6d3
fa4e
0cd1
a3e5
7f84
0f7d
40c0
69e5
ca80
2b5d
7683
f323
53f1
99b0
9052
7db3
a5bb
0a45
2e1b
4110
0b25
2b62
1894
c874
e5ba
031f
10e4
c420
2c8e
5b12
2526
28e6
a02a
9a89
5cda
bf1e
a0da
bdb9
3341
8ab2
1b6a
5e21
f74f
05f7
c28f
4844
7dad
dbc6
708e
812e
1a1e
253b
b99a
98b8
c429
c378
8b14
6dff
76ef
30fa
85b6
78d3
a4b0
9243
257c
3f93
9f62
d3d8
6941
d794
c3f3
9866
7bfb
2ec5
c48a
c41a
37fd
3d09
49b0
567d
bc4c
8559
7166
6279
0f10
b80f
424e
919a
b2b2
4894
686b
a823
ab37
ca45
7963
f4e1
ebe9
dcd3
9ef6
0e27
5797
3595
e272
f276
3d42
6f96
3099
e884
4a47
1475
f405
20f3
2179
5285
e55d
190d
990d
3408
abaa
f1b3
361a
c2c3
04f7
b504
caf8
25d7
cc8d
4c80
bb8d
be69
7e50
259d
293a
6c0e
27aa
15cf
e05c
90bf
95a5
2a02
604c
ff1a
7be8
7804
7909
c0b0
907a
a7a1
5619
aab9
017b
48fd
3f07
6876
fa62
35b9
dee5
4eb8
babf
d2db
ca37
c55d
b2ec
46b9
e108
d930
0582
8324
6211
dd64
01f6
ee34
b185
4413
7f76
30cf
8c8b
2e92
2a24
8c1e
a3bf
4940
dfff
beda
3984
6a82
3f41
11f8
3f47
8620
55de
46e5
f8c0
1062
8283
9232
e6c2
72ea
52c0
80b6
4af0
c901
009c
0dc1
6148
295f
fe77
8d2d
487d
0f26
d418
13d3
d140
5732
034b
b3ce
f574
a464
8be7
0ae1
8018
e26c
b34a
16a9
63b0
4da8
ad5e
6c62
c293
d5da
fb75
4b20
8782
614f
e0b5
f6ea
eaad
5af5
20d1
6639
472c
6fb2
bdd4
e058
4c7e
0556
4f69
8c5e
ff6b
6c7b
b1bf
a9d7
f47b
b1fa
09c9
0e7d
2182
ae37
850a
3d80
af92
7e0c
3475
55cc
3b8c
f6a6
9960
98a7
e1b3
e4b7
cef4
b555
7acf
d7e0
f2f4
f776
5f19
d29a
593d
c31e
4f36
0cee
483f
1eb4
880c
36f0
f7c0
ada5
20f4
24ae
1e15
9b88
783c
c5a5
3973
f9bf
66e3
3187
72c3
f3e4
f10c
749e
a179
e1f8
2784
5b47
55ee
35a8
454f
5929
a11f
d696
0841
fa2e
9e52
ac56
0483
ff7c
c3d9
8232
1d11
dcfd
f647
94ff
3c38
0ce0
a009
2cff
6a66
cdbd
0608
8896
db29
0d50
e960
443e
3035
ff54
619a
7ffa
0b49
6d7b
aee2
da39
eba7
2600
be1f
fec4
5e47
b096
5634
509c
d945
a5ce
266e
f217
3b8a
6256
56c1
0e34
1a79
12f7
d367
1999
bff5
9297
7665
0a37
b885
6171
4efe
7a7b
a45d
2c54
3834
3016
1bb5
7d3e
d596
91e2
bf43
dda3
1749
1e8b
b1a5
e65a
d7f3
50c8
cbde
52ef
b4c9
b959
4171
a525
9eac
a15a
cbc7
a307
cb4d
b195
9d2b
2aaf
005f
8f6e
6a8e
ee43
b297
c194
1c39
a4c2
d8c8
a962
6a8c
a2ba
277c
9bf3
f23f
66c4
169a
bd6c
cc39
d2c3
9cac
110e
9fc6
e6a5
6f65
26c3
b062
0338
879d
25f6
5416
1f39
1096
ea53
20ce
e098
3118
e86a
4085
853a
6b41
6024
34c8
affe
e6c9
42b1
8149
52fb
d281
2c46
be2e
80a9
6ba2
a04b
7abe
7b07
47d3
26aa
2cfb
d08b
fa7a
e149
fee8
6ed0
841e
572e
7086
9f34
5f1f
cde8
285d
0e30
03e1
d3c3
2e12
1793
e5dc
c9d3
040d
5aaf
3727
5109
bc68
519c
b42e
32e7
337e
219f
5a0e
fa43
49e7
8329
f2c1
d603
e9a0
b913
6bc0
7b1c
2272
76a8
d3ae
2051
ec15
c839
59e8
adaa
10d7
5ceb
254b
9ac8
50ed
a0e3
b84d
fe72
29e0
8a49
2680
4f94
9a1b
8d1d
68d0
7154
b983
2fe9
b469
d8c2
f412
d02c
1fd6
91f3
7edc
ad93
726c
0db5
0c4b
ce71
b06a
bb54
49b0
2397
d6ed
2f9f
66c6
9615
310d
277b
9ffc
0000
b8c6
8353
ba70
ac85
70da
23fa
ea50
dcdd
433b
925e
19ba
b723
3cab
3a90
37bc
6ef6
bbb3
cd32
4a64
b266
3c27
1732
1b31
6397
806e
0c19
025e
42d1
4288
6118
df26
66ca
fff2
6bc0
d696
5aeb
500c
7d61
ac79
1c5c
fcb9
00c3
5fee
48a2
f42b
a6bf
13b8
0333
acd1
1593
6558
a2f4
a432
18d7
787b
e602
0fd8
437d
cb84
653c
a77a
d00a
fe1f
6b15
6a0b
3b7b
c798
f3a1
9b38
e0db
064f
97eb
24e2
4971
26b4
0bf7
5ee8
6ca3
b3ae
8278
056b
cb3b
811b
1929
8060
07e4
45be
6637
8f52
b1ff
5825
d588
e352
8bfd
8747
c6c5
c35f
211d
8ab0
2c9c
dca4
3bfa
5f33
9731
50b1
03c1
f90e
66a0
ab7b
4070
3281
0164
b5d5
5487
eaf8
226d
1654
75fb
acb6
87c9
c635
293a
5ed4
dfc7
c84e
9217
7b8c
f688
1d58
bd6c
c8d7
9205
6de6
6135
18d2
3e45
bab3
2a75
5656
ddba
1393
397f
d8eb
d84d
6691
330e
6ca0
8029
c0d3
6cbb
cc7f
fde5
06cb
87c9
05af
882f
7d9e
e3b6
9722
aef4
e360
379d
f714
7978
e9c3
6be2
fc13
0060
5a44
1257
7b15
39c7
47e0
3b6c
4046
9a62
9bbc
6ecc
b0b4
6d2a
d71b
0d5a
de05
a4bd
4987
08ed
03e3
8e40
5f3f
0261
501b
c7c9
801d
240e
154f
fd0e
e630
4535
b2a6
cc8d
84ea
0b98
7329
0172
0265
142e
466b
93f7
e1e1
e07e
c369
a837
2a27
9f5f
f2e1
a6c4
21bb
c8d4
ac4d
823d
d1e1
57a4
3ca7
addb
ebc5
bbdd
53a3
39e5
6503
fe78
aa57
04cf
d18d
dd72
e575
3bea
029d
00b6
00dc
e24c
0f72
fd96
c769
bab7
6f44
5816
e409
e580
734f
8f2b
6a99
0d91
f472
49b3
1950
8c03
e813
53f7
0873
dec3
114c
17e5
9d90
a4e8
0502
1c44
4668
7bd9
f6e7
e0c3
2142
50d8
4f9e
498c
643a
e062
41dc
ca55
75b1
82dc
5143
301b
63cb
a246
a210
1650
2189
998f
ed99
d7dd
c778
b9f9
fe84
4e7e
28cc
16fe
5463
eaab
340b
b388
bf9c
d991
fe03
9df5
4fc2
71c9
e03e
83a6
5acd
ad7e
5fa5
d563
3d6b
3cd4
2ebb
86cd
5798
7d91
c42f
6006
3dee
c494
1c52
a084
8268
cdc7
172b
b39b
394d
843a
f99c
96de
328c
d388
766d
9c33
4b04
5345
c18c
ef47
81e2
0e78
051c
3a1a
76c7
6bd3
dfac
12ab
cc85
825f
cb02
e094
6740
8cf1
40bf
32dc
1f8c
2681
ef19
93ff
a99d
0341
cce8
c1ff
09aa
5561
468a
328b
29e0
ae42
f01f
c19a
befc
103b
ca81
75c4
bccf
b899
bac1
4b37
36a9
0800
7eba
f412
f5b6
82e7
aca4
0cb6
3082
8078
bd5d
dd28
2956
ecd6
aedb
ba11
7c70
bbf9
ca74
3024
6cab
e8f5
cf1c
657f
2914
a115
da6d
9947
bd76
fb61
6a55
f0dd
84fe
7ee7
e37d
3307
d469
8383
009e
4de7
bc97
e19e
0d6c
d96b
f664
3332
1a60
7846
d2c9
eddc
685f
c39b
b600
c036
6cf8
7d02
8470
e1b3
55d4
0255
b82f
3c06
226b
268c
1024
ec8f
f5bf
3749
2c62
be49
d1dd
0eed
657c
d9b8
0203
8ecb
e6df
4c59
fc6c
9a28
30de
bc5c
d2ed
28c3
7a9d
0cfb
b10c
dce7
11ca
5135
f22d
dba9
d141
7b4a
66f4
50ce
d3b2
87a4
bf5a
097d
aad2
eed7
4db2
12c8
38b1
a9b8
002f
19d2
0edf
cc54
b2e2
a132
7319
f1ec
e785
3d03
cdf2
4cd1
db73
d2f6
b1e5
eb79
9e5c
0d32
9529
ea38
e1b4
6e96
f7e0
c4d8
456c
d13d
23cd
a663
2bbe
93bc
1f7e
d519
e087
1c16
6bcc
a610
19e8
8f08
b5fe
09af
58f5
a578
cc54
3a68
5428
cb06
5f3e
8372
c603
a4f3
0fea
e9f3
d641
5ee5
56b2
088d
7981
160d
9dad
8ed8
f3e5
b211
7920
97e8
0f29
63ea
4749
b5a4
52bd
8d36
02ac
d46f
8a5c
d36c
ba5c
5607
b705
fed8
b3b1
61e3
b2f1
dda9
a5cd
0957
4994
b546
2e67
9c64
95de
75bb
3e4d
5da2
f1ba
a618
a445
ae19
ac13
4fe5
1d52
0fdd
3d44
28f8
cfbe
0fb0
bc8b
10ad
8487
fc75
4ba1
2238
54cd
43e5
e130
ffcd
60a6
bd48
5522
321b
eec7
d029
3ac6
936e
0c02
15bd
01e0
2030
baf8
f043
19ff
b02a
b6c8
c3f3
24fd
549f
d036
69a4
5445
ec3b
9d30
6d74
0d8a
65bd
92aa
5f12
4f15
be39
60d8
6116
f83f
2002
d2a3
fd44
069e
c8a7
278c
5fa2
7d2b
77a7
b9d1
f6a1
37e0
4f11
e2b7
b036
805d
bacc
8f5a
84e3
4bb3
9a67
1dee
3fb0
37c9
63cf
fdc6
189f
45f8
140e
ee27
4e61
290f
77d1
e7f7
35f9
204a
0ece
976a
a938
9281
b5fa
c3d2
c87a
4272
b607
87ae
4df5
c348
2225
f213
e167
c866
a44e
f5f0
a191
564f
b5b4
3817
6b59
ab1a
b57e
757e
56a9
e6de
54b2
bc86
f3d7
71f7
83f8
efd1
6d19
7283
a777
5ae9
fb0c
8f86
bf7c
05b3
d270
8600
ba85
97de
8e64
a28b
121b
fac4
e70e
eaf7
9895
2053
4b9f
cdb5
9791
6c01
06d1
2c71
9dc9
54bd
9535
514f
07e7
944f
83ca
f27b
cee2
7aa9
e445
809c
845a
9a9c
3f2d
f037
79f7
9ddd
7d38
562c
1671
7d2d
fd5c
c506
4f7a
7772
19c8
6d62
a495
cbfd
a2e3
3cfc
7fa7
4296
0b39
8d79
e4cb
5224
95ef
ebc4
e921
fd7b
49ee
90bc
152b
3e11
c286
c0ab
6006
95d9
1a4e
d26d
a71b
3eef
d079
0c2c
a4d8
9133
521d
8bb2
470a
4008
700c
43c8
f75a
6766
0f37
a92d
7993
130f
f3e8
f99d
c315
c8d4
d26e
6a54
d922
4f3c
e853
c0bb
9cdb
c22d
f8aa
2514
90a0
0f43
7a92
ffa1
4e24
7b89
1218
e2e1
4204
5137
4671
b63b
9be3
5ac6
d02b
89cd
656d
28e3
ab23
a53d
e599
5a83
f2c8
66dd
a421
459c
f751
fdb1
6d29
a0b8
b36e
2d4e
2403
a8a7
7c70
f8be
a556
0f08
1b90
63af
b1dd
5d33
3011
24eb
aff4
292d
8cb9
9f40
a408
297f
1f34
c4d4
de6f
5e64
9066
b4fa
ff60
c36a
1160
9a24
39c4
1986
5606
a2b2
604b
27a7
fe24
3bd7
c259
29da
6b4c
2b2b
84f9
8170
3df2
8436
7f5c
f0aa
63bc
f634
8cd5
2eff
2046
69ea
7ad7
72af
3950
0cc3
55ed
1998
a83b
9e7a
735b
ba32
d6f7
7cef
1af4
d0da
bc42
f432
d15d
e7da
2e80
de82
a2f8
e208
208b
0a78
7e58
780b
a63b
f32a
177e
8538
abc7
4175
8508
b97d
b48d
fe61
45c8
9bd5
a265
2a3e
1afc
eff5
3281
26ed
e6d8
9178
eeb0
da90
aa02
cc82
6bf5
55f4
9d8d
c6f1
a77f
6d31
1d0c
f211
cc03
7b87
11a4
7da1
0882
e10d
751e
789c
5798
1fdc
64a4
456f
936b
25f1
85e2
d63e
6d5b
bc6e
6255
466e
9805
4a43
4031
9127
dd8b
3569
7636
b7c5
750a
4b20
3a89
180c
9c56
7f46
b60f
768d
5434
ef42
ee9f
063a
38d7
2bf3
734c
f19c
2bdb
5062
e207
51f8
9054
a7ae
9fe2
e156
f062
57d3
b441
895c
d19e
a8a2
9bc7
cf44
90d5
4265
fa1a
5d4d
9e5d
6e08
67f7
b380
1c63
66ba
8d82
6259
994b
3075
0f00
c28c
1a08
3384
e99c
e12c
138a
fa21
65b0
2607
8a3f
aade
ba36
5780
87ed
7bda
9dcb
c764
f5a2
263c
b187
7a3c
cf1f
ec14
8de8
d6a2
47ce
ebe8
76fb
9c3c
929d
b1b6
2ad9
272f
1da7
572a
b1d5
0716
9832
473f
2119
3ee1
b734
92eb
d509
2d2e
51f8
02d0
37b1
861b
3859
65ba
aae1
e256
f69a
19bf
481b
7d0d
9407
d723
be55
d4bd
a747
76eb
0a1f
9800
a7ad
eb27
0bd6
4b2c
780b
60d7
4f4a
6a22
9117
514a
8507
f4a9
3375
f4d3
2843
0cf4
57f9
e887
3313
9115
2beb
c433
f7b2
12ab
c7f9
e955
a26b
bea8
5a0c
adbe
aedf
8b62
0a1a
2ab4
c666
e2d7
2ada
d944
b5b3
a0c5
197c
9dcc
4ec4
da32
ec3f
60d5
7ae6
69cd
7945
53a6
6573
3f35
d8fc
02f5
42ef
49c9
684d
56c0
8fd9
e2d4
b8d6
4d3c
5aaf
4a56
8dd3
c596
c2cb
6015
543e
b469
958d
948f
72ce
9ac1
6fdf
8ae8
9ff0
6c3b
481a
718a
7af0
6cf8
52a6
9ec6
6b4c
2fe3
4f81
79df
14c0
624a
e051
f56c
f047
9bc0
6503
e302
b01e
ad62
4cc6
9fce
0f0c
648d
fcf8
e3be
6317
f0db
6028
0225
6620
a5b4
dc71
b7fe
1189
d473
8549
a74a
2d14
13dc
337b
0178
5aaa
dfe7
f86f
c94f
b7aa
4777
9220
6b99
e97b
a8f8
5c15
46b3
2507
64d7
afdb
340e
89e5
ba71
0613
e23c
ae48
96ee
069f
0f7a
1db2
6a6c
4bd8
cd26
ca81
20d7
49a5
601d
3273
d3b9
0e11
fe4a
68f5
87d9
fd42
3eec
61bf
c16c
8683
00b3
011b
93d8
05b4
92ad
7c85
9a84
1bd1
3ff2
8aaa
10ff
c989
a754
e149
fd51
fa6c
c15d
8d5d
bd7b
d9bd
8f98
157d
f59e
d790
9e42
be49
d8f6
381c
9c07
92e6
d7db
4b0b
71df
af5e
cee4
9a06
03ba
f6d5
f868
78c0
affa
6472
3d0d
ec59
f40a
9261
d6cf
7f6f
10fd
aedb
bc1a
8b37
f76e
e7ee
d135
e9aa
1d30
23c4
22da
15f5
b694
b68e
2d42
5232
ed23
6007
648e
581c
1f86
24ca
c169
fe2e
c776
0e35
e148
968d
ba8e
9452
ab37
1f47
6054
689a
5790
f177
1e02
f8b8
d985
e4df
e5ad
d61c
11f7
ae59
6b0e
f3a0
417e
4c45
38bb
b04d
be35
8dd7
9ca7
5573
a8fc
7231
2604
b66f
2540
032e
062c
c4e9
601e
c461
e48a
bccf
33e4
9433
7f16
9636
6804
17de
b262
177d
98eb
7497
90d9
a30a
3154
6135
afea
10f2
2208
229a
6188
7f95
880a
219c
3292
a0ed
7c98
90ee
3054
0fef
4869
0294
594c
148d
ff8f
dd36
13d5
c4d9
5766
9daf
3ebc
0f44
4b5e
c498
31d6
14a9
c818
f16c
079c
eab6
3a71
96b2
a8b5
b40b
7d50
ac75
3aab
e12b
7830
dc83
040b
d884
5b2e
c307
f4f9
7518
ad1a
7d19
654c
7658
67b9
3e17
0e50
66af
7669
2f82
d032
4b92
f291
dfbc
e6cc
8016
88c5
b0b4
e5cf
1991
5153
dac7
ccea
3515
76ff
9b31
8f54
5b47
9924
b265
0990
0334
2fd0
f67f
bad7
c036
6935
6d3b
9c6b
e7f5
c687
6e81
006d
4332
df0e
0d90
86c1
0d81
35af
cc5b
cb89
fc81
ddac
d5dc
be29
4cfb
7cf3
b83b
0304
6d1c
808a
a8cf
7c11
7842
c3ab
c6cc
bcd9
a0d5
fb44
3f6b
941d
6527
41a3
6c69
4064
47b1
1431
999e
a245
99ea
e117
a2f7
594d
1a2c
9397
60bf
9750
c92f
be27
e61f
455f
4be8
cec6
9fcb
d6cd
65e5
7096
251b
4e4d
6731
b9c9
557d
58cd
8d43
6c86
0bd2
7ba6
7318
856f
f3ca
3f8c
1b3a
b65f
9058
6ef1
ad04
80dd
a454
dbc7
e898
9445
5a6a
19d3
97a6
af4d
10c9
4d4e
6acd
054e
099f
2746
0e26
9933
5919
dc0a
3862
9cca
852e
7728
f653
d578
a5ea
f0bf
4c56
34cc
585a
29ec
6962
ae4d
1152
d407
30b3
bbb5
1eaa
5568
c114
ebdc
5b76
e6d6
237f
d467
d16a
2940
f7f0
cb93
3267
8788
802c
1100
bc06
375d
a952
eed4
5906
d7a2
8871
0da1
13fb
952b
bf91
95bb
26f4
7b48
b270
f2b6
cb5e
c0e6
5bcf
3169
baaf
191b
1027
a6cf
44e1
20a6
70e6
3f5f
b870
fcc1
1457
3401
8b4e
8dd6
78d0
7d5d
3c14
3e46
56e5
9fdf
6991
861a
64c5
9f4e
f753
ee8e
13b3
ec54
c2da
b6ca
c34a
a96b
85cb
6b36
0798
e507
58a9
76de
01d2
ce0d
9296
0e48
3711
1b3e
b5be
e842
ac85
6ec4
9181
00cc
5ae3
f4b2
8327
b2dc
b158
9e11
874b
aa4b
bb67
9a63
493e
0cd0
b2f5
b38e
3bad
7a46
f6c1
3090
c6ee
04d8
0dec
f24f
9c6d
99a7
626d
6d05
dd8c
857b
1581
0bfc
59e8
7b4e
3ac2
7612
1b51
a985
06ba
cdc1
4cc1
ea1b
d65f
4a87
71e5
87e7
7a33
71fd
ee80
f9cf
93a9
5388
9447
365c
dc0d
def1
30da
8d90
0934
eb83
3ca7
e8f0
268b
77a9
7526
b915
0039
141f
f1f7
9f0b
c06d
ec68
621d
f363
6d35
0d8e
fb7d
5b03
6397
b112
5ffc
797e
061a
487d
bc32
df0d
8bba
2b00
705c
dd69
c67e
4526
341b
3c18
ffd0
e0ae
e16e
7950
6857
83c9
02f8
3a5e
4ce6
b88f
623e
b7a6
edb5
5599
2a98
61ed
766e
ddbf
ff9a
2e07
cca0
a2f6
c23f
700d
81ca
ed59
8698
8fe9
5abe
f26a
e59d
f5ce
aa3d
2b4a
d4de
963d
1c5e
452d
a4f4
6df7
85d3
b2cd
0ca4
8ae2
678a
3dad
03fb
f7dd
1b4b
2e96
68bb
3b25
0e88
3c95
1b59
f359
f216
6880
6cd3
98c0
b5ee
dcc4
83b2
559f
6a8d
a164
eb3a
0802
7998
afe7
2c56
655e
c8ac
1e2e
ef28
944d
3963
9319
ff38
1750
1c67
c733
d18a
d028
22cc
14f1
26cb
0fd9
9ec7
7de4
513a
87db
a0e1
2e53
6b92
0509
71e3
7009
1a4a
40a8
57a2
046a
ae53
53f1
7bb9
c4f0
1af2
2930
749d
dbdd
d6b9
e895
18b5
2db7
d568
b00b
f664
cd8f
2a54
8d87
8746
d75b
d94a
2140
5e4a
030a
4bd6
def0
a5bb
915c
0874
732d
1de8
8df1
0e8c
f259
96ff
ef05
711e
b06b
9b75
ff57
c464
7d1c
d454
c5e1
54c1
653a
55dd
41dd
fdb5
812e
21ec
336c
285d
e82e
0265
d7e7
2da6
29c1
f551
4add
00fa
683e
ef07
b920
a1f7
8dce
0748
7b6a
2cc0
f024
4b15
bb18
bb18
f9f0
73e8
942b
84c2
9b12
8230
0113
ac57
27d2
630d
0c02
c078
d0df
2a74
b996
4539
7549
a644
e0e7
52fc
e8ea
b337
bd5d
475d
dfa3
41e6
c779
bec3
4d98
c45e
c1f0
2826
50ef
6f00
9911
bb03
3ab3
bba3
b6e0
423b
a736
3764
f5fa
b747
0845
76eb
c78a
ed1a
bd96
8532
5c0a
3c3f
e39e
1d62
78ab
2d88
c501
0ccc
b5bd
c60e
f108
ce42
cc1e
f61d
ae78
e1dc
27a4
9214
255f
d632
0067
54f6
f3de
93d2
8678
336f
e3ec
c0b7
59f0
2a7e
2df5
1368
05c6
20f9
a519
a42b
a8d9
64f0
59e6
6954
42c5
311a
73b3
1d82
db6f
ef70
6703
1b16
e009
42f9
854d
90da
8cd4
d1f4
5363
9f15
7f24
bbfe
0f04
8b36
6bb2
9514
7516
87f9
ddf5
ccee
4181
a52f
a86e
8779
98dd
271c
7d91
606e
69e2
c31f
a2e5
ad0c
5fa0
3d0d
384d
4ffc
6838
0679
afc7
123d
44b7
4ef5
c7e4
6908
292e
9a6b
0123
bf92
f643
3d34
445d
1c76
d32f
40f0
f267
abcc
c9b6
f463
1bba
8d3c
fd90
c5a3
28a0
4ecd
936c
5e80
5e49
a871
545e
08a5
a6bd
1418
3574
95e1
d4a9
7dea
9e73
0b13
7afb
39ae
de8e
bfb0
db76
4617
e46c
d67e
beac
620d
e5ab
7775
c95e
c3ed
71c7
6a21
383d
19d1
6644
4aff
1d0a
fd8e
0192
67be
536b
5476
0341
8ab0
1182
89be
1f65
ec57
d788
560f
2ccd
c0b5
a024
2485
cee5
26d1
3cd2
6bb6
8067
179b
c027
f6c7
56e4
cbd6
6186
ea8d
1f2b
90c1
8f75
1d89
a3d1
2062
0977
bb72
4dc3
2047
4fd3
7faf
28cb
59da
24ae
e73f
b620
ff62
4460
4669
b0b1
bf81
cebc
48b5
083e
2e33
f6fa
5d05
d6ac
22d0
c67e
b149
26ea
deac
c7d7
fc4b
cb02
0c64
dac8
83c3
34e8
6602
6344
387b
b50f
7477
0c20
5e21
e7ef
b2ec
315e
5267
e497
5c1b
999d
b8b7
2f79
5214
1538
9f1f
ffc3
b626
d9cb
965d
fb0c
b0d3
f283
7d90
62bf
e0f1
798a
347f
fbbe
21a1
02d8
8fbf
79af
b14d
fc6b
9b9d
7924
c7b7
154e
2678
f076
abd5
add2
37d5
aa33
1343
d95c
7b47
e393
9400
af8b
027c
3165
3625
906b
da8c
1853
434b
410a
a77f
9ddc
b298
e824
8806
d5eb
e57e
ed2d
53dc
44eb
7b5b
6c08
0234
263a
1fe9
176f
a726
0916
0d61
d7f9
97f7
6339
cc2c
061b
6248
062e
a710
3793
3afb
49cb
1bbe
7282
3c56
4434
03b3
93b3
6fab
b26e
de2b
7789
7318
01b3
f3e4
6e5b
0e63
6f39
dc71
ba2d
dd13
63e2
255b
bd50
4075
37ea
8413
e728
e6e2
ac6c
389d
1d73
fa8b
c155
b4dc
d6f5
43dd
deef
a6f8
c956
5de2
f4d1
8a78
16c7
5d1a
4e7b
f65a
b65b
5f89
a887
e42c
0f29
d73d
be72
4e61
776c
4c7e
80c9
ea10
71d0
ed4f
7f30
876a
c69b
f44a
6d6a
be90
54c7
8ffe
aad3
7e4c
e4a4
a971
0f8e
99bd
9c71
987b
71f0
653c
d62b
c5bd
d0c5
3c82
8b3b
8a28
4679
095b
7a93
b829
85a1
5976
aa94
8f7c
4e67
c4a8
e447
da68
d20d
b69b
57f3
bab5
5e14
95e8
7f81
2bf9
57f3
7641
8bf4
bf2f
0426
c92e
8ffa
70f4
209e
61a3
3cfd
3164
bd06
4e08
3169
3b09
4a1f
eabf
7c8f
22b2
94ee
963c
1b9f
685b
39f6
34b0
7516
e195
8ece
d7f6
0fe4
7e9f
9571
e9e9
057f
daa9
c5b5
ca7c
c889
09e0
203f
4490
abe9
83d1
9d87
c266
edb4
7269
849c
13f7
3310
a17d
fe18
d4b8
b664
8060
dc3a
a178
edff
e135
3979
b1d1
f62f
5ec5
5c15
2a11
9ef1
031f
b59f
e2b6
ce7a
c995
0854
37f4
6697
63c4
1f4d
c741
214f
7ad2
30d6
030d
7ba7
884a
2ccb
ee9a
385a
ad0c
e843
0e74
a142
1c42
677b
ffdc
420d
c248
7ae3
1c8b
edc4
267e
5330
bd24
8255
f24a
14fb
459e
3bdc
a8a6
d659
9d1a
4e0c
fc96
d4d8
2cb9
1747
fdc9
e5ee
acbd
5644
0f9f
c743
8461
ee87
73a5
9aa2
6399
e7ff
fc10
7199
a32d
48f7
e249
80fa
bbaf
2863
f06f
a791
df07
e233
2614
b436
7ecc
7a4a
96dd
de6b
6e07
9ffd
a0dd
e8b3
eb70
24c3
af6a
4b3d
eea3
db4c
bad5
1266
832a
0132
5d7c
aebb
3e87
963b
51db
1c66
cb29
c529
3924
3ac0
3dee
d550
00fc
f919
b0eb
da92
f2b3
02d9
4883
f616
f3c1
70bf
e240
91ca
dd0b
9d58
79b4
0c5a
dd5f
38ea
e162
3833
7ce1
4edc
48c0
7cbd
52fa
2bd1
431e
f980
6a05
04eb
a642
22f7
a665
65d8
787d
a8a5
a982
0822
4fa7
04fb
dec5
a38c
732c
e4d3
5862
eae5
cb02
5d81
c3a4
0e54
b7b6
0f7f
2f4f
e0ad
da95
8e88
25bf
f907
df03
4993
e441
e8b9
c4f9
fefa
804d
6bae
323c
9244
1436
8aaa
92c4
f8dc
f5c9
0581
aa8e
61c4
1af8
bfa5
9f00
0ca4
8213
999f
b561
fb91
20d1
e859
74c9
ad95
4892
def8
192e
8b91
bb17
bb98
f135
ccf4
9046
f5ab
33cf
4e90
da3b
1857
21e4
c8b9
2034
9824
622d
2f5b
02e4
556c
ca1f
3600
2d86
8939
443b
c148
0214
229f
46c7
aa2d
96d0
e27e
9c7d
8c7e
7b78
f4f9
9856
f37a
0a85
ab32
201a
2ca8
c08b
7dee
d2a9
9dee
f3ff
933b
aaae
ff08
2110
560a
c72b
e9f2
5b1a
2e66
94fa
b364
6580
6692
1b76
0dab
27a9
53a3
9a86
cd1b
1253
22f9
e2e6
8b36
7a02
568c
6d45
8216
61cf
347f
a1b2
0d56
b41b
2fd3
507c
1d83
dca5
73a0
1906
1f44
8d46
06a3
ab3d
ed82
8ccd
25f4
2756
271f
88b7
5d32
d652
8460
4a57
7d1d
e41a
ec53
4254
9c3f
8cdd
4c0e
fb81
bcca
9cf1
2ac4
13b3
cc9a
e9ff
a260
fb68
eade
d425
8e0c
21b3
715f
e33f
bdbf
5d40
fcd2
0398
1a52
4fda
6ac4
2cb2
2441
0d10
7a07
1eb6
ea10
9fd5
6c68
9ec8
5621
d883
c07c
7b2e
d84b
a08d
68e7
04df
8153
29a6
7dd3
7424
0433
4ffa
93e9
1322
98c6
2e8a
d755
cfee
ce8c
d751
717d
44f5
396f
854b
c0a2
6a9c
9ada
d37b
c628
0c44
5cb1
fecb
40f2
ce32
f4ab
c402
ed30
582c
ffa4
6d67
ad5b
5583
458f
66a9
8156
49e3
d926
2e80
87e5
ae10
acab
7629
39ba
c083
152f
148e
196f
af9a
0f4a
36da
9723
cc5d
7aa9
1a68
47aa
e89c
7d7f
0104
bd4f
c70e
0486
7707
9844
03a1
6018
bf90
678c
0e3b
5fd6
3ddb
8a3a
6a94
4019
9fb3
19f7
5d4f
eeba
b734
31e7
170d
4ce6
0680
8b7d
8c93
b877
c83f
776f
41d0
9780
b14b
26e9
2451
8856
860c
bd1d
bf48
275c
6ade
c768
8708
b914
536d
3487
297b
b4f3
9397
7040
2bb4
1568
3baf
1d26
0ea3
83c9
e9bd
a0b9
aacd
61f6
e9e7
ddd0
8613
ca8f
8587
934b
89a1
1283
faad
ca3a
8616
1508
6ecc
f83c
0065
940b
9d00
ec6d
7b10
8ba0
f387
79c4
6236
2267
55a9
b1f8
889d
7b83
ada7
48ca
2bef
478f
be91
b70e
02e4
9c55
99b0
a83f
476d
c059
6487
3913
3f73
ac0a
5469
a71f
f69b
78a1
7fa7
0615
984c
ca3d
a9b7
79da
97a9
85d2
84bf
0334
d5c7
37bc
0300
f56d
7ace
e720
3b0c
8370
fb58
400b
612c
35ea
6f83
c5cb
7b17
94a4
7e07
5aa6
5e8a
3a74
59f3
c6f6
53da
7601
9e6c
37c3
651e
0185
6d99
6b10
1772
9c6a
3ed9
747c
9375
47bb
60ed
d653
0950
92d4
ffb2
292b
1dc5
24cf
53f9
ff39
86a3
1b60
b077
d301
039e
cb34
8b17
e6ee
e844
a330
cad0
2785
0dad
0df8
e60b
fefe
a761
007b
9acb
4fee
ae5d
d8c4
0930
d4ce
c237
e3df
941b
cc0f
e956
930c
4fec
66a4
5c5d
b7c6
52aa
f286
7d0d
988c
b5b8
fe7d
5cf7
79cd
70f1
5ae8
e0e9
e4df
d16f
b682
3cde
3408
56e8
c191
c102
5cd6
ec41
3de0
a236
ebf5
4074
dca5
d8c4
9676
d4b4
f5a5
6de5
b726
22f9
4e97
8e0f
0bc8
af5a
0ef5
a88c
e228
e966
1c01
1495
9edf
920b
090e
f4db
8798
85a4
f5ab
5ab1
eb07
d84c
a157
6d2e
8c54
ec0f
76d0
24c9
6253
5e7a
1d5f
d642
5ba4
fedc
7f4e
1432
4e54
02d7
991b
499c
3a6b
3575
0387
73e4
8cb5
2bcc
79b2
cd74
35c9
461a
e567
5b56
2ec6
b1b8
f2d2
e73a
a248
3698
5071
fed1
ceb6
c74f
d78b
1b91
d1f9
c8f9
9a1c
aa14
3805
6e81
3c0b
619a
d99e
e157
e35c
bea3
f61b
534e
21d6
8d4c
5557
2c48
7963
9180
b4eb
e86b
7be4
16f6
1c92
b872
62cb
4766
aab1
a911
7f6e
511e
3628
7667
6449
4467
c631
6870
a4fe
394b
b6f3
d1f7
08bf
28d4
ae10
9080
d4c0
6347
1a63
14d1
ab95
c961
0b98
5c87
2b0a
f5c8
6ba4
70da
97de
8c15
767f
c5c1
7e4d
fadb
6f2b
c752
5e47
a70e
15d5
9c8f
067c
a2a2
55b5
fe67
294b
2a38
b137
0460
37de
7d59
3527
9824
2d58
6676
6454
cb3d
d1a0
8460
67bf
46cb
96f3
2b0c
bd0e
485b
9ab8
d6b1
c493
6d25
da78
efdb
1f23
4268
8e7a
6332
2e48
e743
8947
5ae1
e01f
8b2b
3fe3
a953
c08e
8676
7e31
236b
07a1
db5c
43ef
3b17
b17b
30c6
e1f6
652f
67b4
ac71
6e5b
609b
f8ca
d073
76b8
8a60
7973
f34c
9011
6e1d
b11f
605c
9efa
dc99
0e80
c266
33ea
ea95
057e
6a2b
1f23
f41e
ead1
db96
0567
e483
83a5
17ef
0aac
206f
f4eb
ae4a
37db
703a
c943
c3c5
a5a9
2913
4af1
c62e
9ecb
bdd6
aa61
35f1
0c60
1caa
90df
d726
a553
94a4
a5b0
28cd
7e4e
4aab
ad9e
8c58
b7df
9165
8933
2fb4
c699
c8f0
28a1
fb5d
df20
05da
4f2f
d175
2dc0
055c
8b5a
645a
b62f
cbff
f45f
95f5
4dce
c5ba
999f
6aba
8342
78df
fbaa
654b
0e3b
9ecc
e53e
b3fe
f150
7771
a381
8b6e
0e48
cf64
eb69
f160
6267
83bb
2f69
6e02
d5dd
f4eb
8488
d823
94c8
02c1
5889
3cea
a823
36db
d869
3b7e
d09d
6c0d
9c06
4172
3232
3ac5
7855
4b53
a0e1
36f0
3f97
cdcc
36de
f028
00c0
dd37
9c1a
6cc5
a29d
4df2
2d50
2d76
603c
7b08
f4a4
026b
0cb1
e09b
37bd
579a
647d
40e3
6d73
52a3
3823
5e0f
e41e
c1c5
2165
f1e1
cc02
7b41
6055
11a0
8628
8bd3
0916
2b21
f41a
18b5
8970
f803
5029
76ca
0859
6f8f
a013
0a06
1d0f
7a5b
ae3d
b82d
fbbf
4093
793f
634c
3b91
c564
9744
6641
5bd9
0926
44e6
8d36
c4a7
6845
89db
4c0f
a4d4
d126
336a
ce4d
4a52
3767
557f
68fc
d513
cd21
2ed4
552b
1b8b
e94a
520c
da4b
edf0
7d54
f073
d6c3
ac0e
81d8
7bc3
660a
144a
9570
8f99
a839
444c
f006
ee5f
72c2
6d93
c7af
212b
e9c3
30ba
cf57
f5b5
3f43
29e4
0897
1cb0
dd3f
6375
ec7d
ca30
b4fa
5036
a859
0704
ca0f
e51b
4311
31de
6b1d
b38a
40b8
5fea
fe1a
83b0
198f
461c
cbad
3985
5cd7
a5db
b27f
6922
f4d1
4fa3
5692
8f8a
893e
6a37
46cc
fb1d
d16c
0ad1
1a12
f275
6459
2d97
d2ee
9a77
69fd
af33
4be7
8a4c
1525
5d63
695f
cabd
0763
7021
992e
0498
13b0
20b4
3143
22a5
00f3
bc31
48e1
dccc
2dd3
3931
0e23
6fa6
0495
5d57
eb88
0efe
1e2e
e173
e2bb
f61d
43d6
b26e
d0ae
1675
02b1
0160
dc3a
e7a1
e622
b772
b39a
4596
8a10
02a1
6c18
4a09
a70b
291d
ba93
cd30
8a13
1bca
3bbb
6139
af02
9c92
02eb
9a6b
a27d
1f37
bd5f
7bce
b819
588a
dbe6
5bbd
1847
f6f6
5c9d
a0d5
1914
49ad
d731
60fd
aab2
7d20
822d
55e5
9f54
ec5d
3755
8c5c
9b79
aaf7
ff4a
e797
927d
5703
6e70
e4d9
9c88
bf9e
a284
20ca
518a
7929
4d1e
20c9
dcfd
ee69
1c77
4b19
a4e7
e5e0
6222
218c
02e7
6b22
bab1
a19a
e9f7
c01d
5f4f
342d
b3a7
0a42
c4e7
65ba
ad50
ad52
0f30
aacd
4d08
7951
8654
8655
9a04
b280
fdb5
8c03
c41f
975a
e562
d31b
b636
0973
ba90
53f8
a8a5
2cfc
efa9
d9f9
4f7f
9ceb
dbd3
f815
0710
e6a8
700c
c8ae
b825
ecce
799e
c190
be9d
d3af
63e2
6fb8
6a71
643e
0348
58d4
9bfc
8329
2ff6
7387
9487
4a56
550d
72ed
b4b9
d183
e28a
6432
7838
9e91
cbeb
2447
b023
64b7
1461
7ada
3206
7263
0ff2
f4cd
0332
262a
2a37
169f
dea9
22f3
b438
ca8f
dd1b
c44c
2e34
35fc
5093
352f
8bcb
5b99
f8ff
e175
cbec
f800
f6c6
6342
7f19
d440
541f
a890
659f
960f
1d97
ca3c
38c7
523b
cbea
4890
fb93
e994
1e1f
8312
77fa
4317
e98f
180d
19a5
e8a8
82f4
0de2
9fa9
089d
49cd
a6c6
2486
cf26
64b9
0d37
2b54
cd63
8539
da13
caf1
073a
ae1d
30a1
3cd8
04ee
813b
49a2
321c
8304
3a81
0907
5c81
c571
82a8
8465
a6ad
deca
d6f7
9840
05a9
5f17
752d
2747
846b
b3d0
16e2
f761
aff8
66d6
3518
b7b1
ff97
017c
8ce5
619c
5b85
3d7d
72ac
c6b0
406d
1b8d
c7e1
ef6e
f9af
efcc
9b7b
0753
9be3
d75d
dfc9
6a2f
1a6f
d070
8a8f
72a4
b561
ab72
1ac1
d915
8a60
cac0
729a
25c0
e639
99ea
f3d1
0ba5
511c
7227
7c1e
9a4e
f95a
3435
ab93
280f
db61
d279
6acd
9703
a689
9151
5009
54a2
63ff
9aa9
7295
47dc
0bf4
e81e
cf36
645a
aaab
139e
eab0
418f
06e6
12a3
ed8a
5aee
23fb
c897
1eaa
1abc
696f
55d4
5f24
3ab7
79ec
6eca
4c28
267a
2e3d
1f27
d948
6a36
7da2
69b5
e0ab
7986
f0fb
6822
2263
5c53
be4e
bab2
c824
a78e
a2ce
58d1
bda0
9a39
fe28
490a
df11
de7d
4340
b97e
b3bd
0e6c
540c
660d
e2fb
1e99
dfdb
21e9
14b4
a808
886c
64b7
27a6
49ac
dbeb
daaf
3175
fc6b
2781
e0d7
6701
1615
f677
8b1c
430e
0fda
9a31
dcdc
a519
7bae
2a25
3659
0d54
c291
c8b3
077e
93a7
90b3
c970
47d7
5c05
34ab
474b
461a
f5ef
e84d
fe0c
9682
6619
bd92
bbcf
8c04
281d
9934
ac0e
aedb
5e6a
5973
eb20
0fde
3349
2a17
d38e
f11c
ce2f
c5bb
c8ff
968c
6c9b
3cbf
851d
170b
03b0
6e28
7c76
37b6
a80a
579e
8b04
48bc
be29
8f4a
9a56
74e8
6e42
083a
4dee
341a
9e52
498d
d99f
3e05
623e
653b
3010
0a9f
6b74
0929
1385
4e09
8aef
6100
2d5b
57b8
64a0
45bb
0329
a110
2658
4ed0
5884
3aff
5821
ccca
bd81
5719
003c
2668
42c2
6248
c098
d6a3
1aea
3048
e9f8
4f3f
5ec7
4c3d
0a27
6be0
b397
80db
6c6e
82a1
1706
a0f8
39a5
a595
d10b
6eed
d382
646a
5c72
76ea
427b
1a39
32f0
f091
f8e3
3f43
075f
18a9
a6ff
4efe
5534
00f7
50b3
e57b
d2b4
20b6
5637
ae0d
9d14
54ea
6072
c68e
8be4
a9a2
b9b1
694a
3a92
4277
2c10
c8e1
66fe
5b23
ae7e
46ec
8fa6
9bba
6581
5a55
d306
32df
47c2
b0a5
8fa8
db67
9f38
bc28
064f
ae48
4f9c
4125
6169
617c
23a2
cfff
f180
4b74
5247
0933
3ff2
1ae0
ae1c
530e
000a
9732
b1dc
02d4
8ab2
0b7d
6e5d
bba1
1e2d
3d30
62f2
8f52
3d5a
ebb1
a819
7f1b
16f2
f14e
4206
8192
b8e9
1610
e1c5
5ca9
2f0f
aa90
0cec
88c1
625d
d7ad
44eb
774a
a5b2
d7db
5586
c64b
487d
25f4
3db6
68cf
6809
5777
6cb8
ffac
e96a
a7b6
02d6
16e1
a07c
b820
12a3
3a36
3058
9dc6
4ced
abe3
f1b5
bd6a
d925
ab13
9974
dd7e
8643
72f7
2866
4653
bba1
1eeb
3c32
750e
0aea
e6f2
a90b
ec77
6516
7724
8566
f8fc
5e57
26b0
f0ff
2071
07f0
bf3a
d514
8964
c7b5
16f7
1f94
6a3d
1370
e3dd
70d6
4220
1495
a68f
25db
3931
8a3f
8c1a
795b
ad83
14dc
8438
c25f
246b
9a11
ab40
b513
9cb5
761a
0fff
6b64
a3ee
7c06
fa04
9c89
b22f
f099
95bd
6282
ec1a
38d3
3c74
7d8e
3fd4
3ae5
5d19
cd27
9bb4
999b
e537
b10d
4d52
5519
d39e
c461
cae9
c4b4
2ccb
42ac
4eb5
f4bf
96d5
857b
b7e9
607f
b4ae
4994
6f39
a9ca
ce54
b15c
9a9b
2939
ff9f
b16b
b0c7
6c98
0f01
aa3a
a0d1
e53d
40ba
bade
f39e
a44e
9264
e479
5100
dcae
584d
2c9f
49c3
51cd
b877
9763
07ac
fa0d
9a75
778b
b5e6
efc3
13de
b3d7
0639
7d0d
9ff7
a59a
d3f7
5ea3
ac71
c912
d2b9
ed14
9d1a
df33
bd84
fce1
bdbc
e61a
330d
4dec
193e
906a
58fb
787f
8592
734d
57c9
a6e3
f48b
9d2f
03a3
b379
9ec8
ff78
e27d
8e96
be2d
fee6
8a6b
5a5d
d433
830e
d122
c949
d385
5899
6995
369e
546a
dabb
2852
15be
e306
24a3
d499
c228
fb0a
f2c0
c9a0
982c
3cb6
7081
3c28
b427
577a
664b
537a
8432
156b
50ca
8cc7
1987
3cde
58fe
e89b
6b43
c44c
38b0
9c38
c712
f4ec
89f0
f385
ecb6
4ab4
4697
a88b
4bfc
8855
f400
54ed
0036
67f6
74d4
b471
0cac
3679
1bd0
4d8c
6f85
0865
a2a2
06cf
5ced
1db8
33f5
1613
e0e2
a4e0
f1b0
f6dd
6e28
6761
9e6f
9aea
2554
3eb0
0fc5
7529
f65f
3947
de2a
17bd
3838
f536
964f
ef98
589d
f858
89da
3be3
b4c4
9e5e
0272
897d
20d9
3d09
e5bf
33e6
0f8b
6104
5b21
bedc
f590
93fb
2768
3ee9
a902
f9f7
d587
8fb6
4ea5
3850
d170
d471
dfb9
e70a
0d82
296e
2fb6
f05d
2722
167a
7989
ec2b
b75d
6009
83b4
be61
5f94
e531
af4b
03dc
737a
3f59
4421
fa40
1439
56d6
6914
2cfe
7973
274b
abb5
8b9c
ebf4
1d51
c64a
5cbc
20ab
7b65
1e4c
2c14
2bb3
99f7
3880
f644
d07a
f77d
060e
bd49
222b
c1bf
cfe8
4d06
b880
821c
9d73
acae
7846
93d0
854f
55f8
3b5e
81a4
1727
b914
d450
87b6
9165
26ba
883a
ae64
5c09
8588
ef96
56c0
d141
fd32
7fcb
7248
ac54
fc88
1275
26f3
4fbb
6aee
850a
18d4
649b
6c40
7e69
9b05
f6e0
11f3
0cc6
136a
ce43
3a5b
b6f6
4b57
1393
5ce7
e49e
aa10
e57d
e28e
5972
d75e
25af
8cc6
6e72
7910
bd64
8b85
04c6
3cd1
dcdf
cfc9
6485
e1bd
f651
554c
bf8f
c79e
6e46
9923
0e94
d7d9
ef4b
3780
af65
100d
1152
5be0
1641
a471
eaa9
c7b2
cc06
d488
ad42
4257
24fa
d0dd
db92
ba4c
4c24
baa6
8d7b
4a95
6af5
71b5
9408
7da0
886c
72f2
571a
f7d9
179a
b30d
c379
a6ae
0598
6e3f
3e89
6ea0
5285
0025
5c47
61ca
7382
2a53
baed
6880
9544
363f
5295
e975
0dd9
750b
8216
9b1d
a307
c2ac
74bc
028c
8d11
f011
50d0
27e3
f3dc
38a3
9cb0
038f
71ac
9233
ab56
cfc7
5829
117c
5407
b3f4
0398
eb57
7b99
b341
2b28
9fa9
cb83
1cbf
2f08
9f9f
a2c8
bdea
267b
6dda
8b32
2a33
1594
b92f
3ef9
4562
dff5
71c1
e452
ca2c
ea2b
63bf
8278
a674
491a
fe2d
f394
e400
39fc
39a3
f098
0cb9
d1ec
4d78
5db6
1cb6
1d16
84d7
6e04
17a1
0e3f
dc3b
5137
6480
3215
d8b2
0206
0df0
f85c
f532
b27c
c861
8d6e
f3b0
a48b
e898
9d9c
783c
55a5
7558
f7ae
1399
467e
a29b
7dd6
4ca5
788f
848f
483c
f4f6
1ec7
4658
a3f2
3567
949a
f231
9e5e
407b
ddfb
60cf
903e
be23
32c6
faf1
2013
9046
631c
1576
cd64
14ac
7581
f8be
7b93
3794
2a81
053f
0053
2d4c
62b1
346d
b91c
1958
94b8
3ef7
bedd
5960
d46d
5de6
ad34
8c94
fb04
d460
ea0f
c12c
284a
1196
8094
d2b3
cd48
d9e6
0839
33bd
bb7c
0af4
38cb
c86b
4f79
90ea
74e5
a33b
77ca
5e61
798e
3b3f
0ee8
2157
8dcc
53f0
9f92
65b1
2538
7701
840f
8b57
905d
9d70
9132
db0e
0cad
b21c
1f88
6678
9426
6019
8b10
a422
f438
8969
b282
8314
ca98
3f87
ccb5
44a8
d77f
8af6
2bda
411f
8bac
dac3
7b6a
1690
e64c
ae1b
6193
6f4b
0463
ce73
c731
b9ea
55b7
429f
9407
24ae
cd0f
4e1a
3359
21df
e59b
4659
1384
d9e1
941e
e429
0b4e
7724
5430
31d4
d780
6f82
d363
5e3c
e5bf
c23c
624f
1c1c
6284
93fb
e6c2
5297
4229
88fa
0156
9834
9acc
f7a6
cc78
6e92
5faa
3e39
5490
0c88
156f
741e
c5e6
fe4d
b712
f791
ccac
3790
0a56
9298
b771
bfbe
418b
2a38
94a2
4ce1
9da3
de0a
b267
d8a2
801c
e256
6fdd
c0fd
ce15
0198
ed1a
50da
946f
210c
047f
d2be
f9e7
a2be
b338
057c
7bf2
883d
3c16
59b6
59da
efae
b6f4
acd4
76aa
7c7b
94e1
e148
1894
17c1
a084
89a4
b672
9efd
dda9
1242
158d
bd8c
7598
43ac
eedc
d556
65c9
156f
2a22
e7e4
f8a9
452c
0695
c5e7
c387
a5e1
390c
10e9
12a7
e5b4
1bc7
79f1
0572
309c
7d63
bfcd
d6a7
8427
ca71
3db6
1df2
1b0b
f9a6
fe9b
8e93
3464
4d48
7679
4e3d
890d
ba60
bc2e
d17a
99b0
9395
d127
e019
cb70
35b9
62db
0709
cdf8
e5c5
a0da
f336
2bd9
ac9a
bbf5
a81b
f3ee
7fdd
ddfd
6435
ab5e
503a
d6e8
8b55
6f18
ed2a
4821
f449
762f
6d51
d350
884d
2fc5
a762
d54f
f8b4
c162
2ed5
2281
00cb
4c0c
e4af
c046
9267
8f08
bae1
48dc
7960
b261
9007
cf8e
474f
4630
85be
0df6
5db2
3bcf
980f
2c5b
fe07
2ff5
aec8
8e59
a242
118b
5322
44b9
197b
a66a
cea8
01e0
2aa8
aefe
306e
df6e
2e5e
aa7f
4608
aa8f
1d0a
03fc
c501
c0d0
e7bc
84f9
f8b6
a752
b334
4515
c5ad
b6fd
c423
6a28
1416
c22f
de51
bc89
8a65
e1b1
a7e7
a78e
61c4
2dfc
e05f
aa4d
ce2b
e77a
aea8
4c6c
5113
d05c
0bcc
3175
094e
f5dd
c19c
3dae
3869
1a62
740e
1044
cd0b
5dd8
3159
e15e
55f2
3897
8933
437f
6ced
fa5b
3b1e
05c1
5332
9288
f409
537c
aa48
9e0b
5e63
cdcb
f3ad
a514
d598
67ac
dd72
889f
3feb
1654
6ec8
0f86
2efd
09f1
d3b8
d064
8c20
f4bd
f909
7485
acfe
682d
69cc
2d72
8056
7079
33c1
5ed0
2799
5ffc
e1b1
f528
97da
be72
7860
5957
0056
777e
939e
44e3
5771
aa54
178a
504f
6e95
8d6a
3b24
bf49
8c9f
cc6a
a9ce
4426
2bd3
36ca
d544
d9d2
1ed9
57f0
44a0
728e
990f
d1a5
b335
304f
be70
3112
2448
5d40
3c8f
2be1
e491
a8d3
882a
d8ae
d55d
d9ca
6563
e702
f205
7a04
dbd7
624a
5b84
899e
7d5b
010a
7c5f
d23b
6ce2
acf0
a9b6
36c4
67e5
0ea1
ebe2
0e04
a0ef
0f06
6bbe
fc2d
27f0
1d5c
4883
7c29
9969
25a5
afda
ac0b
82fe
9454
1506
e5f0
5f82
2f4b
f64a
251c
e858
34b5
a632
8fb9
5a96
7fcd
86b0
49e8
6994
fded
db67
801e
de1c
370c
9a3f
4583
f4be
4ca8
f626
9c50
1591
c4a6
513d
92cb
1bc1
163d
ebd8
c1ee
5726
6e39
22ab
eb19
a89d
2422
8b3b
82b3
1b54
943f
9745
48a0
2eda
46e7
948a
667d
a9b1
76ef
3115
3e74
27c3
1d44
6d9f
f8f3
c1f5
f755
51c4
142b
eed9
362e
4267
15ae
df68
091e
d865
8e97
5bbb
1ae1
30f0
4664
1c8a
a77a
6bc9
7a9a
dd57
6f12
1072
5cb2
a26c
e7b8
d144
c33a
9172
81f3
b1b2
a197
4cfa
d702
ff25
6fe5
75ad
5120
ac28
53e3
9bcf
9255
8f45
8521
eca1
6f59
f8f5
c93d
367c
bcf0
47cc
762f
0ee8
704c
ad4b
4d96
1e8d
b777
7448
318b
7fca
dd62
462d
3141
9090
f96b
e4db
4067
6ca5
784e
72a1
5da2
d660
7fa7
de84
89ef
d44a
7910
a749
1d80
7583
a996
b9ad
b2e0
fec9
808b
2273
c499
3015
f46c
1cb2
524c
f231
adec
dbc0
68d6
58f0
7d79
e783
e09f
daa7
bc9e
7cf3
e316
e51f
2e73
2697
61d0
4344
cec5
4d0c
5dda
9bfd
310b
201a
9acf
3c69
cefb
b54a
1a65
c72e
a294
39c2
d51f
4352
8163
2a47
db28
e55a
ee16
bb91
16f2
fa2c
2413
8c74
3d75
6ef7
337a
0715
a09c
b325
909b
5d06
dc48
5f46
8061
2ab5
08ca
f7b4
eba2
d51a
5387
b583
abae
47a5
7981
b16e
ee17
5086
1ee0
6297
f33c
b21e
ec43
49c8
1af3
8303
9fe0
0f56
2b56
0d61
def0
8fd8
9ebb
8fd6
baab
1acf
3247
d119
db92
8831
476f
bd9e
0de6
ce41
0f12
9b2d
2ce0
f684
95c1
676a
fc69
4c46
ce71
f2ad
9931
ae66
cba7
1edd
9a4b
3ac2
b4f8
1241
811c
9166
daa2
7297
6096
073e
9ebf
d58c
def4
fd91
b511
c9c9
f9ab
9f5f
ee32
511c
2757
6c9d
64a5
4a12
8349
44c8
9cb2
5272
414e
4a68
7cf8
c024
b9da
5b01
b2ac
5d95
1f4b
0cd8
16ea
2c5b
237c
58f6
affc
cc33
d2e4
740a
cf36
53df
ed77
7b61
6d5c
83b9
8304
60c4
1e69
cd73
6708
10e6
cddd
7451
d570
ed55
238b
8d8c
24b8
ec1f
2ee0
de3e
210d
17b7
97c0
eb91
79da
2069
4eeb
9a26
dbfa
6505
3d98
8e78
bfa2
592e
557f
587e
852e
62ab
7aad
db9a
645c
2992
15dc
ec4d
08b7
32d7
2215
4310
d6c9
7d6a
4c66
fd32
f540
6c78
da11
3266
7f36
35ad
350c
93a8
6b62
4f7c
bcb7
01f7
fcf6
798f
25e2
289c
14d7
be6f
add8
8503
53d8
94a2
411c
9f9c
74e9
6a27
2253
79f6
c318
0eda
e17f
3cf7
bc93
b9ee
6734
4e87
bd9c
512e
649e
fd4f
e36a
cc79
fdaf
91b1
e556
45e5
e94b
3624
f69e
ab02
7028
c5b8
ec1d
c118
b811
d0c6
7c34
cc66
5aba
8c96
a866
f3d2
8466
ef2b
e0b2
150c
5aa3
6750
e10e
c329
32b7
6ba4
95b6
df14
c528
adfe
1e48
add4
fead
51fd
956a
10b1
157f
b014
2be5
9df8
af29
0f68
ff4a
2eb7
116a
bbbe
b4ab
100d
a573
fc9d
c168
6987
6074
b04a
6aac
16d9
c960
7c47
1ad3
d675
86f7
dbcd
2433
ca1c
d9e9
aa63
0eba
fb33
ca97
8839
9485
49cf
4031
44e5
5176
43f6
f898
5db9
d8f3
89af
0ca6
c0e6
cefd
6bb1
9029
1bdb
bf51
6ef5
d358
e3c3
619a
adb5
cdfe
5be8
0d97
9c63
5173
4651
17d9
4e36
2d6e
ea99
402b
e9ac
e65f
232c
50eb
74d9
f5ac
18ec
75dd
9d55
e3f1
dbd6
b91b
37a1
a0b7
c60c
6d6b
21f7
7ec8
7e3b
6902
2c90
bb64
1cdc
cbc2
ae02
f1ba
1ad6
ea2a
e5e3
0e16
12cb
069f
73a9
3908
d2dc
4d96
3044
0ffe
dfa1
06f0
9bea
688f
07ae
6dd0
037e
42d7
5963
a96a
8b1a
52fb
fa83
c8b4
ffa5
377a
610e
d4dc
cafc
23f1
f173
58cb
606a
5765
2837
8a49
97fe
9971
f1d3
0954
1bcf
bb48
8bcf
831d
ae52
03ca
509b
d93e
071b
6400
e756
5f83
be06
cdaa
a80e
db2f
99eb
450e
162f
67d6
7a9c
d30a
8ea7
a0da
6afb
1bf2
c12f
f3dc
4c87
8252
8e9d
d406
9e18
81d3
33ac
49ec
3fff
c57c
ffd6
69b8
c6b4
b3dd
55aa
787e
132a
5ea1
b928
129f
568d
cf4c
227f
8529
164d
8fa5
c4e5
ff4c
9b99
ea22
214b
3b37
0957
719a
b583
950b
c64d
1737
ec1f
673e
2fde
5685
6d54
c256
5316
7e16
9dbb
c1f3
b2f7
ac77
f3b1
8b6f
657d
6d9b
97e4
c307
407e
8bf6
33f5
5559
6fff
092c
494a
a1ff
36db
3042
3c63
cab1
309c
248d
a4aa
5beb
8f6d
cdea
bada
59d4
68a4
e7a1
b6e1
835c
1483
104a
2a6a
87d4
c5d3
dbe4
f8a5
5a3e
5ba4
0efb
e373
cc57
3eec
9a75
20a0
b6bf
9713
f787
a419
8074
e5f3
33d7
bd72
2f9d
f2dc
16f3
7816
6ee6
7ec8
80b9
b7b7
89f7
bfb4
c78e
6dda
9b92
e4b0
835a
1bf5
7e59
7acb
c286
a4de
aa03
7810
9eee
e19b
ed25
14c0
8b00
f6cc
086e
7359
62d3
4000
adec
90d6
0477
864e
e420
ae5a
f098
6157
f50a
345b
381b
097a
5782
70f3
d01f
c921
077b
ccef
0e91
def3
f9da
5dbf
c4ba
0761
0ecc
188f
5eb2
0da5
2739
c9e4
ce91
0e9d
ebfa
5170
3bb5
b02b
de93
e8a8
bc6f
2a21
98ad
cdb3
daaa
f2f7
608a
8eb7
722f
e2a3
3405
86e9
f94f
4008
133b
94c5
2024
a9bb
5165
5071
24fb
9a29
9114
da07
dd6d
5241
c90c
c4f8
b206
31bd
923d
ec09
969c
88d9
db27
21ea
a6f6
b247
c17c
e072
69c4
c34e
c6d4
7eab
8240
0d7a
e6fe
0719
4efd
3470
c528
c549
69f9
ed2d
7a3f
0ab2
2ea7
6533
15af
e8de
5829
0dc3
0ebb
05e9
df50
8e2c
977a
4a35
e274
4ab4
4fa6
2e1e
be2b
4e5c
ce7d
a718
7914
8caa
528d
1b1c
86a4
1cc0
48ab
7442
45ff
ce87
0290
27c9
9f46
d940
fdda
f596
29ba
8f27
98a0
dbae
d73b
2723
2b20
00ab
d39f
1f68
46c8
7810
0522
818a
6ac5
d108
894d
e919
2caa
2ad8
fc1b
aa6a
d485
f818
e2ee
827e
a43e
a9ca
8651
ad8c
ed7c
fb82
ecbc
4f0e
db21
e74c
235f
fab7
d5da
94b8
83a4
3f93
fca9
87f1
c791
0e39
dc52
0c6f
f077
a3f0
1243
1458
76e5
4719
9e78
aa1f
8368
1b0f
7551
6e06
23ec
2754
0a78
c01a
a09d
9b73
07c9
7043
5a3e
48ff
8e27
74d7
01f8
f2e2
f6c6
12d2
1d74
192e
8069
a61e
ccc0
2c2b
53b0
3d16
cc56
6376
2719
6fd6
b6a7
f977
7726
6f53
23a6
ea04
cf63
bae3
e9d1
294a
0f4e
fd27
fe55
6765
2ef4
6857
1843
38f4
c2cd
db8d
e93b
dbb0
fbb6
1d88
d092
06dc
759c
a371
e689
0997
1b0d
b003
2b28
9d85
d27b
92d9
4b20
a664
2b5b
6e27
e070
7705
b082
8411
8745
00f1
9029
bc62
4dff
b512
0020
5cb6
8db2
8ab3
a7ac
a471
ec1b
a6cf
aec1
a55d
56b0
e9fa
821d
a6cb
3248
052e
d176
e21d
47a4
b01c
0d7f
50c4
fa39
4787
b7d4
1ade
0eb5
c89b
5022
951a
e8ca
72ea
a1b2
eea2
bb4c
6464
96c0
fddb
b4c6
c95c
1679
1625
b754
d65c
4de8
13fa
ecb2
1e88
ece5
715f
a4bd
1dc4
1c2f
ce67
0e7b
b62e
a9ff
1f69
941b
644c
8afc
e226
10db
0f3e
5e2c
f271
0059
5832
5188
637a
b633
08af
1217
7d0d
9e71
ee39
09d2
243f
eb59
ad01
6f9b
b4cf
9ec2
b1fe
e76f
44f6
fbfd
4cd5
174d
b797
c785
a4c6
60e1
45e0
bebf
6795
d9ec
ccc5
8cbc
1ed5
70f2
61be
260c
e801
1f0d
56df
cf69
d174
724b
14cb
2723
833c
b476
893a
437c
8886
a403
b3de
874d
66a3
288a
5fab
03d1
95bd
fd64
3673
e4e2
e913
46eb
22f1
6c93
f56f
7344
edde
3ffa
a25e
c80c
e7bb
f330
5ad5
bb2e
f427
928b
64b6
515f
bee2
814f
963a
77e4
fa5d
9486
e799
5a92
b229
c484
a0e9
e96d
3cf8
617f
cab2
d1e8
23e4
2462
5c7a
fef6
c9a3
9821
0da0
9173
8346
6355
ffe3
c695
b879
a384
cb6f
9d7d
f281
8cff
606d
bdd2
c260
d62a
2a0d
dd71
ad26
2666
a326
73a1
0a70
7aa9
cac2
03ee
8295
a6e9
fb7a
62e9
f94a
7528
b665
d6cd
9fc0
a141
d2fc
3632
a575
f915
3516
1a38
7918
f0b1
e776
46ff
b7f7
417d
2aad
7935
c41d
110d
aac0
0b75
f600
5533
2549
e4bf
d699
3ddf
9d5a
598e
007e
c863
17ac
a346
644e
bdc4
fde3
4430
0c11
7d05
732a
9736
3cfb
4a15
87e2
8ce2
26bd
b4d1
2afc
667b
b29b
674f
e9e4
439f
e8e6
ebe3
ba8f
7f1f
2b76
da77
fff2
ff60
2d20
9e4c
4350
b6c6
c8c1
0663
ad2f
07eb
595a
3bbe
3a5e
30e7
51f0
7587
3381
9922
afb8
b46f
7b13
8a63
9233
5f9a
722f
9025
6957
2a24
e118
73ba
c514
a196
27f4
d282
bfa3
34b6
2584
c3b1
5ab2
5c05
e454
a5c6
e4c8
9210
5a6e
5f90
ea96
9ad9
b97a
ef0b
af74
3bba
905d
7bd7
8b73
2824
4431
1404
6755
a428
a27d
ee84
87ca
51af
2592
daa5
9513
0c70
d532
e620
36a0
4f6e
e349
9620
1adf
f594
1fb6
9371
0398
d5d7
7d96
ade9
81ba
6d83
3abe
7730
217b
868c
1097
bd02
8b06
74ec
3dcf
c661
72df
78c4
fb33
9643
3719
ac57
bafb
2c6c
b786
3992
74dd
0fe5
08b1
c05c
f8a9
2ef4
ddbb
49d8
7d52
8054
525f
5ff0
e662
8de4
2736
dd92
0450
d5e1
cccc
ce48
6186
9911
bd01
324f
fb87
ffb1
62e4
7931
0230
6eaa
7bc6
b0ea
9dbe
d84c
565a
6c70
391e
0353
efb0
2b61
5120
f159
261d
a76c
40df
1b56
b64c
2061
be72
c18b
cc40
a943
0431
eb27
3458
9cea
6957
b8ca
af29
aa7a
cc3c
cdab
6327
13d2
bffd
a634
6570
bff6
db64
30ba
b40a
d4bc
6f6f
02ea
2f46
cf54
ed6f
59f2
324d
9484
f634
db02
59c3
7405
1dac
1d16
c9a9
5e6a
c6db
32a0
fee6
fea4
0106
f234
cd1e
0ba4
52ed
5387
7893
fcc5
7dcc
0858
5d09
4ca0
7b2d
6914
2865
578b
a1c7
e5da
d502
a8a1
7a84
795c
3ed2
9fca
18da
dadd
39f9
7a94
31c9
7dca
5499
fb3d
e5b3
40a4
1cfc
3ecc
07d8
ac78
88c8
4a5d
00ec
4247
682c
f7cf
19b6
665f
1aec
4768
ff9a
77aa
ef34
111d
64e4
b8ac
d7b3
4c9d
87d6
fb03
5e9c
f415
91c0
579d
2d89
6d2c
1bf9
d901
c687
6051
f454
adb2
dea6
92d4
fdd5
9012
125a
d1e1
cdef
297d
9eb7
f376
597f
fc3d
32a9
66f1
0a57
96f8
b313
d77a
d4fe
b9b0
6408
40d7
9aed
7e5e
95a7
9cb1
72f4
3d1b
ed6c
04f8
bd5c
c02e
1aa7
385c
724f
5adc
2897
e79a
503d
6ee9
d794
c144
43a2
6b89
ee4d
8c10
5791
75d3
b760
88f1
5f94
c19d
e41a
aba9
3978
00ed
17ad
f993
65cf
0dff
0ba0
368d
c82b
3710
2987
79d4
08cd
92aa
f9b5
354a
5fc6
3cef
fc19
504d
138d
50a0
f35f
e47e
8afe
e272
b37f
af83
acf7
0ae8
33be
54fe
0ac1
aaec
79f7
d77a
c69d
75a1
03aa
d23b
a7c3
d4f8
d2a9
26c9
949b
cd8f
7227
b5a0
766a
60a8
d685
24be
ec4a
fbec
3236
e4ef
d4ad
2b77
903d
70e2
1631
55a4
ff97
93c5
ec01
04ca
4599
713f
6d0d
794a
fb04
ac2e
20e6
68f1
9d05
c918
9671
71f6
b6e3
8a79
d405
a69a
2d18
1fd9
618c
0c94
9337
0159
96b1
de44
c572
c7e3
6283
1de6
c451
33d6
5109
e71c
2e13
2947
ee91
7670
f16b
3781
7abf
3e0b
64e8
c049
053c
f41b
45b2
e134
5d6b
a6d6
27da
fa1a
ffd0
4faf
0557
f6f4
1d03
c85e
f036
20eb
bc00
d7f8
b6ff
1a78
7f41
e518
0b17
18c3
671f
4514
6fe6
991d
b2e3
90d1
eed8
4280
11a3
eaaf
b9a0
d176
c4e8
67fa
c91b
d8c3
77b8
3030
3cee
97b5
697b
e918
385d
1237
1cd1
8bd0
1fc2
42d9
af8e
9e7a
16ed
aaed
2a55
1904
483c
aefb
df67
b125
7397
0277
6ae8
ed88
27de
4835
0607
3f16
58e6
fc24
ab26
5732
8cb4
a37d
ee63
b6d4
b166
0c3d
250d
a2b8
231e
6f01
cceb
894d
af23
1161
b9b5
5002
0f76
459c
10cc
0aad
9255
1e6a
697a
268e
671f
27ea
bfd5
42ea
092c
132d
edc0
e1e4
3771
bc82
8403
649a
76a0
a7ad
6a91
e934
5875
d696
0c28
543b
9236
134c
511d
afbf
d03e
0d91
866a
e8e4
8c17
8e32
3175
39d2
944d
5c12
f253
cf73
eda3
0013
1fc5
66a4
d1b9
e078
f3ab
d01f
6e7c
df51
e736
04d9
a45f
9ec2
cda9
707a
43c9
3cce
1fc2
f722
601a
0fa2
0793
70a2
f11e
eece
b9dd
b6ac
9f29
3cb1
8250
0e7e
190d
41b6
2ce7
d1a1
4d7a
69c6
a144
e7f3
d7ef
48b7
745b
b9f1
5fca
ed6b
82e7
52d8
d758
70db
3b72
f855
ccd9
67d8
2dbc
a535
344e
fae2
7ee5
87ab
01ad
0987
0ea6
d163
a45d
e4cb
aa2d
c0d5
c6b7
c6a3
6794
9693
1466
b168
e0b7
8c69
67c3
3425
1706
6b6c
01f0
8c4e
fff2
0e1e
db55
296a
872a
0e4f
1119
143c
606b
4f0e
2833
d3af
c510
0170
61d2
651c
aaab
eb73
ac11
8519
5f1b
d769
aa3c
c00a
a6b0
71ed
f018
2403
851a
f924
8e55
1eef
d0d9
bab6
e6d1
add7
df02
9e79
e046
a13f
5844
43cf
a3ba
f54f
85ba
4dc0
c71d
b8f4
cae9
1331
7e39
9c4a
f3ce
2220
1066
7dea
8dd5
7efe
9827
f84b
d284
bae6
5493
1a30
ecf4
4275
4fe8
7379
ff32
b294
8034
17ce
147b
fff4
6c1f
6994
ac51
965d
e3e6
dfca
4a84
2ed7
fad5
e5f1
8829
7cb5
998d
99ea
8780
7c94
1d65
be10
506a
08e9
7235
d625
cf89
9ef0
0b8f
2e77
fc91
8850
12c3
46f8
3b9a
4432
b8bd
6e3c
69e1
9e86
9d10
27dc
5cc1
e2d3
fa1a
bf01
7016
1a89
ff54
22dd
ceb4
b08f
c564
487a
be98
060c
e88b
1bb3
8740
a218
9d22
a898
ff0e
3335
e8f1
bed6
23d0
7051
a9b5
a4d7
ca79
da94
4a76
7fe6
ed4b
1480
c3ed
64d3
6a72
3fb5
7f0a
0193
8a85
303e
9dad
5811
ef04
b1c3
efa2
d425
c90a
5c64
ab2a
b88c
4739
f81b
5e47
22f1
f6ba
9b94
c2a3
93c4
7f87
7556
0e95
e2f0
a7b0
a21a
bf7b
e3c4
1514
6236
8e87
0498
c64d
c57f
c2d4
1d8e
1cd8
ed86
e957
511e
931a
f56e
b91d
239d
b144
73c9
8b80
4a7c
11d4
012a
7795
1c23
c489
c2dc
f7ef
9aad
a367
cd79
bea5
ae6e
36f5
cd5e
1c91
634a
91f2
858d
793e
2c5a
97b0
3966
3d88
974f
9e06
048c
a1e3
3e14
f33c
d7dd
9c45
fa61
e180
560a
be54
a5be
1ebf
cf8b
579f
6a85
8a03
484d
e4b2
8d7f
1f41
1618
abe7
9e84
a193
3ab7
9459
d9bf
595f
d3ad
bcb7
8b8b
3f36
81b8
69cd
dcdb
3285
3d38
ee48
a568
9d84
e2e2
4e07
9bd4
3139
7934
9407
2819
72c2
626d
f667
6310
3813
1aa2
daa8
b0c0
7ba6
bb78
1640
d701
80bc
0d22
e084
dc28
aa8a
3039
5dd5
d39b
f9da
b883
4993
f728
286d
68e7
f439
5e67
714e
301d
da61
3bc2
dad3
80df
19f1
b569
1d0a
44d4
80c8
6b96
e938
7f01
7fd4
c802
4de9
2f54
6c5c
87e4
b6dd
c1b1
1412
b3ff
ed5a
cf36
cf68
79d8
be98
98ad
6205
d633
6799
17e4
31d6
d5be
e20f
045b
dff8
7bc3
8046
9cf2
2e41
e226
57c5
c69c
3d20
2d5c
0d40
b07d
1810
b69d
1aa2
2fd7
b4a7
c8e5
62d7
45f6
1b5f
34ec
8208
6f1e
860d
3261
3694
c7a7
3037
40ba
baf4
bf64
c040
4d98
aabd
1c12
715f
b75f
a387
9f26
a140
7b81
3ef4
76b4
4f3e
fa82
45c2
265e
8c52
2158
fc57
0795
a33f
d68f
9f49
cdc6
dfee
9e2c
7dd1
d378
a421
b218
52ca
2e9f
680f
244e
df62
14d6
71cb
b9d5
9261
c23a
db9d
30f3
006b
5b55
c646
67a7
9f88
51cd
2516
4482
6982
3a19
2fb2
7761
b174
c478
3484
0166
b535
46dc
afdc
51f5
173a
a940
6ec5
0b95
e847
4c3f
1308
403c
bbec
c14c
5f3d
89ce
b64b
5188
53ea
9586
82b9
d0e5
4df6
646b
0742
c7cc
c0d5
8e79
06ad
48f9
4487
a27d
5ff5
cff4
ab01
9be4
51d9
aeed
d5c3
ec6a
a885
3af3
15c2
639f
15f4
bd25
50c1
11ef
adbe
c774
0d23
7054
4d49
97af
ca0a
fafd
07d7
74fb
ec14
9721
74e7
07e2
f389
687b
708c
c5ab
533a
b7aa
602e
5c97
a3fc
0f1c
4361
bfa1
6f54
bc5c
ab42
3976
8979
1a7c
c497
4140
7ae7
05a9
4921
c7ce
5c82
cf45
62a5
52fb
5123
671a
bff1
ab65
3dbf
3978
f335
f118
f4a9
dfcd
61a7
898a
1b17
0159
98fa
95e7
c704
ae77
56dc
4f32
1d69
06f7
6825
f6c0
8f1b
3d70
07b5
8713
9ad8
9676
6a58
5b86
1412
ff3f
3161
0054
ffdf
b10e
28ee
4fdc
2c49
890a
acd7
1409
6efc
f970
d6e6
6a46
2734
d797
92ca
789d
28c1
9626
a2e8
4797
08e4
5506
b621
edef
941e
8aa7
0ba0
580e
9291
fee3
b80b
777f
c709
d52c
0f2e
ac8b
3af2
e9d4
8ada
c6dd
b3b0
a6c2
defd
0468
27c9
2680
56a4
bebc
9832
0919
cfdd
70d6
d6bf
828a
8dfb
cab4
1199
d755
5cb9
9e20
e5f7
525d
c0c9
3722
ae58
41d9
fd5e
bdb0
fd9e
c748
4ebd
397f
33a5
721c
8a2d
9926
e597
16bf
37dd
297a
3b67
7831
81f6
8847
0a80
9e8e
045b
c644
49e7
d8c9
6ba5
7715
144e
bf97
d3e9
48aa
3e17
88b5
59ff
77ba
f691
c959
f4cf
7cc4
cdd6
ead5
700a
85f2
c4e5
a313
34d9
d77a
7008
12d3
9a1d
c32a
7d70
99ad
2c67
c374
8051
52f4
a980
b901
1168
519f
64fc
4f37
a87f
d363
c415
fc6f
0710
c213
6932
b8e7
c1c5
7f53
3eb4
f920
925a
d9dd
a215
4272
a1d3
c792
94c8
10ff
2bf3
2fc0
e30f
2a59
8e27
44f6
7319
8ae1
e792
ba9c
f3ef
8f6b
6a31
5c3c
ffd2
88e8
db4f
b66f
618f
e02e
e686
23ac
a006
3b96
dfa6
4e28
5568
46cc
8654
a0a5
2ed3
9117
5d28
eec4
dd8f
a2e2
0234
3056
f379
b0bb
0585
8986
78a8
c42f
00fc
d290
e171
bbd2
6f6a
191b
0bd3
e72c
1412
cf65
f4e3
ec0a
6514
2063
3066
657e
30d8
84ce
6e76
11db
7784
49b6
446f
eca0
24c4
c01f
88fd
e102
0c75
c176
5114
aecb
d533
161a
9938
1e9c
cf7e
a64f
4d53
407d
7504
4b30
4e09
8bd8
bf2e
ff51
a983
e61c
b1d0
ac97
556d
3f36
2e5e
708a
71a3
4207
b72d
10d9
5845
0e47
6957
d506
bff0
b035
b48b
575f
3ed1
bebf
10c9
e235
b243
feb4
e68b
1794
046b
e20a
b56f
d0b5
837a
84af
b02f
837c
28e0
4aee
74db
ca33
1c6e
4f0a
6dbb
aacb
caed
723c
c440
750c
ac6a
a5cb
3952
3f61
a556
0ae1
072d
f4de
c710
34d0
e201
e617
b847
3984
1912
a6ec
d01c
b86a
ebfa
3318
b099
bb5e
5b0f
4a07
442c
4977
23e1
7a5b
2ca9
7631
4bb2
9dbb
3f66
bdb6
a667
3a87
c445
7c37
b62d
5e09
5bda
f1c8
141d
86a8
c58a
1301
36ee
990c
e2ee
13c8
863a
25de
9d24
4272
6c05
9779
e49a
638d
277f
1c3b
9346
9d48
ce21
7861
f18a
3028
118b
7a3e
c0a2
89a5
0ca5
4aeb
d5e7
643a
a9ad
de46
56b1
170e
619b
f37b
fc73
8145
dd71
51ed
ab7c
4662
5553
07cc
47cc
0c81
5e64
0cd3
dc7d
c7c5
370a
b337
ef92
4441
330d
8077
b2b5
e699
9108
eb85
bdc3
5463
aeb6
c730
d82f
84a7
973a
eb0c
ef2e
7b20
078e
286b
a0bc
7667
caca
354c
2651
c238
2d99
7ab0
c48c
acf8
8da6
c4d8
0274
72f9
ce26
e3b3
f55b
19cc
1c85
f9c3
c389
9538
b4f4
91dd
3543
694a
f1e2
7d37
ab0f
3f92
2648
7f58
e27e
b74b
5135
79e9
41ce
f851
e9e7
bb5c
0c76
5643
009a
df60
978d
b9b1
91d9
0d59
c239
d717
ae66
d4b1
4d4c
f70e
1d6e
93b3
1a6f
2d66
2b8e
8336
9267
3155
e054
1ac9
6259
55e3
b443
2504
964a
9350
667e
0e2f
dfd5
3bf3
655c
4bf8
afb1
7c19
894b
c25f
e49b
c287
726c
a0a4
ee44
00e6
97fc
d55f
6a2d
56ee
c699
9a37
e12e
e3af
e166
6d29
0ea3
df77
cf2b
95be
f390
aed5
226c
2946
5ce7
9b2c
94fc
da8b
4100
fd42
4b8d
8123
e091
5cb9
eddc
67bd
77f1
e6e9
95da
4833
e78a
eaf2
783d
cde0
e62a
26c3
bec6
c839
6848
d264
bffe
d7a3
286c
558c
359a
e30a
b782
499b
33b9
3cf9
0fd2
551c
66ec
e25f
ebb1
b789
6334
17b5
b704
ea97
bf9a
2487
325e
9367
dbf4
c87b
24fc
b7d2
c1e2
7391
02fa
ca29
e7d2
c367
ed38
2900
294e
7575
5f6a
a8e3
ed08
fe5c
2498
a05c
91a5
2dd2
b6ed
24a3
4621
d27a
f688
fcb2
6f3f
19de
aced
4009
ad0d
498a
ce95
5b69
17f3
ab1a
b943
24ea
51ee
5259
e38e
0c39
8754
f41c
bc83
1674
3be6
f3dc
1cd5
7f70
2f0e
2433
e23b
3d61
1d57
a7dd
7969
8162
1aeb
d783
f096
4901
9d13
8daa
cd4e
348a
f461
85dd
83d1
d409
7a22
d65d
3639
0861
aae8
9d0e
53bc
9860
2cac
ec4a
51fc
81b1
2d91
78a2
4c75
a77c
de2a
ae1e
1bc0
0e94
aa46
baa0
9d1c
6920
057b
c0e5
293f
c7ca
5aa2
31e3
2000
99eb
311e
de78
51c3
edd4
3c11
9f2d
d3bf
8fc6
5b6f
5e4d
2bde
6f45
b20c
8577
291a
c835
9ff2
68af
6805
ecd9
43aa
fee5
ecdf
77e2
afd6
a71d
5b9d
b281
d3d8
7a42
1bd6
7bbe
c882
df0b
c56f
6cce
f1e9
35b6
5b5c
0359
b12c
5d16
97ea
a851
02f9
ae99
5dca
2448
3f34
ebaa
87a7
7e86
3570
bdd4
7dd1
2786
9b30
22da
49d7
b319
b079
98bc
72c0
6e20
dc92
a1ce
eb49
b9f4
08c8
d30e
9d73
b0ea
e7f7
7c14
2e8a
11de
b8b7
86c4
8fc1
658c
59ee
1094
55f2
4a26
36b2
bdc4
4369
393e
7a25
b3ed
f577
c664
8984
271f
d68c
7988
6f90
8c7b
eb47
713f
db78
5237
1e6b
184e
9d08
f357
bf20
278d
9f72
2e34
ee6d
6470
9e1a
e417
0b7f
7307
572a
84a0
bcbd
e06a
bc7a
b9f3
7ece
166b
81f4
2043
ac34
7d57
5132
a341
e4a5
5e40
f7d0
8488
891d
354f
4972
676f
14ce
994e
f4f4
8e1d
cfe0
d67e
4780
28e3
af97
dba4
45f2
2c02
9a23
d1df
0b97
de09
d12d
6185
29b9
aa62
1342
267e
6ed9
bc53
e7fa
7630
6d7c
bec2
8f0e
e481
076d
e2cb
8f01
27e8
86ae
0395
6735
86e7
c1ae
606f
99c0
e28a
f43b
55ca
4a0e
56af
3dbb
9127
46d1
c554
92ee
4c12
a966
89d0
90f5
874b
9219
825a
5f80
fc37
1096
adf5
da4e
f2fb
8a47
d459
185a
a686
b71c
2db8
6916
542c
6370
e976
03d6
0d69
e39d
911b
ab7d
1841
8727
276a
cd31
40ff
d885
b323
d16d
d888
6dc9
3a41
044b
8081
5bc6
0a26
f269
a232
6348
4e63
0220
1d2d
e81e
c4bb
e2a2
c049
f907
1a9a
7aba
0413
09ec
04cf
60bc
f22b
95b9
ba64
925c
6f77
6382
84f9
782b
2e17
54c2
62cc
748f
6521
cd8b
266e
4535
310b
d3ad
1801
a19f
1deb
7719
88d6
6f45
8576
b943
b3ad
8f4d
085f
729e
61ba
8dd8
c5e8
5a34
af86
5a66
1615
834b
e2ac
d0b5
e948
396e
667f
5274
fdbd
684e
c861
cce9
e1ad
96e1
c925
eede
7421
b42d
2896
641e
f69f
fff8
0c4c
2b75
1874
5e00
0285
de33
79ff
b792
2097
bae8
26e2
2181
3ffd
abc5
b725
468d
0763
5722
4070
c2a0
5cb7
0fe5
e730
3385
095a
93d4
dbef
bf73
37d9
f7f4
b1cf
d831
3bc9
ff57
bf19
971b
ecf1
d899
e02e
2944
9d30
dcba
9de5
15fc
edc1
e902
5f60
a90d
9a13
d3e8
bb7d
f5a9
a10d
24ed
8fc1
33d6
2a85
1e1a
5bfd
1d33
4365
873e
e455
7a4a
2993
b7e3
36ba
09e0
cf78
1581
cc94
bc89
fb6c
0dcd
597d
b409
a8e4
93e3
8816
5cda
09ea
07ef
b4f2
00f2
6e07
ff94
28ed
7447
2621
4d31
41b9
83a6
0aec
b5c2
9048
c957
aa70
ca1e
316e
a894
425e
a01c
583c
8ce3
50c2
f59d
4d14
6f85
49d3
f3f3
0f63
3313
69d8
37f2
776e
3a79
e71d
37cd
49af
fe13
970d
391a
a2ef
c2bd
f726
df58
16d7
2aca
68ed
de9d
f997
e820
7b28
6f23
3084
300b
80e7
4506
7e4b
df55
7072
f9ec
e844
8bb4
008c
0397
007a
c180
7f86
542e
1f46
7fae
87f3
9678
2641
dd91
f3ae
0d13
cc46
4349
7ede
9abf
3004
db3a
bce2
b6b0
7901
fafa
03fb
8633
2354
0237
db46
ba68
fffe
78a1
7841
b9ad
5a77
31d5
997a
f435
4c55
897e
f030
8c13
9ba4
87bc
58cc
99b6
d252
fb78
7481
d484
ae85
3666
0e58
5ce7
5dd2
1f2e
6868
d5d7
b7c6
384d
e95b
edd6
d021
98a5
5944
dd2a
afb3
c1f7
2414
fb1e
4283
032a
f8be
26e2
5b8c
c39f
6b01
05e0
bc1e
9f24
78a2
a564
dfd0
279e
c339
1bb3
efa1
8282
580d
3468
dedc
3a29
2a9e
7d5d
05ef
dbc5
1745
d635
4039
0235
ef42
c878
6444
0b05
6dbe
3e2d
bdb6
e999
91f4
fe03
af26
6927
f9a5
272c
59d7
8fab
cfb2
6cfc
33c8
cd6b
7c81
27d9
40d5
aca4
90a1
05a8
3739
4aae
74f2
d3c8
1d62
e248
5de6
8ce5
2c99
76d2
53c9
2c0a
21bb
a211
0a03
9b31
5138
fcb8
64e0
75f5
964a
67ae
0b25
7373
a6e2
22c5
0223
7199
0059
55ff
ee27
a907
fe9e
1a4d
74a0
1333
6b04
53a9
ae57
ad3e
4da5
30b1
3630
010f
9308
b837
9b00
fbc7
341e
3dd0
6beb
ff90
8edc
a770
91b7
49c5
1208
4f2c
9619
b765
e889
f54c
7325
d964
04dc
145f
8a92
602a
6fae
5e31
4646
4039
3e29
2dae
40a8
f150
6b20
3199
a964
af0f
d81b
1107
2ba2
cb32
e322
0471
452d
77c5
1ae7
da46
0cfa
12b2
8443
2127
46df
87f6
dc9e
ab98
2d5e
6f9a
b5af
2959
7429
3e29
9c88
317d
4613
9812
e23f
fbe1
16f9
006c
7654
d0c3
43d9
13c2
2db1
7169
f930
0e17
89f3
ddef
7b51
e43a
b013
55a7
4134
4ecb
aa19
37ce
26cf
f2fb
c110
9f6e
55d4
494a
82f7
8a18
3389
150b
2e2f
bae9
285c
4b51
8709
7ef5
4df6
9f30
0c4c
300f
5fd1
5700
b51e
0b2b
e1fd
3425
9eaf
b9ab
7cf8
2c74
7053
84e8
c7d1
fd3c
5a7b
0273
9502
8b6a
330c
1b66
c583
ff32
7fac
6807
5ae7
c185
6978
8b44
190a
fc46
9762
0dbf
4aa0
5642
e450
0ac1
dc61
011a
d8e5
bfdd
bf8c
9523
2bde
6af4
d9c6
9d13
b9a6
f0f8
e8d5
63d2
227a
d435
10a1
5462
1680
b6be
0121
8acf
5916
af85
9129
b9bd
36e4
6d43
133a
ba55
bbd8
f6de
01ca
a7fa
f608
9012
4669
fca8
72e3
f404
8019
63db
2d05
214d
57c3
afd8
0d99
7b3d
8940
317b
8749
167f
761c
2117
0f5d
0100
8b3a
4cf6
7f1f
d53f
e860
bfd8
9428
5447
e84a
bad3
43e9
78ca
a16e
6e21
229f
56b7
c4a2
672d
ed2e
de52
335c
d32f
5f43
b02c
7973
fc74
3840
696e
0936
5e39
e6c4
b604
8380
c5d5
bf51
1bd3
25bd
10b9
e7ca
4ab3
5163
68d9
8a47
9981
03ff
2182
d0f6
aed0
4d63
fd98
9a41
456c
94e7
4a40
dddf
b606
6708
c46b
db8b
220c
5b2a
f59a
887a
612d
6d59
dbd7
cad9
274c
98f5
2e2c
a6c3
3fea
1ba9
98c5
0e4d
96c2
8378
24d8
d19f
6139
edf3
86a4
eead
c385
f20a
3452
dfc9
a76d
edb9
648a
d58d
2e98
367c
4248
178c
1f6b
fbd9
75b9
f5e2
eed4
6d3f
52be
0d59
1caa
19a9
e2ab
0f9b
57e9
4da6
6062
1957
c430
7e4b
5a2d
c13e
9cf7
2a0d
2ec8
a011
caca
1e23
e8a2
5400
3539
c72f
5e3e
9f29
7e79
960c
9b4a
9f1a
240c
035b
dd90
54e3
da58
a190
437c
1ff5
13e4
2b2f
37ae
2101
6a8e
a86d
cccb
730f
c681
3ad8
6fe2
3bea
bd25
0238
ac8a
9488
28bc
529c
f77c
eaf0
cc79
4509
7f3f
adac
66aa
9b9b
e2f7
368c
1a7a
7ed4
c8c5
a4e4
3572
fc0e
3d5d
3557
c5c6
68e7
fec3
29b0
0148
ad53
cc07
9508
d2d5
cee6
30cb
634d
c4fe
8cc9
03b5
dc08
45b0
ce17
4f90
95eb
cb16
20dc
460d
9c14
61e1
ebdf
fd2a
a190
9b07
3138
d069
ff40
27e3
95a5
f42c
a9ea
6f30
3730
8ee0
98ff
018a
a674
4976
c091
6bcd
5b29
9b02
0236
193d
5203
352a
3764
3153
80b8
097a
dca3
8cd6
c7f7
3af8
f2ad
6911
2a13
7607
fabc
a280
73cd
da1c
c407
58be
f456
2e78
dbe5
7d74
63ef
1972
c4b2
6935
ff6f
a48f
34cb
8db4
b377
2be1
2b82
aa4c
ea24
3b5e
9a26
b7ba
1bef
45e9
eb4e
9383
cf1c
d44e
fb23
97c7
4b80
38a4
1f01
a5ca
90b5
9cae
d77a
5d3d
4285
4b5d
27f9
716c
e805
19d6
d12d
098e
ebda
c60d
2831
6cda
fa6f
28cb
c8f3
dd5c
1d0c
f637
2d81
855c
bcf4
a6a8
2742
7f17
8e58
0f0d
31df
6e4b
176c
6597
8540
52b9
1f3f
3e28
e9b8
ad93
4aa9
0acf
8973
5568
c1ca
a201
a1b1
8e23
4dbe
0e01
3358
0a73
ec98
a967
4b86
25c8
7560
0dac
8ce6
dd7a
41f5
c519
88ee
7ba8
c0af
cb50
fe23
7eba
d5e1
7d72
162c
f745
a298
02d8
2eea
e991
7573
1bbb
2f21
eb52
3826
4de5
cc2e
6d07
ac75
aa76
a4db
5923
939f
8aaf
bb50
9655
1b99
56f4
7fc2
166c
9bf3
d324
515f
20ce
f0f9
67f5
5c06
1401
39b4
0e1b
aaf8
9be6
035e
40ee
b49a
118a
6a4c
774f
d72e
9a6b
38d6
3088
b89f
ec19
231f
97a2
044d
7676
2b3a
5bfc
2b53
a314
aa40
e3a9
5cb7
053c
d79d
ce6f
857b
bec7
fb47
ce40
abe0
dfc0
4406
6156
4d06
605d
767e
df82
e625
b777
d7b2
c590
fe0e
bc76
1e3a
aee8
978b
fa57
c95c
a4ae
3b8f
40de
59d4
8f6b
b0af
ea67
d10b
830f
1f83
4ad7
de77
b782
708c
4706
fb98
84e1
6aca
9731
5e63
0133
1df4
bf63
685b
80ed
fadd
a961
ec3a
4863
1815
968e
9b8c
ba16
1f13
605b
18bb
ef4e
2d97
c697
d0d5
0e3b
59da
527c
05df
ac9e
b62b
ca3e
a9f5
1f96
1931
0e52
d9eb
8bb2
1b94
3709
4cac
24ff
2664
2a1e
cae5
e4c7
61f0
e3dc
fb4e
9748
2f8b
ecb6
ac28
43f5
549e
068e
cb3a
5fc3
6684
5baf
7c09
77f0
cd71
de12
c892
18d6
7ec2
2def
3632
63ea
611e
ee5b
844f
9736
1f8f
243d
ef0e
8216
ca44
abe7
2880
4a7f
7c7a
6f3d
a88a
1d76
919f
dd55
1eba
ff1e
e9a0
3142
3264
5794
fd5a
1a4b
1a67
465f
1d17
e47d
c474
de14
650b
0849
8e86
1df4
bbf6
59ec
81b5
5a2e
a995
6fb4
2164
28ac
d326
4408
5ed6
661c
c406
83c9
e5df
b2c3
2804
1977
aa17
6769
cbf7
c7ca
4830
f5ca
e9a4
fe8e
c8a9
e06c
326c
c0fa
475f
2306
7dff
c44f
0fd5
bb5b
34a9
52e1
951c
00c4
9438
e81d
e9f1
7451
43e4
5cb0
b12d
438c
88b4
685e
eb26
7d05
e1ea
f723
ad87
dc89
1939
1224
4f4f
1080
c3e6
7bd4
5294
2a01
8298
03ad
c3b7
a412
ebe9
13de
3524
e4d8
558d
f75f
434a
dff7
2e84
4301
de1b
9cbc
2039
3863
b6b7
8ac3
5370
1da5
9a23
0d8c
6b80
0818
91f9
82b7
9577
2a18
bc37
d84b
e6f6
63bb
c8d7
0569
0c07
88e7
aa02
ef43
8eb5
beca
9ae4
98b8
b111
fd60
fede
965e
047f
8bdb
930f
038a
133b
af1a
3314
8518
379b
cd89
0886
da16
380c
1f1b
c5b7
d079
077e
fd7d
9b8b
ef8c
e5f1
bad0
88cb
5c22
4b1b
1950
9178
5ad0
d71f
345b
bbaf
ed1d
09b6
4ebd
20e5
d0bd
ab95
7e83
0486
ec27
86e9
3d2c
d00e
f35c
64bf
3887
65c5
4adb
c788
3bdb
0a84
2ce7
51ff
e4a4
357a
461b
079a
bef7
9ce8
0215
1472
0111
b955
1be5
9f58
7dbc
91b0
14c0
490a
4171
af58
9eda
4666
e4be
6991
234a
702a
3207
de23
b3d8
f867
e3c3
6e77
e0a6
ef07
301c
b8d0
875c
1fc2
9964
2d29
41bf
625d
ff61
c58e
40cc
34a3
e8da
7563
259b
24b7
86a0
26e1
c7fe
bcdf
3ee6
6bdc
f8c8
55c1
3bc3
88c8
6e15
cbff
e823
8804
1739
8bde
f6fd
5dda
bcd8
ef70
a74a
eeaa
6256
ee67
54df
a0d3
347c
abd8
5d0c
a6bf
f732
5648
c64a
2b8c
e8f6
d763
9e7e
a48f
1898
f29e
e961
31f6
9a25
d120
d468
90fc
1111
d4db
ef39
e298
838a
db37
9516
3322
8a2b
2255
369b
da6e
ac43
970f
10bd
bbfb
da9b
2b20
9138
dd81
4ba2
ec21
45f3
9691
4ff7
9afa
855d
54fa
488c
3e05
113b
6e77
da54
61bc
3af9
4539
7552
29ee
632b
0217
fb09
200a
dc0f
05e7
ccf5
e6f4
1baf
b0d0
b2fc
6e29
4264
c44f
92a8
22dd
69bb
e377
896f
f64b
2a32
8b4e
e80a
9050
7af7
5c24
88c8
d193
edb2
f299
eecb
512d
946d
2ea8
a60f
6d33
bd61
9d64
cbe2
d99f
682b
ba31
446e
2b9d
2918
1aa0
02e4
f53d
ad73
b228
f2fa
93fd
b1fb
22d6
31cb
46c9
abd4
6376
a88c
0331
fafb
89a9
0ff7
ff9e
1e85
bf0e
127b
df8b
7f60
4e89
c2f7
96ba
95a3
7a60
293c
dc3c
67f8
830f
3dc6
8add
fd1a
ea4c
e81c
1da9
4915
1060
8cd9
4a61
507a
18d2
db0a
89be
6ed0
92f3
323b
4c3a
d1d5
0df0
9a55
8229
3976
21d3
f0a0
4c98
b9a4
0d03
c40b
d293
1e22
ef78
a627
e214
927f
64d0
46ee
69ee
01e6
82ca
e0ba
c561
ad2b
7475
647b
ef66
bdce
f7e2
f649
e9ef
53e8
2571
c454
a4d4
7c69
4e77
ebb0
8777
0555
c487
aea7
0b9a
5d3a
6a0d
2f45
7412
e8fd
c5d6
67d5
1b40
de08
41e2
8402
fe06
8ac6
0ca3
7826
a158
48ca
5d9f
b86a
a245
aacc
0234
1c66
fc06
376e
336f
522e
a7c6
304f
a026
c157
3651
ffbe
3f20
dbd6
cce4
aaec
4b49
88c4
2a68
c281
2c4b
e632
834d
51ae
432c
4811
ca85
12d9
134e
0f11
d907
6b33
c074
66ef
30d5
85cf
1543
62f7
3743
3a63
2cc0
4605
af44
6253
f699
386b
63c0
ce19
7cf1
ac24
fa04
a529
3617
4bd1
68a0
5705
a9ba
e7d0
3254
26a1
d4af
7fe4
35b2
58e7
842f
a4b4
4730
375a
eb14
1105
afa9
4083
0f1a
2024
497b
48ea
48b7
07e6
6a4f
93c3
0c47
8b99
d71f
2471
121b
f0c3
f93f
197f
1b3d
0d08
967d
de93
a26d
3c1c
486d
90c6
b902
f390
ec1f
2cd5
83b6
c328
e4e1
70b2
7e9a
c1f0
ce8d
377d
b641
6330
5b43
161a
a6c6
1e2c
2689
5f76
5fa3
37c9
6317
7d83
1ef0
17f0
1caf
91f0
1619
7ba8
7ff9
ad83
1535
4e79
fffe
29d7
de9a
aefd
4733
cd88
0773
65c6
309c
9e0a
4c3e
27f7
ec48
ae45
44b7
a3d2
080a
a1b6
be6c
0c2f
eb1e
7db2
c2ab
86c4
a3e2
4a4d
e21f
2d7f
3990
5ba0
beba
117e
4434
14ef
faab
c1d2
6db3
552f
95b6
f40f
ad9f
50ec
f34d
78a7
ab8b
8236
c168
d04e
5522
0901
c1d1
6f5a
0c0c
61a0
6dd0
4011
f4b1
4b33
ece9
b55c
c1e1
b077
646a
e164
8a3a
c250
9a05
6f6b
97bc
f923
a266
8ece
c991
2ab0
bcf3
10d2
b805
7f2e
8e43
4e15
90a9
9a7e
94c9
3f3d
d044
08dd
3aba
1f92
9e37
2f91
c5cf
92a4
c25a
c1ea
90d4
8979
73c7
84bd
6c57
f73f
e192
8cce
5fd0
3d32
6560
76d0
51f1
093e
5a6f
611a
37a7
c20e
9075
2397
5119
f239
efe6
ddd1
cbf5
29c2
8328
6876
d0a5
f550
7ec6
d58c
dd49
c7bc
8f61
61f8
a593
b99d
6f9c
8fb5
4ad2
2705
3cac
4ab6
9788
ea62
9899
3339
31b8
a7cd
c9ca
2550
240e
9306
879f
3210
71e1
4530
0fa5
e6c0
f5ca
2e64
49c0
df98
41a3
0ed0
dec0
5a85
a49c
3e3f
fde5
f48a
4164
aed9
bb83
df9f
6293
c047
ed5a
a354
a4d3
9187
91c5
2c76
8781
47b5
c68b
36c0
f9af
8989
7b65
567f
5993
959a
a6ab
0270
1f21
893f
7f7c
c6a4
0691
6c29
0f8a
bc48
252c
660a
a3a2
51a2
5aaa
8225
6ec1
cedf
401c
1ac3
4743
98b3
afb5
a7a7
85df
4ede
c14e
e52f
abfe
f6e8
3a64
c674
7dfd
5c60
c2d6
bd39
fbc7
1cb4
4f4a
d526
465d
2086
bd8c
b9a3
f04f
cb0a
19db
6542
a700
fddc
e081
3d98
14fc
ec4c
7d5f
e094
3877
ce02
acac
ca89
2d10
e2e2
4f28
ccae
31a5
6be0
8bf1
b4c0
9581
8860
c9a6
8e22
6dd2
6957
f6f4
a09a
b5b2
4d77
8438
3ece
3797
c3a5
0b0b
d28b
9809
aedc
bb27
6f1f
477c
3852
64b7
a782
ba0b
b1e4
4428
9bae
f95c
ef53
226c
2b15
60fe
b8fe
e09d
73bc
e234
e610
9c57
55c0
07eb
74b8
ccef
8620
e076
a308
5e9c
5f1c
8368
2ea3
e7df
1a20
cb4f
1f4f
451f
39a6
7756
b9bd
a958
d354
c966
7cd7
2efc
4ab7
9f8f
4c3f
90a2
d841
8a65
d148
6119
d97e
42a9
b346
d360
6c7b
af38
2239
93bb
63f8
04bb
56f0
2282
face
d659
7220
8c42
e418
b6a2
2028
057b
ca6b
2974
0592
fdf9
e48f
2791
97af
da78
e64a
cbdb
8199
ac5d
6180
2967
3dff
209a
b40f
b48a
6208
470f
e88e
94d4
1d1f
2561
2940
c6c1
489e
7ef0
1eb1
0598
0622
9705
afc8
d61c
38e1
8230
d847
78f4
261a
a549
b021
c9a2
e8be
ddde
0b1f
1635
1d5a
8039
5aed
dd51
2f17
61dc
ed3e
ae09
ccaf
04ee
4bf7
65e1
01f6
e744
6ae2
347c
a3d5
1150
9c80
0f8f
4325
5e2b
2b43
c75d
8fcd
95ca
08db
1edf
7e24
673a
66d3
924e
ed79
28e6
00cc
87ea
5915
f89e
6ed1
d59c
b1cb
06ea
3a79
8378
b836
a6d8
8bee
236b
0e3a
b1ef
5595
88b1
859d
e7c1
b3a1
ccd5
7e83
66b1
ce77
1da0
2482
3f3f
681d
f054
ba11
b280
fd77
2055
a35f
b305
fe78
9603
a68d
8951
952d
894a
eded
5ef0
08d4
8057
ea4d
19c7
2052
e2ef
c2b2
b21f
846f
7ab3
7d26
8819
8a1b
40a6
6ac5
917b
d3d4
927e
f070
a8f0
b2b9
61e7
5861
b35b
fccb
2ae6
29cb
3c4f
775b
e189
9e9d
884c
b5b4
6034
0626
26ef
e961
05a1
ef96
713e
a1b9
e07b
b0de
f5ab
3807
18a2
b89e
f3da
a2fb
edc1
3d0e
cf7f
de64
57bc
04e6
8885
d938
a91e
bf83
acae
f1c5
0b98
8d63
4145
41c8
0515
fffc
7cfd
f04c
6817
3b0e
1147
f23c
ab81
2984
b612
bbcb
b9ae
257d
9226
352d
38ff
3b90
25f3
82de
a0a0
8940
c840
2031
85e3
7155
b2d8
2e7d
b691
2191
6269
7e23
42b6
24e6
2f86
ab1c
266c
864b
0a22
91e2
9a6f
85c6
ea6d
5a36
b674
e08e
21e7
dc64
d0cb
e3fa
58cc
9c03
3596
e658
528b
eb23
0019
1ce0
da7b
fcad
f802
793e
6701
5f86
b0f7
232e
c511
b850
e777
7509
58b3
7b65
dab4
1e33
0eb2
cf0f
47ad
6d24
9809
1667
6e1b
2d29
09c8
f3ed
a7e5
75b3
47dc
7144
0fdc
2522
20a2
794f
7f33
f664
8609
d886
095a
6780
d68a
1a00
b841
269a
4fde
b01b
856f
d3c5
6f05
6c9e
2459
65d3
1e44
6693
6510
dc1d
6dce
9c19
aa75
9d55
a62f
eac6
482c
238e
a6e2
371e
8388
22fa
8852
57fc
6e07
9e7d
69ac
9f33
0737
1f40
77ac
6e5e
cf01
db0c
75af
2c7a
f988
ea00
5d39
3fb2
127e
fb14
edc1
e548
521a
5cb5
753b
23b6
0d15
91b6
60db
90de
0d25
4238
c586
960d
a41b
d65f
f1f0
8b3d
bb8c
aa9a
67d8
1574
f9d5
8692
834d
b679
3185
c335
38da
8644
4dd3
58d4
da9e
9bee
4e34
0e30
ab18
075a
cef6
90df
f2c4
54e6
5b7e
7956
7b77
cc41
bbd6
3754
721d
f482
109a
d9d5
18df
f5d7
c1c0
a4aa
2b0d
6218
987d
c593
e676
62d0
71cc
544e
ea48
9e2f
232f
2dc4
167f
8110
28bc
1a92
aa6b
45c6
1cc1
bac8
8c53
c44e
687e
6639
3514
df74
6810
b914
c477
0e11
b258
8074
5618
cfff
103e
fae4
b0d2
0049
e691
6f45
3276
a663
c442
9ceb
8723
20b7
a12f
f546
c21f
93bc
efac
0f29
bac4
e74c
171f
9a03
80f1
c8bf
9257
3efb
ae5b
1533
7db9
e37b
a6f5
b76c
c735
9e0d
53f0
b361
74e3
8e37
e078
ff70
cb90
9719
8042
70fc
853d
ee82
b6d1
282d
e12d
59c0
07c6
ecab
7434
fcfb
74a8
6a17
fb28
dbee
0bbc
9857
4a64
83d4
1f95
19ae
7eab
d252
2fa4
f755
294f
a3e8
4485
e420
bc69
aba2
ecd4
3b35
b275
20cd
3846
47b9
a0ea
6213
f57e
8e4f
25ba
ea9b
3444
b025
b2bb
6d19
aecb
eade
3cb1
2dc6
b9e4
70b7
2fab
8838
5205
28f2
8adb
5bfe
e69f
960c
f4e5
e915
d3e7
8b87
047d
a9c9
7be7
7127
39db
9a81
9b15
b670
ab54
4def
7beb
2c33
3e8f
e941
080c
8e17
4dc7
13bd
5f76
c979
5ba3
d0b5
7b15
da4a
42be
fe00
010b
94dd
7b84
8917
fe8b
43e9
d09e
f857
a55d
0c11
4a56
ccd0
075f
b874
98fb
7f6e
dccd
eed5
92c5
c23e
9c11
903c
f42c
e558
9a26
2dbb
4560
451a
2262
b609
80ba
fa54
fa94
e245
315a
bfb8
fb9a
e658
696a
5fa0
c50b
c40a
def3
84b1
31af
728a
4548
5fc9
006c
d507
ca19
4068
74b4
f8dd
20b9
3c52
5f1a
485f
63f8
3456
19b2
788d
4c89
da89
0771
3df7
b6a9
6913
8f9f
1532
6ec7
16d6
a8fa
aa72
295a
121d
0977
ba71
bd2a
0425
dd7b
0c6a
d968
5c1c
b8a8
95b4
c820
e149
fe84
89fe
a2fe
7bc6
7907
bc85
41f6
53b7
086b
e9fd
4538
ce17
384c
0f86
c8ce
2aba
402f
bd8c
3f6f
d50a
2b51
5be6
0c1f
cc71
ad29
e814
9fdc
ce53
bd80
bec1
19b0
7890
2e51
1767
728e
9fe4
b962
9017
a698
448b
533f
c950
3967
19c5
88cd
23bb
df7b
a00a
f323
01b4
f400
d6d0
8d78
8fc8
9c9b
b4af
e9f6
19ed
4b8e
cfcd
a1af
db1a
06f6
61fd
1e19
e709
54de
ddc1
d559
51a2
2708
7d67
5eb5
7ae9
25f7
7097
af31
3537
f98a
00f8
3f00
ff5f
8b60
c7a2
8dec
8fdd
8d42
90f6
fcd8
0de6
b2ee
d449
1263
4354
e27d
252e
5781
3be8
9dd6
1adb
306a
fa2d
f0b3
9cae
2def
ace2
a576
a85c
27ed
090e
d53f
cea2
acd3
03ec
08b5
d674
7a2c
26ba
28eb
5da3
0c3d
eb3d
cd7a
764b
d31f
f6c2
3286
4e2a
2052
6726
e051
3ebc
f88c
f8a1
5ef0
5ebe
96ae
a9f7
b6e2
caf0
6997
db44
740e
61d4
eb59
c1c2
1438
2ba5
ea89
dbc5
0a43
dac6
f1e2
0934
f354
4eb9
3ef6
42a6
0b1e
cd66
d7d3
7d50
f01b
6260
4e62
397d
5bad
9cd6
1828
ce56
e934
62f4
6cfe
0c98
670c
4fa1
922e
d580
8e2f
4c1c
f279
01c2
1ca7
bf3b
2923
da11
91e9
0be6
1d97
9799
b8ba
f158
b266
81b9
8634
12fd
0ab2
3a43
2498
c70d
145f
f218
a7c6
0010
8ba2
d9e5
b239
39b9
2b84
1132
0e0e
8035
84db
3b93
2515
81dc
db01
18b2
dcec
dbe4
6aec
43ae
23e5
d5bf
d2ce
b1af
c198
ea3f
a9cc
0803
7c5a
d8e4
7f74
51fd
b734
4971
e400
5ed0
9c72
4d15
347e
0c6c
5101
41ea
7407
04f1
32d4
eeb8
7449
0a70
9025
4229
ee34
b430
88cc
763f
abc6
46a7
3cdb
6067
46ef
24f7
fd92
0eac
a2b8
dd5b
49c4
ed1b
5383
845e
b80e
6aa8
12c4
cf3d
eb28
4669
d78d
b7f9
0ccd
de37
5ff1
0922
7e57
6a75
18e9
ca0f
7229
d7f0
a3b6
e9af
f2ed
57ec
f3a7
a472
d041
bd2b
1d36
bd6d
590b
961a
1729
99b8
95fa
73f0
4a81
2476
750a
61e5
66d8
d3fc
1f01
1e44
0544
ac97
c4e6
ab0f
d941
978c
8424
b683
0e9b
010c
ffdb
a39d
7345
3f81
39c8
88a1
5445
b426
381c
fed9
b118
057c
6cfd
4ea0
22ef
7b57
5b3b
7353
acfd
6a3a
70c1
c149
c12e
5e3f
f9de
d3ee
09ce
446b
69dc
f851
c8f2
aeef
20de
e2e1
e89c
4a37
61fa
b13d
7ec9
aca2
41e4
c43e
4a90
3269
2a28
28a7
6309
18ad
4e0b
083b
b1c0
1e35
c57b
f7dc
cc0c
4bcb
dd9f
d0a9
c4ae
c212
65ba
4412
004e
a2ad
3d97
7ec5
f23b
7ac3
3043
1a10
94bf
8249
e1cc
dd17
d4c0
b547
c81b
e437
2969
8e12
d5c9
2b74
1da7
62d6
752f
0da4
9452
718e
7d16
eeb9
5147
7d5a
3f68
bff8
3417
8a36
7fb5
714e
2ee6
5b0b
592a
7a2b
11c0
0708
4318
ee9b
084d
3ced
9920
5468
a89a
22d3
d96f
a5f8
1e67
142a
d454
b27f
599e
e65a
f103
c2f2
9f8c
afe3
0896
742e
ecaa
016b
6662
2fbd
7590
e6c0
4ade
7257
dfcc
5867
22c0
38fc
a39a
71ed
7664
07e0
ba35
5d83
774f
71c1
3ade
c41e
a9b0
ef11
bc67
3869
50bc
d85a
f10b
cdb1
b1fb
107a
fc4a
ef2c
4d13
af21
3418
9c13
2270
d307
d72a
0855
233f
5fab
37b1
76e0
4eb8
8c5b
865c
7474
d03b
b9c8
0dbc
769e
6fda
75a1
10f6
cf46
7b95
f87c
e6cd
d582
246e
54c1
c106
d2d1
d28d
4abe
533a
5774
a2cf
adf5
f416
db28
437b
9d45
9816
68ec
e369
5ead
c285
933e
384c
0bb3
cc29
42d5
0d9f
873a
6360
6481
08c1
20d2
3777
7da6
8a92
5b1a
1a1a
beb9
d968
d8c2
6b2e
929a
9f05
dba9
abc4
2091
9855
b90f
a2a2
3cf0
17bf
fa4b
06b5
a92a
5c09
41b5
187d
4e11
4c55
2f20
e86a
d658
5c50
6bd3
7976
8963
52cf
3585
3457
c2b3
6aa9
3cd8
082a
d229
738f
aca3
e4ad
852d
852c
4b90
daae
30f5
2dfd
4839
c44a
7463
a556
07f1
eae6
2831
34c0
3308
e92d
1317
4123
47b7
7cb6
fc6c
1c07
b84f
b932
7288
9d95
e3f3
5dc1
1838
be71
94fc
9156
6337
b528
b694
37c6
00e4
29e6
7b90
6689
ebd4
ef40
c5ea
5103
96e5
925d
cf00
1603
f5f3
31b3
c920
354a
d555
a9d0
4672
69ab
4c86
9950
0a49
8ddd
231e
f88e
d252
9c81
0d0b
8484
2410
f2af
50db
8b0e
4dc9
1994
524f
b434
7b9d
c003
d2e4
24ca
fcc0
b524
290b
4a4e
6229
7961
3526
d7db
4401
d013
d97a
c576
1766
9719
0574
94f1
4219
1a04
2e6e
651f
fe3a
22ff
fcf2
e974
36a4
7df5
4de0
d502
21f0
98c6
7d70
022b
3cc0
07d3
b30d
b45b
6a48
e412
40b8
4946
0d17
b733
5e31
8c6e
599a
161a
6648
4611
608c
310b
4b14
9ee4
2b22
c6d8
c75d
71f7
46da
f3ac
5730
a9dc
580b
8185
9608
45da
fb43
1946
f301
9e0a
fd63
d4c5
6944
9533
fabb
26b1
fbac
4275
8052
07f7
1476
1fb4
edec
5370
b725
fcd1
9fb8
d13e
43f4
95ba
3bff
9e4a
d690
4909
53d5
945a
7382
7f45
f12f
8207
f22a
2917
702f
ab01
476e
1cd1
9345
0789
6e22
c39e
693e
8a62
5a50
7086
c137
68d6
7b6f
136a
820c
4d31
07bc
c508
e9dc
833c
e9a2
3a35
306e
a32d
f3cb
0d6e
7e8b
5de8
a2d0
c26d
50a4
2122
efbe
9175
b278
687c
dbd1
6db5
69db
e0a9
6f59
3b9c
303a
ac5c
5861
6273
ad5c
20e1
f1aa
e715
9033
1ea6
f3b4
8b5a
239d
efe7
0a62
778f
0096
03c1
298c
c1fb
9019
8323
a7f9
c930
3d09
9b4e
d8e4
29e1
9037
e1bf
5e36
f42e
8094
fc93
2298
9e40
24cc
36fc
ec81
bcaf
863a
e57c
e697
ea9c
e1ab
c07a
434d
a790
cc20
70a4
a310
41af
40be
da10
2198
6330
cc64
e75f
f044
058f
8a11
1854
a6f9
62ef
dc6e
4cae
7db0
4229
621c
762a
8509
6e9d
324f
f7a4
9b8a
3f30
632d
f848
ce49
bd6a
df46
5b96
8348
3229
843d
3128
041b
22aa
4767
eab0
b87b
738a
ccab
1b62
0b7d
b83f
0434
0b42
7d77
2ce9
26db
0ee4
a642
b7cf
df2d
5281
3cb3
5103
3361
2475
6b2d
2eec
205d
06c8
4cd8
dd45
9372
e954
3ba1
4a1f
e3ab
5b63
ff15
3778
9883
ceea
939d
68e9
0f52
d988
59ec
5ca9
1aad
c0b4
b826
516b
8c72
f488
bee8
cecc
6e33
f942
f58d
57ad
375b
541f
07ca
3f32
bec3
bd14
379f
a2f1
58f9
d1e9
7258
304b
4333
d820
b90d
4257
027a
233d
5a82
8cc0
ad8c
7ce7
437f
8c89
7c6a
c2c5
7bcb
54a7
0f19
09a2
9b50
c520
0efa
12a5
a1ff
570c
3dc3
8566
6b7c
213a
34ef
d7d7
de61
34d4
d25a
af3a
c179
6857
9988
09db
0516
3d0b
9438
dfa6
de75
35dc
3dd5
a4d1
a5e2
7640
b6ef
109c
a730
5a2a
32cf
1b3f
a279
b65f
98d4
6432
5e65
690a
517c
1f9d
50d7
59a2
048b
bbf9
1ed9
72fa
ab1f
e5b4
08f5
ca86
1772
cf8a
f46a
5d96
d928
17ac
f541
1d2a
8766
9cc2
5ede
b734
4e0e
fac7
f6e4
619a
e19f
656d
2a01
d2ae
a668
53a5
52da
4d0e
4e21
917b
6464
807d
cd4a
df86
d90f
6caf
ccc8
1ade
2994
7911
b517
718c
2782
91f9
4f4f
1f93
3449
2543
b3ab
b32d
e73c
c689
e7e8
46d0
12f7
164b
a89f
5b4a
88f2
283d
9b42
3a4c
8893
60bc
01e8
e88e
4185
8b3a
0062
647f
9f07
fb83
f175
22e7
6aac
5fa1
24e6
2692
fb91
d6d4
390a
ee98
f641
c84a
459f
94e2
100a
521c
329f
3b26
3edc
1982
402d
e5b6
dc39
44c3
4dbf
5faa
a82c
bcc1
d0e5
4db3
7fc3
de9b
05ca
fd37
95f5
a2fb
09be
cc14
b5ef
4da3
8940
a056
f06f
b29b
f6fe
437f
c21c
9ad1
0594
8724
0f81
f036
3de6
5669
b075
63aa
109f
e289
b1d3
cfa6
3aea
19fd
2367
08a4
dc83
1da7
914c
7c8d
0eab
2a32
fbc6
cebc
3777
4351
e912
b130
2a50
5861
a15a
617b
b7c6
5037
8496
84ae
131e
f528
a04c
d58e
72da
cd0d
ae2a
ab88
541c
a0ef
94c4
b159
31a8
67a5
9501
b386
bf51
e6e2
dee6
0549
34bb
6c5c
be63
85b3
878a
c0bc
3d89
be52
0d2b
f3f6
5b05
ac11
a4c5
418d
318c
1311
806d
f583
d219
dcda
b0c7
2c95
3573
1af5
c435
c5c4
12d9
9027
b1f8
11e7
7a5c
c3ec
1b2a
97d2
fd82
1fad
c477
eac9
4ae6
b351
0a7b
803a
ae67
0d99
3a5d
b603
965c
b154
7f48
7c98
08cb
4070
7432
beca
90d6
792c
5b4d
dacf
6d9a
7f2d
3e67
6332
9ae3
037d
2d78
4d67
e13b
415c
d8c6
a190
e411
15a1
0446
2b0c
8495
e595
c405
ab38
d9c6
fb69
5a9b
2d42
0a2e
adc0
e4e6
59cd
dd80
eb48
94ca
19f1
7449
a43e
e1e0
864a
3ec3
63fd
63c4
0f83
125e
46b9
9393
75e0
ecad
b414
c053
d851
4736
ef67
eb8c
9b0d
253f
de95
47d2
b584
2ad0
d269
75a1
029d
b90e
317b
0a39
77ff
db9a
eafa
e780
b2f0
9d1a
5698
d434
ab3a
ebdc
5890
ad70
00e9
88d7
c4b6
126f
a9d5
e75f
104e
0675
885d
ed14
1b27
82a5
1a81
0cd8
1003
ac02
0b77
5eda
0c7b
ec5b
1012
3b09
040c
ade9
3448
cbbc
b918
1d4d
af67
f66f
eb41
137c
6842
354a
23b7
f1b2
4d93
6eb4
961b
b494
fe24
eb8e
33c4
ce78
9d13
ff93
7b7b
4023
08a4
c177
e5e8
1417
a402
612c
4912
0587
0fd0
160b
4869
c5dd
973b
9e13
b528
9615
0b1a
6d55
37d2
efd9
7ecb
4e0f
5212
dc26
79de
2ac2
4a5b
aa8f
5363
d858
6e25
aa07
a137
f9f0
4ba0
4aaa
1175
5ed1
0101
470d
6c79
ee03
5313
66c3
93ef
b48c
fb91
1c45
c3ca
59a1
c22c
2c95
6365
87bd
9421
fce1
d36a
7795
9d78
d9bb
4f65
745d
e9a5
2403
a479
bf1f
ac61
215c
3f36
15ce
cf18
81c2
6c4b
a8ce
6d19
60aa
99f9
6446
2810
f26d
3f7c
6049
0653
8e67
4249
61ad
cd0c
77fa
72d4
ea19
175e
c6c1
013f
4be9
9ad9
3dd4
22a8
49d5
1571
bfcb
83af
330e
d3fd
db92
d5ee
6e7a
c4fa
79da
4bdc
2a43
7739
edbd
e614
ea87
b7ae
c72f
1c8d
d987
1d40
e850
f93b
051e
2cea
5aff
7863
b247
e12f
5666
6538
1c89
8561
d71e
46dd
df63
b436
ecb1
6545
ce89
9c21
9276
8e04
9296
6ca1
715e
cdfb
113b
4e2b
a7f0
2da3
8091
7776
1a6f
87e0
714e
d938
920f
187c
041a
5b74
7e72
1715
5eec
e52a
200d
ae90
4466
d3df
71ca
4cd5
145e
eae8
2e89
db19
0a23
d4fb
2226
f9d2
15c0
dd29
abbf
4f2b
b965
6854
6552
79f1
16f1
2b0a
fab9
1728
cb8e
c26c
f287
6963
6114
79f4
8ec9
c959
c8e9
4b7c
e22e
b451
9c71
bb94
3507
8a04
5bbc
2b8f
d851
ab1e
b5cd
10b5
2aff
786a
d818
ab16
cbc8
a5f7
064c
cfec
8fe0
7c2a
de89
bff4
bf0f
4408
14c2
00a6
17e9
d81d
1132
ee9d
0cc4
f4e2
b8dd
7b86
d798
f7f8
233c
2ee4
1574
dc36
9969
02f4
befc
fcee
966e
4937
a028
57cb
7d59
2ab8
30a1
ac34
70cc
78a3
4045
114d
487f
284d
6e1e
7e3c
c6fa
410d
2ee4
ee93
d2b2
7919
5ce8
a7ae
f3bf
fbb5
cca9
865b
1b6a
ca6d
b710
7009
d19c
5477
f4ed
a2d4
aad0
54ca
5c1f
4bff
8594
22d2
38a2
ac20
0943
2577
43d8
75f1
4c65
35a3
0634
59a7
f219
2464
4c21
59bf
9bf1
1410
0437
c89a
a530
bfab
7559
233e
8dff
1065
15d1
1e56
8850
673a
ac2b
2080
b1d5
49c3
717d
ae3b
801a
fe90
ebe4
eb7e
8d52
49e0
9ae4
dbdc
e866
b5c5
fa02
5b70
71e2
e5a9
cef0
1c66
9b86
1c48
38ca
5db2
4434
2f29
cec2
9660
fdba
63f3
6b7f
eb77
3599
f9e4
bf68
6b74
1a95
739c
deab
db58
a820
c6d5
8424
2c86
1547
5d3a
0e86
2cb5
1e9d
4042
424e
0348
36aa
01fb
443c
509a
d851
7573
5c84
5e33
82d8
cb09
d23a
e98e
e30f
1609
a062
20ad
b226
acb1
b146
3875
e1ea
27af
a61f
abd6
160c
ba5c
5adb
58fb
8794
0a7a
333f
e173
7a7b
845b
bd21
22c2
9476
01d0
1a0c
0159
cb61
fee3
d7be
03fc
ca47
a21b
8088
8200
de57
8612
f476
c3f9
b3d6
12cc
7019
5a6d
20c2
3be7
458d
0355
d70a
ddf4
3c12
cb58
ee53
171a
9ab6
3080
5613
b774
4fac
ed06
b387
4b7d
54e2
bca3
5f0a
3b4c
df0b
3b9d
3c6a
54b2
1296
38d6
8984
98d9
f748
0471
a0dc
d67d
6fa1
ba84
df99
56b0
5740
eee2
72d0
8390
224a
b65a
0a5b
7c51
ba68
c543
b7d0
3433
afed
9e0d
715c
2ab6
3cf5
36b5
28bf
bddc
2676
5bde
a85a
51db
cd8a
a465
d183
5f45
36a8
b236
edba
cc62
d3be
8c0c
2a82
8ee5
fb0d
ac67
2a3a
d9f3
1f65
563b
04ec
eae2
1264
c64a
b99d
0fd1
861d
28b7
50cb
c98e
436b
0ac8
a3b7
39ed
6bc1
6435
e12b
8fc9
aa79
97d6
45b8
4e0e
b24d
06f7
4ec6
3cef
8ab7
cf8d
46f6
fb26
9978
a0de
e7f6
6f70
8440
467e
42e0
f743
db4e
5a87
5fd1
a2c6
4c1c
1439
f047
0903
c016
ab52
270d
aeee
2b1a
742c
2059
11b4
0c9b
fef1
34ed
3ec3
5689
342d
7f6c
0383
6038
3e26
78da
c86b
7eee
8d78
bd2f
45b3
9b65
6fdb
a7b2
5863
30e5
0a33
d5aa
52c7
2710
6d0a
ce98
02ae
2d5f
6035
4843
1e17
6386
2390
ef13
641f
fb3e
9a5d
59c5
1fc5
15a3
ab3d
1fd6
5d7b
19f9
68ea
d499
c12c
908b
a0df
cd62
e7f8
6c26
85dc
c02e
e0c8
be08
4146
9393
36de
3161
016d
97b9
be57
5bef
7435
e6ea
ae32
0591
4568
7398
aafc
9aa5
f240
01c7
c33e
ec8d
2091
0287
b0ee
7de1
2715
da4e
5e15
1e54
4ddb
f826
f4ee
a527
f64c
0de5
adcf
da1f
63d7
abac
c3f0
4374
3893
644c
34f3
1c66
f2c8
ebfe
7476
c226
156f
7c90
511b
96ec
6448
ab0a
5a01
cf10
2665
15f8
a88e
c6cf
d364
e902
b854
66af
6ded
e5e4
d4f6
20e9
7437
e134
3557
a87b
19f3
656c
6881
d01b
71c7
d9e5
e124
d37f
9877
26a8
34be
5d9b
9609
80bc
2102
5deb
9001
ed27
f570
a1b5
82eb
8b9a
2dfc
51f0
1f5c
4e5e
f853
7803
58f7
fa0b
edf7
0d6a
3cc3
6852
a93e
ecd3
d9c0
b0ad
5a89
7a79
bbc2
731c
4065
b5e6
05e7
e22c
2368
8efb
2876
0c5c
ff11
c1a9
13f4
17c4
7707
6420
7f0b
8a96
7d1a
374e
ada2
5e1b
fa96
706c
edfb
0d8e
463d
9f03
29d8
26eb
6a5f
d5bf
e049
96f4
6dca
558e
f0f6
ff1a
777b
a932
c37b
3001
776a
76d8
5c2b
2e97
c6bd
6da5
2d42
067c
a869
47af
f8fa
5931
95c2
7b31
0e34
2cc5
941b
0f65
006d
0758
1c29
036f
20e4
abec
cb26
8cce
5d48
a6b0
75c6
b783
e16c
e279
5006
bae2
7f22
b9eb
4523
d2a7
36cb
3d97
7c88
2056
25a1
b9fa
1391
3899
feb1
f983
5fd3
8cfb
69ed
f597
60dd
a010
4bcd
8329
3899
5861
7e24
a469
ff38
0aa3
d450
8991
73c2
d77e
33cb
0885
bb6d
3cce
52e2
ab12
0827
863f
89cd
5695
d0b2
e549
365d
4b5d
eac4
aacd
437d
1aac
59ec
1386
dfa2
63ad
57ae
3d29
63e1
b8d7
388c
6260
0ac8
4e5c
02df
f970
0545
f727
298e
4e8d
9bcd
7a57
5830
a598
37f1
e7d1
3a9c
c66b
083b
cbcf
724b
2838
afe3
ed2d
2f66
72eb
49f6
268f
10e7
72af
549c
6858
50dc
6685
977e
30ac
2c06
0a05
984c
2af0
cf6f
a324
67bf
31ac
5d81
9da7
3276
5a74
3eec
e3e6
b290
9f4a
87eb
98c6
2da4
485d
6157
c8c0
78da
3021
e413
4782
5cd5
359e
c2eb
2bc1
0967
b6b9
876f
ac2f
db26
2be4
5b08
42fe
962f
bf93
863c
6d58
17fb
ebba
3065
e85b
45f4
07a7
bff9
1a1a
f3b7
fe1f
3e70
2674
9d3b
684a
ee62
66ab
058a
b8a0
aeee
2097
f4b9
58ab
268b
789a
9a0c
4ff1
8910
127f
78ce
f710
799b
dc77
20a5
06d3
5b3e
d5e4
0699
cd62
3e3d
e2b2
e4e5
e2ab
f6a7
cab6
33d2
039a
e23d
f08a
0093
a4de
08c5
291b
0b0c
aa36
af89
dd65
99d2
ade0
d89c
b350
a713
a5b7
d901
871c
16e7
7533
a151
0235
22fc
986a
641c
0faf
118f
2480
fcf7
7dfb
59b9
0195
4060
2ff5
0c48
b271
b695
b07b
3c10
27ec
8fed
1a51
8f21
9002
7d35
a482
3d8f
c396
efda
9b75
0487
26f5
5f5d
a616
a8ef
55d7
614f
cf76
48d0
2006
b1ee
23f1
c0db
393a
c701
0e1d
3140
9975
e129
02d9
5a7d
3d80
2b81
ebcf
69a2
163f
cbf8
3047
4eee
9d73
97be
5563
aa1b
a31e
2312
e0e5
0d6d
08c3
a9f0
b835
f9b1
a82d
1f05
105d
b887
d9a7
ddf2
1004
8cec
7111
1c33
f7e0
aa0a
c2fc
0fcb
089c
6d26
fad0
95bf
ef12
2e7d
a77d
4b8b
300b
4624
d53f
9572
30aa
9ebb
ca88
cbda
9451
34d2
91c4
fe54
d496
9b28
8612
8353
4533
8b1c
9e5a
c7c9
b679
4de3
99e8
c980
6528
d1ba
8aa8
63ff
1c32
41d2
9943
21b4
b773
ae21
9fac
a6ce
eb98
62b9
b70b
3c3b
596a
2e47
e867
ee33
be3f
7df5
a9cc
b29f
7d08
d847
4f40
d488
2f8c
8510
da79
9e66
1142
78fc
89c1
c626
a41c
a2c5
b4e1
1756
4230
4289
68c9
35ce
282a
5335
6f83
fb72
709e
8908
1e9a
dabc
7989
600f
c4cf
318c
fb61
bb38
dbb6
86c9
7907
c9f3
7d9c
d3b7
b32e
c25e
a4d8
c8fc
3651
7d33
4232
db70
33df
ee47
c8f2
a194
9c51
e74c
6ef9
df32
8d60
1d1b
482b
4c9c
241d
b5cf
ddc5
232f
11a6
721e
333b
d236
2f56
155c
736d
3df2
4442
1131
df4a
27bc
f027
5b76
80c3
7bff
63e9
edc6
2e10
3f8c
4756
6e01
3e65
6f06
da12
e4a7
ca41
3254
2e58
1620
b3c3
6e7e
3a5f
4379
f4a2
b6a8
323d
23ba
7238
b65f
7562
366c
1c35
b48f
0e6c
8efc
c2e0
884b
cc46
8458
6d4c
eb23
43c4
0511
b24c
9f88
bf2e
ae26
5a0e
b667
b902
3fe6
7aa8
8842
80e0
bc26
da4d
cc96
471b
dc70
81fd
733f
7e1a
e708
67d1
3e3d
d5fb
7554
d125
b000
0aa2
2dc9
8ca8
a9c6
d6cb
94a9
4650
78b5
2757
c433
639a
7461
b0e8
4537
e517
5027
0822
f41c
15e7
a869
fbeb
24c4
b8e6
a357
0182
76f2
a448
f20e
eb29
faa1
4ba8
a400
33f5
6357
cdb8
2e33
7562
3740
8665
a00b
f729
5549
f496
17c3
334f
edda
d3d7
1762
b74f
9de7
45a7
cd22
0802
145d
4887
9d29
584a
d8f3
8472
5739
080c
9d06
0cb5
52e6
ca38
1afb
4025
4571
a262
df47
f05e
8e43
aae1
77cc
e5aa
fb8e
b85a
9135
940b
9f5f
77e0
c471
151e
4ada
c555
6924
9acb
4dde
ec69
2b8d
958f
8526
d165
a975
39f0
354a
200c
a5cd
0755
c68b
2e1d
f5dc
be44
807c
9259
f09d
1a25
fb11
0152
0e7b
f72b
bd62
3d42
2ad4
bb05
d21b
dd5d
ded4
1eb1
efd4
753e
c05e
0d73
bf98
7dbd
2001
3fcb
638f
5200
3f7b
1f9c
d616
71e8
1d46
8e65
1069
e692
4c4a
bf29
5945
5c63
b36e
4960
2712
a91f
d9cf
91ed
1c73
39e5
ab8b
7b9f
e99e
04bf
a8be
6c66
0f6e
5dba
9f72
fa68
1475
2d28
0472
46ac
33c3
a72d
2b57
c96e
ff07
c696
d8c9
db5b
21ee
d086
a32c
32f3
c286
9bbc
382d
600d
bfa4
7346
4873
4809
7428
ec5c
3b53
f6e1
da4f
d318
27ae
34f0
5761
6a73
f85d
5730
763a
12af
47c7
7ed1
bd94
5753
9973
6355
72cd
9135
f38a
facc
4b24
53b7
9201
b083
409a
61b6
6905
23b4
68d1
e383
64ac
e80e
74e4
2b6e
4a48
c233
20f4
5721
b452
8471
3145
5e60
bcc7
9108
4bcb
a93e
1d79
d159
73b9
f4ff
bd85
590a
fcd7
2b2a
509e
8707
dc1c
e8a4
05d6
2f2a
9104
6cb8
01c5
593c
6529
29ab
4b29
6ad0
4ed2
7d75
ef4d
2127
4152
02a8
172f
a134
9d05
b1a2
c205
8bc3
5cbd
10dc
7a5c
f20f
712b
5f6e
8d56
7ed5
c97a
af51
190c
cef0
a8ee
1dd8
55fd
a098
9ed1
0acc
c806
f293
76d6
fd31
50b0
05ad
5c6a
75ef
846f
485e
9cfc
8f63
9db0
bb82
db1e
da91
bfde
baef
dbd7
af21
9c10
9b71
a3db
e910
ced8
a48f
8c41
8b69
1d85
7338
bf7c
2d5f
d89a
4dd4
d73d
8bc3
dfe0
5f91
2294
b85f
d70e
3254
cd7d
988c
0437
1933
9f41
014d
29a3
b24b
53c6
038c
3a98
9928
72da
8dad
ac5c
2145
b180
d041
d873
5cbc
3704
0c6a
06b0
79ec
3ef3
4c2c
22a2
6089
52ea
5659
7f3e
1e3c
0b2d
6ebd
526c
8b16
d157
fbbc
edd6
de9b
e5ab
09fc
ddc9
d6e5
857c
75a7
4af8
244e
26c5
5256
2d52
7bc6
5261
6a63
cc1c
ad61
6911
d886
ba40
d36e
d837
050b
ee01
6f6f
0d59
180d
7060
a8a8
d11f
68ef
9f43
ad37
7c79
db12
471d
896e
c023
d62f
c1fc
4ac2
5287
0415
bbf5
f566
4aff
9e1e
80ea
b671
d72d
1c28
f790
aaa5
1792
2aea
3dc5
c908
9fe5
ed72
b824
d1ff
1a90
de54
4a8f
82b6
ac3d
28dd
18de
4a69
7cb7
2c5d
179b
985e
c5a6
1ef9
6f6f
13d3
2b2a
1ef3
efb6
541a
7637
6de1
b5a0
840f
3a99
d636
8cf6
c8f3
4603
707e
3eab
5fd2
c2db
be9e
444a
213f
c15e
7cb6
b88d
647a
9565
1fd7
5fbf
0399
1feb
6ca1
b195
a2b9
f7f6
abc6
5891
e0bd
3525
4ace
d9b6
9b14
4795
5eef
500a
9111
eb3d
65ca
6e0c
7bdb
3a34
6041
b3a5
125d
d413
57b1
6457
914b
43f8
ae12
712f
5755
2840
3631
9191
dd04
fcd2
3cad
ebfb
a1ae
635f
a149
83ad
596f
f7f6
9387
2dc3
9cc8
be9b
4ebf
96fa
7884
0e13
678d
119f
cb38
4e1d
f03a
f6e1
1211
1a60
d5a7
37ca
5966
3b9e
a921
f09b
8621
8411
9b63
4d15
a1f7
4fbe
a8fe
d437
f29a
0a0c
3716
3989
8ca2
6b8a
5b4f
a7e2
5fe7
6915
75cd
bde6
3d33
d439
73b1
c945
97ee
5e3e
77d0
26c7
f1aa
37b0
1c41
6f1b
79e5
caf2
6e24
8ce5
fdf8
4fef
3390
43c1
cf92
d5e0
47f1
3a09
107d
96a5
19b9
8e15
c78f
25c6
f7ae
3951
5f33
d888
9918
8255
f25a
2114
d394
5613
0a5a
4115
289c
3bb2
15c5
15ef
63b6
da9d
b8a7
0c32
895a
f113
c307
7b62
238c
6ff0
7571
d37b
ee17
c0ed
c8d1
95ec
87c5
5f6b
2635
5e4f
cbd4
05b2
19db
224b
a1dd
11e4
c540
927b
6b5f
3cc3
066f
8f64
f97b
7e5d
2c9b
4130
d606
3ad3
4367
1121
e904
6352
61b0
5e63
32d5
134a
9c56
103f
5401
b628
8d6c
bad5
fb84
940d
ef81
c004
9f8a
b4ac
31cd
389c
644a
ef02
4966
98d2
265f
3480
1b86
3fa5
6949
7400
469b
f988
7c8d
2ec5
332b
8e49
2d78
950a
dd11
ebc0
fcfb
a1da
cf90
7910
573d
0c69
b217
0323
cc7f
07bf
b5e5
f9f0
ad02
fd15
1d4e
6526
63e4
5c39
572e
2a39
47d5
560b
3762
e81a
3472
d53d
7eb4
9a14
dd7a
ff1f
f15b
263f
f473
fd5e
9c88
db8b
b84d
60a7
c496
dce3
a5be
6bc7
c7a8
f407
ec39
65f9
8005
655f
3d7c
8c0c
c455
8029
d74c
85d5
4282
747e
50f3
e2ee
e3d1
48ef
f198
c90d
9e62
2684
f9ad
332f
875c
b5d4
2347
37dc
6f99
d022
0e23
d165
f429
c880
8b83
455c
0698
954a
213c
827b
515c
11ae
b093
6c07
d4a4
6c25
ecfd
bab8
e4fd
dc0d
28ff
3fb5
6418
b307
9d2f
369a
2d2e
0cad
5b33
c5d1
1cbe
5d17
c8be
7b89
e013
10e1
1537
47f4
d722
6747
e61d
8e7a
f572
5fd1
6927
1c46
535d
273d
b067
9f0f
ae6c
48bc
933a
8c2d
14f5
b2bd
5b70
f905
d293
fd08
6edf
1925
6786
f587
7573
06c2
c8bb
261f
e60b
f2e1
d44a
e64a
58b4
4f2e
8288
453b
2599
2a9b
91e2
deaf
1d01
ae34
25ec
5a4b
e9da
9a73
524a
708c
2181
daad
4d3a
ae7b
1fde
38d8
e928
e6d8
679c
e8e0
ee59
091c
d252
d53e
89c4
bc69
0afb
f669
acc2
9f0f
ad76
dd16
0abe
988e
26fc
1338
723e
4663
22a5
3bd4
247a
f8b8
8b64
03a9
5777
8cdf
1b17
3775
45b3
303f
e50d
7454
8b7c
6058
a279
0008
36b9
94dd
ab18
3388
8b04
4cf4
49b2
00b6
57a0
f838
6847
f5ec
5f2a
f720
4d3e
f770
3f00
6016
17dd
4bdf
df8b
cd3b
0ee5
0a8a
c1b1
8d51
c60b
98ce
e4c4
59f2
382e
12fd
9af4
d47b
23a7
aac2
390f
7ce8
84dd
973c
9232
e5f0
08c2
0bca
382a
9afe
ba18
b5c6
8adc
bd1f
bb48
d937
ced8
3700
9b55
e2fb
28e8
84d8
5507
f3b9
6ea7
3cf1
1715
9cb8
724b
8eb2
b239
cd5d
2a3d
eeba
eef4
c46a
3816
b6aa
07f8
a755
a920
fed6
be72
6975
ecaa
3fce
7926
5c4e
86f1
4b64
18cf
7907
e377
1924
44a2
c3fc
3c80
5ba5
e60a
edcd
05ad
7d44
86fc
4291
23fd
99fd
a6af
7d62
37f5
27e6
71bc
b593
5d51
8675
c461
b074
abfe
ebb1
cae9
824b
0c73
47b2
e3e6
3767
5301
ac50
bc46
b440
a888
cc8c
1977
8c8c
4062
51d0
843f
a836
5bec
de04
75d2
1cdf
3562
51cc
d7aa
6f3d
f40b
e85f
b8a5
905b
00d3
558c
e761
6e0f
e392
c200
9d37
d339
3121
788f
5585
908e
6da6
fe9c
6566
84db
9053
95c4
14be
c05b
9c6c
2233
7c70
0d27
5e71
efe9
31a4
0ad5
72ab
e978
35e0
d987
534a
3d73
1427
c8f8
4f9c
27cf
d3e6
2698
c59e
ac5f
09ee
203b
07d6
729e
6241
b322
7620
6e20
7a54
227a
4aaf
705e
c01f
c956
ee7b
bdb6
ccab
9fe9
cc7d
a9fa
3149
4dea
47e4
a2b9
a334
2e22
06ab
a2a6
8a98
98dd
9fee
bd9e
7f48
4aeb
3e3a
2cfd
9e0b
72a4
f88d
40a4
4219
a049
0ecb
d495
09b7
d19d
6c62
06d0
410c
2205
5d1c
8836
d121
6709
67b7
8439
3557
6d8a
b591
469b
87c9
d017
5eef
9926
4cec
0384
4d76
b196
a697
a137
07fe
89e5
654e
eba6
e46e
398f
7c07
49b6
7b5e
6127
e4a5
b2f4
6152
b308
790c
0f49
c235
a658
78c4
e60c
d5ba
777f
860e
78f7
9613
80da
9552
5fbf
e1cb
12ad
aeb4
f5b1
e5b7
c67d
7748
aebf
6830
f6fd
7bdd
41bc
5e29
d02a
3bd5
b693
591b
6946
3a63
a3e4
1fd3
b79d
1f70
c009
24b5
3319
8317
35f7
32f0
e9b4
400b
a74b
dd1b
edeb
e5da
a7bf
745c
f3df
ca38
20ca
a938
b5e5
dfda
87c1
7ae0
04c0
0b99
3086
92e6
44af
04c8
4f0e
195b
a445
9071
9500
bd4a
c112
a04b
b50c
6d88
4b83
3093
52dd
5c31
26d3
1f81
1f73
8062
19cf
7f9b
0802
04e6
37d6
c837
3fef
d920
4c26
631a
eab9
2324
bde7
d6a0
ca91
bd61
7882
b0e2
4494
0331
bad7
7cec
091d
bafd
ef6a
6729
d6f6
4092
8db7
6542
2c93
02dd
502c
97ce
0202
6316
55e8
e99e
fc35
1ca7
5b41
88e4
7f45
21f2
6f30
4763
14e8
c94c
0443
422f
4c7f
bffa
5dbc
e020
9688
483b
aba5
ce2d
f251
dd09
133f
6b2f
ed94
daec
75b4
a345
0a1a
bb12
b11f
8e18
484d
758b
863e
6f5e
c8a8
a092
7554
52d7
68ba
d5ae
69c3
9540
2ca0
e095
78d5
6881
d89d
3f2c
7adb
3cac
fcb9
4a35
c339
eb02
8811
4747
a46c
cdc5
099d
c50b
db59
36aa
99b1
fbe4
f80d
9129
3e76
10ea
2a51
bd8d
5023
8670
52c5
cb7f
4c12
7d6c
0903
8b05
5798
2ea8
c448
8999
9c38
7478
b712
e3ea
3dbe
8488
7238
d459
2726
e46d
3c76
09ed
5ec4
3d95
13f1
1d25
ca57
34dd
7fdc
4804
a138
e7d5
a2c6
f9c2
d4f9
12cc
7f71
1c61
1f3d
2886
12d8
f1de
6dea
a075
b5c6
35ea
1ebc
d1bb
69fa
35b1
fc9d
26c2
1861
5e73
61ef
7425
6928
0dc0
df6c
b975
7fe7
41fb
2398
f534
4d45
761a
1b2e
dbfc
1f2f
9327
dc55
a8d3
0c0a
fa8f
5223
1156
56c7
e86b
1b54
df34
8f0b
9ffa
6cf3
616e
6ab3
f00d
4fdf
87df
d6f2
4c6d
c60d
0422
1c6e
11f0
f8de
e399
4f92
29d0
859d
51ea
665c
9a50
119b
3dda
0ae8
aea4
18fc
c42b
7be4
68b4
6ec2
039a
4cd5
aa14
8d84
8254
b021
f2b4
c343
d979
7aa1
93bd
fc17
6bc0
7804
f4aa
f1f5
6786
4d71
938b
6340
40d3
7dd8
efd6
e8fe
bda9
1cc2
8fd2
1d2c
7aa6
79cc
f849
1977
4f9b
aa92
aa07
fb8f
ff93
90de
f883
1e9a
e0cb
e509
8834
11bc
171b
667a
71a5
9c37
f92c
d440
0b68
7265
0b35
c84e
cf96
635e
52d7
0a4d
2575
424d
c9a8
4617
3c35
b9a4
2ac0
3177
5bd9
79c7
4700
0cf3
7112
0d8f
ee5b
14ef
78df
1ba3
6f1b
4f30
270c
f77b
9a7b
74cc
5200
8949
fc8a
cbbc
74ed
08bb
60ac
f503
2145
c79a
aa3b
c0a2
c0c4
058a
a58a
f15e
fa7b
858f
d082
2c1e
4613
afad
1a4f
90a7
82e4
cdd2
5024
e4a4
ea72
c785
ec2c
4910
2b4f
f73f
266a
04ef
2c69
6017
cfa4
a14c
7e7d
d42a
ffef
9533
546f
c999
2552
106b
b54f
1c5d
bb97
c22e
e28c
267b
dcf7
68eb
2568
b40e
1b96
d1ff
1da0
d9cd
a782
ea49
5dad
81ce
e787
22f0
03e4
b5b2
4242
e4ad
0140
381a
17c6
1851
6223
41d4
1f73
8727
5cb2
9b8b
197f
6301
492c
b540
7d9e
0259
fa31
072a
ff25
d43a
57d5
c608
ba99
be3d
ba76
a0fa
b426
bd17
9558
75ae
1dee
15af
6221
59d2
9970
4aeb
61f1
5a04
a92c
c7fe
b4b5
ffc3
b310
d7b4
b276
d750
8789
9003
3da4
87d3
0de4
e86f
47f1
ffd3
fea9
2a19
b4e3
ada6
82f5
6767
837f
d450
bf99
3c18
ba33
3e7d
4e37
3b13
7e41
d54e
0f6c
c0e4
7b8f
06ef
ecfc
0da9
eabc
e4ab
2c7d
e3cb
5899
a77d
6bb0
5074
48d8
48b7
e6c9
814e
46f8
f295
3990
2b39
737e
f99e
50e9
84c9
b18c
477e
966d
3407
0025
09a8
7c2b
98da
8d62
3ab7
b42e
90b3
719e
55e7
44a1
9e3e
dddb
79a6
6dfd
b2fa
738c
368f
4312
75a8
96da
0a21
52fd
6fda
2a6c
ad9a
b86f
85ef
1772
6cae
f2fd
1aa2
aae2
e944
96fc
5a3e
5b88
1768
2e23
3506
2227
51c1
2cc3
e47e
8928
038f
febc
2520
9747
8755
3bc4
488c
4d1b
753f
3008
2094
ed6f
9b38
a822
71c9
1311
d2fb
0751
5c5a
25c6
21fb
2133
e32b
bbdd
26f1
9eba
77ad
1f69
0340
487b
da2e
7146
b58e
df20
2110
c47b
e0c2
6140
41fc
8f98
2d7f
f10f
e484
2c11
c405
4726
0603
6d21
2b2d
8da0
5ad6
2d40
d60c
c8f3
9c3f
9638
2b85
a8d0
fda5
c849
8ea3
fb90
61a1
fc97
ad9f
8863
a529
b36d
18dc
67c9
7488
2afc
83a1
a8c7
780d
7f49
2ae2
8064
8a1d
b093
a17b
6173
75d4
c2ef
606c
bbff
daa2
b59f
812d
1988
f6c2
17d3
f841
e5c9
2766
5cef
b5ac
8415
6ddf
faa7
70ca
b465
35e3
abf9
40b0
b891
5ca0
cbc1
7daf
06ed
ad34
7a20
2310
71e0
4c3e
2fc9
1656
fb41
8fa2
b5c9
d0d2
7554
48db
ba1e
4736
3803
9399
5e61
2f6d
a7e6
bcbb
81c0
27b6
bb89
7f49
704b
2785
509d
261d
56ef
0f5f
406a
b280
d06d
d1ea
1a7d
bbe9
301e
9c55
2fc7
9e3b
a0e6
25f2
3515
3545
eac9
6af7
6592
a555
d947
f885
1cb6
9e71
df88
b3d6
a82e
0823
764f
2770
8b0b
7567
ba8f
5507
be7e
a766
d6c0
fb1a
c398
46b4
1258
3913
9045
f361
5e8b
5049
8b02
38cd
91e1
6056
51d5
7938
b761
86c4
284e
d8b1
a10b
a145
325a
ef6b
50cb
b8b4
65bc
d39c
3ad9
5e52
1ac2
0dde
0e0e
03d3
c351
434c
a5b0
9eeb
11a4
101e
3e2f
3793
ca68
157c
bd1c
5ba2
238b
6f5e
9376
175f
5ec5
e5d8
3f37
7e28
6242
02f2
8a62
2850
6db3
b9d6
8532
3398
b7a6
f3c7
bd91
d55c
0e84
fe90
60f7
99d7
dab9
f624
07f7
283a
9864
1174
8eeb
11dd
d05d
76c7
07be
47a9
d6bf
0c24
1063
0379
1f55
fc3a
808b
fe49
1ebf
7a06
1938
afe7
8a20
25b6
41a9
2e1d
6898
b9fd
26fe
f139
8758
3224
7c5c
98c0
b1e9
e905
2841
b60f
2c6e
5557
0efe
35c6
751f
7f2d
1c48
c0a7
29d7
3991
9e7c
0100
5c08
8fe9
e3e5
f956
1f1d
0725
1d2f
8d8f
c338
1d51
0eb8
e7c6
3d33
816b
7ce7
8859
2824
d1a8
ae6c
db67
978d
cb6e
957f
980b
701c
274a
4eba
bd35
3ea1
1e8c
9ca6
9c80
d45f
c819
fee2
f6fe
9d98
9168
7cf9
5c8c
21cf
70a3
defb
2144
d327
3d39
ab8a
8b58
c928
0402
6157
8382
daf4
c946
f73f
4ad7
00e3
9e12
5b17
b6d3
0497
a2b6
c542
3fe8
b674
1e3e
24e3
f728
ea3b
c2f7
d434
64f0
38b9
68b2
e394
cdf8
dd6f
772b
5979
4077
ebd8
a399
3574
8aaa
586a
102e
69df
c6ab
66ea
ceaa
eccc
cf92
8794
bc2c
0e9e
8fc4
af76
0fa9
035f
51dd
2cf6
c204
ee91
3512
98bd
0083
f9e8
1c83
322a
9ce9
50f6
36c7
f851
99e6
7c69
a330
2959
2a2a
1a44
f946
ce52
b756
f640
5634
b7e4
87c6
1608
8a5d
347d
03da
62e9
a3e8
2be6
4ea7
3947
3fe6
fd38
17aa
db50
fdeb
aab3
d836
4632
0a3f
dbcf
bc62
4c84
36e6
f41c
7717
13be
1130
ed3c
755a
f2a4
d663
a1ff
f9cf
95f5
cdfb
af69
b4c3
9b63
ddba
fd6f
84fb
47d2
6ab3
f442
817a
9f76
038f
8ccc
0c43
8ed9
e42e
510a
fc2c
9e93
7e33
4969
a994
59f0
f850
aa10
1197
e585
46ce
4fe1
5f65
e274
565a
a123
784d
3641
4f2a
3f98
46f3
3152
6fac
d874
f05d
6efc
b611
7433
5b17
1711
ff0e
d154
c99d
9cc2
512c
e4a6
6b93
ce03
f03f
0f97
e85e
e01e
0bc0
a209
666d
0f09
f963
b28f
d928
d3ee
97f7
0b22
949f
11b4
84b2
fe1e
fa7c
c04f
b70f
3418
36e8
111e
bdc5
9468
ca39
f8f2
674d
32ae
fd9b
eccc
c575
abcd
baff
6fde
4132
6ec1
6bc9
f3b2
1c6a
7190
8a98
9e2f
0fd5
beb5
7a0d
c758
a88e
1ba0
2946
978d
62e1
69b5
df32
fc84
aa86
1253
6352
8fe0
0c3e
d953
8419
9808
b6f8
cad6
8340
cbb6
0420
3970
0460
24e4
3f65
9f6f
1f63
c886
3362
6e59
0e79
db9e
1cd4
835a
192b
397d
7d0f
dcf9
2ab6
80d3
536e
3b46
0857
0ef5
5d2d
4b8a
b1ef
8299
e9bb
f28c
48ad
3d10
800c
cebc
3efb
5987
3487
87bb
9f15
eba1
6b69
319b
65e6
b9cf
ffc0
e955
9f7e
b0a1
56fa
24cb
407a
df90
7088
524f
77a7
2114
b10b
76d4
5409
2e13
7877
b24f
43a0
89bf
1d0b
94d4
9de6
7b6c
a0bb
fd20
253e
71ea
60e1
dbfe
38f6
87d1
118c
66ec
c307
ae9d
8721
4de0
934d
ff2c
dece
08e8
acb5
c924
0351
ce53
bd07
b548
b8a6
4798
f04e
e01f
9622
5f00
cee6
7e8c
e783
c5a7
0c56
ddb8
dcf2
a8b4
d50c
7212
6bf8
dbca
9726
82b6
2faf
a02f
ce55
29bb
853c
9449
ce9c
ea99
c289
e9e8
84e0
bb00
37ef
11de
47a2
618f
7f98
7a96
6c10
6d19
e8ea
9061
c621
2320
0eb1
143b
3aef
c5ca
6ce7
c448
582a
a424
7266
2e6e
9661
8c80
2f22
1cb3
5a1f
901c
0d5f
9945
7ba0
9ce0
8f75
ec62
a381
64fb
60d8
9272
b9d4
7bae
b4ac
d7f2
fe3f
8a6f
1b9f
34fe
587d
f6d1
23ab
656b
eba8
a0f9
e86d
744f
49b2
2ab7
f05a
ae4f
6b0c
ac62
d436
0c70
f546
e675
7f8a
4e33
9f73
17e0
d95a
71d4
ec5a
69f9
d532
6b3c
2ecf
bf0b
a8c2
5332
4db0
ce56
dc64
1903
19ea
2137
4114
d687
6c7a
7fc3
682d
d898
ca60
bf87
e8ae
5dff
6bed
e5bd
9607
f19f
1d11
db67
ecd2
6770
8384
0d92
e02e
6ea4
adbd
fabe
052c
9391
df7b
23cf
23fc
67b2
92ed
b572
f0cc
cb7b
ee83
b86b
cb4e
faf5
aa49
de65
48b7
b338
f2d2
4a7f
21ba
3f25
ab08
3856
2bbc
3ab5
a469
258e
961c
00ba
d01e
3ca2
6be5
a465
60db
7536
fc71
00a4
c44f
8a79
1261
c35e
4b71
a3aa
5a7a
8809
3801
b51d
c668
414f
ba69
a0c2
bb91
8ddd
42bd
e887
868c
72bd
e237
1518
1354
5c39
bd6f
a418
f9d4
9e7b
b173
65c6
1885
8e21
cfb8
fdb1
6c2a
1b2e
cc1a
2991
6d9e
3ab3
2db5
db60
a836
8a41
41ec
6590
01ad
9998
6217
9a3a
61fb
313d
61ff
450b
929a
abfd
0ac7
71d3
a5ca
ae4e
4cbd
99a8
fbe8
4d05
092a
dbdc
195e
ede4
f054
118e
e609
91ac
9c85
f8fe
c191
f83d
3b1d
08c0
3490
4ada
853f
ac9d
0ede
a81e
92d7
7ae6
7d0e
2299
4f22
d370
426f
8325
00ae
e571
b0d0
c4ed
ef31
625b
5b54
7446
12b3
2d08
637e
816c
32e3
3efe
2f82
2ce1
9d8a
dcb3
af0d
3753
4059
b570
b4d0
8905
9f58
1889
b13c
198a
6926
ab51
87cd
271e
beee
a4db
2fa0
1a5a
3270
2e1a
d08b
ecc2
e8b4
4454
eb2f
3fea
a26f
615e
2532
19f8
21f3
3d3e
6066
b84a
62c0
d47e
c708
7f27
21da
009c
0623
c04f
5756
70f4
1217
ffda
b60d
3d91
4fea
de35
fc96
ed88
703e
f8c7
88b6
783c
ebde
d9ab
f0bb
9a5d
4c71
0594
5c25
63b1
fbfe
7458
73ae
f0c5
5263
c46b
7e0a
3d8f
db1e
46ec
7aec
6598
d011
dbad
9c10
8c8c
ce51
34d8
4c71
b5b6
c8d0
d6d5
50a5
7e50
e7ae
aeaa
9871
b876
f452
84fb
34ea
95ae
c010
45a5
7afd
996a
950e
d281
7e2a
580a
f3b1
b84b
b026
1e89
d360
3cc7
f1bb
4a6d
dd23
1608
0cdd
c735
69e2
c091
5ef9
135b
bc18
3922
d5b1
fc2a
675d
9433
37a5
2872
b871
9f88
e864
7ee9
7a92
b6f2
ea72
2f43
1f4f
9c0e
c264
0845
797e
022f
e6d2
8bb1
a994
3a0b
9b6e
a033
2c9a
878b
3452
1d7e
b5a8
bcc4
5bd7
7d1c
9215
e834
ff4a
cc92
ff95
ed83
0ca9
6168
7519
787f
05a4
babc
41cb
9bd2
762b
c6f5
8137
7d1e
b9a6
7009
b094
6d21
adf7
f6cb
23ff
bf16
9d59
0479
57b3
71b5
d416
cd99
27cb
f6f6
7b7b
c100
eff1
2dcd
779e
cf88
2843
d73b
c553
dbea
ab8b
03f4
21d2
4bae
698a
5e75
44c9
597f
6908
b8ab
6e20
881e
b62f
c8d6
0b87
6178
d284
e022
d2b6
6abe
87f9
6bd3
8657
fa2d
7fe0
a665
d964
9f31
14e3
cc34
28a5
1fc4
007a
4292
4630
ffb8
b489
9573
92f8
e288
7de3
e48b
0a09
b1e4
8066
a3ae
e515
9af5
0640
8349
ed0a
e87e
57a7
9083
f349
ce10
af2a
667c
62d1
1f4f
e437
0a1d
ab97
bd49
3591
bb95
12f3
698f
0695
2414
afb1
863f
c16d
d6a0
9317
f7c7
f177
2672
ab4b
0b69
7730
1dfc
5b73
8f8e
1da6
2545
b725
1189
cd0b
4c0a
4d9d
bc9a
2d5f
b766
0fdb
9711
0410
1f64
8058
61c8
a6f7
3eea
8c07
698c
ee52
9e20
d3e3
dffb
1ea5
e911
65fb
7b2d
7672
a1ae
6fec
c658
a40e
93a0
eb3e
e2b0
e90f
e938
9d61
e16a
c7e2
90d7
5890
2bbd
314d
a6b9
1525
78fa
4161
08d5
e588
0926
d57b
c409
3a04
f429
acb9
ba24
4a3d
4cbf
be28
c5bf
5ad7
50ff
e912
fae9
28da
d639
df31
0634
5fcb
c887
9266
bc60
16c3
7189
9558
e83e
2c72
3dad
31e9
3793
e584
c413
8f6d
2f0b
2907
975d
8627
5361
6bba
6f97
10f2
fdab
4f19
9057
abda
ce7e
67f2
82ac
62fc
8bdf
c814
565e
38b8
6d7e
2263
70ee
7643
f879
4668
5c71
4cee
dd45
fc22
f033
a26c
8e5f
be13
ec4f
a8d3
4b86
cb44
e825
e293
4514
642c
5273
65c6
9fda
6fe2
2618
06a1
df51
83af
c35b
e87e
6b8d
ff89
85c8
1009
37d3
d7be
9483
6a3e
a7ca
e3d9
c7af
3d81
24a5
8753
da71
fcba
23ea
3c82
674f
79ca
b45c
2fd8
0a29
f85f
2557
8e8c
e193
67f1
7067
1c87
5278
893e
2d16
fe13
f999
b340
7569
cd99
b8c4
28bb
5bcd
9b09
c775
9948
790e
a1cf
ae84
e7e3
6039
3cc8
2284
3997
3cdc
8cf1
219c
f2eb
d1c1
4237
851a
6a37
4ac8
6da1
52b6
6946
7d1e
8d82
9b21
e6f0
b841
e9d6
5130
1685
b511
0d88
463d
e667
a1b8
f7d2
e186
1b40
bb8d
45bd
e621
4ddb
ed12
a806
2f7b
b894
26f1
8aed
a193
a473
f127
5900
734e
a037
1e8b
5b7d
6c85
07b4
1fbc
bdbe
952d
33aa
a294
4a5b
1294
874b
ff07
bedf
86d7
2662
c439
74c6
94f3
8df6
29ee
8e55
417f
fc73
ed30
c759
2e20
482a
b0f6
1ee6
ea0d
71ae
2147
c17c
470e
cee6
3af0
00ea
e6b7
cf24
a683
7a8b
0d2a
9330
1202
a803
6af2
a7ce
37d8
84b0
46d5
5e78
fa95
642d
871e
3868
4417
586b
2624
d09f
1a0f
a20c
c3e6
fca1
5a90
36ef
f281
c970
52a1
7c89
cca4
4bc6
fd19
b316
66d9
ccbc
0b44
b5f2
f450
0a67
681c
c1cc
bc51
83ff
47ec
522a
c6fb
a9e0
a928
e0d7
9c36
0aeb
1ec4
a42d
df75
c47c
51f2
c06b
a310
ec9f
a8b0
ce3f
6bf4
63b8
9c71
088f
de23
c196
25e9
835e
74d2
7d9d
a3ca
5716
be52
6256
06d3
ca29
4b9c
2a7d
7048
d886
89fb
8b67
3fef
61d0
3822
0981
8588
2000
7100
1dbe
9264
29e0
40c6
329c
7da8
09db
6d98
827f
145d
43cc
7f33
dd61
35d2
d4ef
f063
65ec
891f
2f68
5a67
2ada
b848
60a8
b520
3635
b120
e85c
14eb
cfd2
56d5
ec2d
e484
b94e
aab7
4cd2
765f
3219
b49e
b72e
91ef
7426
2119
4f55
01c4
0f73
9709
e59e
c116
0839
5191
a2ee
ce48
92e8
f02c
18c1
7881
121d
038a
b547
2201
2ef6
b9cf
f4de
cdd8
7099
88aa
64d6
d4d5
c3a4
f029
9ea1
0398
4306
ce63
c459
085e
ec0a
50d6
6e47
4072
8a7c
d2c9
1cf2
8c55
9e0b
c107
8ad1
e664
b505
d2ac
c26c
4a40
d881
1d17
4644
bfc6
7119
3e28
ff11
1a96
93ea
7060
2ade
d821
6b2c
c0b4
b0ed
81c9
ce10
102d
8fe6
8ec3
845f
0899
8e0c
ac08
1f14
8467
f3d1
7d93
80bf
ed73
cc7e
66d2
4e32
f87d
ceae
6791
6cfe
f8ad
23cb
ab81
6ad6
112f
73da
215e
dcf9
d7a8
e2de
17c9
abe5
a130
a898
5d42
5227
1a09
d002
8937
4015
1141
9cdf
e618
9853
e14e
1565
aa14
0081
3264
c83c
c5af
7279
5a57
43f9
74b8
0402
ee3f
f777
1e71
5190
9de5
f6e7
4d6b
c24d
deae
21ae
09cf
897c
15fe
2820
0747
0dfb
df5b
da44
9ead
2a27
d972
cff1
e211
78fd
9c49
4fe2
0416
84c3
1f62
1218
a79e
e89e
6533
9a14
0355
665e
6567
8787
e106
9cba
d920
2efb
afc5
cc53
346f
ffb0
d9d3
07e8
c11c
de26
34e8
4dfd
8106
07ce
f6a0
080b
e744
6233
1e5f
0c17
bf47
0cf9
94e0
f917
1346
2bab
f36d
4873
be3d
b7e1
b553
87ce
260f
05b3
1475
2d33
7aac
7884
cf9b
8600
8639
2119
b4d1
f931
3b2d
2c02
e323
99d3
a7b3
0d49
918f
08b4
83ac
840a
416a
1c4a
7eac
5b48
08df
4d62
19d5
41d2
6218
eecf
e327
17a2
c875
7654
6448
6376
070b
430b
4298
9a30
a681
4abc
091c
278a
3f81
b8f0
51a3
9ff9
4623
f72b
dc8a
68c2
1409
f7f2
5ac8
aea3
abee
3f35
a559
d73a
52d0
af95
287e
c3f4
d325
70a4
16cd
ea36
0b52
edf4
5eff
640a
498f
c65a
27a5
1838
4843
0b7b
3a4f
4712
d47b
99cf
dda0
2312
c2b2
0de7
e651
b63c
b0e3
d5af
1476
7744
e534
a514
6a55
dded
3955
4b9d
cebd
b6e4
fdaa
3b84
38a1
dee9
c53c
0de7
e8c2
5c92
9b4f
38d9
1c8e
1057
9e59
996f
e2c6
6581
2278
6177
e996
17be
b3c1
5730
ac39
4946
b4dc
0641
1cb5
5c59
6a22
d11d
d2d3
87bf
1e45
0f8e
955c
dda3
da1e
cda5
b9b1
6f8a
b1fa
8a7c
51d9
c622
e534
195e
456c
e3cb
6b3b
ff7e
e01b
e30a
fdbe
5300
72b0
464c
e4f3
ab40
0921
9a2d
5fcf
34e8
c44a
ba13
8b41
355d
d67d
9c38
5783
5808
8033
b269
88ca
74f9
f437
33b9
997e
4ab2
62c0
6a1c
9f5e
c4e7
eafd
05d7
48b4
ec79
dcba
00c2
b61c
874f
31a4
70e3
7b58
df1d
df05
c270
144b
0f87
d1e7
cea6
6142
0207
5018
3fbf
0860
36b8
b323
d10f
8cc3
6f5c
260d
6abd
3065
7b57
9d5f
85ae
2299
6377
26e5
3bdb
689a
1745
6919
0f86
6a90
7003
4330
6ad8
b597
01cc
3ea6
f039
7605
146b
2d83
77a0
2d30
935d
42c6
3b5f
12a6
e829
ab38
8559
0fc9
4f0f
9f6a
06c0
f0f7
dc58
9a3f
b50d
96ee
251e
0861
e895
639e
2cd8
2253
e737
d578
1558
e23a
5ee2
d99b
9a53
b545
b034
bcdb
9aba
a87d
7d11
fcfe
967d
6ccc
491c
f9a2
8e86
9da6
e4e1
ee4d
69a8
6390
8ad7
817a
36d2
be09
e645
7cf7
8da1
2381
fcad
e184
3365
25fe
abab
e114
0ddf
c2e5
4d20
4f7a
e295
17dd
ffdb
bedf
898f
6b9d
0022
755e
b118
4268
6ec8
0003
ff06
f5cf
5bd8
9235
6787
f113
89a0
03e8
48f5
8fba
a654
a3d4
7bfa
668e
34a2
fc7a
74c0
53d5
6605
f994
6908
5ad5
83ad
120a
70b4
4b21
16e5
d660
1c17
b5a3
cbbe
c27b
6797
8cdf
3535
e4d5
e2dc
5929
c7be
0560
c8a0
355c
92d1
3ffb
0fe1
c7b1
e1b6
d104
50e0
3d81
aac1
195c
b039
2cd2
6e0c
0056
2aff
ba42
fb4e
3161
f6e2
b3fa
5e89
ecdd
55b6
5efc
edcd
a9c5
1118
3058
fc5a
12a3
c61e
3d57
58d6
350e
cef0
c76b
c228
67fa
3fc2
f2f4
e93a
1a2a
0f22
6fa7
4626
a0cc
1fde
0b20
a37f
a32f
022f
b0cc
48f1
bb67
ad47
89a2
8bf4
f8cd
322a
6eae
3393
1fdf
6a3b
91d3
ffa0
c98c
7e6b
d3d8
c225
4ca3
5378
bbc3
bf0a
0055
133a
813d
640c
fb89
394a
e2a3
8213
4a07
4cdb
d1a4
c645
a8ea
2407
a988
c8ea
64d6
7b65
ff9f
ebdc
12d6
da0c
3196
a7b7
e5c4
312f
3d93
bdb9
8bc9
e7c0
8faa
6fbc
5eb0
7cb6
3052
2ebe
8173
3730
81dd
1633
450b
0630
b5a9
a6a0
f2f7
8e38
3479
f87a
122b
fdda
a5a6
f260
4de0
c3f5
7f55
ca0a
1f0b
4172
5fc7
5cdd
1704
95ed
1955
4982
1202
06d3
f653
bc2b
59c8
3f62
00ee
27e7
38c1
d11c
6639
d16a
8089
abf2
8d32
53ac
47f6
3038
9ebc
2877
8aa4
5b1d
32a5
ce6e
1ea6
6285
7f2b
4391
9122
5970
50ce
1ce6
9e52
f872
53ed
df8d
e6cf
a61c
dd6f
7951
3064
20f1
02e8
1f31
f170
6035
47ff
8b25
ca60
e12f
c962
ad26
2ca7
5d6f
c1a7
18fb
8a51
3c02
d2ba
cb31
f406
6802
9191
621a
4cf4
6da0
ab3f
f446
4d71
e800
eb53
c599
8d21
55cf
6551
eaaa
9b85
e222
8e5e
4845
8907
0181
2073
ea8f
8365
3008
9432
2bfe
89bf
1929
3fbf
cb7c
1853
5aa1
5ccc
e282
c1e7
7f52
92ab
14f0
2f44
f52b
dae8
b11b
cb7b
9aca
7337
0fff
674c
7de5
b993
c0b9
3d03
cc40
f373
ed53
ce28
d6cf
a01f
d0ee
9693
3621
ef79
20af
a40d
933c
4fca
8509
e0f2
40ae
15a0
6294
99ed
b92b
e28d
5f9e
2fc1
b41c
4688
dea4
3ad5
91f4
bb92
f7ee
2f3f
688e
6090
0acf
16b0
8cd6
5b4a
d19b
e722
ebcc
02bf
e3bd
8d92
630f
7b57
a756
aab0
aebc
8f65
b0f4
5334
3f12
0bc3
8a03
af22
b483
0896
603a
33ea
18c1
8eb2
aa5a
36f9
2e92
8071
4816
6074
2bb5
40fd
bef7
201b
72f6
2bed
eb99
227c
a226
36e3
96d1
0297
5f98
6137
1168
2558
7623
60ec
25f5
bf91
c6f6
55a0
9ac8
8298
5c9e
c4af
b978
dc7b
37dc
1145
0fc2
d826
85bb
4d0d
076f
39fd
0290
8b2e
e7eb
68f6
90b8
78d9
393e
df9e
ca83
3962
eb8e
4f3c
c9ec
2c16
4755
1ab8
cc71
e86b
70d4
d57c
89c5
1ae4
d8fb
e2a4
e927
a552
2afd
dcaa
1035
da68
e58d
d370
9afe
3616
bd19
5cda
0078
4852
589d
2cbe
0d33
1fdb
ca1d
d19e
9c11
24b8
1936
063e
e221
3e90
076b
52bd
cb8a
8cd0
08dc
3895
392d
9773
9a0f
eabb
0756
0bc2
5d02
c134
6074
6d75
1a3d
2fbc
1e49
f0c9
3976
309d
df81
4261
4345
6adb
81d6
c646
9263
6bc1
f02e
95b3
fe31
aace
26a0
b159
db72
9aba
55ba
2ccd
22b1
ed57
9371
d639
83ac
ceef
16c3
61f5
b01c
a215
0551
7552
72d0
aaf0
d762
5cd7
5d2b
c0b5
fe34
ca2d
94e2
b6a2
2add
ee98
ad1d
6a2f
a1ee
129c
5a57
ec07
1956
dc83
e598
efa5
c7e4
2919
11b1
2128
a89c
b4ba
0c27
6388
d876
b40f
1899
9197
185f
2f95
890f
542a
fcf5
5324
5542
9484
3e8d
2015
eca7
5c2e
9499
2f1d
d342
b5eb
7c3a
2709
ea2c
7d4a
5104
f79e
2fb7
3724
b742
4d99
f43c
656b
2700
e976
cd2d
5425
6f9e
9cc0
b24c
1d7d
b206
d0fb
6771
a688
dba0
fc9e
60b9
b1e3
bef9
273c
77bf
3639
632e
e990
7072
0e02
f4aa
ee36
94bc
aeee
ea33
b4f2
adfb
ca8c
3aa9
fad2
698a
a6ec
cefc
ec19
cc69
76ae
0c67
2f11
fc26
762d
2804
ccad
e6e8
c5bc
416e
64e9
b5c5
e5f7
14e2
9388
0fb4
3654
aa64
fed7
a58d
3c42
0888
b401
9c0a
f570
932d
34cb
8131
5af6
5ad6
aaf9
52ec
23e5
1c32
cd3d
7908
50b3
424a
2281
3031
3235
7dfb
afe8
1f5c
97b5
b987
864e
341c
0c6e
62e6
e522
6bb0
28e7
31e9
0737
6701
2627
6dcc
faa3
1b33
a479
47c3
9e88
c53d
f118
3c6e
fb49
6e26
79f9
5e29
7b94
f0bd
e8a4
99ba
9cf5
8614
1502
600e
282e
c36d
f832
0561
3a80
bf84
d102
b837
137e
54d8
af82
fd97
09dd
fc37
e3bf
8ad3
272e
ea3f
ef21
1017
7d26
5fc3
7fc0
c8f4
dbb4
7dbb
1ebb
a952
ae34
6b89
addd
a077
be72
1693
0693
5e7f
b6f6
e4ae
f3ab
f2da
cfb9
ed51
bb5b
4d0f
4011
8cd5
e56d
f357
5079
75c2
4b50
2007
d8a5
54f3
126c
1658
6fc7
31d6
8b13
322f
d22d
0293
5896
42b0
481d
dcac
279a
e0a9
5b4c
8e76
efc3
79c6
e66e
1fee
1f37
3a07
a8be
5a96
f898
e67d
fc81
2364
b2f5
4245
073f
aaa1
6122
e9f0
f8cb
930b
2ba8
d129
d448
c54a
75ba
c340
42b7
c47a
f027
8456
2da6
2a64
41ff
0d65
4787
85b9
4211
867e
e170
2686
f02b
5279
85d9
2a65
b2e5
ed75
3329
0482
384e
72f7
f663
789e
78ba
d0a2
5e21
528f
b97f
4dd0
bc93
36d0
a21c
c19e
1bef
9789
6ee5
55f0
91b6
5c8d
ecb1
3389
5693
a466
ad28
d115
00a8
8d01
44a4
f0a3
80de
aa79
5f3f
f304
19e8
7555
b2fa
4cfc
cbc5
7b8f
dfbe
3872
030e
4ce7
6a60
c528
e817
d3e9
c59f
4c77
d2a4
affb
5637
54e8
3fb1
f2bf
867d
5369
e0b1
8467
1ccc
78b5
fd17
64e4
d2e0
bf31
f843
2067
fb15
ecb0
a276
9a14
c5d0
2e9d
6dd3
e358
721c
8899
3ce6
cf72
e67b
2007
a6a9
935c
9c59
48aa
f5d2
1916
c227
aa4a
aea3
2b9f
8a75
1906
32b8
1209
b2ec
44d2
ec5d
e2b6
bd0d
ab11
41d7
b229
e127
7504
fa5b
f483
af17
58c9
c2a3
091f
e7e3
ae14
d25a
3a7f
9c3f
88e4
e0cd
296f
766d
4094
7788
4040
474e
29f4
82ec
5e9f
f09d
3866
b05a
6a39
00a8
7426
2951
062c
9e42
0305
4f48
072f
3c80
634c
8ff5
3461
7fe0
91b1
437f
8025
994f
f509
6c65
9fc6
32b3
58f6
11f0
a617
5c5a
7f9e
95a3
97b2
9808
b29e
ee6c
94df
85d0
95af
189b
75a7
9efc
2efa
b0bd
cfc3
18c3
8932
6aed
5c0c
cd0e
2ed5
8cd3
c7ca
b305
0003
12b8
f6cb
8597
f51b
90d6
f372
79cb
1c8d
b084
5559
d597
bc7e
1c83
72d5
42cc
5090
da04
290f
55f3
a7f1
b727
831f
1587
35af
b919
d2c7
cd6c
d2e0
9650
3ffa
5962
c402
6e1d
713c
c73a
a517
19cb
ec68
e95e
fb62
b52a
43b3
0a9f
ca44
668a
7d31
d63c
4a57
3264
6285
7f46
0c1a
d5c1
58b9
dd80
3bdd
d764
aa55
a899
fca8
6158
a043
db59
b899
d71a
81d3
a871
6bb6
4b65
3df3
9c9a
8f03
74b7
ab77
eeda
b1db
5dfe
3d16
84a8
4ba2
6ffb
382a
a799
5a9b
fa2a
70f6
4feb
6c95
faa5
8898
9365
a6a4
0bad
3d09
26b5
0638
69c3
acae
3d0f
7cab
2394
4355
5a9c
dbaa
2ddf
c0ec
dbdc
4ee5
41a2
e34b
0d32
802a
4a36
43de
8184
5335
a76a
e944
b825
eb4b
a07e
9837
c2a3
202c
db3e
a0bd
d39f
17f5
c7bf
a7ec
90c7
c74b
920a
5317
88bf
7fdd
cb75
2b41
34a1
8df3
4e2f
f0bb
3fc6
2a93
b2fe
6836
962d
3b5f
e919
202a
0398
6cc4
cf0b
dcda
42d2
229c
e90a
eefd
6a68
0bfe
d6ef
6cd2
32e7
e485
8d51
d6d6
7f4c
19e5
6459
dca5
f981
d511
cfb2
efcd
08d5
6396
0c4e
bf55
8a93
41b1
e622
7c6c
307f
0533
799a
46f2
1ec3
2291
b437
14ee
c83e
2ba4
b830
8cb5
f089
a560
b7cb
c8b8
86df
1218
46e4
5aee
8347
7958
6642
2b88
dc87
91cc
4ced
4127
d9e1
b320
a022
4797
6511
2501
10f5
7240
2d9a
be5a
d52b
a12c
5158
5111
f4d6
818e
18d2
ed2a
4392
3f6f
3b6a
080c
e028
1bd3
85e0
0b92
7db5
7cc9
118b
eb2c
1e3d
1150
487a
8e27
cedf
e38e
2e0d
a74e
b235
867f
2e66
8c89
cec2
bfd5
a9fd
206a
e5a2
6801
c8a7
e1c8
bb4e
7be4
dfcb
2a47
5443
6f2a
b4ab
8955
b5bd
fdea
aa2e
48d1
1286
ea0d
fb73
4956
d43b
b92b
d4d0
b4cd
290c
d91e
0b4a
96fa
0149
bb94
c8c3
a90a
44bc
1555
1a26
1b9c
b1b5
730f
6481
5a3e
0d1c
4520
964f
bec8
9cd7
22f7
5472
4f8a
e2e9
d733
0ec7
b5b3
e496
8ef8
27e9
fbbc
01cb
20db
5769
4a9f
b835
80e0
8c4c
f4dd
ee5b
4beb
6676
de44
2cc6
07b0
ab00
5f2e
6706
5019
a4d1
8ca8
ef4d
8dbd
f41e
d178
2b7d
8b85
6c52
ce3e
3603
7409
8bd3
3617
62cc
77dc
0857
8137
8706
887b
2073
452e
5df2
b752
77c4
8213
cd0b
5265
fad8
b87b
91de
5941
2073
e318
a919
70a5
b475
e10b
acb4
70db
0ed3
b590
c7ce
65f6
b686
f0cf
bce8
06f6
c11e
e8d5
fac0
bb04
80e4
314a
7e55
8084
7d98
a6ab
4147
f487
3044
40e9
1262
7ef4
e714
7a13
1721
75be
e184
4d7b
b42d
2b0e
6187
f3fa
d9b0
69ec
6ffa
e477
6c16
b439
cf27
3589
3f59
e25b
e18f
bc40
23fd
f0e5
0341
62c9
3608
a1a7
cc1a
41ca
ffe2
dd0e
428a
050a
2342
2ed2
c988
4c30
8d33
48ce
2816
055c
0e29
c292
5277
4fec
aac2
008a
731d
5e82
1aff
cfb6
0091
f63a
4ff1
4e28
4001
3a79
ce6f
f991
d0c3
0378
30f6
aef0
fbda
6013
49de
9b01
f472
7ebd
3a37
f506
6bc7
6840
677c
2bb2
1dc7
3dfe
9b6b
3892
c54c
4f51
b31f
6719
1f21
9314
b254
4784
40e5
d484
129c
6631
2f6f
cdff
19c4
8ba0
4fa2
611b
ea79
bb2c
544b
183c
74d3
1ec1
9cdc
2712
5adf
424b
c65c
8b16
8c7b
03ea
5028
bfbc
8bea
2c15
8ef3
c9fd
814e
54d7
5045
5aec
8f19
d7e2
72e8
5764
aeae
9c5f
bc55
ae99
2175
9f1c
f684
0c3a
b869
62b8
9098
5c13
f9ea
8518
816b
894e
a1a1
08e7
a972
c5f8
1ca5
3b9b
da81
a74d
c0cb
37ba
adfa
8d99
d628
c1dc
c741
13f0
9c17
627f
a671
5d8f
9383
7cab
c5d8
d725
f6f7
a4e7
7aff
2215
cffd
4d00
b3c7
f843
bc35
02ec
1668
2466
b159
4055
3431
e14d
1bc1
d3d3
55ff
ad1b
a146
b4fc
3c01
a327
5d61
9f39
71eb
1f44
e374
b8c4
0a56
c995
ac0d
2c16
0697
630a
6256
e9aa
66f4
16e9
5371
a17f
db3d
0f1d
9a95
0414
10cf
fea2
fdcf
26dd
545f
a935
e5cb
a9d8
8148
ff31
e4ac
33ec
35fa
d1ea
46a6
649c
4fd8
8a80
4b57
dbf7
4bf2
d622
51e7
0aa2
02c5
8583
5125
4200
a707
7e46
b6bc
bbbd
7dbc
5ed2
343f
f712
ea1c
8354
525a
61a3
3b39
6af3
c363
565f
ba52
8ff1
37ea
9116
0a29
dce6
fd03
c878
baa1
6622
a6a1
e597
bc27
4ce2
4d07
e1f8
b2e7
0dac
8aed
2e98
6ea7
d11d
b8ad
31e7
b447
9d14
00a3
4617
56e7
dca6
15b7
175f
e53f
ece4
c0f7
a8e0
b156
028e
d910
531a
5b0d
77f9
9565
3cb8
d43f
42fb
c35f
9cb1
437a
8520
40fb
9a0a
c527
328e
a1ec
8c38
3f9a
5f9f
1323
6a90
6d6f
d427
df38
d66b
668b
f99f
c5cc
5f70
14dc
34be
a29e
fd03
cb89
0437
3f9b
7418
215a
c395
f081
a1f2
34e2
9654
3aa4
93b5
3dd5
a16c
4c2b
4189
89e4
eb9d
6ef6
28d1
c564
1ca2
81b1
eb22
744e
7b00
0a7f
0ede
bd35
2b4d
a5be
9919
1f00
59ae
0e18
6b41
9553
79b9
cac4
d232
4119
3f64
808b
85f5
c5c7
f6dc
dfc7
1ba7
acb0
b002
be45
1427
e355
edda
0194
cfac
9961
6bca
4640
02ab
424a
0bf1
2e8c
5dbe
f697
ea21
87d0
3d29
568c
5812
5411
e69f
eae5
52fd
f696
b9cd
caa0
0cd7
9300
4a60
5dac
0c33
5063
8426
c6c4
32ba
9a7c
5a72
5a84
2cbd
8b0f
82da
1218
cf5a
0a17
665f
cf0a
d325
422b
334d
ea58
173e
b613
b5e9
d0e3
ee3c
3ea2
c902
d4a3
146c
197b
51ff
ee3f
f2ea
5825
0764
e8f0
d8b7
7129
1b8b
7f38
61ab
c9e2
3984
e47f
f033
eeb5
abf0
f73b
07b7
b171
ccf5
6e6f
b42d
23d1
0f40
eb24
b500
a572
7fd1
6478
82ec
9650
a781
48c1
190f
6f8f
3856
439f
f7a1
3083
dc38
2635
7fdf
cdf0
9343
5b6a
c977
82dc
8588
1e4f
596b
37e6
c92f
bb7f
14b9
01b0
d1a5
863a
f8d4
a2ea
09f1
8c24
f72d
8933
0a41
8915
75a5
afcd
62fb
e322
4030
2fa0
cbeb
a13d
3527
a5b6
80af
0535
3cbc
d92e
c7a8
6e85
5fa2
fc12
b456
7455
1c29
2cbf
dec5
6ad8
1593
2aa0
e390
f566
9144
117a
2547
611a
9284
fbd3
7a72
2699
99fd
8b16
ff56
7013
bf54
c4d3
7e35
2624
5e4a
e0aa
32c3
6b14
042f
3284
fb6a
631b
23b1
1aa9
007a
ca6c
4f94
867c
e11d
4254
a574
af5a
c7b4
a30d
7834
91ff
1def
e3ed
01cb
be79
00ed
aacb
760b
fd62
36bc
b8e4
69e8
1052
9acb
38b6
1414
147d
40c1
b972
7dff
9a63
1502
ad5d
4782
b1bf
5396
f5b1
065c
b6d8
683a
9357
1d44
ea89
72af
5a70
ff49
c420
57e3
138e
9041
bf10
ecdb
b31d
c5a8
51d2
27ed
b8ca
f4be
c50d
8f62
3407
39f3
1dd9
d8cf
fd7a
26f3
08ec
9390
7bdb
8b04
c58f
2d31
6c8d
ec65
6316
0521
c5c2
bea6
9ff4
69ba
f256
7b5b
a1cf
524e
495c
7589
482e
b184
16bb
ac6a
ed1d
fc7f
c268
a260
ceca
26e6
ba1d
5036
ad2f
ae82
97d2
87c1
edcd
8695
311d
5537
42b9
4fec
1356
1c8f
2d3a
414a
e6ee
33ab
470b
19a7
37ba
a4e0
782c
8787
4659
e742
8423
d0af
6e1e
57db
3e86
262c
d5c0
43ce
7ba9
01ad
da80
a457
b38d
e96b
f851
5df7
c6de
2e09
7e97
c46b
bb5c
42df
5a70
2c14
1bb3
157c
aa1d
3788
e6ea
0ca8
8168
0fc2
55bd
fe34
0bd1
2149
5c5e
07fe
0395
ff1d
3f83
bb38
917e
779b
842e
3f0a
baa2
4c92
b120
ca4c
e435
bff5
c444
cc20
c084
1137
ffb7
8764
b407
2e3e
313b
517a
5498
e1e1
6b89
6b59
b670
1937
a346
304e
7228
62b4
0402
b17a
7324
cf9b
127f
1b46
9310
95d0
27bc
fe62
8d72
bd9f
f836
d2b7
4656
2c4a
3a31
462c
e399
0f97
e829
208d
4925
e940
2a67
f0d0
d37d
7f7f
26b5
4623
9920
78a3
488d
5b3c
e517
265f
b74a
cf0e
60eb
4c8c
041c
13a6
a7d7
7cae
15e6
3a95
3af6
3a32
9937
04fa
86f3
eb96
a610
2c8f
df67
a42f
a6d9
9437
fda6
1d4d
6cb0
affc
702c
fb86
86a6
da77
78a4
9c9b
b6e4
7d44
4034
e8f4
a05d
bfd8
6b68
3dfc
88ab
35ea
6a66
a18a
69d3
44f6
c297
614c
5713
a2c5
1951
8c5d
0aba
f8b9
9721
8d9d
c95b
79ae
48d5
146e
9d6f
523b
bb50
cefa
8857
90f7
2b02
93f0
5edf
9d76
bfcb
96e0
b0cf
1e23
57b8
8ab9
a989
b9b2
929e
7985
40b6
a8ce
0fcb
77aa
3b12
e7be
3e0e
df40
ff33
8a01
ae7a
ab39
094f
905e
aeb6
62be
5e14
af0b
7b6c
de5e
4e90
2d2a
5351
7d02
0719
ac39
5ba7
492f
2cdb
24dc
01a4
67b4
a000
0c06
7dfa
74b6
95f7
8256
562e
ba02
728d
1ac6
c295
f0e3
ba1a
82b3
2cf8
bd95
6c22
38fc
f92c
5ba2
8094
2620
82b5
87b1
b4d3
6710
8c10
192d
9f00
4f78
4522
7b83
e219
dce9
2423
1e7f
8c3a
ee40
cb39
ccf3
af87
9d24
8bf0
5d57
1b71
9ab7
a5ca
3db8
e255
93cc
e71c
a22d
4169
3abd
94bc
3147
10e5
4a53
452e
e1e2
94e0
8ebc
49de
731b
ab2f
daf3
121f
c9c7
9030
c518
987f
7b82
2bc8
d301
4a91
165d
f0a0
4561
d074
2e28
a9dd
0fc0
502a
5de6
db84
1cee
6980
eefc
b1c1
109f
3138
0e92
fd57
22d4
cbeb
7638
3b7f
6946
2296
11f6
24a2
a8ba
e13e
e714
7a88
327a
4d0d
7047
26bd
c3c5
5309
af4f
0946
3b5c
7ad2
c18b
d8ca
4cb0
6c3b
da68
0d37
47cf
e9f2
8baf
a2ca
1c28
a0a9
a77f
a9e9
38d1
ce83
d88b
e972
3d38
f452
54da
d58d
ffc4
2205
a997
c75c
16dd
4838
9272
a9da
7306
46f3
3d4f
f2dd
1f89
91da
3673
bd6d
5752
cb80
4d78
8ab5
dade
1769
d6db
7a40
3b82
75b5
2f94
78ce
ca90
fdcf
f5dd
0c9a
77b1
97f8
79f2
c1ee
6d77
36da
73e6
8e5b
0fae
4d2b
b2f7
5834
765e
e589
ab98
d1ad
cb76
2a26
77a3
7cc8
fb2b
6008
8588
9b8e
c6b2
becc
7c52
77f5
644d
ef47
9b17
da62
7446
33b6
f552
c51d
4672
924a
d31a
246f
a3fc
1cc5
1272
08af
0ed5
40e1
e5ad
1812
f2a4
ac94
f5f2
7023
3c04
65a2
e68a
9c26
5218
dc2c
db93
be38
592d
5cee
f3a7
2967
5615
77a4
45b9
6c25
9258
51b6
d7df
99c4
6471
ece3
89b8
5da1
7e86
5b66
aeb3
b7e2
cf79
b694
84a1
eed8
92fe
5e6d
9674
ff3f
b675
0cc4
8296
18c9
a7c6
57c0
c8db
e089
5317
c0b7
c8bf
e626
d079
6f47
b2bd
1c95
eff2
1ca9
f980
4812
64d2
cba3
0be8
20c7
b157
ec4b
a46e
1adf
04f5
5a5b
7a80
93c1
18d9
c3d1
6e02
f41b
cbe1
abbf
02cb
6777
0a9b
baad
6af3
fbb5
dc0f
292e
1bdc
9efd
f4ed
8412
f9c0
54b0
d04a
1bf6
5e2a
b5c8
4c8c
6d45
31ac
12c4
f180
1876
72eb
0ccc
adc9
e541
69a8
f514
b490
dcba
27b6
aaa7
1159
4ecf
21a9
4dfe
cac7
e50b
76c7
01bc
acd3
51f6
f9d3
af20
7d54
2ecc
05f8
38f6
8e5f
fae6
dbd7
0880
4d82
cdc7
e99f
a9ee
35d7
5b4f
81fa
c0f1
ed50
1467
1579
a415
960b
ca69
b0f4
ae7f
60aa
39ee
b2b3
8532
34d5
99db
aab2
9605
ed68
e950
0a6b
5167
5496
e564
5cc3
35fa
8749
68e9
39a3
4eab
760a
ecf3
6d83
b3b1
0e7b
4f93
8460
2433
abd2
c728
2bb2
d867
afcc
b710
db23
f196
7fee
0563
542b
6b30
651a
c833
f200
113f
966b
583a
1bf1
595a
1a29
7734
6503
fbbe
d7e3
de22
1c18
9553
1e87
0426
8cf7
943a
99eb
d0f2
c2d4
6b56
6911
adf2
befb
6dd8
13c2
3377
5de9
bc66
532f
8387
caa0
5e00
ffdb
1b19
7132
6171
f0a1
ec25
71e6
10cc
e84a
3273
0330
c732
7e51
7459
4b54
093f
4ae6
1c81
f501
cf3b
0035
de78
d3fb
e98b
4a7d
dfc0
b92c
46ab
2627
24e8
15e4
d41e
7c0c
aa2f
4e2b
6f89
09a7
f6a6
367a
d579
00c8
3277
aca1
f2a4
25af
7b17
7ba6
c66f
2062
4bcc
6c5b
235f
4e4a
1366
fc3f
b3f0
c97f
055d
735c
0973
22ac
f2ee
1f00
1854
2568
6d9c
179b
6204
99c0
38e5
b830
b30d
cfdb
b187
f170
d6c6
da35
d77e
83aa
b7d6
23a8
7e43
dc87
e928
f259
8353
0190
fb1d
5dcb
6b93
739a
7927
76f7
5c4d
2891
77b6
3af7
e17f
78b1
ce46
b05f
3c48
5f84
8e14
c339
c442
a992
fb34
fa2a
a9b3
3353
da6e
d8b3
2dda
3332
767a
5a2d
4909
ddd2
6134
f99f
b998
055f
d1e6
a879
e79a
352a
281b
b9a1
7cc3
9622
2892
026a
7ba5
85e2
b438
5516
1fa9
4d66
e52a
e604
66a8
e8f2
cb73
68f7
4d8d
808e
ae8f
69be
3534
8192
37ee
11e4
3810
b8cb
de1a
8bc6
970e
77a8
16b8
d7ab
839f
9563
3791
b30c
7b5e
9338
75cb
ce32
7f8d
f15a
29e5
1e02
a12a
03a5
0b75
5a4e
16d6
b743
93c9
ca1b
6828
25b3
a9b2
2442
8bfd
31a1
af6d
ff46
7e52
94f2
d2eb
f1b8
ac68
9def
107a
0c24
fefe
282e
5aa2
1aa8
24c9
0199
ee02
301c
3222
4c7b
8a9f
374b
771d
134e
ef0a
8fe5
2982
4ff1
9dd8
6a1a
692c
eae8
eb76
75a0
645a
04a2
4479
796b
2a14
ae7c
3dd7
2370
1ff9
2cad
bec9
3b26
2680
4acd
b732
60ec
87b6
6424
a2b9
0b44
5ce7
8f70
5b33
2e1b
d650
c221
6bb4
f6ec
d8f5
4c4d
b1f5
30e5
c501
e982
e4d6
3071
55e0
4aec
ed78
45f8
0ef8
be1a
01b6
4fb3
4cbd
97ee
0ed5
e6cb
c98c
0f6d
232c
7e2f
f6a7
8430
8ada
35a7
6aa7
8037
5648
0f29
b4be
64fb
e8ea
e395
263f
1eda
e2a5
31ae
41b9
4fd4
8267
4ba0
8ff2
9036
a568
4483
9a5d
f7e1
c21c
bcfc
2188
cd71
a69f
50a4
17f5
29b9
5159
f66e
aea7
455e
1f0f
c98f
d768
2cc2
9d8a
b937
ae21
9050
2bc4
c5b4
c035
9cf5
cbf4
75cf
4ddc
d498
0cd1
4e43
6ab5
4466
2b7e
fa42
0be7
3374
999a
9133
b991
02bf
fe0b
2f09
33a5
172c
1e2a
3894
0690
d17d
bc42
2125
7d63
c05b
299b
b231
cf0d
aaf0
4aab
29ae
1c76
2fd7
b4d8
0f22
2661
8b42
7b05
a2a9
272e
6cf9
de18
1b7e
0361
9024
b353
8e4c
0528
f8fe
7dda
1033
0630
52ec
a9fe
6007
2a4c
bec4
3db2
7f2a
a5b9
66ff
6181
2203
62cf
277c
b18c
0434
60b8
ee03
068d
8e5d
486f
621e
a73b
8b79
02bd
aab2
9f9a
6e01
f32a
94e4
bec9
b73c
51c7
35f5
1538
c06a
4bbb
7a7d
2b41
2c48
7192
5f8b
d258
6d02
696a
3ad1
eaae
ad7d
adf5
9446
2987
7d35
6cd8
faf2
6acf
e659
f907
49ca
01bb
74b3
0f7f
0335
e090
ef1a
0f7b
f036
e5ce
2673
00ca
d5c4
7041
39ff
2330
9d17
c483
4748
2afb
651f
b2c6
5592
e256
6933
448d
fde8
0feb
687a
fe54
020d
4aea
de43
82d2
39c8
5764
696f
5080
75d2
d808
648c
030c
ed3d
ac31
12d6
f41f
44a9
7a18
7633
50d9
0099
5481
788e
5316
5b89
bb31
8126
cc75
57ae
83a4
1288
1caf
db7b
c06d
ffe3
29fd
b5b6
e415
c2b5
81f3
818e
3a20
1665
8a38
da08
d274
dc1f
0808
97b4
d2e8
cd04
d515
7d08
4ce9
86e9
152c
eb03
0690
4f3c
2da5
8c4c
1a5f
9307
4781
b5ca
f806
62dd
1557
3664
7b2f
d18e
ef8b
9114
461d
2492
d5d5
29f8
7cfa
09bd
e1ae
e9ce
9f9a
c0f8
e761
1016
8696
a7ad
fb6b
2759
c27e
8bbb
322d
49b1
914d
44ba
f194
72d4
ec1e
5888
4624
dc4d
7f92
f7fd
79b1
6e6d
b366
b88d
e1e8
d797
f3e9
6308
2799
37ef
dbaf
84bb
6359
8ed5
b47c
a1b8
edaa
d814
19f5
2bfd
77f6
c568
88fd
404b
cc86
8f16
b785
e35d
8ccf
871a
7fd3
9fee
e5e9
5c4d
814e
42bc
64c0
fcb7
f1af
0a39
2396
ec6e
86bd
eafa
ea8e
89dd
0413
8233
5c8d
b178
84ee
c5e9
7d61
83f5
eea1
df47
8ca2
e258
2701
d149
09da
ffa8
7ca8
5038
2138
0f7f
4e50
92ce
0e0d
b969
2b43
b8b7
fbe8
b578
5838
afb8
21ad
a2a9
5bce
98b9
9c58
5116
e0f7
38f5
4050
2ea8
a1f5
914d
c1d4
04c5
57e4
0807
b95e
baf1
600f
6869
13dc
a18f
a31b
c05c
9218
9757
e962
6d56
8d6e
983d
5c3a
529e
7449
14a7
083d
f1c5
bd9a
bf32
43e6
b65a
bd2d
b87d
abce
c599
f62f
270a
8a95
e366
a49b
233a
ed3b
f1d0
4e1b
e1d1
4a4f
feb1
f4ad
3671
bbfa
ba90
0df5
7cab
ab20
828c
6209
6a72
e1fe
0b31
5daa
b32e
eeea
b4ba
3b9d
b136
b631
06cc
19de
b8fe
9520
07f7
bf26
baa1
2add
276f
bb45
2722
b261
b235
7b60
5cd6
b12a
bcbc
4166
982b
e483
60e4
05c1
b805
ed02
0e8a
b2e1
3e0d
a2c5
aa70
297c
9f18
f076
8983
6e1c
d699
5067
e8c8
27b5
a15c
2538
2551
140a
e287
6788
b55e
791c
d41c
ce0d
7f93
c580
b814
aff5
4f55
c6e4
ab0b
eb0c
dfac
fe0b
ea70
6608
66df
4a6d
4a23
73e9
7f37
f6f9
159e
4df3
7883
13da
75ff
7805
210f
3486
974f
813f
60ac
794d
406a
35fa
9cc0
46f1
16cd
04ba
65ea
d60b
06eb
f5e7
b5f8
4d49
d933
82bf
7c20
fb27
9fba
027d
bb2e
c993
a6c6
fba0
cbf6
14c7
5283
36c2
337f
8953
b34d
f8ce
8fe0
cd24
1d8e
8309
a7d7
82df
d998
2513
5e1a
df31
a05f
b485
5b11
a470
4892
86d8
6bf9
0bc7
0eb6
4747
ef79
53c6
b122
b9c8
f75b
bf75
28e7
6971
162f
86b7
1e71
f11a
7c1f
77e0
4e41
0866
5e16
714b
7df5
1701
9019
b78c
7557
2e35
700f
7caf
8223
7e85
a8ce
0bbc
c95a
daa2
74dd
4548
2e64
3ce4
1b89
7a06
8ecb
1753
525c
86fe
f7a6
d60c
e260
84c3
abc5
248f
817d
4e1c
360f
ccc6
7572
9e29
db62
c283
d43a
d5b2
1e55
2ea0
f206
d65e
8894
be84
db9b
1301
93fe
b57a
5d1d
18a9
ecbd
f574
df87
3733
041a
63ce
3e25
e235
1565
6cb3
ee86
d4f3
907d
6386
bf5d
e7a2
c843
0823
ebea
036b
e74e
347a
9320
54b0
2332
a671
750b
c504
bb53
f266
a757
0a3d
609f
c9f7
ca7c
ba34
1d6d
592e
4c00
bd10
8731
dd2a
9e4b
2913
988e
8e5f
5471
e5aa
be3c
e44b
e03e
e70c
5741
dfb2
2838
7eb7
e836
286f
f84c
94ae
2412
e206
2806
e6a7
ac44
1c0f
1b2c
d33b
bb05
f729
3c2b
2dc4
6a46
6d0c
eda3
b655
1637
6ecd
9f6c
5fb7
2179
1b67
6583
2613
4ac3
949e
d860
9734
35c0
d9d6
38db
f861
25a4
60ab
1d21
7820
9478
fccf
24fb
ad83
860a
a558
18c2
8a54
41d8
b393
aa9f
6b80
929f
98f9
2728
a882
d5ab
e980
fecd
0d68
8290
a400
777d
8842
ee6c
ffe6
c461
ddbf
16b2
7125
3a27
5533
85d0
0ba4
9db2
8468
f690
203c
8ac8
9049
65a2
2755
9b17
07ff
444e
9fe8
5a3c
b8bc
0464
cf9a
05a9
3b24
7964
1186
b783
d1be
3d42
5ca8
dfdc
59ec
da05
dc49
9abf
4213
9c6b
2a95
f218
afea
63cd
716e
159f
16cb
fba9
1eb4
4e88
e0f2
9015
7e11
386c
d1c3
b0d4
2c89
048c
5f8a
ed34
65f7
5f86
f22c
5122
42e8
720a
ffd4
ed03
1c10
dce7
47df
3998
1af7
6faf
7152
2c56
1e59
23fd
58ca
f437
9d07
f87f
d5ae
5815
3af3
8c1b
837f
a85e
2ed3
d415
e608
8654
edfb
18d5
892b
7d30
2d42
05cf
27e1
babc
91bb
e7f0
6be4
4ca2
a7ad
f083
07af
1d7e
a875
6bf7
a04f
8bf2
da01
c584
fc7b
cafe
5980
3518
8ec1
a6ca
6a79
8e88
2bbe
0072
6ad3
31ed
ae78
b9a7
8915
90d7
0930
174b
80a7
cc2a
5423
504f
eceb
8e66
929f
7c6b
3d72
0b86
38f3
d66e
28df
1f64
6f2d
ce2c
4732
68ca
afb6
d690
b45e
bbfd
9fd0
57e9
0710
b055
40f1
d015
11d9
3e16
a0b8
3e13
7ae7
0e93
6199
4da7
b644
9c95
d909
9404
9e01
e8d9
3a24
3039
8cd8
d071
b62c
2a54
83b9
ce73
35b6
a75a
c37f
cec3
dcb6
ae06
2b0d
874f
bcfc
374e
1d3c
269d
e41a
70a0
95ff
3d2e
020e
a1b4
cc7a
7bad
0069
6831
ad44
a134
5cba
fe9f
4685
9c57
6125
a9fe
ad20
bfba
6d7e
6deb
a8db
1355
567e
2b31
8d81
3f84
a835
7e20
05b1
6c52
df6a
5338
70bc
3f05
3e61
b2b7
8bd1
0721
242b
d185
2992
2fdc
e28c
aefe
c899
4290
0600
789c
be34
6c1c
ac27
4973
2ef6
6352
f07c
c7bb
a439
f2af
3c65
cd2c
eac2
af6c
a1c2
6713
af09
859d
95d1
dd45
8275
4199
bc1f
b1ae
f0c8
681d
6cd5
bcc0
469e
3505
86e3
5554
5e41
6779
e334
8d51
d08b
c136
141b
b8b4
ecac
c5c8
349d
66e8
ac2f
f79e
d988
16ef
5bc2
dfbc
0660
48b0
e64f
a4cc
f079
2b2c
f5c9
dccd
c7c1
8601
6615
90b6
98a0
061a
70f1
f87c
28f3
053a
87a8
49f2
859d
b8fd
edc9
45e2
451d
a685
3872
538b
e1e7
59a7
2a68
dd84
73c5
d528
9b29
e56a
70fd
dca0
1c70
eb4e
f08a
ebcd
ceea
3f6b
7d42
53e3
675a
d57e
cdf5
a29a
9113
aece
8bf4
2980
84d7
9e12
e79c
69be
b8df
3407
1606
33b9
c458
a27d
770f
f413
99c6
9769
9a64
fe68
d8e7
81c1
b272
e4b0
9e71
1103
d69c
2b43
e74e
7132
7fec
9629
a17a
ffc6
c165
09db
2f70
de59
d6fa
55d9
a446
dc1b
046e
4a31
0376
1fac
be68
f2e2
e9d9
143d
ae14
1cc0
98d2
4009
6fb7
35e3
0bd3
52e4
134e
06f2
11ba
bca0
c0cb
b07f
4c34
a855
c7ed
e9fd
0521
7a8a
3818
6a97
9a46
8d6b
dc28
b647
a49a
2885
0f62
5ce3
d641
6da2
8677
d999
08df
9f36
ba71
c6b7
506f
6838
5e19
cdf3
fe6e
cab7
e699
41fc
47e3
2ede
4168
e272
96f4
d49f
caf6
fce4
b9f5
9c7f
df2e
a15a
603e
9ef3
cf62
25e6
8ec5
57a7
2aa0
eda8
7c2e
cea4
6df5
8eba
aef7
d3a5
a6ab
11d8
29ab
0f7b
8029
0430
028d
d97f
1f52
9269
6f43
8984
9d9d
03c2
f2ee
e840
d1d0
c2d2
867a
70ef
4077
49f8
7c82
81e5
cd65
e734
ee61
725e
b153
f899
e48b
ccec
01fa
17eb
3b7a
3ea4
697f
03ca
e82d
bcf0
3c9b
aeb6
df3a
7582
3bc8
aa3e
447b
16fe
a236
1d2d
4b4b
7441
ef31
5c5c
abe3
196c
67f6
89b3
b88e
5495
7844
080c
3d57
359e
71b0
c896
4f61
4b22
35f7
2a3a
0ad4
2763
f31d
faad
e0d5
e6c9
075a
4345
bee0
880f
adb9
5f55
8346
ac60
2183
0d19
9278
57e1
3331
5e2e
b8cc
3b4e
84fd
a7a8
7cb1
4bd5
2aa5
7342
7218
8599
fe31
46c9
35e6
a527
3b1f
252d
5300
d014
e0f1
aae8
db81
be12
1cb9
d7d4
a8ee
e271
067f
5e22
0385
f854
1b38
6fc4
004c
60db
9a41
5239
3040
d467
94ca
8b39
6609
95dd
1f60
596d
925d
d597
1f7e
0ee9
57df
1a8e
33b7
3f86
5893
78f7
ec6d
d913
812e
2360
4fce
d854
aead
3ceb
de24
a5db
4d3d
5e6d
694c
08ca
2d50
1d8a
10b8
f24e
b14b
5d39
ed71
9179
27be
23f7
02ae
6e2d
a27a
1743
7c9f
7e48
fa4c
7dd2
45a9
254f
dd07
148f
0ea4
4361
b904
2628
d0bf
f6bc
631e
7ccf
08a2
9ac6
6b61
492e
cd0b
0263
e619
4f79
408f
e9fe
63df
f2c8
5a77
7559
5184
5874
8d5f
7fea
3a25
ba7d
dfcb
a9df
2065
dd59
14a4
a942
ffc5
e3ea
b400
e0cb
aade
82db
2ce3
2dea
c718
cf22
6d4e
d275
2571
70b8
8fbf
5a37
1979
aeb7
144f
98b6
6d9a
6141
48f1
7681
4f4a
ae2f
2319
7ca2
a4cb
5d81
718d
a62c
75ab
fd43
559d
a3aa
1221
99a6
e7ca
33f0
f450
4cf9
7973
9b9d
a0b7
9ed7
82e5
422d
24cc
6b36
f7b0
4213
630e
d651
c3ab
8a82
f042
2100
04ed
e3bf
3533
a6b2
708b
3d1b
8133
edb2
e28e
48c2
4918
f768
50ff
94d1
b8e2
4967
52d8
c4b5
7d71
b202
1f5d
a944
1ac2
42d0
2d5d
ff53
9f6f
f89e
34c7
56ea
588f
6061
9716
0b73
11cc
645d
79fb
cfc6
016f
8026
1541
d855
8e36
fc8e
d956
206d
09bd
06c4
5641
8aaf
2c30
cb5b
270b
d11f
0f16
5d88
e4ea
0d37
b722
8587
da48
31eb
e9b6
fb0f
ba03
8d5b
3b8d
5cd6
718c
fe8e
9833
d70f
8baf
90d2
8bc2
ba3e
1a6b
78b8
909b
baef
ab63
b6e3
a17a
258f
5c9b
b1f7
10a1
e9c3
563d
5590
0e8e
dc36
0101
53cf
625c
0ce8
0bd0
369b
af11
a05a
49de
d918
95b4
803a
e305
d246
a064
413a
aac5
0d3a
d72a
7e60
8fc4
a3d4
f53b
effe
75c0
ff2c
3f48
32d3
9c4d
62c4
baf1
2f7f
5ee8
23b2
71c1
b9de
098f
fc60
b5f1
8aac
e55d
0681
6560
6581
e221
b698
baeb
0848
c9a8
0de3
8db0
8ac5
2501
7aa1
ef99
c9f4
5a5a
11d2
68c1
f6e5
4205
d8b6
ba2d
888b
5ab5
a2b1
02b8
16f3
881e
36e5
3b2e
2720
79f4
72ad
a2c6
b71e
cdd5
7365
b190
9968
7c97
4330
e711
875d
9e10
3a79
c62b
29ee
1d4d
b1d6
df68
c029
6ca2
e445
9332
e4c9
7ffc
f320
fbc4
7060
fe5e
22ec
ad1a
c3be
cc69
b23d
f2bc
b6e3
66c8
e9f5
ace4
a360
65c0
70a3
c847
60be
1b9a
d321
33a2
4f49
a900
1d83
c0b5
1632
d7e0
7021
ab4c
7baa
e35c
8c45
bfb0
c919
3157
a23f
471d
c8d9
a710
54f0
8b3a
8fb6
22ec
5fd5
9ebf
d397
f46d
2bf3
dff3
b789
3284
3f22
4b8a
6bb8
2915
a623
8cc9
a9f1
0992
8615
7093
5b48
59b7
35d8
8954
2ba1
5c3d
00a3
48f9
ad47
57ff
ac80
9870
f0a0
2385
15f5
6cbe
3448
0777
630a
5232
4b7f
5c15
9718
ba87
7aee
8f58
6a5b
5736
4fe4
19b0
1514
4378
8ef0
8751
2092
b705
06ea
0fdc
3422
abac
f80f
d525
d21e
ba79
0ad6
5693
b962
1a76
3cde
a1b9
8ac3
e727
df41
fe42
75ef
6bbf
afd8
e2e3
05b0
df1e
22ee
8813
fd05
2e5d
c009
7510
3595
04bf
db8d
987e
dc5c
41ce
205b
7644
32f5
3ea0
68af
251a
c912
b3f3
f514
1af2
6b6e
bcc9
01b3
21a3
7f46
5dd4
76e6
2f6a
ea9a
ad27
e3f1
0732
b421
d592
2a3f
6431
0a1d
1e84
829d
a175
028f
5cd4
3e89
f744
3961
a23d
8a8f
9b6c
f0dc
dbfc
c938
2caa
23be
87b9
f33a
4370
c860
3d92
038e
cfbc
13fa
8df2
e605
4472
e656
0a14
5ac4
b10a
6cd5
7bdd
45c9
3aaa
270e
ba66
fd51
c9b1
f3d9
9db0
d671
d106
05f8
cb88
fa15
f022
70e5
0545
7752
e351
6cc4
6066
9263
85e8
8da5
925c
c9fe
c60b
bcb8
9a3a
ed85
9ab2
7d6b
3201
13a2
ac36
a360
d781
ab0b
776c
2e5e
5a08
59ef
d424
8d5a
d4bc
4b5d
d841
b910
400f
4d1f
6ab0
4acc
3296
a73d
6ab0
f6e0
0226
4b40
a11e
7e7d
cdb0
17bc
27ee
5479
f254
266f
6353
2144
b676
8875
f711
6a43
1380
f4ee
92b8
ef8a
c0ba
afdc
d4fb
7b2f
28d0
f8b9
9839
8d57
a47f
ebdb
68c1
fcaa
4be8
bb07
cab2
d7a7
cec2
7be8
9561
f275
e2ec
5d9f
33c8
874f
b3d9
0bd6
be0d
d53f
14bb
86b6
a662
562f
f135
6a7e
a869
fb15
3f2f
7e2d
f345
07b3
0b31
3258
e464
d591
bbe1
8587
4fb0
60d6
92d5
b2d3
09dc
9772
e2a2
8b15
7686
0334
7d61
f887
ada2
4a7c
f0b3
a6b6
d9c2
c92d
0008
fbde
ed1a
5011
e9a1
0112
3757
cfad
83db
c3f2
283c
0463
82ed
7aa3
83ab
19c0
65c8
35f3
b35e
d1ba
0bff
cff4
b31a
50bf
4cca
8b9d
3092
549b
20e7
5048
9e82
81f1
6994
3261
c65f
2944
4c7f
0951
adb5
b95b
7257
a308
db52
ba2d
f827
d418
608a
120b
298e
66e7
6479
affc
68d1
fbdb
210e
7ba6
4707
a85b
6345
083b
9ac4
63d7
5d43
3cc1
eb11
c5fb
3022
d666
0888
0266
e03e
c0ce
134c
819c
f36e
6e06
347d
8104
b5f1
d0a4
f3aa
0390
44e3
b953
bfe8
c5e5
9c7f
52a4
13bd
b79f
0a4e
6f23
31b7
6221
ac8e
f2a7
7d25
a940
d8ac
73c6
0f3b
39bd
e67a
4bce
57bb
9869
84c9
62d3
f199
4e51
a7ef
5cc3
9f93
86da
50b4
1565
19e2
3e3d
0025
4adc
2db3
67c3
af54
24fd
893c
95fd
d748
1c9a
d175
28af
01aa
1366
5df9
04b6
70f0
df0e
5272
9341
7b64
2b58
8694
3afe
de5e
46d2
ddc4
a2bf
7b76
817e
bad6
bcbd
7f57
b09c
a536
0f1e
fc5f
01d3
fdce
9f88
4ad0
fb70
546e
5fbd
4f29
66c6
2951
277c
6747
dfef
8dee
bed7
1b5a
c9f9
6009
3dea
3616
b530
38d0
5078
afc2
4222
9503
8d79
e24b
ce0c
524d
f83e
df49
c0f8
81b0
40a5
6a5b
a0b7
cfb5
54ac
1647
2c84
26d9
6076
22a1
562d
7878
3065
9a2c
8515
6b9e
048e
b9c4
a846
0abe
3a58
8885
7060
7bf8
03d2
4d61
92be
1a91
e2f1
bd3e
c34c
3dd0
d8d7
5d95
06a5
2697
27a8
ce28
ecd0
fbc7
8f65
60d3
b460
39b7
12cb
850d
0b6f
be5a
a504
1094
b194
f310
e951
294b
8282
de26
48ac
f2ee
5d98
3b00
f5c2
c4d4
77c9
944d
f041
8a0e
4e8f
9fe8
fd86
35a0
e750
b7b9
964f
2aad
916e
2b59
4cd9
c8e2
5661
e756
9c2f
1266
768c
007a
037b
a0b0
ea5e
5b90
4237
2e0a
d6c0
3673
2682
ddb7
ad13
8275
885b
1944
1ce2
f35c
3ff6
b0eb
a6bb
8708
d9a9
8f5e
0001
3bc8
95c8
acb5
6ad0
5cf3
2f57
1735
36e0
4829
21c6
6866
6b04
f580
5ffa
e3ea
8d4c
42b9
ce67
9c87
8e36
d71a
1fa5
117b
20e2
42ef
ab33
fd78
c249
8f5e
185c
f7e6
4236
ca7f
d398
025f
0750
9973
1889
adb1
a524
9f15
9101
ca25
3e0f
dff9
b649
eafe
9386
7ee4
0bd0
4103
8d51
33ec
e433
55c9
79f5
ae3a
7446
50c4
0862
57df
236f
6d96
5b36
f7cd
b294
51a3
ff11
796a
d709
7d28
8e47
de35
a8ef
e88d
5cc0
d1aa
1a0d
1bbd
56c4
1fbf
5322
08af
b898
af7b
d8fe
93d8
0cff
064b
4f2e
1af4
aae1
03c5
cae8
2164
cceb
768f
60a2
84cd
83fd
8109
d83a
7097
ad49
b25d
1949
0e40
cbba
8bae
1eb2
4e33
8802
04ed
e49f
065a
9fca
fa1a
9c9b
b727
7ba1
20f1
4ad1
2f6b
4709
540e
dd0d
30a2
f5b7
d9df
1b23
e950
2d1f
7b54
bf00
90c3
c4d8
1d5a
e7f3
bc07
20f0
18d1
0da6
1afb
3423
7e0f
5b9a
f8df
cb5c
4d51
39c0
1d54
e033
3cd8
adac
7d08
d8d3
f7c3
45c5
7431
9fce
319b
84af
fd56
d0c2
658c
44f3
b2eb
f1e6
1d42
6350
a07d
1215
9416
5ccf
16ab
c90d
e073
c36b
8e24
6ed8
772a
cdf9
f055
8d1b
463f
041a
042f
5602
e9d9
4023
7516
3ff3
a90d
63de
bce7
65e5
00d6
f377
e95c
6061
1e12
2eaf
41cf
c155
a849
888c
e93e
6e45
5ca1
d194
6bf2
0940
cdd2
ccad
b084
2907
bc24
8a85
fb7e
bc5e
4cfe
d4ab
8979
f385
4f17
f71b
9c84
f605
a77d
ecaf
5d17
188c
2dbc
99a8
adad
e348
2b6c
1933
6c8a
677f
616d
d9b1
502d
e5d3
641d
4914
aee4
de21
9ef2
34ca
48da
3e22
45ce
6ede
9e83
58ab
6cea
d6d4
d0b6
9138
a5b6
c927
19f2
c897
c939
4851
57b8
1017
3f1b
b9b0
ec45
d534
8583
d65c
7498
fd8e
9430
3c81
03d1
b29d
d6da
a7c6
1912
21de
b46b
c0f7
492c
2581
074d
43d7
ff83
a60d
9ea9
e8a6
82d6
c641
8998
9f43
16aa
7c67
8a06
c5e4
de5b
832c
ee94
f3a1
ab18
f4af
47fa
0877
5db4
1426
a738
a56f
9f72
0fa9
8486
8f3f
45b2
235b
a5b8
4a9d
482b
4e35
748c
6089
30f8
bdf0
4c0a
fba4
abe9
095d
3f9f
762a
0d22
d3d7
aa8d
0522
d4fc
4ae6
6211
aae5
2c0c
f4e8
985e
5677
2ef4
fefa
10a4
c6d2
2168
fc2f
66fa
bd5a
678b
3bf6
b187
ec44
6554
1c7a
6ca4
3b82
a873
6517
1295
727c
b805
16ff
439d
0bfd
a733
7f58
8754
68db
4fea
288e
3bfd
81d5
ef1b
cd6b
d422
586c
3960
8507
5a60
d65c
f4ab
bc74
9f6f
3f12
8da0
1736
7751
7b14
ec46
d00d
e297
f358
00d6
154c
384c
9e3a
78d6
e88b
d169
203b
fd06
5ab0
18da
72b8
a794
4b2d
5737
567a
627c
5e57
a962
25d0
98ad
4d94
7142
a17b
8d4e
e702
6bd4
7d49
1477
eb79
d1be
181f
ccf6
2f5c
b28c
b725
993d
b50f
6a41
af76
e185
b4e1
cd60
cbba
ebf5
7414
a7eb
8289
7b04
fd26
0d09
b071
9cd6
a8ff
0280
a61f
1d03
35e1
509f
a4a5
979b
a2aa
0b9f
8308
8151
0734
3fa4
159f
1849
8e1d
6021
ccbb
519a
5a0e
0423
d14d
aca0
c03c
5941
3b9a
b6f1
d41a
799e
0b02
291f
ce9b
596f
7df0
df77
279a
7f4b
e1eb
0000
d715
f312
2cd8
2d16
4773
1a24
2dc8
0f38
834b
768e
48d1
2620
f6fd
5726
6d03
b444
a4c0
0dba
e64e
ff45
62ba
fe6d
1fff
480a
d49f
d682
7796
5866
b185
3e70
c1b1
993b
0104
a26c
a042
45ea
22ed
6a83
b4a3
6bf1
81a1
2023
3af3
96e3
9de1
a199
61a7
8edc
a27c
e5ac
843f
534c
bebd
d6b2
3f82
bcc1
c458
3051
ca7b
7439
1760
e49b
0b4c
91ad
36d8
ccef
96df
727f
d8b9
f482
488c
45c8
d9c8
67d0
9cb0
ac1c
e0b6
c096
b08f
3b5d
5c6e
79a8
2254
9f34
7500
117c
21f5
7bf3
fd1a
3560
f4d1
88a8
cc3f
d96f
b02f
bedd
4251
e6d9
a34d
1b2f
74c2
3810
91e9
49a9
9271
5ecc
c077
a810
7160
0176
3ed8
4113
64a1
20a2
a38f
0d89
fce7
9a11
0daf
d2c6
2794
fafb
16d1
52eb
6040
34c9
54b1
7327
724d
107e
14a7
60fd
415e
59b2
afb3
4174
6205
3074
5535
e64c
f601
b26d
294a
a07d
5aef
cd3c
d1ef
d4ff
a3f8
0807
9d2e
61dd
39a5
285e
0498
2203
7964
20fa
2bc5
7a4e
2b50
fb64
c835
2ac9
6e38
58c1
9650
e711
bfde
4ad6
482c
d2ec
b06b
ddbf
45f6
bbf1
1568
a693
fdc1
372f
abe7
3d52
2178
1a4c
f714
c773
951a
7d84
af95
b4fe
479d
7aba
7cd6
c43e
d8b1
53ac
a4a3
1450
aac6
a620
1f06
9f81
253c
8608
cd2e
ba84
f9b7
3467
c2ef
dc64
61c2
9605
30dd
ef5d
ecb4
58af
8606
6a62
3183
741d
cfa5
9b78
fb6c
ef34
b23f
d28c
47f2
39b0
36b8
c31f
f5ba
aacb
5347
c970
9cca
ea42
1ed2
23bb
9cf6
57ef
2e5b
b0a3
53c9
990b
a4f4
b731
290f
00d5
0cbc
c500
c259
93bd
8df5
4454
c48f
6c65
8890
b838
298c
3bb6
2769
d523
fbd2
ae0b
6d40
8bad
ff55
93d6
5d79
e915
6b84
843a
1f54
4bb4
ad3e
2cc9
9d79
188a
829d
c2cb
87db
ee50
61b5
93e4
e78f
3b8e
348c
afc4
dbdf
4eed
e9de
f081
7b2c
23ba
6fcf
1b5f
f7f7
cc59
7d41
c5b7
9440
7e51
5eba
4515
a304
b6c1
8271
30cb
f3c5
e2b6
2f67
130a
cd18
ce8f
28c1
fbd0
67d1
7b0a
7ece
988d
a256
ac50
9106
1dde
92b0
5cb8
3377
e1eb
b123
ffcf
a0c9
79d4
1b60
28e8
ea84
81c5
976a
9d8a
e90a
d1b9
29ad
2b71
79b7
9385
70ca
0c90
82a4
7f8b
ee86
0094
27f3
ffe4
3d43
0a5c
4bb2
9ff3
01b2
57d0
6041
9117
f9f5
a96b
db23
2d29
63bc
2a8a
6328
c344
90c7
fb48
9fe1
2623
50b4
b06a
1ac1
d1ad
a203
e5ff
4890
2cfb
213b
233a
f3fd
1c00
0d68
6385
4557
3fab
ae33
6095
f3f2
109c
a9b5
64f6
92d7
8140
f7ad
4d7c
40c1
47a8
31ff
bdb0
b086
1ba3
a96e
848b
17fd
301c
5ea7
b1a5
0793
865d
af88
f228
48d8
b541
74cd
a701
1c81
49c2
6873
c67e
e250
1b2b
3621
77eb
23f3
033c
dc7a
1d99
0161
2f8c
0994
e1de
88f4
95b7
4dc5
e7c8
b0b3
3f9e
2e75
a89c
56ba
1f84
5e33
841c
e819
9f82
2dd3
51a7
4a10
6f78
8d4c
3f60
6bbf
a1de
49b6
aef8
77d5
666e
8cca
2b61
ccc3
1e42
3cd5
fcd5
49e1
174e
028e
cfc2
57f5
9fad
8adc
e062
0655
6b3f
c846
6f0e
79d7
5499
7507
3d16
6f1e
f423
26d6
2ae9
b22e
812f
927b
c298
f3ba
252b
dc53
a8b6
6344
c666
ce36
8e70
885c
9027
4a44
dd83
b1f8
dc0d
4a29
02d8
2e7d
0954
f4d5
4e9c
304e
9539
daab
02fd
f3e0
d426
2bd6
9dec
a756
d96f
9979
ca9c
2855
8767
5ee3
f333
760e
f2e9
2e45
74c5
b855
6e26
df0f
72e3
11bb
d06e
610f
82a0
4bd2
ed4f
bb80
83c7
9478
9a6f
f319
f584
97c3
9869
b737
1d1b
000f
05bd
c74e
42ff
74dd
e918
da85
edba
d84e
0e2d
07e2
93ca
40e5
06f4
11b0
1167
b1a2
5084
37b2
9e7b
38fc
e096
2e5c
3f45
26dd
421f
a7a8
5d42
14e2
d875
5f85
f9c4
9f13
f525
c496
f4b7
f85d
d57b
3702
aa93
7942
0440
2130
882a
428c
a29c
668b
67de
b7ce
2292
7c16
4385
f9c4
2420
41db
f561
8cc7
b2ea
cb29
58d2
909c
bd45
43c5
4738
bcba
b771
3208
b5b2
7ae0
c248
ba58
3658
46ab
c401
bbeb
b322
7b55
cef4
d228
e498
b821
073b
318d
9fcc
bd9c
ea6d
6e21
e3a1
a15a
9e56
3ce7
cd26
09ac
71f4
1360
1b06
8665
9b30
a24f
22dc
2652
9620
635e
6f5e
c63a
39eb
3b6f
24fd
0c58
c744
4317
e365
e73b
7e41
a872
7fbe
0829
4674
ae81
a98a
b900
4a54
e0e6
fe43
d99f
0ab9
d12a
41dc
a73f
93ed
b594
a962
d04c
0ec1
bba1
4908
6aaf
26c1
ba6c
3299
13ca
7d7d
9e34
9947
e933
db5f
3c52
1a95
1bc0
bfff
5967
d111
89bf
4002
b859
82b3
59c3
7cb2
8fa5
12c7
0f6a
1b7a
e4b9
a581
bfb8
aaf8
3c2d
7503
be8d
ae5a
6093
d3a0
a590
c85b
21fb
2c87
cf1c
563e
1987
cffb
905b
1a44
6691
89e4
ecff
54b1
35c0
f32b
97c9
567a
f988
d020
e746
eb79
2c58
a09a
d4b2
9fcc
c410
9b4c
3f25
8c5d
f2cc
a47b
06e8
2031
8403
9263
f705
eaa8
9b60
6786
c0d7
b3cc
2817
5fec
4682
a469
212c
f74b
3d32
0135
d3cc
3b6f
bd14
31d1
23d2
a452
77ca
8411
9163
7901
e957
5ddb
288f
6463
8ad8
5c90
e444
0a8b
eaa1
fd49
682b
61bb
716e
76ac
9bc3
de53
2387
babb
9ee3
a981
42d0
5047
ac59
6e73
c383
f3d5
7c49
98ec
0da0
324a
abac
bac8
1726
489b
1a4e
2a0b
8d9e
4ed4
4719
5f33
0382
46d8
86af
9547
d485
1f1c
4a45
f991
6e8c
cbcb
307d
8457
41ac
ce06
3ecc
152f
cfa8
76b3
39f2
0d67
9af9
4ae2
9fc5
b2e9
dc1c
5481
f5bb
88c3
6109
228f
1b67
7f74
b815
0cb4
cbf4
8006
eeac
b10d
0227
6ee7
e744
639c
e628
d277
fc96
8922
f8ea
ef64
b48d
8607
b109
fe6f
bbdf
a215
d087
0a85
5aac
b8b6
6b58
38fe
4185
d990
2649
17aa
dac5
6fde
3de1
d824
5440
707d
ef06
d2be
4f0b
423f
d400
d29b
5e7e
0181
0a6b
1c6e
151a
4689
7ff5
8eba
ae9d
ce71
9753
a36e
f8c1
9b6d
2220
98a3
4705
599b
e532
40ae
9606
c036
f5b9
8259
a2c7
b6bd
a0fe
7dbc
1940
1195
483f
11ec
5713
60d5
bf8f
d95a
602d
82ad
db26
6e35
fdd6
9d8c
3399
7040
7b2a
ac2a
f1c7
4af2
11a1
f7d0
f701
a3b5
acec
7346
4603
bf17
e9c0
42bc
59a2
6468
a720
a069
4095
7aa9
c278
b198
b00e
0cc9
6b6a
5926
efda
3809
4e00
eaa2
2053
7030
23fa
f66c
198f
879b
645f
78da
16c6
4a72
b277
5d36
94f9
aff4
8823
e2df
ff52
5c3a
a1cc
3989
dade
34d3
a279
8043
ec03
87cf
5284
9ba6
5de3
7ecf
3dc7
d7f8
5d1a
f737
d2d6
3b61
a64a
5fdd
3720
60c1
80bd
1027
eb7a
ba9c
f27f
7140
77d4
e4cf
44b2
bb8a
075b
2b73
5b21
84c7
62d3
440d
8ec4
07ec
5fc1
1362
7ea6
0d18
93db
a0ce
3359
c330
db4f
c3c4
f01b
8974
9d1e
ea69
39f0
3624
c1c6
4e25
68f4
5749
b942
dfa5
e12b
8382
27a7
fed7
45ee
8f5f
3e4e
cfde
097d
5b86
a467
e155
2561
0970
cec1
c3ca
b377
cbe8
9a6a
956d
95a8
2dbc
cded
f511
64fb
8797
bcee
ff1d
f305
425a
c0cb
baef
86c9
a45c
b907
704b
1f3c
ef03
25f5
4ef2
3093
dd54
5429
1faf
48dd
6db1
aaee
4b3b
597d
0e04
fe8d
33ef
f130
2273
86a6
573b
e460
b44e
56d2
66f0
41a8
ebd7
b3a9
1259
f729
b85a
b227
b1db
7a09
13c1
32e2
607d
4f40
6261
8ea7
1ba6
5685
9a71
c354
1179
52f0
971d
9d7c
29ca
1326
962e
c006
7ffa
5bf9
1b17
f4a9
9db3
0381
b694
9be3
f062
6a46
a410
3e1c
7830
b7a6
c73e
849c
0f90
ab56
64f7
e3ac
78bb
f50b
09d1
7ef1
b0e6
44da
f60d
944d
83ba
b3a1
06ba
7446
865d
7f96
6f04
6c4a
e7da
7250
93c3
f7d1
6b69
c437
d19d
cf42
f1e5
5a30
2c50
a732
aadd
e15f
6ffd
7ae0
4d10
0413
27f8
d7a2
3f50
1d57
30f2
e584
8b9f
668d
05ea
f4df
2aed
25b2
ce5c
b60b
6499
9fa7
472d
2704
a438
d374
3c94
707d
83c4
c479
56fe
c80f
c720
e3e6
bc57
9cae
d684
06df
b366
d09e
4b4c
6eaf
82e4
ccc5
f664
41d1
f2bd
7e8b
f7ea
e9a4
90b9
54b2
f9a3
4589
ad31
62a4
412a
d308
593d
7865
8518
1330
852d
20ca
e764
e90c
9a06
560b
da40
62b3
8039
78cd
6de8
05d9
01b2
24b0
1089
64dd
6db8
7436
ff07
1ce1
d98b
8f56
2dd2
8cb8
131f
43ad
9dc2
9d04
2386
e935
7283
900e
9d96
ec96
7cc6
719e
3523
cc7b
218a
9487
dd05
2d1a
8375
c054
7d93
4376
1a67
6abb
c656
aa97
e06e
81e1
675b
bce7
6eb2
fffb
5a23
e086
1f78
31ce
a5b0
8139
2fa8
5d94
d153
56be
5da8
9709
1bc3
4f26
c6de
3d68
106d
d53d
2915
e24a
5ada
427e
f99f
2fc1
80f2
dc1b
21b7
2c7f
cf4b
f08d
f86d
5041
0270
0d5c
4856
45b4
45e0
3860
708d
d5de
7087
a4c7
6ada
dfb9
52b5
bd7c
8869
ae1c
49b5
251b
4835
72be
cecc
f5cc
aa2f
f1f2
0797
80b1
fb57
c643
7949
10b9
7abb
8e04
fd01
b36f
06ea
d14a
55ed
6afc
8ea5
ea29
47cd
7e8d
55df
f13c
5f2b
4272
abcf
60d1
5d4d
8070
c5e3
595b
879a
f057
f41a
e63a
6b97
6a49
f768
631c
63b0
edcd
a820
be5a
d0e8
535d
2376
cc20
8f59
9aab
ad6b
6012
c666
0435
4ecd
9f81
6870
b5b6
af96
9ab6
1a7f
ad96
1a23
60a2
89b1
ff0a
de70
d3cf
54e1
1cda
2f60
7807
7afa
0cee
bb51
a7f4
5f98
9e2e
f949
cc4d
0306
6878
18a5
71ae
c27a
bf73
82a4
304e
ae40
c957
c5c2
1638
76ff
3751
ecf3
07d5
edd0
c5b7
632a
a52a
008f
8299
82bc
9abb
bf61
f376
98cb
a731
3f5d
91a2
2571
dc74
d8bf
e7c0
80c4
6aa2
30d8
7281
6074
aa09
c1f2
5dd1
6f7b
fb96
85a0
c710
7f89
6f33
bf6d
28e9
2fd5
fd0b
ed70
8cb6
6f96
d8ce
858f
5cb5
b603
09ba
d672
28df
0b89
e6e6
27b0
54c6
049b
2ae1
5c8a
bdf1
a631
ce09
cff3
ba65
547a
9b6b
7bd1
0d92
9b79
863b
e2a7
e49f
05e6
84b7
265a
1607
6951
9af3
5c8a
c2d7
0893
1217
c974
bfd2
d6c5
6e64
e73c
5fa7
8de6
b876
8aed
9f12
ac2c
a4c7
57ee
fe87
25b8
ef7f
c47d
fa4c
e62b
7085
5c9a
46f5
7115
49d3
7edc
b1b5
8aaa
db95
df10
9d34
3af6
40d2
25c8
fb43
cd32
d369
9ad0
ee73
2cd6
56ae
4ad4
e93f
24b2
2883
3f28
97eb
4bb3
6424
0f88
9dd7
2702
b131
114d
45cc
5b27
b6ac
f08f
a5ea
43ec
789a
a1cb
4260
1192
dfa0
62d0
eecd
1e15
4094
61b6
5cef
c5f8
caa5
0ddd
f1f0
28b8
1b50
d78a
8c5e
350e
2da9
3134
b205
ecf7
fb39
79ce
fe31
4a20
1190
fcdc
9efc
e54b
904d
5c30
cdd9
2d57
602a
70e6
d891
2cf6
ed95
4deb
7be4
c245
f464
15a8
3311
611a
36eb
a646
05ec
eb99
2cb4
b27f
7987
f835
b9d4
9f88
87ed
317f
3047
b30b
c270
353e
b488
a501
25e8
a53e
5c7e
8e5d
8d1a
3e79
1afb
e479
7067
ba30
82df
eaab
d0df
82f5
6e0a
aa0d
3f25
d39b
4a44
ba95
bcc7
52da
870f
8dae
2c25
600b
90af
a622
54c2
faf9
270e
34aa
8b00
baf4
192a
b7f6
644b
fde8
98d4
b3d6
9764
d728
4fe7
2ef2
735f
3b7f
f5ae
cacd
b195
b296
2a8b
c756
e6e6
7e2a
3689
fc50
e1ee
55eb
9dce
f911
5e39
b1ef
b644
e13d
12b2
5873
187f
2df9
da33
d18a
939c
7368
2388
7476
764d
9133
b86f
796e
fcb1
694c
8475
1b85
737d
e97d
9f9d
6930
b2f1
52f9
fe82
e9ba
c544
dbd7
9f7f
2c0a
ac5c
45d5
756b
5f9c
d227
5737
011d
5a30
766d
9026
2ba4
160a
0104
6c3c
1ff5
d447
6b12
3714
a3ec
fe0c
fa27
b574
8049
6375
743c
e565
b9b8
5011
b04f
0b16
523e
d00c
7cc4
9844
4016
8664
f51f
0858
7bcb
f10c
7516
bef2
95a9
53a3
cdad
31fb
c8ea
9668
966a
a377
78c2
2111
1f3f
6c2b
39f1
649f
68c6
6433
ed46
45e7
643d
73f3
81d3
749d
3777
c717
963e
603c
e95c
21b9
b733
3a12
152a
db5d
938c
9aba
970e
1b5f
b8f6
466f
7b2f
2a5c
5f14
30f7
9238
db7a
0a44
073b
7384
2880
bf0e
1ee5
cf65
32b0
0d46
7f20
e40d
0e4f
cc21
cf02
9526
9827
dece
c553
d8d4
491d
7a9a
2b87
3f83
6e4e
e4f4
1216
d341
923f
0fd3
eba8
8954
edd1
c8db
7199
b89a
fb2e
4f0b
bbc7
074e
56dc
7de4
110e
9d6e
eea4
362f
6ed0
a0a3
ac10
444a
7f2b
4db2
e707
833e
ef17
0caa
dc94
1851
09c8
ae12
b218
c5cd
6eb5
ba14
7a25
3332
9aba
e91c
fbb0
5c62
9162
0f99
82d2
e2ae
76f5
29ba
f063
45c1
d1dc
87f8
432c
057f
273c
df79
4d28
311e
715b
c40a
e1af
c7b5
3476
aacc
5cfd
be99
e3e2
833e
a151
26bc
3cc7
e027
829d
f3a2
cc41
477e
c69a
ea88
545b
ff17
e347
f717
e4f8
7471
5d37
bc2f
8882
6843
3475
a695
b943
5ce3
cd69
1122
25bc
077b
0505
c242
cd5e
5cdb
4eef
c201
f03d
08fc
0c9c
34ad
646d
befe
b04f
8d55
e9f6
dd7c
e57e
96dd
0b41
a81f
1e6a
65fd
77d6
56f7
b47c
838d
4806
2707
8626
c32b
d4bd
1366
fe89
cccc
cbe9
7354
a398
9234
ca15
685f
3520
2e78
c0ff
03b9
3d9c
905d
e4c8
0253
1a8e
e47f
8c99
b57b
af17
8e9c
9371
ce5e
478d
4439
4e5e
f499
f9cd
175a
00ed
4284
9c54
e873
77d9
dc30
65e2
42f7
227a
aa54
7d9f
a5f2
d26a
14c5
2e84
388d
515a
e563
04b9
7b78
d63e
5622
9966
706c
4be3
f3bc
01c1
3211
6687
1309
f9db
dece
1ac8
c123
5120
155c
fc90
2aaa
13ba
bae5
4eac
680a
d6cd
980c
0569
fcb9
6356
e279
21be
29d9
531c
e04c
c097
a61b
82eb
9d1e
3b8d
45b2
1cc3
4c5c
c29e
6896
2217
cc8d
14e6
fcdd
e443
26b1
87ab
b038
13d7
c279
3e21
4594
5093
db7e
3ced
4e52
6ab0
8197
7a62
1849
ce4a
5052
7b8f
3148
c58b
a309
69e7
f4ff
e5f9
e5f3
3a08
433a
c3d3
b4f4
be39
eecb
619c
7389
bc6d
0e37
1328
5c23
845c
e3d6
e535
603e
cb66
2a6d
8e6e
abb4
39bc
ad8f
bf61
5989
b4c8
55d2
7105
c659
8cdc
bfd1
5d83
2c29
a105
8673
a9fb
707c
d403
bc7e
6042
8b13
411b
bcf3
a1b3
5329
8c27
f087
291a
d1cd
4c01
40e8
b5ad
e1d5
183b
ee37
c937
81ed
f972
4413
92c0
da9a
199e
e4f5
3ece
5784
b664
e74c
eca6
0e33
87e9
f5bd
71d5
b68a
708d
7072
961b
3a72
bf44
2373
f00d
942d
c2d8
7c22
24e1
81ed
18ab
33a0
eb5d
08e3
5c60
7a39
b183
7aa3
d929
89cd
c739
43a2
814a
cc6e
e419
64f4
b960
3d21
72f0
a4a5
cb44
6cec
945b
99c3
7325
b342
4508
e835
a67d
b605
815c
b613
0be4
ee95
bf09
38ba
6beb
66f0
8e01
911a
169e
e201
2e91
92a3
f60a
7135
0988
f044
3271
e51d
5b78
84ca
6cd3
36fa
4a49
a5b8
a56a
1ea5
1ba7
5405
7af0
77ef
8967
1a47
8bc4
976c
ad60
f35c
be87
3904
af05
0639
7cac
02c0
8fc0
ccd8
569c
03bd
c6c3
e5a4
456e
ec0d
fa1a
6b0e
5ca8
e07c
195c
ca21
f764
4e8b
345c
3757
5326
c758
daff
febd
6e12
1abf
7576
8725
bc61
8b3a
5613
f33e
e512
6731
31f5
9d3e
9ed6
4cd0
8a8b
b1c2
2751
bec7
4a12
2023
84c5
8d9e
54b2
48bc
6e74
1f68
1dd0
93ac
a91c
3e8d
eb53
ae6f
b173
54b9
3cc9
7068
58a3
3a21
0096
b35c
a364
150c
8ddb
dff1
5b92
1a7d
7f84
76b8
cc6b
9ba6
62d9
79a1
d0d1
f8ea
f447
85a8
86a1
fe05
09a1
a7e4
8875
a277
ed83
f1bc
c2a1
a231
f942
e751
bf91
004d
8c6f
04bb
e715
3e40
7d43
9ca9
4d0b
8be7
57f9
3b60
35d6
132d
23a9
a794
5459
e429
7bf5
009b
d303
2269
c96a
24f8
5da9
76b2
a8c6
2ada
2dc5
529b
89ff
df0b
0f0b
e6ce
60a1
b056
6f51
b679
e0f2
816b
5c4c
b82b
6221
9b58
3e40
bcd4
dc93
9384
de9f
cd1b
0baa
6b88
0945
d339
2d34
472b
e10e
7629
3730
624e
92af
9380
5c2d
3d4a
6ee9
68ff
39e8
c412
cc31
249d
5f3c
7e44
1cf5
3f3d
42f8
9108
88d0
506e
4a0b
4efb
3766
c40c
f14c
b388
d6a3
4274
00bc
8f72
59cd
a6e0
43d1
0feb
a529
ec30
8e99
ae7c
40f0
fe7f
b973
2a29
74c7
c2e7
d5d5
62dd
aa56
8498
60d6
f969
828b
bc40
c0d9
9b7b
8344
e913
d682
4ed5
9546
ca01
f918
88f6
73ec
182e
c64c
c92e
6e14
bc71
59b0
57f5
27e5
7fcc
36d7
1f43
11d7
ca5a
759b
dc75
22a7
760f
5059
8a59
33c1
1bc6
bcc5
8edc
1262
5148
b4ac
a044
35e4
a160
1ed7
9551
8bb8
b59b
2f87
0c73
6418
0762
4a06
e5d0
d28d
ef85
0ec7
cb03
0323
2367
a64f
956e
6df1
1be5
be3e
defb
3cfd
cb55
6f91
9b75
2316
98a8
43b5
32b3
fa30
53eb
1e04
5c12
dbb4
01b3
a601
18ef
2ebd
dee8
6ff6
ddc2
da28
dfdd
15b6
38c5
4877
b114
093f
a751
dc7d
7a77
834c
e986
f652
dcf7
85e3
f0ce
098a
4259
f9db
7497
5ddc
b209
16b7
9a36
e43d
0581
c9cf
4073
496a
d490
b232
2fd3
5049
f3cd
1ff5
07e7
a30d
3a17
040c
adfc
c4c8
83ed
1ae8
13c5
5771
8d25
f546
f491
13f8
4daf
41f0
287f
e903
e148
b821
46c7
362c
1af4
d0f8
7393
1f97
120c
e8cc
8162
2bd9
e01c
2e1a
d8be
205e
9689
a3bf
c9d1
5860
a63e
06d3
3e2e
7a10
8336
c7a0
4bdb
08bf
e6f8
f45b
54b6
b269
114f
a126
55d2
c917
765c
10db
67f0
c27c
8395
f204
a2a2
69b6
bd2c
07cb
0981
48d5
b147
5d3d
7086
b05c
5dd7
3347
7681
af75
a962
b9b7
d911
6c8a
3fa0
7a81
334b
daae
6921
9135
76b9
f132
5bc9
3bd4
ac3b
88a4
92ad
f876
95ae
b0e6
6827
ac5d
7e88
1e5a
f7f4
49cc
a6fe
7101
a45c
8451
b68a
162a
9aa5
2e39
e626
75ef
f9b8
df6d
a6ce
fa1e
83ca
6cce
3657
5a36
c6e1
1dc5
376b
801b
2266
6b43
c75a
5cec
1cf4
3a3b
a6ef
36e5
ab7c
6495
7898
2cc5
15c6
b9e5
171b
196c
a2e0
3e44
ac80
9f9f
5476
8c9e
e581
60ec
a66a
3876
59e3
a3a6
b322
ae4f
890a
34e7
4149
6f46
378d
92c7
ed49
c839
718a
5673
5f85
7c74
d65a
3b24
9c62
8870
0411
51b8
7776
8e51
75f8
347f
3300
6a84
fef6
cdff
e54b
390d
d525
3f92
ba8b
cbb3
ecd7
c3a1
7240
ea75
9652
b081
3113
2c37
0227
842a
f7a8
7307
a729
9b41
afbf
a108
7748
4ecc
c271
a8be
7b97
e959
ab88
c8a9
cbfa
f5cd
a899
7b44
9ea1
1bbb
8b7a
8e18
0b35
540f
9964
ec9f
37ae
398d
5d2c
9c03
c1a7
07d6
fe9c
2a8c
cffa
0079
6266
d5ae
76cd
dc04
7dcb
6675
3229
2bca
edb4
89e0
b3e7
99c1
82fa
6e05
d242
a8cd
398f
fc3f
9fdf
cc83
0203
0116
da32
69ca
4000
519e
926b
3723
6f07
d233
ee57
6b55
a3e8
2e03
d115
3cf7
1069
21a9
0f6c
66a1
964d
1b1f
6d80
4506
ceae
71ec
73ce
75c9
4e89
c04e
3893
565c
d0ad
6224
078f
531f
d9fe
e36e
82a9
329d
8c4e
b10a
0d86
c5a5
7aee
4e63
7a6a
5e80
f785
ed94
50dc
ee5b
7c4f
4691
15a4
9119
2ab7
cfd0
28b2
4652
6105
6688
e195
3673
e718
33ae
6ef3
00e2
b8f9
1608
cb77
5332
7d9c
a842
fd50
a7a6
639d
95da
af27
b14b
4906
9a42
9da0
6ef8
8f2f
ad16
05a6
82d2
c965
37f2
8526
4591
ed94
643b
742a
94e1
0f0f
3575
cba5
96c0
bfc7
6f67
4240
f69b
68a8
1694
0d28
ab4f
1222
1754
5a42
6774
89a1
5a8c
fcc2
cb04
06f0
ef89
f75a
9781
c80c
3e84
911e
6cda
d756
a1a0
4e1e
56a7
c8e7
4cf3
a54a
3097
816a
38cc
4a6d
4a66
3a1c
64e1
aefa
1a86
9fa6
bee1
bd84
4e36
4add
4b92
4d48
dd3f
3d68
aabd
1f91
2cd0
f653
152d
f086
1347
daee
8a3c
da20
a48a
68a4
c059
e237
fe78
007f
50f0
02b3
28e4
aa88
bd89
513a
fd42
9518
f7b3
99d8
bba6
a197
da00
bf6e
ddb7
c348
f8ca
9d70
5269
ca4f
cfa3
9d7e
45f6
cc9e
d1ca
c68d
7f70
2ce0
a1cb
0539
278c
ddd5
9d48
772f
3284
d03b
c2b5
21e0
b2cd
d2f4
07f5
6106
ffce
7278
4620
67ba
b527
e03e
31cf
3aec
91a3
7051
1559
7a2f
f40c
09d7
1e4d
354f
22d2
da2e
6ed9
b9a3
1243
65ae
0450
2adc
6b3e
c79a
cbfc
c042
ccfb
d34b
ab40
b443
b2e9
a930
5b1c
a6b3
f7c2
5932
7cdc
c8b9
71ac
55f5
cc07
7aa1
f736
1e53
206a
7c4c
b946
24c4
d30e
c280
bd17
dcab
99fa
970a
487a
f5c3
514b
2a66
7cc2
bd1d
70c7
dfd7
bb88
c222
82eb
cafe
c2c8
f01b
e96f
b766
4e9a
dc2d
e247
7459
cfc8
0038
0687
2daa
09b5
85b8
1aeb
aa4b
3569
2bb5
c514
ed44
b003
5185
0033
6423
9106
3e4c
32a9
f3ee
60e2
e9af
14db
dca5
c2e7
fef9
e478
d18b
6556
cd51
bc29
53b6
dbb7
9147
72db
b3be
624c
802e
71d1
942b
9d95
5fea
be2d
4838
2a34
64fa
88ef
d3ed
565a
2607
afb8
3c87
5241
d04e
de27
0026
a0ff
ac07
a51e
384e
28bf
d593
9b37
8849
554e
b1eb
223a
431b
6fe5
6a7a
1bc0
a32c
f8f0
8536
3e3a
61f1
cabf
362a
dc3d
0f6e
3081
a583
f049
4ead
7574
94f1
5f4a
811b
6381
c230
66a2
bf12
fa58
ff47
d26b
e4f1
c3f7
1025
78ca
306c
ecf7
76b0
2b59
a29a
8ed4
c333
1a0d
d94a
9bda
e30f
bb38
4950
b2a8
2875
4c0d
33a8
2580
732e
1f62
68a6
0e67
6611
544c
43bb
e7d3
1409
464a
a613
6fba
1829
efa1
a95a
dcb6
dd0f
d725
a1d3
9d4e
768d
39d7
15ed
65c4
8bc0
5bdd
317d
1828
40c6
4dab
da9a
5b47
c335
53f0
359c
c306
14d2
887a
c9f0
52cf
b8f7
2bf3
d098
1e2e
2ea9
a445
6366
82d3
ffd4
d9da
a229
26cd
253d
8082
4132
4da5
2acc
e6eb
e385
ecb8
6534
0c70
146d
0ab3
128b
bd8a
85cb
41d1
26d9
3981
6cef
33f0
acb9
cd52
7881
bd41
44b0
5fee
e93d
058c
bfa8
6215
8d10
8f0d
098c
b695
4e47
8954
4dda
707f
6693
bb01
3685
a618
f164
7dc3
f280
f88e
6334
d94e
9ca1
205a
6a45
1ae4
276c
da83
15e3
7da0
7502
0319
0493
9291
6bd7
5c4d
b7fa
adea
5a85
6eb2
a9c7
5358
58b1
19c3
ab1f
f6d0
4ff4
cf48
ed2c
c4de
7c77
e950
025d
1618
23e8
85fa
6aba
331d
899d
385d
a077
e77b
45fa
124d
c19d
c59d
cbdb
bb5f
7e92
fe95
45f9
ccba
1e4c
2f22
bd47
45b9
0d2a
9e36
ee4d
0226
9dda
c2fd
cd12
d510
4e6f
25ce
f8d1
0dd8
c752
8777
59dc
e745
c46c
cf73
aa45
5ab2
3de2
10b8
835b
b979
26c1
2b04
915f
907f
ae9c
bd03
83c4
954d
cb4f
0a57
acdd
c64a
7b67
faa9
415d
2103
4168
0819
64e7
4d9d
23ac
0586
29b6
69d6
fd8d
33f6
df86
704f
829b
620f
98f1
2278
3416
1d06
7c84
0839
e092
b091
c6ab
9090
61cf
cbe6
7581
65aa
e41a
80c2
521d
cfc4
16da
89a1
5789
eaa7
5d32
6ce5
a2c0
de6d
9892
2bd2
e528
74f8
c5cd
45a5
d618
5102
dd6d
0754
50e1
8794
1083
7198
a092
790f
2321
ae3a
c939
6d7d
7895
f3b6
eda7
9909
4b57
4163
9402
7ac7
cee1
556b
aea5
d12e
af0e
a48b
5d52
6f3e
ba69
c26b
05c7
8685
ee23
0516
1498
9352
01a9
ed14
5696
26bd
0cad
4179
3d1e
3a1b
ba8b
f85d
d895
d431
7fb9
dd0e
ced2
ea62
d4d9
d0cd
54f4
ed6c
430d
c09a
ea69
aa2d
1a33
b85d
78f0
1e2a
f2e6
f43e
29fd
1938
ec5f
c195
88b5
586b
b9b6
f751
8239
6e53
6276
3270
d4f9
532e
421f
3565
eaf6
6a42
f6cb
a1e0
d730
c657
3fb3
d835
71d8
2a76
cb98
aefc
bcfe
f6cf
09db
8842
6160
a17f
8287
5ba6
f7d8
cf7d
ec63
0179
63d9
48aa
23e5
4215
a1aa
4abe
16f1
ec2b
1393
b022
debb
b79e
155e
422d
5453
9d9b
db06
d286
6dba
72ed
9aec
3f00
21e2
5f49
ff06
c410
9904
cdd6
1169
25e7
1c21
b32c
eb7d
753f
e33d
c699
3caf
72d1
d191
0d7a
6220
6a0d
a57a
63f6
4015
4cc3
60dc
178a
6650
32a1
e527
00d6
1f6c
469d
ade4
9fcb
52b7
4a0d
1881
2179
27ec
ec51
11d5
9b31
d9c3
6eca
dcbd
50a7
62fc
d0fc
c6cf
b096
a57e
a264
36d8
60ae
58f6
9eaa
1ac5
5a95
38d1
886a
3b1b
5539
696f
1d00
12ea
1c2e
9676
2330
ab54
0809
6cb9
329b
ea27
b0ee
bf9a
8a21
b925
5049
593e
535f
cffc
f44a
cc55
a0d6
315f
0c48
bfdf
7d7e
6541
7ead
9be6
96c1
219f
a4b9
4ac6
4d2c
2ed9
89cf
e0c5
cbdc
128a
d919
04f9
7fb7
9c42
0f5f
05fe
29f3
757b
3c94
3b23
706d
8abf
426e
c3d1
87d8
7575
357e
055f
1e8b
f27c
b998
9101
3584
27b0
c347
2f14
047d
a604
e202
76ef
6bbd
77c8
9c88
a293
e3a8
b35e
91d1
09b8
dc54
e0e2
3410
bb84
77df
fcd4
7b54
c593
d10c
2f55
8e79
6417
e364
26b2
33d8
29de
1ff2
5bb9
d268
bf44
ed0f
6761
576f
8d57
5e30
f5a8
5b20
1d55
31cf
ea68
2211
9ca8
498b
6bcd
8d14
8817
960a
3700
fc9f
9e18
6e64
9b64
6ece
5629
9835
2385
9f43
2060
49cf
d164
1e05
9f8c
47c2
32fe
ce69
a975
da9a
9222
5628
cfc5
0ade
5902
482f
5572
2170
3a7a
721d
4286
4cb7
a9d8
a0bd
7c8b
6835
cddb
95e6
0df8
a16b
68e2
c3a8
60b5
1d3c
b9ad
c371
f04b
60f2
ff49
c9fe
5fe8
2fbe
2e41
0190
e09f
9bfc
8525
4442
a0a5
1667
6c6c
c897
b5ef
7db4
27d2
51d8
5d66
cb32
6512
a2d2
6839
b3d2
99aa
9b74
88ef
b309
27df
b71d
40a2
f56e
2aad
f43f
2fd4
78b8
b996
375f
3957
90d3
d67b
1f56
4a5f
07bf
63b6
d26a
1864
bef4
afc7
1617
e0c4
38d7
a190
fe56
335e
aa61
39f5
20e1
5c99
a4be
d19f
7fa7
1277
bb90
8348
9c44
8e0c
5f53
6061
9d75
79d1
0ab0
c140
65b1
87e0
fcfc
a652
00e7
fabc
a2ef
482d
0c7a
d3ec
0d84
faaa
d995
96f6
ea7a
83bb
7048
e72a
b161
832e
780a
2e58
2d40
013f
c52c
bc93
336c
4a45
06e2
14c3
8bd6
cba4
6a14
3ff3
0b59
55d8
a203
dff2
fb44
a291
2409
424c
0e1d
5982
27f4
e6d6
27f0
d28a
912c
6ee9
7064
7f54
f5a7
7b98
9df4
d1f9
99e4
2bb6
9ad6
598f
9bde
af44
eb32
0a0f
d369
4754
2430
223a
16e3
6f21
2831
10c4
3af7
2edd
0579
77d2
224f
ee75
6c95
5348
89ef
5f87
4a62
408e
8697
6418
651f
a6d6
6e58
9555
b8fc
c8e9
da5e
9e14
4977
d492
f565
9606
64be
7ff7
587e
568d
fd63
6fc2
c7bf
4990
7d32
0e06
96ab
524a
cb4b
0efe
9f08
36ce
4e81
1a78
89f3
89a2
9c3c
353f
537a
26fb
0111
37cc
3da0
9e01
5968
9dae
8bc7
558b
24fb
90d1
1876
f6ee
25d6
6f00
aa3d
ff15
24fb
7916
4074
3201
e5f4
cf31
6b85
c1ea
00b1
458f
1ac6
d7a1
2939
7e01
2dc6
ab1c
b9ba
d125
79b4
c4cc
5274
8a32
c700
236d
7e05
498c
2b9a
07a4
ee2b
cb94
653b
6ce4
d93d
d978
09d4
6877
82db
1f44
7741
e7bb
a4df
81cd
232b
479c
dd2c
c120
115a
4903
2e21
4316
a60d
f637
bec8
8673
81d3
02b9
8716
d929
7395
a658
91b7
cf86
5eed
affa
522f
f7da
16c0
3cc3
386e
0484
1ded
a3b6
4182
5a3c
f9d6
f63c
3ffc
d4de
88a2
5cd4
f7f5
664a
cda6
b456
f64c
f7db
05f7
1efb
b4b1
0a0f
3279
9784
8038
0987
d18a
9658
3b21
0058
9c1b
da18
b333
a92a
6149
1279
93e6
e3b6
6775
9a23
4a78
26cc
07eb
8af1
91bd
5f65
d200
c7b1
350b
cc77
3abc
13f0
0fb6
79c8
992c
0452
2472
e0d4
d1b4
8473
dac7
0f19
29e3
a95d
e774
9dcd
5410
f47f
487c
3f82
a52d
d547
a08e
d967
a4ce
ef57
f050
6ace
bd30
a5fe
833c
fdcc
088c
d5ea
aa0d
6968
92ca
60f7
5415
5bbc
c95f
f551
3437
08c1
1e57
0cdc
d903
670b
7df5
a6b0
aa37
3bc4
44df
0d34
4d31
a866
b6ad
04e4
2c9d
9734
463b
28eb
305b
4464
0810
78a5
bfe1
3b37
6db8
1a62
40d7
bbcf
2ee3
5a04
4855
8c88
6bd2
5c6b
65b1
9ea8
2107
b100
66c7
74d6
94bc
ef8e
49be
91d2
e1b0
e86c
8049
135e
ee8d
1ca8
263d
08c5
37d2
f38c
b5c5
4599
407e
3ec4
9918
4f5c
9b79
56f8
c782
e8b1
dc5b
d701
6fd3
26b0
bb19
7033
ba64
4d96
4f9f
1528
5e1d
1fd8
fe28
e008
6506
d6be
1e3d
763f
fbf9
0cb1
a881
613a
d26f
3222
56c5
d2b9
659e
5ce3
f199
31a9
12cb
c389
7d25
7984
a7e7
2cb5
dfd2
05e2
f19a
9f30
092d
5fa2
9ea5
527e
c2b4
e256
5782
6530
3bff
aa57
0560
c701
77d8
5d89
5f92
a0fd
000c
6e73
0469
e96e
1991
7c2a
94bf
3b15
1577
5093
b8ed
e57e
9cd9
bf85
44c7
151c
95d4
d11b
0004
b176
ec13
e1cb
4d7c
e138
ba18
69bd
0025
ddd9
7fd2
23a3
0a32
7fd1
9eb5
43f7
bf3a
881f
2bcc
df10
ff78
f82c
73b9
9749
e101
561e
e147
7bcb
25a2
59b2
349d
42e9
b65b
df6b
83c2
8e63
a0a6
e1ae
fcca
5a5e
7332
ef2a
4fb1
7428
b91c
7cf7
df71
8648
44ac
b07b
4ce7
1e94
9872
cda1
f066
cc56
96f6
ed20
287f
1d06
1135
b7ab
cda2
bb8b
4ced
5546
4ffa
5ce1
0ce3
bb44
c2e2
93ba
2578
e220
305c
ea9c
592b
4cbf
e4a5
818e
0fa2
f3b8
126d
4d88
747b
cb19
e148
e197
5221
4718
c331
fa61
f9ff
d1b2
0f55
f498
9bef
f51e
b774
a495
b797
41cc
0adf
0c06
15de
c843
1e48
eec2
87b1
28a1
671d
b39d
dee6
d049
f742
26e2
f3c2
89e9
5b43
5a47
a698
74b0
3b35
e6c0
6a4e
652a
c779
2897
6dbe
1635
78a7
374d
9d9d
58f8
d8d8
7e99
dc0a
8000
83d4
4831
18fa
459c
b79d
155f
b10b
3ba5
a70b
e1f4
23a3
20ae
2a00
a7eb
af88
3b54
0cd4
452e
c808
5bd1
9d2c
e6c4
0e6b
e2e0
d8a6
4626
6121
e819
065c
a0dd
dd13
1653
0c62
367f
e920
afe7
065f
c001
4892
9e6e
c73b
f025
a84b
2eeb
9b7b
ce87
c308
334e
3eee
a1e1
8379
d689
ecc4
8558
39f2
3351
c621
f457
621d
d6ad
b501
57fc
400c
01c4
3f0c
f5e0
ffc6
5d8f
70e4
417f
0830
8d27
382d
4adf
e8f0
49f5
4815
743c
4383
16c8
aae9
3466
80d7
9d26
f6af
0b87
ce51
de03
5136
e9eb
4b89
a8d5
ca9b
4c87
8e80
a681
060e
edc8
1ab1
9f51
70d8
24fc
19b6
f7b7
a951
5bb6
c87f
fc82
c1d2
9e72
7b9e
7ded
f8de
8ee7
aa44
58d8
996f
846a
71fb
eb52
ce8b
4bc2
511e
4ae7
a7b5
00a9
f175
dfc8
afc8
9c66
14c4
074b
7cab
264c
5293
214c
1a9f
5585
77ae
d090
aa57
3dc6
03dc
7018
f861
bfcd
1923
ca75
2722
57e6
d990
fcbd
89bb
206d
cd35
baed
cef2
4cec
b108
844b
d5ab
f11c
c883
1ad8
c0e7
4b78
4c0d
d1a5
599f
663f
2cb0
bb51
0572
8595
aa99
2ba9
674d
5a7c
8e10
8253
3d9a
dd69
215a
a102
1854
d765
cc93
618a
5484
ddb0
7c5d
6992
e470
3456
d47e
c8bb
f8ba
d7ee
c603
a0ae
5e97
6d00
5b35
42bd
7597
4934
35fd
ff3b
b0e8
c42a
1e54
a8b5
5cc2
d57f
cfd6
d99c
943b
7d91
fdbe
f53c
9e61
a9a7
efad
ef88
3a0d
482e
61ef
8386
f4f4
f987
948d
388e
f2aa
9536
58f5
b1a8
dbf8
efa2
c218
664f
f262
291e
78f0
303f
3446
f4f1
99ff
d530
5054
9b61
6ed0
f8dc
a9c9
1a5d
91a1
3691
49a3
8e6e
08ee
d7e3
243a
03ca
cfbc
72b6
9d18
e48f
6b0a
21b0
1c90
6028
b59b
453c
8738
a451
9640
592c
24b7
a6ae
bdb0
7f86
302c
85b9
2413
2d18
8efc
56cc
366d
75e2
efc7
705b
5dc3
279b
bd94
76c9
81c6
6bc4
ea6e
3008
da0e
9781
3342
ab95
284b
c221
6536
c3d3
992d
a83c
bf8b
293c
160d
2c94
b328
7247
19d2
1d6a
2885
786c
77f9
f8f5
ecc1
f245
1f85
278a
a52f
8251
b2fa
c7f6
db8e
c49e
5cd4
7118
cc3d
f9bb
c98d
0643
9c3a
4dcb
9323
6e42
bf13
6958
1e2b
d26f
35f2
3761
f2df
c64e
0ca6
fc35
faa7
4375
150a
d274
c8ca
b125
bc97
6f6b
2e35
3ac0
bb03
c85d
63a0
08f9
f539
dc23
7991
c3e4
410e
6455
443c
1178
0f9d
876b
fbe5
1038
ce0c
0517
ad43
b4f3
eae5
5be0
165a
f54e
85ea
b6f2
ea86
9b44
c934
c037
0254
03b5
ef3d
d1df
c709
bfde
48d5
a30c
c8a7
823b
ff69
b057
abf3
3951
67a1
83f3
9ae6
df54
3e70
e680
dcac
b545
e056
0ae3
6a2b
640f
dafb
d303
2c54
3184
e0f5
0836
e91c
b3cf
9d40
f4aa
cd6a
c372
2555
66e6
0af9
8b10
61e9
b9ef
2761
f789
7b7d
e2ca
4f94
532c
9b39
bb5c
8cae
190c
13ca
013e
4a42
0c67
50ac
b6ce
ffb1
6d3d
c44d
033f
5bb8
6991
d110
324b
bb88
8bfa
d9d5
f3f7
70db
f056
ad90
9849
1f55
6864
ac35
cfd5
b2a0
bad2
94f7
0206
2f8a
c722
93f0
1a22
ad79
cbf8
ab9d
c3cb
d707
928b
d455
94bd
5e69
dd73
1b6e
19a4
b9e8
c09f
0372
c2fd
3a9d
200e
0c1e
a0c5
d8c8
8a9b
0380
ba12
2138
ebb7
0575
d482
1dd7
38ba
f474
d894
06a3
d75d
bb09
d9f5
160d
4a37
7f1b
c24e
57db
d6a7
cbd6
23cb
680b
c9c4
ec5a
e882
b0ab
b670
2c84
c24c
3d4d
b654
5519
d3c9
518b
ad89
c03f
43f8
db63
cfd8
d745
7564
d0d4
fd1d
c050
daaf
3610
582b
2b45
57d6
d69a
0b39
1e6f
310d
abcc
1630
b7d2
e7b7
80f5
635c
4ab5
b40f
455d
b42d
6557
93c1
56c5
98a6
ccc7
0301
760d
90fe
132b
f98e
b269
c643
e9d3
ad26
eeb4
8f25
9cef
1beb
bffd
2d05
865a
b619
a2d2
f716
99ae
65a7
1828
ea60
502a
622d
a4f4
8906
858a
4721
0efc
7100
6fd9
b526
d5ac
ae61
cbcf
f8bf
a5fb
8e0e
f7aa
2773
ef21
2a3f
4b20
a371
650c
a170
9aa9
2e09
4bd6
cb4c
ffd9
2c51
d33f
47d3
ed71
47b6
a33e
f138
2cab
ac8b
5d88
b7b1
c93e
ad69
7a77
f843
635d
a8aa
a6d3
c67d
6df5
0467
ccdc
4af7
fd6f
b277
6bfa
f3c5
68f6
958d
1b2c
2be8
0e1b
4665
0a18
ea99
ee56
9b84
a60a
a8d4
ca85
6426
91dc
8f3f
8d1c
295d
1256
727b
bb48
f3cd
c428
2c2c
12b2
aee4
25c0
bbbb
977f
3de6
ae35
d78c
9a99
7d7e
936a
3430
a6a4
9fb3
4d47
4e69
4913
ae31
5f14
7008
8848
6982
cf80
30dd
a4f4
31e8
9aa5
3189
ef56
61a5
770f
a3a2
ddec
deeb
6201
875c
f6ac
01cd
3df9
9095
a766
c5d9
496f
38d2
1228
e221
030c
ac1f
a316
cc42
350a
8f4c
927b
db1f
ca38
4993
d1d8
97f1
dbd9
6a63
3539
68d7
d9a6
5734
dc05
ef51
c48c
d235
2891
3498
d460
cf17
451a
36ab
171f
2ff7
c90c
0dfa
63d1
82af
017b
4316
b6b4
1881
7754
cdd2
49ee
c773
8304
7fd2
cdbc
1adb
b3b7
0b6e
ebb7
d6ab
a1e1
bb17
6bc3
5f06
f3e4
a3e6
c188
14d3
3adf
00bb
b01f
3312
cb30
f35a
f252
3344
1f64
21da
18fe
5bef
f7eb
147a
6140
e6b5
4314
39db
5495
4f6d
6943
d82b
4f9a
1780
83ba
c3d9
3cc1
04af
c705
62d9
1b90
a3f5
acf8
591c
ebbe
1710
74ec
aefb
4a5b
36b3
3aef
e68c
7f96
0715
cec6
1d7a
a2fd
44ac
4339
5de7
9979
6160
62a8
8570
fcc9
1837
9544
f384
075d
764e
bc32
b61f
393a
2011
40ca
e803
a4ac
723e
bba6
bbbb
1cc4
05da
cd15
e0e4
2687
540f
dce3
e686
51cc
a4bc
93e9
6070
0edd
a4e9
afc1
61a5
5ae9
14de
1c0d
9b09
050f
5a09
92ef
61a0
d062
baf8
326c
8599
6c2a
cdbf
f537
0e55
3ad7
a17f
bffb
b64a
7c83
4533
6240
6f4b
7b71
ea87
ee8d
6007
b53a
3f71
6b1b
facc
900d
d68d
a487
37d6
d69b
6e50
9d0f
af78
7168
3823
8d2d
d929
089d
7c60
db43
7da5
c6c3
6a8e
63c3
945e
b6c7
00f7
0687
90ff
abd9
7243
6f1b
4f38
d0c1
b459
c764
5020
bcbc
19a3
55f3
8d1a
f054
ad14
206d
fa4d
fd2d
9d32
fe4d
9610
ee76
26ce
169d
19ad
2819
ae20
78a2
98c5
23d4
5106
db1b
37fa
1df3
e01c
c773
9468
74b9
4bac
86b7
876b
9ba7
0a42
6411
d208
6e31
e327
f9c6
2160
890c
437c
f326
93ef
d401
5f3c
daba
ccd5
bca4
3313
9c35
dfc0
3b6a
12ed
da01
0ea5
9eca
8af8
e44e
f85c
2677
bb61
4ef0
9ce0
41eb
fd18
d5e6
458b
9947
087f
b2a9
74c0
371e
8226
3891
9e50
3a5e
a6ab
969b
0e48
83bf
d835
04e5
ebed
8b28
1a3c
92f1
5659
4e80
4ca5
8280
062e
326c
bc38
b7b9
9d28
7a84
9f75
e4eb
3ef9
7915
2dcd
a170
e120
219b
0545
f076
6ef1
aafe
7396
2f90
d426
cf60
0b36
1b37
c029
2842
6553
aa9a
ee11
d46f
c6f5
291e
1762
0893
9c1d
5a38
9355
05ee
2c4e
44b3
60b0
4514
2f37
8cab
fa11
e006
5a26
8d4f
4f9a
d011
17e3
2faa
d197
5547
d359
48c6
192d
895c
7b64
77d9
b0cd
114f
35de
66b1
86de
cb0b
d3e8
7e0e
5b10
a582
82b9
5844
7a75
7118
4d85
629a
fae1
128c
f909
8cfa
7f70
00a9
4fc6
eea9
a516
e3c3
16f1
1836
054c
8ff1
13d1
0408
10e0
7b5a
d99a
0aea
3eea
43b1
a569
5d74
7b3e
a83e
c502
75dc
c174
fef0
9ba9
7423
44c1
7511
4a3a
4f87
0994
7480
f149
a9fc
e0b1
2452
cd70
a43a
1142
fe6c
6b8e
a9fa
a7b5
85ef
ce78
4995
d9cd
3c17
c1cc
8913
eaba
75c1
c4bc
8744
8f63
187d
f261
5d59
392b
8dcf
b358
d96d
664f
ad94
041b
2bb1
26ff
393a
a01a
3d1d
2026
50d0
5472
6067
5f09
a5f3
26dd
67e5
b0df
b55c
8124
4a0d
a68a
601d
9edb
d54b
a379
fd0b
ee94
70b8
37ad
bfa7
7348
cdbd
8dce
3635
4a53
3090
5350
4ca8
d0a4
d68d
f461
b2b8
bb8e
b453
3bff
26ff
892d
5d49
a3d6
bb97
e2d6
7eb4
6cb3
217f
006d
8cd2
1972
c2b5
f03c
d351
46ca
6d03
8bb9
da77
6ceb
e755
4342
d783
80e4
8c8f
44fa
28cf
ebdc
067a
a268
5796
b6d7
e050
1008
a0e8
b2f5
c72a
f258
8fdd
dff2
deec
5bd4
916a
169c
5b05
ffc3
cd7c
3ffc
8075
7d2f
56d7
1625
5d28
a0c7
16a0
0462
5497
6972
a01e
67d9
d5d3
d35e
30aa
01d6
ae6b
b05a
c201
ae7a
4883
c067
21f4
ac03
e697
0d86
e5e6
6d17
2614
f397
f493
fd8f
1abd
1ad8
9901
1c60
1175
17c4
d501
8738
f5d6
34d7
df37
15ec
48f4
af70
32e2
b32b
6acb
9def
2d02
4d94
2ef5
c7ca
356f
7f38
3d8e
4764
fd3b
83fd
6dd2
b157
6a8e
87fe
771c
22e9
7c7c
f238
5297
2680
6dbd
af2d
69c3
da86
ffd2
2642
608f
27d6
2377
da67
5fc8
7dac
da2f
3d37
7639
a5be
e5f8
1646
8319
52dc
a2e2
5323
f35e
a00b
0649
c349
193e
c42b
3d7f
779f
920a
0b14
efa9
5773
f6cc
5b92
28dd
dd9c
8a4d
89f5
3c47
ec20
0bf6
1bcf
32da
2207
4947
0682
701e
9da8
6d61
1595
b3bf
685f
3273
d3de
3d39
25f1
0a3a
dc1a
7176
3cf6
457f
bd03
c842
9c4e
cbc6
b856
b071
39a8
6d60
0b86
b26d
fc17
1af4
2ed4
96f7
0b4a
81ab
c3a8
3123
3363
364f
700a
d2ee
ce82
1285
d779
f22f
297d
0a8c
5aed
a1d6
5e90
0239
b9d7
9547
7f36
90ce
3876
3ebf
6491
9e2f
690c
316d
35e4
63d7
7081
8072
d53f
763c
5982
1405
cca7
7fd8
229a
ef1a
7efe
5ee9
a793
64dd
dec5
8edd
454f
b35d
afe2
a0df
c745
7abd
57f8
1013
6293
d1d1
1844
6dd5
5842
7721
7e0b
7f81
5e73
c3cf
686a
233b
3cdd
d042
534e
5be6
16a6
9fcb
e344
efd7
175f
7f32
3288
159c
8318
1f29
0015
e6d3
ec93
3293
98ba
e73c
993e
722b
ffe4
a85c
2b1c
7bfa
65dd
0117
c4f2
6e87
f527
3027
752e
7e38
787e
0a70
92c6
8ec8
3a0d
4b4d
8b30
51c5
b2a0
5022
5d79
7924
18b1
5447
d6e2
e163
824b
0b37
e1ba
da70
1be4
0c44
40ef
4e3b
e0e2
53ec
4dc5
a812
3639
ab77
d1b2
22b8
1785
e702
6469
3395
c615
5819
670a
c09b
ee5c
4ec1
e915
31b1
d515
f7c7
adf5
61ef
ef44
a28b
673c
7aa4
8e28
33bc
9252
3c1d
4638
6303
dd9e
5d74
bb79
4386
3f7c
68a9
0094
8896
fbd3
f69d
498e
c65a
b6fb
e004
82b5
9c11
2fc8
b1dc
1266
9da5
6188
6094
6415
0882
60bf
d707
f145
e8e4
3b3d
1034
7792
2331
790b
cf08
1f73
924d
b932
efb1
77fe
da55
2264
9910
4158
b5da
93df
a2eb
4463
b7d4
890d
82d2
8ca2
15c7
4561
8c3e
87eb
0e25
805b
5515
24d5
29e6
8566
cf2d
44a8
2ff2
3f0f
714b
87e3
a8c7
3de8
ed8b
b963
3d0a
bc58
c4e4
ab12
6871
3212
1fc5
9218
2fde
df36
c0fa
2bf1
b3b6
a843
a599
d745
f907
faa8
131b
e024
2abc
97e3
c7a8
c660
ec7f
7d3d
0748
a4f5
a57a
2c0a
4d5c
9b84
08c5
7eca
e0e9
0b03
84c0
3f22
0522
2ccc
2237
69b4
9ceb
10d5
6208
8307
1c2f
96b9
de9d
5495
8ede
68f2
e2c6
12d5
84a7
59b4
80b1
ce39
d9e2
17c9
367d
0bd5
26bd
42dd
d546
1319
1797
ea99
586e
ccba
7ae4
0764
2040
0073
c6b4
b44c
5a74
88a2
eacc
69f4
6f39
648d
0f52
00bb
7787
d04d
32dc
1a27
c22e
ddc8
79b5
245c
cbdb
df05
b8b9
7940
c731
03e1
fa04
44f6
7b23
53e9
3325
fe09
70ed
7ffe
9100
cba3
814f
ca8a
f9a1
21fe
6e2a
5709
a917
8caa
af2c
ad5d
43a1
a45b
658e
3231
44ac
f2a1
51d2
2a78
1d3b
5752
afd3
7c58
c12c
3c41
71d6
ebec
ce90
a51d
a506
cf08
d498
92a3
22ba
bf6d
02d5
bda7
81f9
cbdb
1880
3827
07a5
36d5
fd04
f097
7d82
8f3a
e4b8
7157
9fb8
f5f3
15bd
36ea
a781
82a0
a856
2a28
63e6
1ad5
32fa
2dae
5df5
22c1
f955
95e7
4005
656f
3a67
cc5f
4a39
3049
aacb
1cb8
e96c
812c
f277
6d9c
f10b
af60
51c4
a8dc
f22e
0918
4764
676a
0497
4263
1a80
08cb
5fbf
6013
f3a5
4667
c1a4
7796
19a8
cdb7
8ecc
8b17
330b
0883
b29c
577f
c2ba
f6ea
6f69
8bc0
e583
02fc
5ce6
fb98
ffa8
b27c
fbe4
e492
4bda
7905
b0b0
81e1
1a54
89e5
2384
67a8
729f
87d1
0c9c
ad47
3ee5
6360
315d
7df2
82f6
069d
165f
0482
0468
c57e
8545
4b86
f8bb
a00a
577c
17f9
64c5
85b1
1e47
8d3d
1096
94ca
59cb
0148
1de5
128b
2e0e
5bf5
58ed
7432
5183
c89e
e6f5
d686
b6e9
dbdf
29a9
a6f8
936e
3cf4
935b
5e75
0090
cdf7
d066
724e
2c93
0304
a94b
8ced
44b3
d238
3925
66aa
cde7
14ed
e5a3
6d14
fa26
adb6
e826
26db
a086
4796
50c9
bfcc
71e8
bbbb
a64d
c7d4
80d4
763c
0401
ed6e
b12a
b90f
cb45
84cf
c904
c6f4
9930
ea11
f416
2ddc
a3e0
60a7
57be
d3bf
f51b
e9a2
4837
ec4e
234b
4109
2a24
68df
ee5a
c3ba
94ac
c281
f022
7351
fdcd
f17f
bb0d
6d6f
fa04
9984
364f
aa7d
f67a
df00
254a
da5d
3290
f071
a974
1fb5
229f
afee
ed03
dd91
008d
83bf
c878
a5c7
d141
2362
cf0d
0e09
a45e
24cb
0a8b
cb2e
b0c2
0582
13df
de69
9c89
f38d
a90c
a71f
19ce
f226
5ad7
b9d5
db84
4699
e539
ee7e
a176
a812
3e31
8919
bd3a
64dd
37a3
04a0
a8be
bc4e
f68c
8b99
8877
42ac
db25
6eb7
f052
9338
fe32
9f66
7785
3158
90d2
c4ac
db04
fb09
0d65
af70
16fc
adae
8698
f498
3dac
0d3e
57b9
db4b
e637
bd4e
c0ec
3061
2404
8254
b5b4
b649
5199
9a84
16f3
6b04
5d55
5be4
ad4c
5f59
7842
d4a6
4d17
90f5
33e9
45c3
566d
99b1
7534
4314
17ff
30e8
9ec5
416d
34e0
12e4
8633
ff7e
10d7
0d1d
9159
d60c
7e83
c8e1
caae
7bc7
9203
1e25
7915
319d
795a
e271
5867
cc39
cf36
5ced
08c9
0be6
16e5
d002
3247
e820
38e1
169d
3739
5592
89bc
a40e
a609
875a
920f
11e4
930e
2da9
1fd0
c2bf
6ada
8ce9
68cd
5b0d
2494
2bbb
c101
c646
9d62
746e
bbe3
f862
17c6
3f8d
2ef3
3887
3853
9701
1fea
6530
34b7
cc74
63fd
de4c
2a83
c9b1
ea38
e782
f014
fd97
5b2c
12af
d015
da99
9381
0a45
299a
3c7d
687b
ef06
8624
30de
d1ea
6b62
a262
97b0
35a0
1dcf
99ee
ade0
a667
abb5
4f2f
37b2
530e
0d98
6cf2
f428
6405
708c
43ec
81d9
9cac
a4c6
4d9f
5582
ef9e
7a44
2342
4fc3
5001
4b61
5ec7
6fc5
c635
9941
c27a
ba8e
9ca6
dfea
7e57
401e
edd2
1343
907c
3b31
7628
4a00
4603
024f
5564
e3d5
25e4
1048
921c
c07c
a40d
ad50
c591
dc93
5e3c
c2ad
80b4
bfc6
1913
289a
e473
8408
f881
6d5b
41c9
c451
8b22
c73f
be31
a5f7
c48d
1610
a5cf
db91
865f
be54
268c
1587
e2e6
d397
6be6
c791
15c6
c729
3888
1b06
6337
1524
cb03
9e90
863d
d167
0acb
c00d
4266
16fd
7f2a
d669
5aa8
fc58
e199
565f
3931
2ab7
bb38
49e0
003b
6adb
6d1f
d429
2d6f
f366
69c8
cc9a
2a39
b9fd
bf2d
d924
75b5
b413
401d
29bd
dd0f
b3a8
402a
ad7f
cb30
b322
1be3
95aa
845d
bcae
4948
db56
3bfe
bb87
1d6d
8191
32bc
3d85
5f02
a4f0
dda7
6d24
f065
8def
4129
d331
ec37
14b0
449e
0443
dfa1
b906
ab64
8a64
a6c3
e31d
8548
ed09
6d67
92d4
dc4d
4900
00ce
24b3
2a36
8890
63c3
3f80
ad20
72ef
4c56
f6b4
b827
c57b
8295
6118
5812
e9e9
ecaa
28d5
1c4a
5b36
41c5
c86f
4dfe
72bd
6b5a
d69c
fc10
5c4c
cd97
f152
21ca
d0b3
507d
349a
41e7
ad4a
5f6c
5b9b
c631
6b04
3d37
27c5
98e0
e4a1
e7cc
81c8
2dbb
9276
dc16
02b9
d00e
b646
2b23
bf81
466b
5e44
153c
a055
ae63
49f3
45c4
f251
4c90
bf41
232e
3f88
173e
599d
967d
1f9f
892d
fb33
c85a
3933
90c8
e0b1
2413
01b5
9a5e
c867
7ec9
bf3d
201b
81aa
66a7
27aa
521c
cc63
47a8
56c1
d70a
9d73
3365
0c2b
9cb0
a23e
714f
ceb9
6f91
ff72
137c
af47
047c
148e
e13f
d585
b0bd
6195
190a
002d
2920
4391
200b
1fc8
8859
99b6
0f6e
763d
58c0
dc24
a761
a3c8
45a5
e510
314b
ac62
910f
9cb1
5101
ec41
4809
7d92
931c
3e78
e6be
9684
28d9
20d9
e208
b2b5
ca7a
a05a
0c2f
f5a6
a6aa
20f7
7b2d
b94c
094f
184e
1465
6949
a5d5
bfc3
ca45
8677
aab6
e609
6991
79db
893f
3f73
3f4a
a06d
5522
cb3a
c903
7c2e
4e87
61a3
7908
28f5
af10
2d9e
7c0a
48d4
fd4b
f71a
106f
618b
2a5e
3468
7bab
a1f9
a89a
20f9
41cb
6e97
f9a2
9856
4edc
e30b
27e9
85ce
2a74
df38
2609
fa61
cc3c
d7f7
128d
761d
d75a
cbf5
1d74
3d9a
1efa
9921
a153
f052
2ab0
1102
a38c
fc6c
2a37
2ac2
770d
cde3
3572
a9c3
1a68
cfa7
97af
61a6
f31b
a633
f2b0
5b3b
81b3
f765
5555
d77c
0fc0
2dd6
1ba3
fa5a
9ce7
1a99
c3b7
2322
4df0
db67
d66f
ff2e
0ac5
554a
97ca
a63c
0ef5
54d5
bdce
7eba
2ba7
14ca
d0cc
6a5d
bd80
6c3e
68e6
eea2
8cf5
dca8
1025
77c7
9e6f
6b26
6099
3186
fb18
a3fc
4e92
f410
8155
743d
01c1
8bde
1316
831c
9316
0408
e3ce
bf2c
f4e0
636c
8df2
626c
6c74
5369
28a6
f13b
50fe
6863
7253
ffdf
fd1c
e7b1
236f
8fec
b3ea
df7d
bbcc
083e
5b0a
0160
2e50
f3b3
aa50
f8cc
36ed
5461
35c6
d4d3
f53f
6c19
110e
162e
f099
65a0
36d1
bbcd
8b25
2b52
db5d
5d6c
a69c
8d84
05ef
f6a7
5d6f
e3df
3d96
bf91
c60b
72a2
7096
bb66
418b
8e99
cc25
0954
e03e
8c27
0cf3
4242
26bc
dcd0
a15e
813e
f81c
9943
60bd
46db
0c3b
9529
9dfd
6539
7126
6db2
a04c
2fc6
9861
be6a
0950
1119
2430
9b88
03c2
6463
dbfd
e013
8211
233c
7d37
1a53
9ebc
e6ce
52ff
bbbe
0631
6c2b
e189
1491
06fa
7874
ca81
5e31
fab5
547e
6812
a238
dfd6
f801
75b8
5f3b
9fe9
594d
8599
948c
64dc
9122
7778
1dc5
268a
8354
b668
8c89
6b69
9512
2e30
0cae
6788
7925
39d2
f402
ff69
b941
ea6c
a3dd
e0a2
219d
1383
63c6
def4
5d00
08aa
080c
0572
4a7f
21a9
ee65
c36c
f0de
baa3
1bf6
1854
8b3d
334d
eb63
fb32
7716
4ef4
6aa3
9928
2a27
e3ea
8d10
e9d1
f373
1993
c8e4
44e6
feeb
438c
c884
08f7
724f
bf87
b7e9
df4c
76b6
9554
0b45
39c4
707b
f07f
1e06
cf4c
3169
536c
8390
95ab
14f4
b15b
7c09
5ed4
afb6
d217
2362
007f
96d9
b357
a1ee
88d1
1470
1e9b
2130
0618
fcb8
c476
62b4
01af
6fb0
3eb6
166a
81ad
84e3
5add
ffc9
7f66
b837
771b
204f
77c1
1cd2
cbdb
4ebd
c1db
46d3
55a4
6dca
9f29
b9dd
3c19
f6f2
4096
760b
7e45
4928
79d5
0b9e
a141
c11b
aca0
8b49
fde1
8afc
5e3d
cb0a
70b7
b51d
baf8
0ba3
d770
023b
5704
1630
dc95
3d94
9793
a8ed
320a
71c6
5623
6130
427c
ff8f
687e
811b
24e8
4f46
5ab2
6379
5afa
e400
c3a1
85cb
de7d
96ee
ca66
f1a5
7645
fc86
4d41
87e5
6949
57a0
86b1
d61e
7004
3bc3
922c
966e
9cc8
ab7e
f5a9
9332
4fbb
68bb
30a0
0fbe
7b75
0bf3
8201
618b
cea0
5ad4
15a4
828b
e571
95b3
869a
2015
8171
a81d
4ca8
4a3a
87eb
f9da
ab2a
91ef
c920
3575
defc
d56c
a37a
e323
8bf4
1cf0
583b
621d
e327
4abd
f00d
9919
c67d
771a
4d02
f4e2
0a8f
71e4
8dc7
a359
560c
d280
5425
2752
20e9
9126
b665
e3cb
c125
2bb8
4928
d51c
7e26
ba83
b81c
41e2
4874
2c23
f2fa
93f1
e6d4
381e
d239
cd2e
be0a
3035
ea91
e1ad
1729
6f90
a1cc
07fa
5e71
5124
2014
8b38
f85a
20f0
ee04
9f20
bd9c
bf13
4bbd
18b9
b1fb
fdf3
8ae7
8d79
b68e
b4ae
9895
57f3
9768
7106
0c78
2454
3774
61e5
0b21
bebe
65b3
a573
a939
f1e7
bf32
f968
d662
09b5
09ac
d371
3f84
cb17
f17c
1763
b69e
fe26
b5ba
399d
8bd2
26fc
4954
8aec
29e8
91c0
5e63
d070
5488
f8af
3f09
3d74
1c2e
cefd
1233
96f1
24fe
c67f
9242
b985
a9a2
f849
5f72
6f03
4460
304d
5bba
472a
1525
b9cc
7268
9763
cdaf
a118
7373
fbe9
7b13
f9bd
9c63
129a
17d1
9eeb
cb35
2a33
1bb0
5cb8
5627
d5f8
2d6e
7c20
8fe6
81ab
3c83
3de2
acca
a1c1
29eb
2ddf
0a9c
7ff0
919a
5ee2
471e
97f8
f06c
db5e
e945
57a9
480d
4492
fdd9
aedc
3cad
e6ce
d74f
2865
3461
7471
701f
56e6
d19e
c5bf
dfcc
39e7
4097
3f3b
716e
a858
1088
6780
2fe3
2d32
3f47
682c
658b
70af
e9e8
b99d
89ce
e520
13c5
fd0e
ad3f
5aea
614f
249d
7cbf
e983
aa74
7469
63b4
ac2f
7ef0
3b3c
9140
2a1e
8e4c
9bce
b57e
3116
e602
f765
d2d3
432a
78da
1bb2
d2f5
750a
3693
a99c
cef1
8513
d6e0
4e29
7c4f
19e4
131c
4501
bb1a
266b
f8df
a533
0f46
0ed3
f90f
b61c
cc6b
d0b8
7021
6d72
4577
3358
073b
bbc1
c9eb
0988
ed13
e0f5
efbb
7f63
e357
49bb
0501
0f23
db4f
6da8
254a
2f5d
a02d
c730
cc82
5280
728e
ba20
02ab
a7d1
8c76
0da6
bb99
2633
a3f1
6a7d
d5e5
3cdb
ab75
ff4e
c673
ff07
aada
59c0
dc86
5b1b
a6d3
aeec
d96c
252a
77f1
6d64
7047
dc07
166e
9f16
4e2e
6ebb
cb06
27e1
895e
bb4a
03f9
4062
51d4
aafd
90c3
e72b
31e0
4acb
4765
c67d
40e1
cbcd
c9c0
12e2
eca9
f065
e93f
d464
778b
f374
ef65
0254
5119
0430
b3b8
5049
7389
973b
1c1f
d66d
bf84
4f25
ed40
8d59
178e
1b2b
f9a7
9364
ee68
48ba
2849
eb05
e6e4
3b51
d611
cc95
c73a
8e7d
594b
b04c
1cb5
e28e
6269
c27f
6a21
1a48
de1a
063a
41f6
7867
ff8c
7ad9
86f2
c29a
0f0d
2090
09dc
003e
4ed6
dc0d
77c6
baf0
8716
9bea
5c47
03a4
2528
1d77
e825
1485
480e
2637
c58b
3337
9664
abfa
ac0c
01ce
8580
1924
09f4
34a0
1a61
7230
0955
7149
5f71
5914
fde2
6227
cf08
808f
864d
5b21
34bd
4b9f
bd91
59b4
dc76
a6ea
377e
785d
cc96
448e
9800
0bbf
f9c2
e18e
b51f
36f2
676a
6687
2c18
15b5
cb36
e528
6858
8169
b145
6642
4152
1113
d53e
b0a8
e9f1
6c95
6815
74a7
ecfb
2847
49e5
26bb
a80f
8c26
ea13
3b3a
ba55
fe56
4329
90fb
31b2
ce35
4d0f
60db
d5e1
f587
328b
9bf9
1e7e
ae42
5dc5
9b9d
b9e8
ed28
57d3
1542
6904
2d34
f95f
2181
a486
5e7d
9e5c
20be
b58d
be60
a9ca
e0ac
1173
35a3
4f5b
2c27
cdf2
f9b2
e7ab
b0b4
3d73
9eb5
02a9
5c0d
bef3
9e17
1a1f
ac0b
d8db
3bb3
41d4
b3b5
4ebb
9178
5c03
1f07
3264
3662
6727
d958
7f42
54d6
aa6c
5f89
1585
8060
f6b5
dd8b
7a5f
01a0
5287
9099
9b61
4a78
450e
ce9e
3b67
23c4
fb0f
124a
4de5
4a79
5787
2eac
2ddb
af65
59e2
05a1
368f
cf7d
1fd9
0ce0
930d
2a93
7559
2974
6570
6f04
447d
9a16
ca23
a3e0
13fe
2b18
d43c
7128
890e
693b
063d
9af6
7e28
bc8d
0da1
02d0
ebe9
a83e
4299
ca0c
92cc
30c4
57d8
c40e
4747
806f
fd54
abc5
26b9
bd97
4fa3
ba55
4b56
7aaa
6103
a174
3972
c8b2
4004
545a
17ba
fb85
c426
5e46
c973
f641
351d
bbec
1ec7
e49f
9ae8
331a
dce1
1919
1ddc
e902
6d04
5601
05d8
64fc
180b
84c8
0562
e6c5
b0cd
cb57
400a
bc42
bbe2
1dc5
9db6
ce26
39e9
db37
a06a
9fb3
1cf7
3f86
285f
886f
2802
0f8a
5bf5
95f8
f3d5
5cae
98b3
2d7a
7b53
df2b
03af
37ba
2a7d
928d
8896
6ec7
e767
fc06
9dc8
31ea
16d5
8658
d05d
c880
6e7c
3204
a3ba
e1c3
5974
a5fa
5de9
f937
ae69
8f7d
0b99
13ec
ad3a
adb1
69bb
2fb0
f1d3
170e
31a2
bf48
ce7b
aabe
3985
12fa
06d7
2acb
67de
0cbc
ed5a
17fe
9aa2
88d5
7f84
07c3
8952
533e
7c3a
185b
db34
43e5
25b8
0f78
12e3
1434
c1dc
1eab
e012
649f
bd51
cb6e
7eb0
58d7
60fe
74f6
210d
73fc
8631
252d
9615
a6c3
c62e
8353
aec3
8acc
a054
babc
203a
13f2
becb
717a
02f0
3d63
7aed
9551
9860
6432
f975
cca9
e328
8234
e58d
9acf
8abb
25d9
9f80
76bc
f239
d6fb
bd95
c2bd
af63
a1bb
5fbb
b578
2b5f
ecac
55df
9233
6d8c
7a4a
bc88
dbca
e6f6
cd5e
5888
df1a
c10c
c989
b497
9d1e
db72
c079
ff89
1bef
8f72
3cb7
cfe3
b5b4
21c9
2c48
97f1
95b2
189e
66a2
e93a
c499
9a10
7aed
0b88
3039
d429
0404
cb90
003a
cbea
960a
d421
fe2d
911a
7c2e
98a7
f4be
d79e
23b2
02ed
cedd
4fc4
da00
d87d
a843
0aea
a68e
890c
8c1b
d4bc
23bb
e15a
9208
1d8b
47fe
3768
401e
3b0f
da20
9b70
f637
034b
1ffe
16a3
d0bd
6db8
ba65
14eb
26fe
4963
8c38
451e
97d8
a004
ffca
2f36
9629
c2f6
b027
d211
a8f3
ca3c
584a
43ea
c83e
e358
c32f
a811
466a
89f8
ed5f
14b2
667d
9533
5d4f
8a1a
b513
60db
ed74
3c7a
4355
15fa
93ff
1f98
fb13
16e8
6298
1625
5af0
758e
644b
138e
2519
cd3b
270d
ed4e
b76e
49b1
f9ed
b6e4
1202
acbc
0704
6b9e
9e46
98a0
7c70
487d
10e0
a9a2
e338
3eba
12ea
4228
7153
53ae
2e19
f4cf
7b28
9c36
c2c1
ab47
9e36
1d16
e082
162c
0820
5b6a
ab81
9362
7444
e531
a57e
4143
7e97
de06
65bc
5b74
adaf
d31e
1b06
5931
fb40
4e16
b2c6
7d8b
7b0b
b705
124f
d647
01f8
7815
b413
f8c8
302a
aa67
4f74
fe80
396b
bb2f
ff0e
54c9
005d
d45c
ac32
ad86
53fa
3d19
7197
b44e
608c
e85d
a0ed
909f
6337
7283
e97d
df54
3de0
3249
1cfb
a02a
a119
b6de
61bb
87f3
06c3
d9d9
62cb
0c99
be72
609c
2791
a717
9c3e
39fd
2d54
e62e
6ed8
1b5b
9b44
5f67
fc76
4664
1de8
4f2c
d663
84ca
5b25
0abd
a746
322b
9e3d
e5e9
ad0a
37f1
0a0f
c354
0b94
0bc1
3e7c
09ed
37a0
fda0
33a3
f159
b8a0
49c2
a186
c871
4776
88e6
34bb
494f
798e
fe19
d38a
10d8
0797
fc60
5b8b
d4c2
949d
cce4
40f9
944f
211e
ba66
3173
c9fc
5f95
eec8
5dbf
dfed
83ef
7019
d8a0
303d
ff88
0723
6904
3d1f
f9ce
808e
8313
7027
3aa3
f47d
9e10
d05f
d5e6
4abc
0c0e
b7d5
5465
16a0
330c
4d0f
71a8
7d31
4280
ccf4
65a3
85cf
477c
b6f3
560d
72a4
4623
454b
0da6
a0de
18c6
d4be
a3eb
bb45
b9fb
7129
41c9
ca1f
8594
6324
72d0
f35f
43e0
be7d
86d0
4583
fb93
0781
6229
993a
af88
8b33
39e4
7128
11ff
a422
508a
c913
58f4
4a26
be45
23b5
e22a
80b3
8e75
8d5e
e27a
6f0f
257b
7a20
3455
50f1
4740
258c
8b6c
b456
d6ab
fb10
3d08
0807
899f
b528
7c6e
3cad
bd24
3519
2ace
9bda
01d4
e0f4
3db8
1c6b
d869
32de
9a49
9fda
5510
c508
48f1
c819
652f
7bdd
a085
fc34
2741
c09b
c432
e214
8984
2208
00e5
1662
5f2b
4b95
f540
6c7b
e1ed
a6f5
cbe2
fd0d
3be1
fa43
7120
005c
8eef
7d70
4c11
be6f
ef10
9f4a
fa7d
66c1
e5ec
9813
e1a3
e279
3b4d
f873
0868
33b0
e454
60ab
8fe2
8d32
7a0a
ec5d
6b1f
c6d4
67ca
9a77
5e07
980d
f007
537b
c2d2
1701
eb2b
54ec
701b
f298
0b1b
8c18
0cd1
8602
1c43
646c
0ade
973b
2126
0ee1
5ae9
c2a8
5e8d
f078
5a9d
bb43
e8eb
21c5
79d6
211d
4cec
8bd8
f592
7f08
2d10
9ce6
2e50
2b30
b574
9f6e
b6ab
f5ba
97f7
bc99
9cb9
6211
92a1
5cbe
fa7e
66e3
c4dd
8980
f5dc
a659
ac9a
236f
e87a
dbdd
10c7
43b1
2a4e
4fa3
cf39
a2dc
be74
97c6
8078
ae67
0111
1fff
6f1b
51d5
102c
01b2
b087
6fd2
bf27
13fc
8651
40e2
7c93
ba73
5a64
d2c5
90a6
ed99
f1ad
b3cb
211a
3db7
01bf
f4af
d3bc
615b
b17d
2688
70de
ec41
12e0
56c9
0c08
a5a5
1d25
a6fb
814b
9669
ae0b
2f3b
360d
361b
980a
9c32
cfaa
5d35
432c
7f75
f1e1
d53c
6e31
448f
9326
b913
ddfa
1cdf
741b
f61e
3bb0
c7c8
4713
796f
391b
5965
dc58
0e72
7508
d89a
a5f9
9d11
60cd
aca6
c480
d429
9c52
3f66
2be9
b19a
5e41
493e
14ce
6221
4ebe
698c
94fb
3894
824e
eb95
3ce7
8d89
6f2a
0cb0
5e24
8c2a
03ee
2937
5235
afef
1933
adb3
4042
932d
67fa
2726
87ff
c0d6
b8fd
74e9
f52e
b75d
6993
2afe
81bc
6658
3b7c
0037
8bb1
10b0
2bd1
0e33
e5a6
0e7b
5d91
f7bb
e4c1
116b
2244
8691
ebd5
cafb
2cf2
850a
6fc1
3f80
5490
d295
45bd
5431
e438
e7fd
6f9f
ae6d
3e5c
986c
4e5b
1410
8f2f
8ab4
72d2
a8c4
0dca
ba72
24c2
df7d
9a49
f1f3
cd7a
e151
b9a4
4afe
4d52
f66e
e6cf
8786
fd02
9742
1a8f
44ab
fcda
da4e
952d
f32d
f4a8
ec1b
d3eb
49ca
3c5d
f11c
d6f9
f44e
9f0f
d701
ff68
1017
f295
b270
bc08
cd89
4d83
1d42
6371
b6f9
2f18
17d0
368e
0aa1
5346
0bb1
1e52
3e3f
b94d
c6b5
e26c
d8cf
99b4
edaf
759e
a5f7
adbd
2af4
37c9
90a5
8fe9
b4df
50c9
51db
d9e1
7b2c
7c76
2dbb
12dc
1d1d
6d00
6219
2ab1
9d4e
2183
145c
3845
0cab
c5ca
5ed8
64df
d65d
3216
29b4
7d4f
d6ce
4937
2920
0c23
d2e6
a02b
901e
42e0
bb2f
8f2b
82df
8db0
e1a0
9b93
7de4
e4f2
e428
87c0
bafe
63ee
d629
5384
2a1e
d866
8600
599e
f9df
1210
b67e
11f2
79f0
0e6c
fdc8
14bf
8322
e59b
8579
af6f
04cd
6a98
e61e
4975
9bd1
6279
03d4
4d20
2809
d22f
f4a7
e267
cb9f
e9f2
a334
b446
085a
fab5
34cf
cb03
0ca8
7882
34b0
1e02
eee0
b162
90d9
de4c
e4dd
5b24
56eb
6064
b7d9
92c4
f1c6
ca8f
85e6
069c
0dfc
4308
4dca
54e0
2038
daaa
2420
12bd
5d38
ea69
1756
9052
ec63
d44a
d83d
6a4f
d5d9
c517
4802
d96f
1a84
f094
8279
7c03
7c2a
d000
7b9f
0574
1f88
fc69
6677
972b
e127
5b56
e3ec
44d2
a2b9
ed2a
3ac9
e2e8
5555
0422
ef69
9a8c
7d57
8df2
b2e9
42f7
3e4c
9931
b660
cf6c
2c4e
eb1c
d632
2c9c
c23f
846b
f028
d2e7
1d7c
ab7e
7e5a
38e8
81e2
2b24
4626
549a
fde5
e366
30cb
fdb3
d558
c11c
0de8
82e1
2b95
f4dc
95b6
b6d7
2527
5fff
e015
5103
76ac
042b
88c5
db22
150a
3698
757d
4542
967c
955b
e681
ddd2
e1fa
4f4b
5ca3
8c43
542f
7a50
ffc8
c3b8
f179
1ce5
044e
4e48
a447
dbe0
303f
5626
704a
249e
f5eb
f60d
139b
c25c
da01
0951
a50d
1ad9
f8ff
2666
6ae0
edd4
6231
e3ad
516a
54ff
932c
454c
e184
5bee
b4cf
d866
1b78
89ff
b6b0
dd4b
9115
c1af
988f
de3e
934d
45d1
33f6
5191
f4f9
b8d6
a55e
7d30
c106
772e
a3be
bea9
c2ca
cc5f
0d0e
ed79
1f12
e2f2
3584
6d99
380e
86b1
c28f
3d9c
365c
7348
2245
163a
83dc
a332
7ff6
f293
e1f7
04f4
feff
d91b
7bef
f332
f00c
a820
7e26
900b
910b
47fb
c031
4954
1baf
a596
02b0
5d46
79b4
a6a1
d310
a716
f9bd
e5d8
4878
2d4f
3c3c
5950
5224
29a5
7c54
0302
cfc8
976a
e3ec
2beb
12c0
490b
3a4b
d3ac
2111
0963
6f0e
7c94
7a96
63bb
96af
f10f
0ef5
214e
0d8a
1481
85c8
fd87
89a1
3a58
4bd4
8e0f
20dc
4c3e
5497
704a
6d00
9840
1c0b
4f5a
3ea7
d440
1b16
abae
8e2b
879b
3d30
da24
c1c2
a331
ba94
5dc8
27ec
e0d0
053c
f04e
6b7d
baf2
a2fa
6b2e
a8a6
424a
8ab9
1f56
58d9
986b
179c
5271
b515
2b6b
54a3
4d74
6a44
2b18
bdd5
3c00
60d7
8ad2
bd5a
225c
099f
59de
a282
8039
b489
133f
43ac
f114
c9bd
44f2
5330
1ff9
7e8e
a2ef
ab97
1d51
04b0
c133
391f
0df3
34cc
60e4
2608
f53c
64e1
449b
3d2e
b347
d66a
733d
b27e
0a52
d4db
bfc4
a0e8
1864
9de6
b477
1154
38f1
72ee
df5b
1b99
0f80
538a
6d52
f664
2f81
12e6
e025
3b57
726a
6162
46f4
5d27
c799
55e0
bd74
ac64
7b56
56c7
7684
ceb6
40bc
fc6e
de1c
757a
b868
cfb1
63fb
d265
f479
c053
3d17
d054
ee10
5655
fc23
c3de
bf10
3fe9
4433
4c50
0d16
dda8
a245
36eb
25f9
ebe1
8063
2f4d
ab31
5954
55e2
eb0f
794c
7ede
df84
c083
eecd
1ab5
c0e5
3ef7
e6ba
8b43
b153
195b
0100
ab88
f6a4
ea36
a1c1
f712
e3b1
2d22
c24a
f34b
bc2b
524d
f686
7f43
d81e
a611
0965
2405
332b
790d
751c
8d60
a266
e24f
33e1
6e00
163f
3ff0
ddca
9247
8dcc
3210
e967
bf76
0a15
6c01
159b
43eb
c064
374a
3886
bf26
81bd
c009
d801
b002
327b
41cf
04f7
dbc8
9433
4d66
84a8
c0fa
296c
8297
c10c
19e5
54bb
c554
2566
b690
b78a
e0ae
3f40
576c
4137
0505
a38b
4b41
df7b
5cf6
2338
2ea2
687d
e367
b094
6a00
4fe0
0298
e49c
34fb
9904
f2a7
315e
ca51
461c
c3b8
3ae5
72d1
5155
64b7
c25f
609a
bc22
1389
fc9a
b368
5e95
724f
72c8
1272
f5d4
7380
32ca
9bb3
89a4
b2c8
488c
2033
c502
cedf
0060
a437
6ddd
b5b1
9e9e
04d5
30f8
335d
a601
b386
6d05
61fd
6941
ec36
8ac0
c639
c4fa
ff34
eb72
0284
0e2f
d017
3ca0
e94c
fe63
a035
0bb3
55a5
185e
721c
a05d
be64
243f
4bbe
16ef
4672
eaaf
6ae4
4a4d
5bb2
4d81
b67f
eb5b
c8fe
813b
9618
d678
60ea
7682
1bc8
986a
eb71
7de6
0720
64ec
b7b2
1037
bebb
e379
96c2
b1da
04f6
464d
9c57
619e
c6a3
fdd7
3198
5d5e
b756
bd03
e28d
4b04
dd9c
c07e
21fd
7b2f
3793
c0f4
f085
8d0c
b88b
9239
a2fb
3322
d4ce
5b47
7e1c
11d0
fef1
b42c
fc87
5fd9
5819
79ea
e9e3
cb81
331d
00a6
3498
40f2
08ee
33c6
0e4c
54ac
2587
944c
d705
1716
b077
5d51
9211
7286
252d
0dca
5bda
574b
7298
29cb
31e6
1cdf
7c2d
179d
5e07
9f4b
cbaa
99db
061f
0641
e75f
22ca
bf98
822e
bcea
4a5d
8785
8557
d7bd
daf1
d162
9f91
7651
f6b6
a843
9437
bfd1
b960
ddc7
28b4
0f69
30b8
acd6
37cb
d17e
fbd8
09bf
640e
06f1
27a2
c3b5
7d3a
4ca8
28e5
3de2
de19
efd4
20df
f2e8
fc61
151d
0fb6
0d1b
655b
1448
143e
a961
75e1
3c08
a629
55c1
e4ee
0e24
5405
823f
a2e9
4023
6abc
c98a
899d
6a98
fe6d
ed97
55d4
5198
1954
325c
dcd1
a9e4
0603
8ce1
d35c
b5eb
c05a
7aee
001d
25d7
8c6b
e66f
d8fb
eb70
6011
ef96
f95b
d674
b013
b8c1
1724
8d00
9fe4
cbbb
44ef
c3b1
09d3
ce01
8d8b
a550
d01f
5dc8
6b15
4ace
47f6
6f73
12dc
d8ef
d378
a580
c70a
f400
dcba
7f8c
5d77
4a3d
63a7
93b6
e1e4
9c1e
ebfa
40d2
f0a7
d209
5f22
5f8d
9012
b2b5
a145
f3e2
5205
6859
af21
8145
cfe7
c623
04f9
f9d6
a02e
0298
6313
5523
bd52
2bd9
b944
fab5
a906
63f1
5851
62c7
f3bb
33f5
80bf
258c
313e
103a
0520
02b9
a07e
17d8
3fb2
daae
662f
ac97
d753
a882
851f
0974
6977
ccfb
3c75
7b1a
a53e
8b87
8a59
c365
609b
3fcb
56e8
6e2a
4ec7
0c98
f5af
4e7a
14a5
ca28
eda7
591d
3e56
1c03
acf6
d685
7617
d855
10ed
10e9
e1b3
bf5f
4d1f
1bae
5724
ae32
094a
ffe3
5bb4
c7ce
80af
d277
6cfb
9c6c
6aba
606d
d77e
1901
e11a
741a
1a99
9e06
cb9b
96e4
f1f0
b775
936c
f3c6
2fb4
f368
9e83
4335
386c
d53c
0c5f
c443
3a58
0f79
f476
2be8
90d3
d6a2
cf6f
f916
b5aa
7c7d
e852
b946
39a7
58fe
2a28
ea3a
577a
3cf1
8ad2
c506
f746
4aad
cd52
7a51
0a8d
be25
927f
54ef
f810
d6fa
8cea
35a5
0203
ccbf
98b1
ca75
0f3b
e4c0
9766
1a0b
214f
53b4
6a9f
e6e3
847c
5ce3
d043
5e23
174c
23bc
33bf
5bc0
43e9
b437
848c
95dc
0904
a13e
9286
00f4
7a11
2700
e57c
ad4c
de12
1f20
9f7f
7247
f250
dbcb
c367
20f3
ba14
7972
7718
7e04
e497
320d
a642
b824
795e
4f8d
f39f
b170
1147
d412
07a3
e66d
75be
326b
d009
566f
c61b
ece3
0448
7b35
349b
071c
7abe
822c
7e63
89ad
a7a7
8e45
9232
7bea
d177
83ad
3266
0346
ecef
8531
2913
b3e5
0bbd
f212
6172
9bb6
c180
f8df
fad4
6118
890e
6d2f
6e05
237c
437f
af3d
a6fc
4df6
e70b
82bc
9263
5dd2
0158
ff89
d39e
e02d
19cd
30d5
a459
c812
0bb4
b1fa
9ec3
edcc
2c50
c01d
4267
9ab8
0873
6260
af7b
8465
af9f
ced2
8c5d
72c4
8869
94ea
30ee
b33b
d9db
0610
6b75
0c03
6b10
13d0
ddc2
6415
dffe
58fe
709b
fbfe
5071
97b8
22bf
9050
ee3e
4700
5191
02ee
a09f
6630
efd7
11e0
a126
5b29
f474
2bc8
babc
09a0
6039
f6b5
d508
706a
7c50
2cda
012d
6a2d
5df3
5383
22cd
4fa5
b90c
9a8a
5da4
64d8
1f47
7967
a850
3132
ae87
9b3b
a5a7
b97d
a2d2
2e8d
0ea2
3271
e191
d82c
b211
bc26
2e77
0792
5da0
5e3a
2f59
69d2
685d
bcb9
ad97
3ca6
7a78
5868
9a4b
eeaf
7871
c986
eba6
3b54
b641
224b
7556
eda7
9e4b
fc7d
5e58
e33d
02f6
b14a
dbd4
99e6
06db
1e29
2912
ccb5
b656
5660
7d9e
a7d8
de71
8dee
9aef
7161
d1a7
6374
3d68
ed42
82e6
43d5
7a91
b177
3577
6026
235a
a2f7
6c42
ada7
81f2
c219
895e
180f
7114
2bcf
95dd
a5b0
cedf
882c
0852
9786
f365
1b9c
c5f2
c1bc
7ece
67e0
748e
c7c2
bf1b
3e11
ee1c
5f00
1115
110e
c1bf
4f15
a845
fd01
4e1d
f3d7
6176
8471
56a4
b6d8
5afb
93e8
fad9
f925
b940
296f
5369
299b
850a
f5b7
5bf1
1f98
e49f
daaa
9fc1
3f6a
a705
8266
3d6f
5d40
6dde
7d90
b778
44bc
d87f
8470
9f2b
ea60
9dd5
2d93
998a
db28
2ff4
b0bc
8bf1
4082
4695
7703
2b22
26c2
6005
0d36
0e45
6be5
644c
5b33
7dbd
bbd3
4447
7a77
b0fa
d89e
8aff
2b3a
c44d
49c5
189d
bc84
944e
ce2b
ecac
aa01
9537
ba79
a0a8
e4bb
cfc6
11b8
a519
321e
45df
504b
bfaa
d268
b25b
9470
136e
2949
3e7a
a683
f3bb
e5a4
355f
7d43
a2d2
6e78
d4b4
355e
e268
392d
6c13
2a60
44e2
7c47
febf
a050
369a
fc39
245e
5c82
47a5
df33
3fc1
ad8e
2a7f
e6cd
17b0
e6f3
2575
c15d
3b51
6023
21e9
4fb9
a610
fc20
5a37
9967
f5eb
8265
98a3
50fb
c9fd
0e37
8772
263d
1bba
5b82
e016
3a8e
08a2
120e
5bc3
b0a3
e6b8
5a3c
e29b
4b3c
398f
6d50
6ac8
fe10
e7fc
6c42
6688
b2fd
55aa
b003
d58b
7aa9
1511
6c72
65bc
0c82
ba0c
dd66
e1a9
e79f
7c82
dc30
f7f2
95cf
2778
e053
9fbc
1d74
5d27
10c9
d4d6
f6d1
e98b
cf60
6e07
db10
afe3
ab6d
5052
b112
a6f0
4efd
6cdb
8bc2
7a06
ef9c
e7bc
3f68
5da8
9089
57d3
70c2
4757
8f19
d813
eeed
4a2f
7faf
9e2b
e854
787c
d208
14f1
dcff
7945
3b00
89be
27d9
79dc
2329
6318
f84a
40f4
d43d
3642
ffc3
0773
18cb
46a7
1362
a2ce
a343
09dd
6aee
6d7d
6f0c
ae70
fcac
42a0
af3a
e39b
0ac5
2274
d924
440b
1b6f
2409
420d
2949
df6e
bdcf
700a
9e51
802c
7c46
fdc1
ec82
6e42
a734
bff9
012e
d597
abaa
cf2b
7510
9b74
748a
1951
52c2
81a3
61fb
475b
da51
879c
25d0
574c
2d23
6606
c90c
8811
bf16
cb84
e18f
1be6
9a22
053e
49d9
724b
6caf
2f8d
da64
1473
a0b1
9b4e
aef6
0ea5
9a96
446e
9eb3
e57c
2807
80fd
31b9
2f67
8ce8
4e50
f2c3
144e
5012
2800
6cf4
143b
5902
c441
c07f
216a
22c4
3d47
c48d
4579
9a08
f7da
73be
ce56
c82b
e3b9
ce95
a0b4
e443
8379
ad1d
f682
3b3e
6093
24fe
d8b3
9418
ba56
a02b
d6c7
07be
9bd5
28cb
6c0e
9572
ef47
3e5f
6678
2863
cf21
7417
7898
b7cd
0d3d
5c15
9eea
8c74
3702
fdaa
79c9
800d
4d65
12da
bad8
19f5
9fb6
7a12
3c08
cb84
eecb
a099
d444
7a12
1560
9732
081c
335c
ab70
025b
a865
cc1a
eb63
c873
e381
8da9
b069
0c9f
c2a8
720d
4eed
ec28
cd0f
c788
18fd
b197
c0ce
9b58
dbf9
c3c2
c52a
3c0c
0340
a9be
5345
1f68
f1fd
e9f6
5f52
92c3
fd65
fe94
b4a7
5d2a
3448
2317
6406
b507
db51
efd9
d5d9
9588
dc67
0a83
815a
3ac8
9cb6
6a5e
7904
8b75
10c9
7528
f1c7
8bda
d9d6
ffac
7437
e831
3784
b0fc
5d3b
8fa9
3b27
5570
0f2a
3970
0139
ba5d
9a0d
7722
0e5e
9857
7c17
5ce6
852b
b5cf
f2c8
d093
8740
d28d
9269
5e41
1abb
606f
cabf
b7a0
c66e
bc9d
cbde
b12b
c38b
11ad
6a26
9660
f03d
bbcf
a74b
4aef
3ecf
00a4
5c63
1ecc
47d2
9d52
b85c
8144
150a
615f
690b
7d32
3b5d
6329
75d9
393c
4275
73ac
c4dc
4858
da1d
05a9
edf6
fa18
3dda
5ee8
0a15
d2c0
b965
29c7
a2f5
fd93
137c
6f06
e810
75e5
6506
72b2
d15a
d154
d76e
4b79
fd42
c031
af51
313f
5544
77f4
e404
0d58
8128
65c7
f892
81da
c948
d081
2032
ac69
4252
c5c9
abcd
7d1d
88b3
9aae
a953
1370
4918
dda4
8abc
a3b5
a193
ece9
bc23
d54c
1912
b69e
0be1
4e1a
3a7b
3c73
2063
c655
2895
a963
4afd
4136
0b21
b89c
36c3
f101
f252
a3cc
20ab
4436
094a
593f
37f6
d065
c0b6
06f1
4ce2
3fa7
364a
7d2b
26dd
0086
63e7
5b01
505c
b580
fac6
a517
7c49
1c24
d773
956e
b289
da43
ed77
c559
a441
8bd4
03ec
a970
c4b3
645e
5584
bc6a
ebfd
d891
4f1e
92a5
77d3
fc12
734d
0512
6ec3
3ba6
e6b3
9b00
0544
239a
a0c0
66b1
8c19
5e49
7da3
9bfc
3edc
b9cd
3bc5
0d3f
a262
4529
a982
633c
d5ae
08c2
84ae
bc5c
cebf
3876
ded7
45d1
81e4
1867
4565
68a7
cdcc
fac0
5bdd
4b2d
549c
51de
25f6
f807
871d
2738
6dbe
d480
9eab
07eb
dfab
b58c
e7a9
25e3
51b4
0795
df5b
26ec
72e6
3ce4
4e66
ffa3
3d25
a041
79ce
df6d
cbb4
c52d
2afe
2637
16b2
9ff3
146f
f91c
533f
0db4
561d
b542
165f
eff0
0a2b
2d01
a6b1
db6f
5ad4
a5e5
1c9f
82eb
c2d9
94fd
a2dd
bd6f
13f4
80de
5c15
bb1d
a4a3
c368
fbd4
9e59
76f0
fc67
6c23
a89e
9cec
2d5e
27f0
0abb
ee76
17a5
ebf5
e3be
7168
7ae1
093d
6781
76ea
35f8
0ec8
7700
2f21
8640
b2d4
6ea7
63a7
428e
4087
29a8
43b2
978c
86d3
a367
410c
afa9
0763
413f
3d20
10bd
87de
e78e
83c7
5ac2
c4e0
23c7
4138
9b2b
d7c7
4483
6758
e381
6aa7
a3b1
f39a
c855
ec45
5191
bd38
b9e2
3963
03f3
8170
7276
647a
01f0
883b
9ef2
d947
0568
00d1
f1bd
7857
7b29
3c1e
a65a
c7bc
0396
523e
827b
3713
bd17
d88f
fee5
99e2
7859
f109
8e29
22ac
de0d
1681
0258
93b3
59e0
e3e8
cb11
4503
5508
cfed
5df9
ce4a
fb63
f7a4
2da8
0757
20fe
7841
0e3f
c956
ba1d
fb72
e451
682b
b2c6
4694
bb66
6ff6
08ec
da7a
efb5
1440
d8b0
de1d
ad48
daf7
0511
9a73
17a2
2b24
dc12
f477
7d3e
94b2
2168
4358
b013
4d74
0d8d
c0ec
134e
8837
4cf9
f22c
ddf9
0406
5052
7dbe
e217
6006
6b7b
04ff
a9c1
66ab
ed1d
c2d1
3c32
ad70
db1a
9bf5
bc25
c7b6
056f
5f15
eb47
9c22
bc32
8bf6
3d97
c0ee
7691
991d
5ca9
d20d
97c7
171f
55c0
28aa
cfc6
be88
fbd5
a3e1
25a0
6d96
6e73
aedf
d732
cd17
73bf
0fad
26d1
5e45
3e15
ec44
af9a
9843
c879
e020
6b8f
30af
a482
703d
7b4a
45de
e1ea
1696
e202
f80d
349a
0038
f935
c9bd
5420
051d
0bd5
d45f
1ca1
7219
00cb
742d
8a34
25b4
f8f3
f04f
bed5
56f0
b0cd
91c1
3e5b
3ddc
bf3d
e29c
4461
9e14
77a4
8006
4faf
ec10
aa8a
5bfa
468f
3d17
2224
c7dc
17de
e2ff
c7b7
1fe5
74a9
07e4
0e70
bf8e
0141
65dc
4d0f
2df4
14dc
8d40
c3db
3f6c
52ba
5c83
7b2c
d2be
521b
5309
3d50
14dd
8631
134d
faa9
2c65
f590
c579
492a
50c1
af09
ec21
7dcb
5d05
6f4a
754b
b1fa
6825
713b
37bd
3503
b827
9459
b8e5
164f
f440
cd74
c23e
15a2
9eb1
70a9
7b76
9f7d
aa82
4134
2dfa
1998
ca08
09d5
285c
5044
70a3
38f5
e909
9483
490d
d1c7
7fc3
6edb
dc69
ba6a
b129
23df
acab
ad37
0e6b
76a6
8791
4372
7d62
3924
2188
6921
9a12
cf02
56a0
cca3
c711
1f87
98cf
842b
7ab2
556a
21c0
867f
460a
4c15
4496
f714
a2ef
dedc
4d11
3b77
db3c
f2fe
4c3e
00de
d483
43c8
7a66
2cb3
0396
a750
bd73
f601
b4fc
1d2c
7134
9b62
8469
d0e5
39a4
d461
86b0
3b22
e1df
7815
186d
ff83
2310
fd71
bc0d
e0cf
2a6b
63c9
5d36
346f
327d
db01
6620
71ae
f916
74a2
ea42
4c54
1c49
4031
d7c3
45c2
22af
13c5
e84e
1500
84a0
6fa4
2058
d08c
e8d0
4e5c
62e6
709c
121f
db22
099b
4877
86bb
eb54
2605
e901
86e3
7a0a
12fb
b039
179d
ddbb
52f8
49af
67fb
343c
a6d5
d935
20a8
0748
6a99
0844
2b1c
0721
fbc2
2886
c8bc
2871
66bb
c31e
ed49
66b4
caeb
53ec
7757
265a
4192
b991
2f96
d622
99a5
6bed
3a7e
a319
b197
3046
f12d
58ce
7d83
582a
d08d
0a3e
a7cc
1eae
1441
f0f9
0e2a
c3a6
e5fc
7646
7c41
6bd8
e9e8
7e34
38cb
2926
7cec
220b
621a
883f
26d5
a3f1
4562
0895
cf47
f3d5
b0af
3941
ae29
0897
8cf2
2d3e
5bfe
13eb
6865
732b
87be
11c1
c941
403c
a9e7
1069
6a0c
77d9
cb48
78f9
2779
5dee
8b0c
c177
7992
3df8
80fc
51e8
c92c
4c39
bc2c
8cef
eb6a
e458
a25c
ca51
eeca
6f71
40d3
eded
68f9
4167
4ba1
01fa
ac34
4110
9c8e
cdb6
9786
8921
a028
1ff3
b2d2
165d
1e3b
3c30
844c
39bf
067a
e275
f01f
1082
d26e
fb42
4a33
52b6
eb2a
fb62
da77
c508
bd7f
7c3d
79ae
4efc
ba01
8a65
eb44
79cd
f32e
4ba2
6d7f
41aa
1ba4
5569
1d10
d47e
c84c
6634
ec35
eb82
d497
8936
66b2
b9c3
7c19
4fea
d0d0
58f6
3e2d
8900
528d
9b69
01ad
1d78
9af7
1b45
6470
6168
5970
01a5
034d
1baf
298c
d976
3f85
56b1
aa94
9409
8b72
3aa5
c15b
5025
8c91
75a7
e835
d0a4
8f6b
74ab
fd05
b3c2
7c0b
fe99
39ac
05ea
18df
f2b1
ac57
5c3d
5eb0
b549
5a6c
e208
e3e2
d297
ab3b
8f4d
551b
1ed1
6f6b
4068
ae4e
9f9e
55ec
1bde
96d3
40bb
ae76
f2d6
2c81
6a45
5af3
a86c
9a20
616c
a998
5b8e
5c77
a225
a2ba
37ed
d1d0
4ac5
ef51
d1fd
971d
e6fa
27b3
55dd
943f
e35b
8e80
ec05
5e5c
f595
0b87
afda
4797
44db
94cc
2c35
a1e2
3582
65e8
7a4f
7ced
272d
72e1
17be
733e
1e85
aef7
6b0e
9edd
df39
0e04
210f
a18e
7c74
6429
1068
56ac
9309
9b0a
dbf9
58d6
ca6b
eccb
5d9c
85ec
f3f3
7a7d
1e74
ad28
ee45
76e9
0749
9d21
cf1b
eff3
5543
f080
1a62
2d50
fce9
c19d
81ff
e754
5229
d1d9
985e
1b05
84eb
b6e8
5a7d
13d4
e3ff
e5f8
e006
ec41
536f
37cd
0a89
e70c
bf1f
9fac
95e3
cc0f
4524
9f4a
2609
185f
492c
f5b6
c5ed
e193
1645
2ec8
b50b
7432
15b3
a1f1
1768
0cac
a626
887c
ef1b
b042
f701
4a3a
3295
b64c
ca6d
37a0
38f6
65e5
9b7c
d1bc
898d
227b
f029
1956
d34d
ae6d
f587
7fce
6ce6
455d
bf14
d8d5
a436
b30e
396a
8f21
42c8
6be8
bdcf
dcc6
a557
0022
342f
4128
8d5b
2a53
4059
3eca
a27a
5e95
e95f
3602
f968
93d8
b95f
3777
72fb
d45e
ee0b
f79c
13a5
d5c4
f08f
d8a4
55a1
019a
71fe
d4d3
c71a
8740
a318
92b4
ac55
5b30
abea
f9ce
d5ef
d2e1
15b2
b7c6
81ad
34aa
e645
357f
597a
7fd4
62ba
d251
2161
3f8e
2c06
6c0a
c85c
85ca
a8b6
2761
23a9
0a9c
8a1d
c3fc
c808
13bc
994a
d8f0
67da
71d6
600b
790f
c7d1
7f75
747c
4e04
0772
ca55
52b0
7439
ebaf
7947
d6d0
5938
c3de
aced
fbe8
c2f5
d6ba
21ce
0cab
84ff
2fb9
7cb3
db2a
6ffa
895b
8e47
6a1f
7e81
7bfd
e4fe
bc69
18ac
f06a
336e
96c6
6ab6
5f21
c85b
e256
13c3
469f
fb2c
5e34
8473
91b1
70ea
52be
dadd
3ebf
d7d3
4a8f
ca6c
4e0c
062e
17fc
14b2
ec52
36e4
07e3
de86
7877
4da5
edb4
a857
1dcb
2053
9264
8d33
adc5
68ff
3ec9
e2e2
25c0
cf77
bf59
ae94
3458
5224
f5f3
814c
a5f1
95d2
679c
17e1
e841
5d7d
db91
808a
bddf
92c3
c067
8da6
a304
bd05
aad3
fdf0
fdad
e5de
93ea
0cad
d0a1
807a
c9a1
7242
5fe5
6007
dd47
7ef2
2194
fd7d
3669
b70f
3c7f
9bf4
857e
4e18
30fd
7295
de6a
e205
e82a
4d72
4349
cea8
9083
c353
3eb6
c011
edec
3464
935c
4d2b
b015
bbfd
d787
96a5
3699
0346
d057
d339
e251
96d6
9d40
7e41
2a1d
42ef
6bab
39b2
ac7a
92cd
9070
0b38
f4d5
1e83
812d
5f21
23e5
1fc0
5574
93fa
c25e
7d9e
ed4a
a9e3
6604
3db5
80ff
7366
bc2d
4079
29d8
1181
59de
a99b
32ed
c8b9
5ef8
c98a
de20
22c5
2aae
9eb1
4c06
f1a8
ef35
20b8
7d3f
bbb1
c472
92b1
80a5
060d
466d
8f8a
0bce
8920
e960
7972
8b5a
2708
e9af
7d8e
0709
1762
bbb4
f0a7
5bd3
9326
b367
f3f6
9348
60cc
1ed9
3076
ddb3
41ab
2a85
f7f2
30bc
1bd6
14f9
6cdb
3233
7268
e1b1
7db8
8e8b
5011
e963
f9ca
998a
a00e
c75e
41ea
06c7
5c17
5d88
1cfd
ca24
ea62
5494
99d2
19f2
9e30
7263
2848
42ec
b739
d466
eb44
6202
ffc4
4b43
f2fc
a3a5
53ed
da06
783e
9610
e374
ee2f
aa13
3f31
ea3b
0489
1bae
d28e
57bb
7614
efdb
69dc
c0c7
6667
1b29
0f3a
6914
475e
cb5f
f34c
7d89
6aee
7c29
8d1e
c923
bcb9
35d6
2ef8
fe87
c8b3
3b97
baad
1fd9
7ea9
6332
6127
f873
18fb
7c27
bce1
9649
a378
26e1
1c2b
8d5f
87c1
b8bc
fc4e
5714
cd66
b4be
19cc
11cf
19a1
b5c3
98be
8c0e
0818
72c4
4a8d
e746
1228
bd14
668a
230e
a7f2
7fd8
f3ff
7416
159f
6b1f
0868
1be6
902d
2890
3422
f025
8fc2
e5bc
e935
4956
476f
59cb
aa16
9993
877a
c19b
ed69
2828
166e
9313
c838
427c
4381
bac4
4dfd
b015
f55c
2ea1
0124
9688
5164
6b15
0744
6ca6
0618
c4ae
beca
c474
8758
1434
02e2
7186
563e
38a7
5934
4877
8a51
3f60
0814
8284
24c1
e45b
34c9
d792
ff12
b2b0
015f
b43e
c4bf
7b82
39e3
9f6a
84cf
7d03
1cd6
7c7a
4cd2
564f
0cdf
1969
8cb8
aebc
60f1
6464
66f1
74e6
f24e
687a
8603
de8b
ced8
29d4
ebb8
44d7
7936
a83c
ce30
9ac8
c7fc
c80a
376c
f49b
cc6c
aa89
e3d0
01e5
1f21
ae70
38e1
96e2
cb5d
36f2
8f44
a35b
8ecc
99bc
a642
6b38
8e09
5052
eba6
18e6
0d23
4160
8e58
76e3
5f3b
1b42
6ab3
4663
79ce
1548
aaff
0ffa
379f
2824
49da
a75e
7eb5
0ab9
dc21
515b
20fd
39f8
b776
b9b0
35c5
b185
2c0c
39c4
668b
9c3b
1ba3
b58a
e0aa
43c3
9184
71b6
6810
10cf
5704
40a1
d191
9735
d5d4
a6df
d425
3e26
c892
4822
64dd
38d8
a037
322c
63ad
44dc
8a06
fd1a
dcd1
a0e4
3eff
866f
1b56
1416
a9a2
4062
9d60
63f5
adbd
7b08
a8bb
6956
a716
c9ef
d90b
b77c
1ea1
51ad
d136
184d
1257
1e94
0ea8
f9c4
a163
07da
df45
c063
e4ab
a214
c645
c95c
7978
b954
2c49
0c6b
3d46
abc5
43d3
bfb9
dd8e
4e78
40e2
2e91
f4da
32ad
e06e
bb7d
7d0e
5f53
24ce
067c
b182
c6eb
83bb
71d6
8f83
9ef3
3f48
c6d7
e1db
f187
527a
d414
6af7
0a43
355f
913e
ea4e
f0fb
4327
b7a3
7613
5627
1782
e0d0
293b
343f
f9a4
3f8e
28b6
d0b7
68f4
dc51
4d6f
df16
f7ad
2ca1
c38f
f704
9b94
20a2
cabf
af8d
964e
16d4
53c6
9f78
dc96
3bd5
d398
eb8d
1292
9543
f936
7ee3
b541
2eb0
fff6
f200
5f09
50f4
ab41
ddff
3bf2
d034
3c54
93da
cd94
1098
3da0
ee92
08ff
3bd4
f7ef
b04e
4627
4462
fe26
2047
5ef9
9fdc
a03e
0cb5
89db
c88c
36a1
01b9
81b1
8926
eee2
4ce7
b0d3
57d0
d92b
2058
2944
d667
51ac
c403
6226
551c
f952
f11a
aa34
3bb1
d763
275b
e7e0
7c2e
e519
cb54
16e0
07e5
bc99
00cb
619f
2d9d
273f
8ee6
9782
8878
48dd
7350
8e58
48b8
1cf7
7378
43b5
0653
3f28
f8f7
385e
e0e1
6733
4676
e1b6
4fd8
2bbb
90a7
9357
017e
f8f3
bec6
bdf8
4bf5
9105
b09f
4b2b
d988
ac74
3bf3
2291
059f
9b1b
070a
0d9f
d312
563a
5f0c
d516
b1e5
1982
075c
ad60
be0b
ac7b
27e6
21d7
73a7
356d
c4a1
245f
ca79
608a
75fe
f5f0
1af3
d3b4
5f73
ce8d
828a
ab2e
ef5e
47cf
7d8f
0a67
02ef
37de
2b01
5146
9c1a
61d6
519d
1ab3
5113
f3c9
9a9b
e776
d3fd
8458
be2f
3028
8845
613f
7cca
8259
fc94
27d6
508d
b6e9
0173
5bf9
87e2
2466
262e
1516
5864
eecd
169f
857e
8a77
98b6
e914
b3e0
b7c8
b900
ab9f
cc21
55e5
fc08
b84b
51d6
e86f
f879
bae7
e001
2a84
192a
b2e1
5648
be5b
f5c6
7a0f
986d
2beb
e9b8
f8c8
445b
e42d
a0ae
fb42
70c2
4e5a
f9fb
4f1b
9e2e
3533
7c2e
adaf
c49e
81a2
ee9a
5c72
4d77
0b3f
3b9a
017d
5fb1
ce9e
196e
9cab
bc5d
fd60
5931
be48
b469
f796
2526
c7ed
791e
1fd6
6a7f
6ebd
d52d
a6ea
41fc
a376
5c89
4c36
7abb
b27c
9396
15f0
8caa
9b2b
b953
352f
5635
5edd
5532
13e5
4d5f
f9f0
3796
990c
473a
d303
dfd7
011e
a862
636e
d703
624a
bd61
fdce
a893
ad17
b388
15fe
5586
f2a6
af0e
8209
e1c9
ebd9
7fe4
e57b
3dad
d671
454f
b046
0897
1546
e2c1
3d76
f4c1
603a
d511
f284
425d
f362
b239
a00d
78bf
820d
a0a2
5758
e0ce
ec78
32f3
f096
4f36
34f1
f828
20b3
cc86
c1fd
2d39
023e
0ccc
0db2
1ca0
5f7f
4240
0c53
0684
a9d1
1f81
e530
98a1
5374
e0be
fca7
1250
f861
65b5
9718
8c1b
23d8
ea65
8e54
f987
8262
6a56
4348
0a4a
7c82
78f9
6e44
0ba5
85e1
e5de
ee6f
9fa0
b0fe
2214
c89d
d402
d8d2
127f
73f8
6ff8
e09a
2276
3a6d
54a1
59c4
1886
502c
0ccf
7965
b418
5fbd
b0f2
6b9e
db0f
5b28
a9a2
3de6
88d3
24c4
3dd8
d2c8
c5e8
bd97
9aed
fc2b
0298
ca8f
b5a7
85f1
c1d6
f3ee
95eb
d7b4
fc97
c4b6
e589
7c7c
92f6
c73a
df70
dff6
e066
9a07
48e0
db7a
6f59
a687
339d
10b2
e24a
7622
ac2f
7dec
fabe
6a8f
38fc
6052
84c5
c722
6f33
15e9
1fcb
a8d8
34cd
b0e5
8b76
30a5
f52e
f7ac
e519
2c04
9d21
48e5
9e77
fd2e
8763
d0ea
ab21
38be
9364
c999
10ae
6ca7
32ce
814e
6d65
c8cc
a779
0668
da83
6518
8090
17a4
2706
8226
b071
f13d
2336
7fd4
e3d9
53aa
f692
65f6
920c
249d
9682
5439
4b46
26f0
4e4b
933c
92e7
25a6
075d
cf93
b658
da3c
0d47
fdd6
e2dc
1905
74b7
99d2
052f
95f5
9bde
8006
8397
9472
b7e9
761b
d511
41f4
82bd
1a17
7016
14c7
95d5
46b6
fa8e
5cd4
39e5
9449
ac82
76e4
d7db
52ef
15ca
5038
1ec4
a6ae
4035
e695
441c
73a9
d8a9
c181
0222
b0aa
caeb
853d
0f5a
c16d
c87f
89ec
22ae
5b3f
63a0
aca1
22ed
5048
de8a
b5ab
d409
2000
33d4
2dd3
25be
414a
2d9a
0c24
78aa
824c
d44c
5e94
7c45
36de
c9cc
f182
cf80
13d7
5d04
e828
e9e5
13f2
cf13
969c
b4ee
1c80
6f44
2a63
0653
d9e3
915a
d017
e80c
d28c
2dd4
4ae9
9c82
4782
5603
f477
5147
ba86
b2d8
adbf
7a6f
c94c
d677
72c1
2fe3
5cca
9465
5dbf
d79f
fd96
e1c7
9c17
d2c6
597c
5abf
5487
3159
ebb2
42d4
62e8
cb34
7d82
7d87
777d
6a38
375f
bca5
94d4
d2ea
fada
1abc
0aee
484e
1e25
4e0d
1048
7c80
3122
1f1f
ff9a
f263
2c63
6800
080d
6a00
71bb
467e
5d75
f6e5
05b7
0366
e2b6
a5d0
2bf0
7a5b
858a
0746
4cb1
b92a
895a
dd8f
4dca
cefe
3a2a
e07c
0301
f73a
0c04
747f
77ec
51db
1f92
665e
9021
b5ab
e7fb
2bdf
d60f
863b
cb2e
56d8
73e7
bc77
74f2
42dc
b96f
d88d
da71
77fc
b460
3f23
18e6
1e8e
2244
56dd
e569
40a2
61e1
e192
2c49
7459
fb8c
4865
fb17
dfd2
53ed
aa96
5718
fea2
6ca2
8abf
80bc
6af5
1e5c
37be
102f
f77a
cc2a
1b6a
8a95
15e7
47d1
21d3
5b5c
2598
2561
912b
062a
bfaf
202c
df72
0c3b
3950
3b92
3098
a397
b6c9
171b
5fac
8c48
bf51
1fa6
8788
5655
90ab
e76c
2f3d
c493
b028
e98f
edb9
5684
7a8b
9661
de9b
c76c
9fc3
b5f3
0c08
6273
762f
bab3
9504
eb21
7e17
339e
6757
710a
4b1d
287b
d6c9
1978
b32c
251d
ad5c
8d3c
3fe1
8c4e
387e
37c0
a791
cd28
1f62
0f5d
f5cb
b8bc
28b8
6e0f
6332
b15d
e23f
765a
9440
d47a
815b
eef9
e160
98de
3b57
d7d3
3528
841d
b0e8
ebfe
8923
2bd8
41c1
e3b3
a7ab
dd69
fadc
474f
7dd8
7f3f
cf99
d7ce
b6ba
1efa
24dc
0554
9ac9
e152
ddfe
badf
d9d6
495c
e560
964a
fcfd
dcd9
b74a
d1c2
d080
04da
8c0d
fd52
858d
5a8d
a08e
491a
a6d9
28fe
00a8
b7e6
0647
6879
4e4a
b586
d8a4
81d4
0e79
e07e
a199
6b47
6109
89f3
58c8
8616
77ee
ca17
fd42
1ef3
688f
9e62
be99
82d3
e19e
4ae3
1df8
cf19
581e
e8d1
abe8
9c28
1dd3
f2cb
eb01
9660
6181
10c5
cb0f
c008
5f2a
d34a
aaf6
a570
b6ae
7591
69f7
dbfc
d5f8
48d7
4a3a
0351
bc2f
2fc9
5b5a
11ec
7c27
11f9
7dfa
8d70
296e
8aa4
f595
35c3
2b9d
e979
2d69
f393
7ce5
31cf
6445
4d76
d16b
5fdb
ac63
6b1f
f233
bc8c
d329
6b82
fe6b
575a
e3f4
41f0
63de
150a
94bc
56ef
f7a1
8b8d
fb19
d82d
657c
59d8
8823
26eb
c18a
fa8f
4ce2
22b8
561f
5127
856d
5c6c
59cd
8e9b
e700
6ae4
044d
7b2e
c761
2492
0ef5
08dc
c8af
6c5b
6837
defe
e100
52e4
0b4b
15a8
a019
a463
5f8f
aa09
a8bd
90d8
17ea
9dff
b75c
c901
031f
5d32
8efa
081c
236d
d14a
6a1d
1216
9243
092a
e9b2
cbd4
d099
defa
0240
2395
76e7
a4f8
5f56
fef2
a746
2ad8
4ae8
b778
7798
8768
4a35
9ec2
d790
89d0
f59d
3956
a65c
e61c
e6d4
3a6a
492c
8fc8
7abb
07e3
48b8
957d
f93e
f096
a85a
a50b
d63e
55fe
5595
c6d8
f07f
7886
6214
39bf
b2de
a22a
843d
f677
4839
a1fc
dc61
e4f9
af86
565d
bc28
35bb
99d1
04eb
9b62
8b0d
64ae
c3cd
5d37
5ffb
7a74
4217
9f16
634e
d231
292c
3db2
c710
609c
4210
8e4c
22e7
ec64
cf36
594a
77d9
ae9f
b3ab
3336
b81d
eda6
e90b
2864
a63f
2a05
7340
ed04
298d
64db
e181
dee0
a3c9
a342
0483
8fae
4cce
3de9
6db0
ee42
b2cc
5038
f5e4
9006
0b48
81dc
28f3
d33f
4b54
e93f
66bb
5bb4
22ec
b04f
c304
399f
dd9c
0f4a
4cce
7730
fb74
5758
bd30
4836
954f
f2c2
4807
f59e
e373
5df9
b952
7a5e
246a
d4aa
46df
0c64
fddb
cbcc
28ca
1ce4
790b
01e0
5380
b3a5
318c
a7c9
eeca
dfc9
3daf
5245
67d2
22e7
ea34
67d0
b890
c399
33d5
69a1
aee9
222c
a1da
ec9f
36ee
4c51
8058
6b5b
7c1f
aa90
0de2
c18f
c88a
ca7d
9d0c
5094
bf8e
ee13
7cbe
16a1
5594
5962
acfe
d9c2
8917
e046
9a3f
6d6b
7bc3
a557
5008
789e
036e
cb96
d288
4263
f037
1920
21f4
b2fd
8042
0fbc
f190
6f11
6e70
8b59
ec4b
630c
0469
5637
ae38
74a0
d5a4
77ca
09fc
2907
237e
6dc4
22e8
fbd3
4e5b
4873
760f
b54b
74e3
93af
c1e9
b74c
7092
1915
4968
336a
9760
48f7
04bb
ea75
c9af
0fce
c2d0
97fd
1683
4d07
ba4a
7877
eb5c
cbaf
7b45
8ba1
f6dd
73e8
8bad
802b
4f59
e6ca
5223
69a9
120e
05ef
17c1
a9ae
e13a
d229
d3d4
0deb
570c
9275
a1b0
b111
553d
63b8
74c4
ecdd
a828
8c0b
b0b5
31a1
c8f5
972f
6962
5c09
b164
2f83
6888
db93
dd53
033e
cdc6
d3b2
2f27
4e64
662e
1fc8
1ae9
c845
e962
58ca
d316
3917
a1a3
0c84
63b9
c9dd
a9e4
829c
7b1a
7789
6ca5
7b6f
52ae
6759
efb4
552c
16bd
439f
9996
e563
9ee0
1e57
c146
153b
b08e
6f07
70b9
28e5
a8de
aa36
8a2a
974f
2701
e19e
2cc7
4ad7
151e
2a8a
13e8
9d06
46c6
483c
32af
3aa0
d393
9a31
7852
9130
318c
d2b7
4f18
43b1
c89b
481c
1eeb
57fa
749d
7433
6be2
3b7c
6d39
7510
e8d2
6e33
846e
d101
b119
37c1
6f84
f60e
ed1e
e7c8
dac5
735a
4c1f
235d
678a
6744
a49e
88f4
05dc
7167
1d8e
c212
1247
7bee
37cd
5fe7
0e6b
9d53
e8ce
9902
8c18
9769
4d5b
8591
ffe1
f674
d7da
5615
8b69
f6b7
3ef2
f4d1
2ed6
5795
23e4
2763
0f7f
ff53
be92
3094
d059
096a
4ceb
2320
200b
07d8
5fc7
1370
79da
7a3d
827c
70f9
95d9
8a4b
85c8
42b7
9d30
ef06
28df
8d84
27ed
c33a
b20b
6fc5
e657
9ec6
9076
dc76
0be6
b5a3
aa1e
0eed
3b83
9603
3402
8b77
9af0
52aa
e00c
0b7f
e9ae
6137
ce8b
4b0b
ccd0
1712
728c
bb4f
765e
a3ec
cfdb
8aea
9df7
f9de
790f
d5e6
4abf
1951
c67d
68d1
1afb
79b7
8122
0483
b63c
73ef
d221
ee11
32ce
7834
0616
5a7a
9b5a
e0ce
4286
a6ac
4490
6f32
aa43
97d7
97b7
33b6
f017
4edc
d60f
2484
845a
03f4
ef74
3059
3011
f313
ca9f
b035
8adf
9f2e
07de
e9a4
85b6
5c8f
01a6
a352
d5c8
5fd7
34e2
ce90
69c8
2c18
affa
cd57
c4b8
06e0
4a88
278e
a06b
b77c
f312
5a18
e1a2
4634
e8d5
2c8a
2ed4
2fd5
bf46
e831
0d74
425f
33e5
d631
7f19
0cad
e9d0
10b0
10dd
1312
df73
0bee
07ea
4a98
d2cc
fd1e
7e1f
f8a2
1309
602a
7ae4
a790
d355
7195
46a3
49e0
cc8b
827b
bc38
a3a7
0e27
faf3
36d4
b015
2b4c
373b
aac3
65ad
5be3
df39
18d5
1432
3367
39b7
92e2
c1b0
e886
beb0
87f4
973e
5290
9d71
5c43
b1a8
f7c2
e15d
30fc
419f
1156
4b26
a5b7
e000
43c9
c8fb
90fb
f308
bf11
11e5
5aff
3b94
0897
d4a5
114a
bcca
f4e3
bbad
88d9
9b22
2626
0409
3657
b437
42b2
adb9
9fd2
98bd
400d
e729
4465
b472
2a9c
8b78
525b
b045
27bb
9c5d
26db
582c
3eab
7ee0
ec8e
e020
c2fa
23a4
108a
6f61
d505
5640
cd30
2880
15ee
8471
75ed
abff
3bfb
5880
8c7d
24c0
655c
74db
32cd
434e
e6d2
ac57
21e3
ff07
9cf1
1ea0
6c56
100c
d985
d1db
e79f
e645
4ccd
b40b
cc5c
8af3
2b49
c385
f979
3f10
595d
1912
3466
aab5
eb12
7198
7e87
e0a9
