000000000
000000000
000000000
000000000
000000000
000000000
000000000
000000000
000000000
000000000
000000000
000000000
000000000
000000000
000000000
000000000
000000000
000000000
000000000
000000000
000000000
000000000
000000000
000000000
000000000
000000000
000000000
000000000
000000000
000000000
000000000
000000000
000000000
000000000
000000000
000000000
000000000
000000000
000000000
000000000
000000000
000000000
000000000
000000000
000000000
000000000
000000000
000000000
000000000
000000000
000000000
000000000
000000000
000000000
000000000
000000000
000000000
000000000
000000000
000000000
000000000
000000000
000000000
000000000
000000001
000000000
000000000
000000000
000000000
000000000
000000000
000000000
000000000
000000001
000000000
000000000
000000000
000000000
000000000
000000000
000000000
000000000
000000001
000000000
000000000
000000000
000000000
000000000
000000000
000000000
000000000
000000001
000000000
000000000
000000000
000000000
000000000
000000000
000000000
000000000
000000001
000000000
000000000
000000000
000000000
000000000
000000000
000000000
000000000
000000001
000000000
000000000
000000000
000000000
000000000
000000000
000000000
000000000
000000001
000000000
000000000
000000000
000000000
000000000
000000000
000000000
000000000
000000001
7ffffd8c2
7ffff885b
7ffffbe01
000005b79
7ffffe19f
000001821
0000070d4
000005029
000005900
0000028ec
7ffffd2c2
0000058a1
000005e51
000001c70
7ffffb29f
00000311f
7ffffba96
000002fbd
7ffffce67
7ffffff1e
000005be4
7ffffa3b8
7ffffc404
7ffffe62e
0000040ea
00000745e
000005f84
7ffffdf97
7ffffdbc5
00000145c
7ffff8ffb
7ffffa331
0000004b4
7fffff48c
000004dc0
7ffffe6e2
7ffffb588
000000ec7
000002c8d
7ffff82cb
7ffff96f4
7ffffa2cf
7ffffb6a6
7fffffa03
000002a65
7ffffeb16
7ffffb4e8
7ffffc30d
000002728
7ffffbd83
00000060e
7ffffbaf2
00000079e
7ffffea6f
7ffffb452
00000496b
000006c8d
7ffff87bb
00000252c
000006091
000004641
000006c19
000001ca5
7ffffd27e
00000089d
00000241c
00000727f
0000075b2
7ffffb8e4
7ffff9687
7ffffe205
000005b77
000005849
000006b86
7ffffbcf8
000002ae9
7ffffff0c
7ffff9bdd
7ffffc4fa
000005397
7ffffd576
000005524
7ffff939d
7ffffffd3
00000405f
0000043de
00000690f
0000012d4
7fffffae3
7ffff9132
7ffffba5c
7fffffbd5
7ffffa467
00000356b
7fffffdbc
000004b02
7ffffceec
000004010
000004237
000007126
7ffffb815
7ffffe991
000003421
0000056fc
7ffff8f86
000005cbb
0000029ea
7fffff410
7ffff940f
7ffffa0c0
00000208a
7fffffd4d
7ffffa2ac
7fffff72f
7ffffb7c7
000004972
000003fc5
000003515
7ffffd636
7ffffd225
00000720e
000002cec
7fffff225
7ffff87a6
7ffffb489
0000049f0
7ffffc3a5
7ffff91ae
000000008
000000008
000000008
000000008
000000008
000000008
000000008
000000008
000000008
000000008
000000008
000000008
000000008
000000008
000000008
000000008
000000008
000000008
000000008
000000008
000000008
000000008
000000008
000000008
000000008
000000008
000000008
000000008
000000008
000000008
000000008
000000008
000000008
000000008
000000008
000000008
000000008
000000008
000000008
000000008
000000008
000000008
000000008
000000008
000000008
000000008
000000008
000000008
000000008
000000008
000000008
000000008
000000008
000000008
000000008
000000008
000000008
000000008
000000008
000000008
000000008
000000008
000000008
000000008
000000001
000000000
000000000
000000000
000000000
000000000
000000000
000000000
000000000
000000000
000000000
000000000
000000000
000000000
000000000
000000000
000000000
000000000
000000000
000000000
000000000
000000000
000000000
000000000
000000000
000000000
000000000
000000000
000000000
000000000
000000000
000000000
000000000
000000000
000000000
000000000
000000000
000000000
000000000
000000000
000000000
000000000
000000000
000000000
000000000
000000000
000000000
000000000
000000000
000000000
000000000
000000000
000000000
000000000
000000000
000000000
000000000
000000000
000000000
000000000
000000000
000000000
000000000
000000000
000000000
000000000
000000000
000000000
000000000
000000000
000000000
000000000
000000000
000000000
000000000
000000000
000000000
000000000
000000000
000000000
000000000
000000000
000000000
000000000
000000000
000000000
000000000
000000000
000000000
000000000
000000000
000000000
000000000
000000000
000000000
000000000
000000000
000000000
000000000
000000000
000000000
000000000
000000000
000000000
000000000
000000000
000000000
000000000
000000000
000000000
000000000
000000000
000000000
000000000
000000000
000000000
000000000
000000000
000000000
000000000
000000000
000000000
000000000
000000000
000000000
000000000
000000000
000000001
000000001
000000002
000000003
000000004
000000005
000000006
000000007
000000008
000000009
00000000a
00000000b
00000000c
00000000d
00000000e
00000000f
000000010
000000011
000000012
000000013
000000014
000000015
000000016
000000017
000000018
000000019
00000001a
00000001b
00000001c
00000001d
00000001e
00000001f
000000020
000000021
000000022
000000023
000000024
000000025
000000026
000000027
000000028
000000029
00000002a
00000002b
00000002c
00000002d
00000002e
00000002f
000000030
000000031
000000032
000000033
000000034
000000035
000000036
000000037
000000038
000000039
00000003a
00000003b
00000003c
00000003d
00000003e
00000003f
000000040
000000564
000000588
0000005ac
0000005d0
0000005f4
000000618
00000063c
000000660
000000ca4
000000d08
000000d6c
000000dd0
000000e34
000000e98
000000efc
000000f60
0000013e4
000001488
00000152c
0000015d0
000001674
000001718
0000017bc
000001860
000001b24
000001c08
000001cec
000001dd0
000001eb4
000001f98
00000207c
000002160
000002264
000002388
0000024ac
0000025d0
0000026f4
000002818
00000293c
000002a60
0000029a4
000002b08
000002c6c
000002dd0
000002f34
000003098
0000031fc
000003360
0000030e4
000003288
00000342c
0000035d0
000003774
000003918
000003abc
000003c60
000003824
000003a08
000003bec
000003dd0
000003fb4
000004198
00000437c
000004560
000000008
7fffffff8
000000008
7fffffff8
000000008
7fffffff8
000000008
7fffffff8
7fffffff8
000000008
7fffffff8
000000008
7fffffff8
000000008
7fffffff8
000000008
000000008
7fffffff8
000000008
7fffffff8
000000008
7fffffff8
000000008
7fffffff8
7fffffff8
000000008
7fffffff8
000000008
7fffffff8
000000008
7fffffff8
000000008
000000008
7fffffff8
000000008
7fffffff8
000000008
7fffffff8
000000008
7fffffff8
7fffffff8
000000008
7fffffff8
000000008
7fffffff8
000000008
7fffffff8
000000008
000000008
7fffffff8
000000008
7fffffff8
000000008
7fffffff8
000000008
7fffffff8
7fffffff8
000000008
7fffffff8
000000008
7fffffff8
000000008
7fffffff8
000000008
1fff80008
1fff80008
1fff80008
1fff80008
1fff80008
1fff80008
1fff80008
1fff80008
1fff80008
1fff80008
1fff80008
1fff80008
1fff80008
1fff80008
1fff80008
1fff80008
1fff80008
1fff80008
1fff80008
1fff80008
1fff80008
1fff80008
1fff80008
1fff80008
1fff80008
1fff80008
1fff80008
1fff80008
1fff80008
1fff80008
1fff80008
1fff80008
1fff80008
1fff80008
1fff80008
1fff80008
1fff80008
1fff80008
1fff80008
1fff80008
1fff80008
1fff80008
1fff80008
1fff80008
1fff80008
1fff80008
1fff80008
1fff80008
1fff80008
1fff80008
1fff80008
1fff80008
1fff80008
1fff80008
1fff80008
1fff80008
1fff80008
1fff80008
1fff80008
1fff80008
1fff80008
1fff80008
1fff80008
1fff80008
200000000
200000000
200000000
200000000
200000000
200000000
200000000
200000000
200000000
200000000
200000000
200000000
200000000
200000000
200000000
200000000
200000000
200000000
200000000
200000000
200000000
200000000
200000000
200000000
200000000
200000000
200000000
200000000
200000000
200000000
200000000
200000000
200000000
200000000
200000000
200000000
200000000
200000000
200000000
200000000
200000000
200000000
200000000
200000000
200000000
200000000
200000000
200000000
200000000
200000000
200000000
200000000
200000000
200000000
200000000
200000000
200000000
200000000
200000000
200000000
200000000
200000000
200000000
200000000
600040000
600040000
600040000
600040000
600040000
600040000
600040000
600040000
600040000
600040000
600040000
600040000
600040000
600040000
600040000
600040000
600040000
600040000
600040000
600040000
600040000
600040000
600040000
600040000
600040000
600040000
600040000
600040000
600040000
600040000
600040000
600040000
600040000
600040000
600040000
600040000
600040000
600040000
600040000
600040000
600040000
600040000
600040000
600040000
600040000
600040000
600040000
600040000
600040000
600040000
600040000
600040000
600040000
600040000
600040000
600040000
600040000
600040000
600040000
600040000
600040000
600040000
600040000
600040000
7ffff8000
7ffff8000
7ffff8000
7ffff8000
7ffff8000
7ffff8000
7ffff8000
7ffff8000
7ffff8000
7ffff8000
7ffff8000
7ffff8000
7ffff8000
7ffff8000
7ffff8000
7ffff8000
7ffff8000
7ffff8000
7ffff8000
7ffff8000
7ffff8000
7ffff8000
7ffff8000
7ffff8000
7ffff8000
7ffff8000
7ffff8000
7ffff8000
7ffff8000
7ffff8000
7ffff8000
7ffff8000
7ffff8000
7ffff8000
7ffff8000
7ffff8000
7ffff8000
7ffff8000
7ffff8000
7ffff8000
7ffff8000
7ffff8000
7ffff8000
7ffff8000
7ffff8000
7ffff8000
7ffff8000
7ffff8000
7ffff8000
7ffff8000
7ffff8000
7ffff8000
7ffff8000
7ffff8000
7ffff8000
7ffff8000
7ffff8000
7ffff8000
7ffff8000
7ffff8000
7ffff8000
7ffff8000
7ffff8000
7ffff8000
000000015
00000000a
000000009
7fffffff3
000000016
7ffffffff
000000005
7fffffff6
000000021
000000000
00000000f
7ffffffe5
00000000e
7fffffff1
000000017
000000004
00000001a
000000039
7fffffff5
7fffffffa
000000020
00000000f
000000002
7fffffff3
7ffffffe6
000000007
000000009
7ffffffff
7ffffffef
7fffffff2
7fffffffd
000000005
000000009
7ffffffed
000000010
7fffffffb
7fffffff6
000000008
7fffffff9
7fffffffe
7fffffff1
7fffffffe
7fffffffe
00000000f
00000000a
000000010
7fffffff8
000000010
00000000b
7fffffff4
000000014
7ffffffed
000000012
7ffffffda
000000000
00000002b
000000005
00000000f
7fffffff3
000000005
7fffffff7
000000003
000000009
7fffffff2
000000001
000000002
7fffffffe
000000001
000000005
000000003
000000000
000000000
000000002
000000001
000000003
000000000
000000000
000000001
7ffffffff
000000000
000000000
000000001
000000001
000000001
000000000
7fffffffe
7fffffffd
7fffffffd
000000004
7fffffffd
000000003
7fffffffd
7ffffffff
000000000
000000004
000000004
7fffffffe
000000001
7fffffffc
000000001
000000004
000000003
000000001
000000000
7fffffffb
000000002
7fffffffb
000000002
000000001
000000000
7fffffffe
7fffffffd
7ffffffff
000000000
7fffffffe
7fffffffe
7fffffffd
7ffffffff
000000002
000000001
7fffffffd
000000003
7fffffffb
000000000
000000001
000000000
7ffffffff
7fffffffe
0079b36f6
7e9623e3f
00c3700ad
7fb9eb0f5
05c1b415c
7e9318cbf
7fa67d877
017640b11
01458fd5f
01972b2c9
7c7d17632
7db03cd43
00e8b69e1
7f492cbfa
7f4978f8e
0077a70e1
7ca2f61ae
037202c16
7d599a827
04eba3ee1
7b7d83390
7e42f3704
7dc49a623
7e200abba
06813ce56
7a80d648a
0496336f3
7c1cecc33
7edc93a73
00e036148
05a89e173
7f8457e61
0006230a3
7eb05f42a
017e8495e
7d8158a8d
009c1ac06
7e7135855
041485980
00be957bf
0161b549b
7d74412a6
047580100
7f09e01ea
02407e089
7effeea5b
060a199f1
0050ed670
7cfad3317
021b58eae
7e39bb4b7
7ffa4bf31
04f9dd8ac
7de534e1b
7c793956e
024e341ce
78587ab5f
015517660
7d9bda9bd
02c86b61c
7bd4401f3
04d4f7607
0234bf484
7d9988b47
06460f166
005418dbe
048072fee
010d4b6f5
015b1eda2
79e8cbee1
7fa21ca11
7966e89ef
7d9e85248
03cd61b4f
011750fe1
0113d5fca
7f643240c
04ba1cc6c
7d81d6edf
01ef1cfdc
044bc69fa
0736a1d21
002853320
0239dfa8c
010df0d18
7f0cc1d92
7e985aa78
7b18f15e7
7f83e427a
7a9339ca9
00f383375
7f69e9d9e
7d080eea9
0048a073d
7ecf3d998
05f3e5622
0288b6ef1
7a02a4892
7f37dd827
0086a5d9e
030864a29
7dd7b2538
035dcbebf
7b25e33a8
01e0700aa
7b7a8f479
7d21ecc0e
7d9559c6c
7cca3508d
038654da1
005201ebe
0390768b6
02c4d71b2
07bf798ed
7f69df523
021a0139c
0199d1235
7fe92cc79
7ee5169ff
7ac2b0662
012b94cac
786538b81
7f69ba99f
7ffddc181
7ec947016
7af419e85
01666dd56
060d82755
002509c94
7eef9a1bc
7fcb8d58d
7c09b771b
7bd9c2f4b
7c7981ecf
026716e13
0102b8965
0256b4c46
7d26ba447
01ee2e9e9
7bd7b714b
7fe20bf2e
0239e2512
0391d2c5e
0426ed42b
7e517ef07
004166065
7e9f79c0a
01178e7ab
0089a335c
0078b991a
7de0b064f
7c3ea4fd4
04d8e9232
0552155c4
7fadf0ceb
7e0e78fdf
045398a47
03de264f5
0022f7aab
05371edc5
7c62ee657
7fff1af58
00564d233
7b0bc51a3
04e7b07c6
7e1a76e4b
7c5f14bc3
7dc6662ec
02e3390f5
7b3f7c0ea
013e97639
09e188a4d
77b212134
072629cea
018b47913
7743882a0
017cd97ee
08291703c
7d56cff48
03c06e641
0253985ff
09b67d01a
05e46f855
02c22280a
7fa629c31
03a796693
7af739b44
7875420c0
053eea1df
7c2d530ec
7da6e912e
0088f7094
7959acf00
7da4ad0d1
01c663937
7c499a2a7
746f37b69
7d3b40493
00850439a
00b518f74
04e92c224
0182e598a
79938ba93
7a2b0780c
7e2f2fef2
02cbbc32e
000bbef3a
04ddd8b40
7a4ab1b0b
7e27ffefc
0415c8ef9
7d0583755
77926cb04
001c3451e
7eac47f01
0372671f4
0337e89c5
7ead31787
7b7d8961c
7be5b15b9
005324bc8
0269f7f03
0196de3e6
04d95eb38
04679bdc9
05af5bd10
7e78bd633
0176d0f86
098320db5
7fc2c02e9
7d9c2243d
001d62a17
7cb70a90a
7b98d35de
01f40fc8f
00267ae93
7afe9bd35
7d5c2049f
01671680a
7e9c9dcc8
01d52d757
7fa037717
7f2454066
7c4d17ab1
0227b1762
022eacf8d
007a147da
059eade37
7f52adf25
029c7a2a2
024dc0c76
021e0a17d
047bdd336
7e9896639
7df38bed0
0187a9a23
7ff223a70
02250b821
7f42ef4f8
03312b744
034b78636
7df546d90
7c1c07142
7d4d76941
07c2b6ed5
01991c230
03c9fade5
7cdbb3857
020bb2909
7bd2f2a52
03f99ddaa
0b7351120
7d992b483
7dd66c716
01f4cefcf
7e30b4d2a
01374c582
7e3e35f9d
034c3ba0a
7cc270c2f
0361dd698
00dbf6c50
00b3ae97a
7f65dc0ca
018c65225
7f72a01ca
0291fe1da
015c2a60a
7cbd1c51d
7f261b65b
004daa7cd
000940366
02df7c77a
7d1110863
026282733
7d3d08ec4
7cb055814
7d7e02e43
7d6fee142
7b37b0195
7a55d4246
7c1984bc1
02e01734a
7c7266a4e
053ac0493
7f47ef8eb
020a1fd70
7af1f2051
03deabe58
00da1e668
0655f1298
063e58562
7be757334
00851674e
7ef539666
01cea7112
05614be16
7dea6b171
03a8e0cb3
7ed3feb54
7d42f5e42
7c20a327f
01f6486ab
015ffcc92
01f72c2cf
017440936
7d2b63756
7e57facb8
7d0fd9f1b
03ce83288
7caa40a66
7d23dbd43
0247b31c5
011423b50
0010a3de1
02938f89a
01055eb10
7ef899b63
7ea3160df
7b7f3337b
7b14c81df
0312cb12b
7cb9470e8
7b473a6b4
02e46ee64
7f673f754
025969925
0040c4807
00e093ee6
7da62fffc
7e8089b51
7e3a0a4b9
02b54e3df
7f485e362
7f84f0807
7f176ac0e
7a572f341
000d43b71
00ab733bc
7cbd8c88c
7ed7e99f0
7c55644dc
04a72d43f
0b40ba1e3
08438fcfa
7d5fb19bd
030ab52af
01f128513
7fb39b12a
7f6a4891e
7e5ff8f7f
03ad1a2f0
7e62c56ac
014bde339
04361979d
01f4c44ef
01bab29e7
7901cf96c
021322289
01ad20e5a
7d0839481
01ac685ed
7dc5163a1
7cef65a05
7f9da72d2
03df8960d
7a4846e02
015eb6dbb
77d631df6
795cc966a
7caf12211
7a8869b32
02ad7d672
01c5a428d
01db0b22c
7ebd67a9c
7a697f20c
7f2f74f8d
7a748ca65
7992efa70
02f7c3b60
7d338980c
07695926c
7b64cd1a8
008580ec9
0182e86fa
01fd734df
7feac0648
000056256
7bf31713c
0083b17e2
036e8214b
02b1ce967
7e66d95d7
00f2a58dd
037ad73ea
7b202fa05
7c5e6eb83
02c580a77
082ff7381
7e484789a
03039ed95
7defcf70d
7f760792b
7ff830943
7cacc95ac
055ed3045
03684716e
7b54b6ede
00f3003f5
7f79134ac
7d184415d
7a768ea93
7f18baf4b
7ad01d9ce
02114e951
09212ac44
031805c30
0039f3efb
07d477673
06ad088b6
7d499ddde
007176331
005db6c8f
7e8e3e678
02de5551e
01720b418
79d1d60aa
071221d4b
04f26944d
7c1795296
0728a3f79
7fbec2fe8
7a838fe52
03a81001c
7d7898c58
007bdcbe0
006498350
7e7a47892
035f73a37
014682146
7ef4cf8a3
7ec295dc6
7e122f6d8
03b89783f
7e6299093
7b54ce627
7fb1b7f26
7a7350b0d
06ac660e3
067ce2d81
03245292c
004b5a0db
0155d984d
7ed19947e
7af72c417
781330e6e
06f5ee5d3
7ff1b7bb2
7f17a75fd
06b9a87e0
032849b0c
7dc77cea9
04d860661
001accde3
7fbe3c6b9
0374f6806
013d5cccb
7e88ae1a0
7d1016db4
7bd8a6be7
012603b4b
003c00187
7f351c0fd
0473d0cb3
01887f594
00fc41623
009782813
042ae318e
039da62ea
00870a8ac
7e282a4fe
7bb825fc0
7e1a0bbb1
01541fc1f
7d490c221
7a1956a16
7fe7c2b3d
7ebe19c44
049b5c054
06f2c1603
0446d24f9
009554763
792bab005
7dd1ef04f
7d57a55e7
00784e2f9
7c386500f
7964d0061
78411900e
03b7ada7e
02aba1c60
02623d940
002616536
023c1577b
7e3df5f52
01fcc8554
00b9376e1
7f4abe08a
7fbe17e2d
01e74db46
00c0be8d3
7fb793379
7fea0d7a4
00bc3c805
02e624e49
01345cb2f
002001bd4
7eca24776
7bbeae057
04a446f95
7dd5e210e
7e8b4f17a
796eba505
7d6af56fa
7ccccc222
0381ed0ea
7bbdb9429
039ba978e
7c1f326c3
01aa75a2a
7e06fabea
013d60f53
02fe331d6
0118831d5
0416f5e56
7e14f0f85
0074235e4
065230aa7
02caebcd1
07c54dcec
05709ce3d
7db6dfeba
043300955
011184b18
7c45a57c9
02191ee10
01d33bc6d
775f10d00
058ba7c04
08638806a
7b0e75d07
02f138f3d
0b7f2e2c7
045e35bac
04a3e5037
03ba6218f
788f99a99
02de02924
789a10adf
7535836db
7cc677f94
7c76ca269
75fd55120
00844cb19
7d844b6dd
7c6743f9d
0462926f4
004f97e99
07daf2d78
7e0556211
7e15d75bb
01c60b2da
7d2ddfcf1
7c5185ad9
034ce706d
7daea85b5
063a244c5
7d5f35d45
0044a3fb6
03714fffd
7f17550c6
7f91da1fe
7cee86bbb
7fddbf125
7d0715d0a
7f1e0a766
7cd0ffd7e
028c74ff0
7bb27357c
7c27ed6d6
0548c092f
01036df78
0679c7942
7b010c53d
062f9b431
7ec674768
0572d90c8
0050653d2
015fae36e
0a1828f7c
7b49ea458
0211bb427
072ed320d
03c2b158a
7e694ef10
7f1ccaf66
009aaed4e
79b13a597
008609405
7efadd8be
7b5123781
7f0e6ecaf
030123f0e
7d28a1e6d
0315551dd
038231f4f
0559a98d2
01190361c
7f3b49647
00bc70eed
7acb1cecc
7ef8a0be8
00157fb53
00964bd6a
7dbcf9a33
78daf47ad
0683b6368
035d52b70
7cab2d099
00a6450df
00e977f43
02f3db305
7dc409529
74d87393b
0ae1f2b53
028255a5a
7e7991cf6
7f9b2fbe7
01217e9b4
000165f5f
7f6535e85
7ab54369d
02cf11397
01981a577
041aaab57
0229874a7
01c7d6859
0150a20c6
030f2b8b3
04f7e936f
7bfcb73b7
0122db37f
7e767664f
7fccbbd7a
0205473a0
7f0d5ba20
03d870d77
080696c84
7be8a492d
7be07e78c
0280108cd
04b7f08da
01635018e
01e234bdd
01d3cb52f
01b73a286
7efbb8e21
0328138d3
7ebcd5c78
7b421af07
7e59ef25a
7fa4a8df5
001fbf1fa
01416b26a
7d0aea261
07c658885
7ca27e593
7ede1b19d
7ca4c6a6c
053f4af3e
009ef6c77
018a98fd6
7cb699e3c
7c77eadfa
025880c87
0363da250
016abcba0
7d0165c1d
7d1bab17f
062b238bf
7d6a4bc0a
7b4754271
05c900377
7f5ab64d5
0362a01a3
7a943ede3
7f5894a05
0a3bbdfdd
7ae34b04f
7e85ccca4
7af563f4d
01f60e479
01f5be0cd
7d9490026
7dd16d769
7db79df1d
042344ec2
7e7743523
0234a99ed
7fd6c10b7
7e04293c8
79b2c86bc
7c6c56b74
00048a40e
013c10a83
7fc8238dd
7f617bbc2
03fd943fe
020abdd55
0527b5873
011f8af3b
7ed3b8a43
0069a6ebc
7c63916a1
7f7eb2f05
7dd838dc1
7fa0d51b0
7c546f8b2
06a099208
79e30f309
0586b9b78
029a627d8
7e95e76f5
7d297325e
00849a3fd
043b875c7
01493d9fc
7cb0df2b2
7fa5622fa
02231d4c2
03641bff7
7eb22aae3
7f5cb4eaf
7f4388fe6
7ca8ee363
0499285fe
7be8cad9e
7ff990c08
00d8c9d8a
7ef0d4d68
001e1ade4
7e221bd50
7e4405a81
02dfc52f3
085ac5deb
04908e837
7a9aae5fa
0626ac624
794d35c6e
04d8525af
01e1e5e89
7ddefe983
7d20160b3
7a67862b9
7b92d88ef
7e80cb801
0117a9e88
04257e2d2
001198aa5
7fb993aef
039e143d0
05a2361cf
7cbee50b1
08d98f285
7b25414e6
7c1f6873a
02c140493
01bba840e
036ec3d8e
7df3af30b
7dd8a91a8
7efdcd44c
021487c47
00e6b5d6a
00b5d5330
01ce1b34b
0498a95e1
033a504f6
7f7364bd8
7f3cdc0f7
02a5ac0ca
7ae815357
7cf135602
0356c60de
016ead1f9
0374abbad
052a36768
017e87e4d
7c6ebd7c0
0214b1469
7f6b41330
7f0933898
7b848ff0f
7e5f7c685
039c6cbc0
7d9ce0836
7e13aca8c
038db128a
7d0d8f7ea
7e96f64f6
7a5c90090
7defc6e1b
009a17174
7ae03c2af
7dbcbad8c
7fb1d5885
02f93f397
05fb2a670
7f9919d95
0312bf156
02ae40e81
7f71c1d24
07ef2b835
7ef249d46
7fff64159
0576e2a74
0469b310d
7dcde6f6c
0279bea5b
072248378
0838ba247
7db569252
7ccb29187
0277ec7ca
05439a314
03630538d
023adeaeb
7c6d16f10
00731b5f4
014966265
0155f7e5a
07ddd623e
03e4518c0
7a9640572
7cff041f8
03127081c
021c3e776
7bc79831b
7fe0177a4
7e69b3242
0070f9ce6
01e818599
00fbdce89
049c4ba2e
00e8ba4de
040eb461d
7ae46eeda
7db67aba0
02cfe48e5
000d5bb03
7dfdfbc91
00c451913
7c9ba0e0f
7b7c9780b
02f0793f6
7f21802e6
7db39e1f4
7d6dcad3d
7df238571
01b03d69b
02ee2d3f9
04e76cab8
7b420b382
7ea3cbf03
057572e89
01cfa284c
06bbb7c3c
02fe30357
028f9789c
7ff99be02
03b5fc670
7f34f070b
7eaa0a874
7af30cd16
7ea4e7dea
0404d10db
7d602b6e6
78d7d7fd5
006cbba48
7ee9cbde0
7c1f6b90a
7a8406390
7d34a308a
010c4676e
0385edd4e
00606048e
7f9a114ac
02afc9ac4
04f08ac98
7d71b9894
02911517f
7d117013a
77dcdec07
033810e47
7aca5f289
0485e138f
00376dafe
01c723cf8
7ebc32a1e
7f94a40d1
78e6a0b18
02352bcbc
7e5b8bb5a
7d4b3588c
7e0af3878
7e45e157b
089689487
7f062b392
7cff024f1
01fc0ae7c
0100acae9
06b6aaa54
031c2065d
7c480157f
7d9ce7363
7f3eeb98d
037651c6e
00e5d74f4
7fc5f6c6b
7bf6b97aa
7f9a636ea
7e088c997
02758d3b9
0584734a2
017674fa3
7f7d23b3d
7fb8e12d3
06242715f
0399a047d
01b656273
0107a15bd
0323846bc
07657e9fa
03d9dd25a
0b6d46fcb
0306d8e51
0109a2253
7c8f9be30
7996cc6c3
7f2407ca2
061f9ebac
0320c332f
02cf30ff8
7ff85e5a8
7fe3751fc
7ad02ef9b
7f3032d64
7e085311f
7fe4498cb
01d325b0a
7b464761a
00ef4e053
7ef2bc232
793698399
7dc94cc2d
055e3859e
7c70eac98
037e3cac4
79a85c739
0210d662d
0701271ef
04bc3523b
0238f2d55
7e0387027
01f2507d6
7ddf51946
05beb5820
7de5f19e1
7bab6f3fd
014a4df8d
042dce137
7b009485d
7fb5262ee
7ea9f047c
00026c78e
0000de7cb
79e67401b
7f4766093
0218b1054
050629462
007a93f8c
01affa883
00040e94b
02dd5930b
04b2f2f19
7d873d76f
0334a9706
7c933d82e
7c532443f
01366b649
7c4f9980a
02076fb51
7d1c06aa9
0019d9b1e
7e37aa1c4
7dbf3ff28
045cf4bc3
7a5ccd61f
02a8b101b
79ab46b7a
00f7c8439
7edd5d7d8
0be1bc5cd
03b9a9520
7f8fdc86b
7d7dc4e6c
0017dac0a
7ae59ec64
041266cb9
7f0897b1f
02852245c
7cf291a6b
78764efe2
02802f8f1
01880c374
034523fd8
7c0224c2c
7c5492f5e
7d3438384
7cd0f0e9f
79a6913b2
04662f420
013637b1e
070d36bdb
01456b943
7b48a78f3
7e2ebbf0f
7f78549be
7e1c7c185
04647b830
02a8cd1a8
049df6fdd
0117e8b02
7ebb6be9f
06b9ce32f
7de55b5d8
7ae66e5f2
7dafa6698
7e031ed3a
7adb1e7e0
036530156
00a672b17
7f0fcb23b
0358c1846
058eace5b
7f6e44ae3
7f02d3a63
7d1740aea
024e69a1e
7e84ed91e
0674392b4
00eadc386
7acce2138
02dfa237f
0180586e9
012c4551a
7e14c0848
7f4bfd051
00b93d282
0019ebc32
00a840a3d
00d4f7737
00d923639
7fd4de18e
7fe132077
00266b616
7bc3c1add
7cb29f4a7
0318a0645
02b55072c
7bea6f691
7cecbea42
7b16444c7
01f887c59
04b2cfa24
7f294ae37
7ca9da466
7f23400d3
03f7c1029
0304b99e4
7e2f5f993
01d59f2fb
7d11f62e1
060db364c
7cb9b1411
7c6141969
7b9d028df
7feae5fcc
7f91047f9
0039a9022
049ed31ca
7cbe530cf
02b9a9310
049afa753
09ce04fe3
7c935fc0d
034187893
7feadccc4
01f864059
0098356fb
7fbb94823
7d5a7f659
7b2fc8911
02f17f6e4
029a7aa6c
7dd18dbe8
7fa569aaa
7c82134dd
0171a83d0
040208f53
01c45e14e
0062e0b60
7b585134d
0051b9018
0514c18e6
7dbce2b98
018f95ece
0138e7df8
03ab4e4f8
7fad796f2
0287c6fc8
7cef8197c
03cb862d0
03e970b6d
7c7a1814b
00f5d940d
7f88a2e10
7c32f9197
0677d513a
01378df15
06b172c66
00afd8a47
057f3ff15
7d2795f6d
769078ff7
09cca9cab
00bc2d658
00d884865
7b936db95
016c3e5c1
7cafc0e4c
008958e33
05b21a160
75abd082f
7cb1da303
7cb8ba546
00c0c43ac
7cdb1cb5f
773b0d8c8
04b687fa0
01f5d5d8e
019cb7c97
04d473858
032df7e5b
7c4f03517
7c426b146
7dcc34612
062931ce0
07b542df9
04ada968d
0065870ad
7a87fe159
7b40372e6
7fe91d261
77586ff16
026167f02
05a783a5f
79baa1a4f
7ea7441c8
05d25032a
7f5942922
7d9ba732a
0178747f3
012b0ccab
7effc2213
0415e3c4a
7a8aa6b30
77e603793
7d8cbd07c
03feebcba
00d030bda
7963e7502
7b8370b98
7d7eeb4a8
79596de72
07925fbe7
03a1c9184
036b799a3
02c99336e
7e55ebe23
7e4c332ff
02ae693a9
7e9075660
79a6af001
7f0c62f8f
7c7007728
7c8017952
01f5ea9b3
01d83bdae
7ea70e748
0229b3ec3
05b3a3698
7a0c562c7
0626307ec
029e1b6b5
01d2f5c59
032b8ae2c
038501441
7d3d4076a
0ba4daf58
05f2d3e08
048940876
04cf76d0f
7fc85accc
7d29e5ebe
01773a9b8
00940d436
01b1ebbd4
015cc189c
7a8ab476e
016de87e6
7e52ff759
02470954f
7efe6a067
7d9760be2
03409e156
7e941f12d
780d1ce2a
026778474
06f933c58
034a007b0
7ad7f71b1
01a97d62a
7dea08562
7d91a86d2
06b5504c6
7fbbd5d3d
7fabc04ac
7d8332aa7
7f2b59d45
7f49684e8
7aa39ca14
0276adf26
78d18545e
7c4ad56b2
7e08c8dd4
03f7ea39f
00183dcf1
7eb3b7f11
02ef35fce
011590b7d
7d5dec0ac
04a744477
0203f0683
05cb47c65
7fccf2066
03019f96c
7c4e561ed
7ff39facd
7eb2c9dc4
7b357d074
7d16e9682
7d2eb68dd
7d006df72
00ba47698
7f1ebca1e
01fb0efac
0267da0a9
7e7bcd0a3
02b22331e
7f0403c1d
010a193af
7cde381b2
7aefa3ff6
7b19ef83e
0764ad8e7
7a084ece1
7a0be36c4
7d5ea3ab7
7a8cf066f
020f82c8a
0127f8927
0131b6e70
0213c4841
79d6c2d70
041cef31e
7c7e9cd7d
01576ede5
7c4eea75a
02e965cc8
04d66bed8
018d43f88
764e5eeb3
03cd503bc
7a7dbb59e
04238695c
77107766f
7979b9ef9
036eab812
003d9592d
00370825b
06d12d3c1
00c37eb38
7ca06a2d3
03b2672fb
7f94f1932
027512cee
0121d690f
03c96d693
036f4e1db
01b6a25d2
01fc9e84d
7f4a1790a
7e5e03a9f
01495b9d7
7f1613776
7a4732a87
011e04fe5
7d022dd0e
79af394c2
029558f4d
010e4c43b
006ba3709
0658d8031
03a9205c0
7ecf9f3a3
05f9bf8cc
0b49308fb
02512549a
7abc39b70
00bac2122
0009abc3c
7f48b9095
7d231b4c5
7d82e4871
0031c9216
7ddb26478
7ee2b76f9
00152b852
7f9705425
02e81385b
0432e3713
04c9b943f
05d3ad48e
7fbd963c5
7ddf16529
01321e748
0013cb819
7cc9b36b3
009599eb2
7c715bef5
7c6cae328
00f9060d3
7adc10e82
02ebd7fc6
01093ffa1
7e920b297
7e7984144
001ce74b3
00218a717
028670ae7
7afc73109
7f735e8bb
7f542e899
7e73d94d7
795636f67
7cbe5b209
7cdcbd6c2
7e4af42a6
797a9ee84
02d1a5f2e
027bd125f
7e740b63c
7d0269db7
0030ed691
022ed668c
03af39995
7abffed6f
7d367f051
018439a09
0376ed27d
7c879bb67
7d76c62c1
03ce514d2
792aff35a
04631349c
7cefdc420
7de0c9bc9
7c67fbb6a
7d3321710
7ed231fed
7c7555593
012c50577
7ba7a00d5
7fed6ed9b
026a420f9
066678b69
00003ecb9
7eef37fde
05ca7506c
7999be596
03edb727f
017e9594b
03cd43ba9
05b5d42f9
065176761
7f1d970a4
074b14588
7e5b26a5f
7db2cd248
7f8fc359f
04419505b
04f2845f2
04a162a04
01ce10702
02d779d02
7c9be2bde
7e069e227
7dc10fb34
7e93050fa
7c6dfa2cd
7cb850e41
01ee645a9
7e3028f51
0296b0015
0055a673d
001c9150e
05a435799
02a39e4ab
04fb563a8
7fa9364e6
051f85bf5
7e1d1a33b
7d8be5e94
02123a79e
7c4c4c5a7
033007c92
7dad6a489
009b4d69c
7a91f6599
7afe61433
7d943e509
00be44e49
7ccf38e01
03b660ef1
083c390dd
01d7a95fc
7c7e1d232
01fc62f2b
7fefebae4
7e1c2177c
048d912fb
02fb44bc9
064b0b5bf
7cdf164a3
7e72b63bf
05a6f7237
7dde0e9e0
01fef4b95
014080a86
7e20a610b
04efde461
7f13479e2
0678ec94b
78fc18673
03c2f5cb6
7d99e0296
01c5a17e9
094f39fd7
04d1e89ea
7be8ef43b
797d8f7a1
064076731
7f34a06e8
7c4eeff06
028db4ebe
02865ce03
7f04f528b
017121b43
792e05fe7
057dea682
0155731d5
04bcae4d7
00fde4a7c
0015d8202
02ce3a291
7cb2d2d5c
094ff4ab0
7b7aa2cd1
0197c30fe
001e50df0
7ace86428
7d455945a
7d84360a5
7f1665508
00f293cc8
7ecfb84d0
01ae90fff
7e5fbed64
04ded9062
021b569ff
7f2e84e7f
7e8f5a810
7cd580fe1
061a9f6f7
00cb79840
7e8aa2612
7cc16af7c
7f9b4e71e
7db70c1bd
7d8054424
01833f34e
7e85e4699
02535f5b9
7b94f907d
04fd439dc
7907884ab
7ce2be040
013fb6af4
7be40c9be
01370ae92
7a9d23826
08be9cd62
04b626273
06eb0ee66
04a4ac77f
0133287b7
035eb6bd6
79a473392
060c9a4cc
7bca9343d
01c22e380
7ae190bb4
79a44d3e5
7f12acdca
01919e8f4
048561853
7ed8ec1c7
002bf56a0
778f3a141
7e955b8ae
063495a55
7b050d30f
7cd99cc19
008f77efa
7e3e79cc1
02d7ae00b
7bf2eeaa1
7b3914296
0a1212899
7f68dc230
7a0995031
7a545f595
7f510c980
7dbf168c8
026e12c4b
7ce42c871
0046c0474
7ebc7bb65
7d4228a57
7f347ee27
00e931b2e
0305333d4
00200bd4d
7c5671ffc
05019c7f0
7bc9a7bbd
7da1dfc26
7de1e83ea
0660fe663
013cb45e8
0362631e5
7d87d4c9c
78dc347d8
0333c8628
7da513196
7ac7ea515
7d10f1dde
7c82edff2
06623eed6
7e1fa00b0
79e82ab71
0198cd694
016627017
7a5120a1b
002211c53
01ec1f9a7
03bdf3552
7d9568d24
042246a9e
7cfed1b75
7bbaacd27
03791b6bb
7f1edbe11
7a9fb3fc6
03546a524
02eb15011
7f36d7605
01f1f7a0d
019c953ad
7a58df14d
030a8756f
7c0ba5b37
7f0f63469
7dd123ae9
7f3aae7c5
7a6ff82d7
017d00018
00af2cdc6
7e404edba
05eb84835
000728199
7d73e15e3
7fde4a758
7e851216e
006ccbd62
0260a7c07
0150ef420
0179a568f
7b5b074fa
0200c30d7
00c9ff034
023d3b2d2
009371db0
0204937c8
7e8e36519
7f0f8d980
015787fe5
01b5a7265
7ef677398
7d8efe577
02dd342de
7b896a9f9
7c6ac1857
00a5fad17
01c8726f9
7c93200ff
7eb3a346d
7eb6f9c61
02d75ec6d
7f49487c1
7a0c9b536
01db30c22
7f8eb1da0
0573084fc
7a0c3cb14
7d2a3706e
018ae7054
7b2290577
7d2cc99ce
04f722368
7e69c11f6
7ecdce3b9
00d07c99c
02dc2cc19
01eac81c0
01a9305a5
02bc50abf
7cd219ef1
0251e30fe
0369896eb
7f3787f2b
054f7272b
0436bab0b
030703794
0229df544
0196d1a75
7fa3ef6c1
7fb38eacd
7a2dccce6
0130f54e8
7fd5e06ea
021330395
7fc193868
7b2b24d8b
01c9c5df1
0630c5f89
7f824838b
008687786
044c58086
7f730018c
04d8416ee
76de5d35e
00565464e
027e6f197
001f70598
00d02b4bb
7e9c5c880
032a70004
039d26347
74df97475
7f8aba82a
040e07c2e
7fb7c12e1
04e05ae30
01766605f
070e8da9d
0162e7e56
78f8091c7
7e167f076
0306af122
04dc20222
7c13186c4
046540c66
0063017c0
03961aa15
0278f86e7
7be94227f
00320d8a6
7b5d7ed40
04d2b16eb
01fd3933a
0093e686f
7fa56e412
02747654b
035b16323
7d4259135
00685670c
00be4fe6e
01841804c
00a83eb74
044232c78
02298384c
001bfa29b
0433b8d09
7ba42c9ab
7fea5fe08
0532a7847
022a1f0c7
7f8f1ecfc
7a91619ff
7d70b0389
7dbcec561
07854c9ca
03694a586
04dc53adb
7f7a2320d
045ddb213
7eb8b8c60
7e7899966
7a108fbcf
7d91e77b5
7d4fb11f1
002193102
7f8294b98
003d8e503
7d10a8e85
7d88afb59
7cf2193d2
7cae74bb0
0299bb181
78e474adb
0280c44ff
0421f6875
7e177e52f
7bc70965b
7ca942058
76792ba8f
019ec3917
787eba9eb
02ac07f23
7fb1d9de3
03c4b6db4
7fe7ded5e
7f0f00342
001e7f7bc
02934e1aa
057b67551
7819c5d3e
7ae09cf2a
0637ddf09
0274a1164
7b54884ed
790be1bff
01a25bbc0
780c46633
036f3d21c
7be238765
7c212f197
036af8f6d
7cd233328
7d97f199b
78cac4310
789db09ff
03f7d8236
010de39a6
7f4581054
7fefd41f2
01fdbed8d
7f6d89a0e
7fa40f842
7f3322172
024519faf
7f8b7cb15
019e96016
7e8c3ebd7
04f0c2c2b
7dea34309
03ac762a2
0161ae5d1
7dae37206
0511b4a0f
035eb50bf
05197d2cc
7c0ebe95f
04f1b5e9d
0183b3639
0105c3d73
03b015a78
7c917c2fa
7f903e7c0
04757a3a4
02fe18097
018cc6140
006c8a6f3
7f6411345
7bc1b3f9a
033236fd8
05f0332bc
008e21a1c
002000276
77bbfe286
7f6fef64e
056b4e1df
77f14dc16
7bed8c374
78c40e054
7a203135e
7cf427e38
7d9c7d4fc
0052d722f
7bcc327bb
7aeef2510
0517149a6
02ce8a21b
7bf236579
043fda444
7ca5da872
0333abb1c
78ec5112c
0615dd262
7af6dd4aa
7fca3b943
7f14faa73
002f30794
022ce9535
01e75ed84
7fcf6120a
06b6cb115
7f09db1ae
010ad996c
7eaf89c97
7dd95b6a5
7f25771df
7ffe5d687
040a39711
7c95100c4
009f223f9
004540604
07662f0da
03a9a7b2b
0345cfc5e
7f1c348e7
065371c4b
0457829c7
017fc5647
7eb111a40
02a2d8a7a
03ed67832
04ce04de6
7ccd2401d
036dda497
03608ead7
7d0e815b4
7f5e94542
0409b4e53
0037be184
00f9c094d
7ec0c7fd0
07242528e
7ff769040
029f8e18b
7f6abec7d
7ea37c054
02a9ca14a
7e98aa4a5
030bcf4fc
7c23c4970
0349d8e00
0328f64a1
7bc331e11
0469d68d9
7f2140e4e
7f000138c
04432cf95
05d0dbee9
78edbd3f9
0502d002c
7b9749c7b
052b63dbf
7ef7e93d1
7c94f0396
007b7cc69
7ad75a3bb
7d7d92272
7ddda07e0
7be2f3b9c
7d732f142
7edca082b
0360d0529
00082e579
041896737
00d934e8c
7ef02ccde
01a606d8c
78ff18ead
00fa1911c
7d6c4baec
0149010d1
7cacbc035
012114d67
7f9b3f400
07c7cd837
7b27f56e2
00f5e0e21
7f701bc1f
7ac0039f4
78ab7ae92
04d09f13f
04cd6871b
7afea63e8
03c75a83d
7f57fa31e
7d9cb912c
01d2e51ec
0340f25aa
7b534ad1e
7dbc037f1
7f88c47b0
7e3d9d145
7afc48797
01662c4ff
7e65dea53
7daa57910
7f2be40cc
03304f092
7e2e1f82b
004c56213
034513b1d
7ea53a856
0135202c3
7f86e5897
0034edc1e
04caee485
7d8b55d56
77ae28d41
045d9407f
7ae8989cd
02052c61f
0178e3632
7cdc0ad16
7d09d6691
7f39caa40
046e16295
7ed1a5c19
00c403eb3
03968f93e
000d0e272
7da203b7c
7ef11b63b
7c2802282
014275371
7df825066
04eb3290f
045178907
7ac0ec2ec
0685aaf54
01cace833
03b675aba
0254169ca
7fd83f257
7da627a96
7f45ad214
01b1c2623
7f0ca3a29
02aec9768
7e3c8e810
02f508816
7f2c45508
7a23943f0
028d41af6
0420d2716
7e2d31f99
0459edd77
7fd975159
00b387723
012509ec7
0545ee051
0468c5bae
007a94beb
08f3944af
02692ef59
0270ad299
09eb243ba
7c46c5569
7921b81d7
03b0fabe1
03d566206
00ed30e92
07ca3ba2e
0690d8781
007e0842f
0139e2c5f
788d64686
7e499e47f
04f34c83f
025fee29d
006d00dd0
053c843ec
7f5ce4094
7f16c28d2
7d9b87424
7dfbf3d7c
025ef8c1c
00f38263f
038228250
006b1c007
01ee2d68b
05cfb290e
022bcab78
0034a00fe
7d196ab64
7832213cf
02631f735
7f44417ad
7e0763ae0
7ade51e64
796a09902
7fb181e46
7f04c9b7a
06646b12f
04e033256
00dac7674
062f2f2ce
01ce5a167
01dba286a
7f55dc6d0
045ba5a00
00f12e038
09cec8a29
01811945c
05f51e66b
08aa2e863
7f217bb09
02b820a2e
0112ff807
0432dc45f
06030a35d
04a7ac6c7
03e54f3cb
0149bd9f8
7e3a463b7
00660696a
051870601
063a06014
06ccbf781
7ef72795d
00819b527
7fbbda3ec
017ab921e
024d1c70f
7fd7aee3f
00ff22680
00417804d
78827e8ae
7eac3b401
7c21b855d
7ed1c606f
7d4ec957e
78ef89441
766c19e48
03c57065a
03d6f3ea9
012dc72f3
02739a92d
7b58350c0
0253925b3
7ebd59801
7b063e3ff
029b3dc3e
03152e4e7
00089e2ed
0114d3a95
7fbcae0f3
03a4c1ce5
7db07b7dd
049aede79
7e6d6e156
7a773312d
7ca24a6ad
7f5698a62
0127259fc
01661c458
7f86e165e
00e679f56
01c01205c
7ff3b87cd
020a06506
7c98dfcf8
7df604265
7ad99add2
7ae22eb4e
005d4b3b4
03099195e
008f8c0a5
7cdced338
7f5fd04cb
7d5999331
00b82a378
7f338bfb6
79fb19ba1
7e887ad94
02ea36370
7f5f62f07
7e96a1981
7f62d9b22
003192d3c
0454ecb7d
006009763
0147c85c4
04371c447
0278f09b5
0114e3e70
055d7a548
7f5b2bb3c
006240419
03bb02ca0
021f9d8de
7573ce112
7962fa9b1
7c9a2b8ee
0244640e7
7f2122a63
7bea23a02
7fad94654
052d507fc
016a8fcc8
0402ef83b
79c630827
010ecda94
0a8d3de0b
077f43dd7
06f2c40ee
0144c0bb3
02299ffe3
03f8164b6
0350c04a3
7da91407b
01ae3150a
059c894a8
008ea0db9
7ff1e312d
025e765f0
00d121432
021a13ead
007ff17e7
08b1a318e
034d47368
7e012dc08
04f42948a
0033a8fb1
07b190b5c
7b3b97177
7b783da19
069a72f54
062bef886
06094b32b
0098da2c0
02625e9a2
084cb77b3
00685cab5
796452fbf
05f14b8c7
05ca870cf
0059e8d09
03057a08a
7f1012cb0
02ee103f5
7d1d925ff
019fc7c84
7c84255a9
004c9f95d
05bf97b20
7dec5edbe
00ff9e281
06ee3c96a
0297ed116
7bf80a565
7f5ba9380
003093b6b
7ee7ccf3e
04d9ac7f5
013253ced
77c8f7030
05ab37ce9
0343e633e
01b8f596e
0014b82f6
7c42df7e2
7fee8f2d0
06ef05677
00ad4ce59
7e0073d25
02abacc1d
03adac676
044cf936e
7fcf12957
02ea821db
049669271
7bc58b852
7f3eb7969
7f93959e5
79bc3d420
02548ad70
01c59c9de
00df1ac09
00266083e
79b2795e4
7b3194a7c
0491c6b0c
7956f3dd6
04488482a
022289786
03486e74f
7dabb60ca
030dcda95
049799030
7e2532382
02a53d45f
7d4539cf6
7674f3743
049fe36ac
00b87cb5e
7bc5c3376
7f1988ff6
055ca3612
7f92191c5
00d1605b2
76ecc90b1
7ce48c2e1
01471abf4
023950dd7
7e011de9f
014c3b19a
04450b5e0
0154a7d7b
0176be407
01788d6cc
7fae55443
005edf17b
7bcfdbb7c
05cf6f9c1
022d3d922
7f9030882
7b1bc9739
043f4b648
0372773c4
7b78a66a5
7e30a2a9e
07f57d83f
01e2e0d38
00951203d
752a470bf
7f006a3a9
7f0eadea8
7d2dee39e
020ccbeb2
7e6737d28
044a2dcdd
04170d7c4
0166d936a
045c12556
7c5e0044e
00e045981
7d93c3d2d
01a6a1af9
7fa878731
7efd38586
037534477
7fc619d94
005e96f2d
010b7fff9
02ddb4fc6
066f9377f
7e143e0be
0652d0e8a
7a906566f
793c66785
03dbee9a1
7bff9c618
7d7e88694
02adadbe4
7c6b2e06b
7a8ab88f1
02479beff
02e805fba
01118c6fc
7db2d9409
0847a30f1
01358172d
796a213c4
035c8a49c
007ba507a
7ebfa2b2d
012ed5676
7eca87d68
049e83c9e
01dc5a220
7cc0c1d77
7c4f97ae8
0079ada84
7f8212a98
7eb4afa21
05d6555c1
00740904b
7fe162684
7f71c12d9
7a9a6bf20
7e44205fd
0104b7254
7d74ca37b
04afbd1c5
0226ab1b1
024ab3992
02c3bc11a
09de774a2
7a1899224
01c43dad8
77f8a1577
7f7f53dc8
7e9bab1f2
00efb3d09
0198fa4a4
0582fd4da
0348d580d
7f7068c1c
0849d8f7a
7fe08d2ce
7d1a3892e
052e501ba
01680618d
7f92c7c59
7cdd0f243
02017670d
7b122bc6a
020252fdc
004786a6b
00559410b
7b8a89121
02b9a98d9
0148354cf
7f02d0585
7b49adb4f
0125395dc
7ebb5ff86
7e3e0630d
0182cc72c
7fd2e9641
7f6db8bc1
01f4dafdf
7ab0229db
037146a04
0046f9eb4
03e391930
7da51524e
00ae348a0
054c80244
01f5f6494
00809d6fd
778a2e724
7b653807b
0355403ff
0d51db51a
7de60b37e
7ada242d6
000415a39
0468a5170
7ca8280ac
7e125ed63
01824f2e2
032ea7223
7f64597af
7efb4b97b
7d949dd35
7ab17d6c5
02994ef70
02220657f
7b7d910d4
7b3a918e4
7d3b55261
06239324a
04b6e90b6
7e50c4d58
7f60c0b48
7aefd3a40
7cc4af645
78563e32a
7e4eda9b0
7c4c1afa6
040a8a725
0004e4c8f
010aa7ad4
7ce4a3e4f
7d6b064a9
7b92272af
7a83b800b
004ca0e85
7eeba2632
03f991cb5
7d91ab70c
06881f954
001625de8
04ecc52f9
01dd9af80
027d9cdbe
04698e50b
01a52c163
0503f28c2
01e9377db
74bdc7e1c
7f4d2bca7
792de9bbd
771666143
7fe9bfff1
0089d544b
01912eb0c
010e03887
7fdd8c375
7edbdf9d6
00e7a465e
01ac6bb37
01a29ff4d
7f0ae5ebc
7c2e29597
7d713e099
7e4723624
7f3569260
0168d4422
7d18c31b4
07f9662d0
7e9ff6dd9
7c7588dfb
79fd13a18
7c1ad01c7
7361d5ccb
7f61c9724
7c928e2a8
0306c67f1
005239f0e
051adea54
00636fb89
73c9d76d8
02d684c90
77e3f15f6
732a37694
051530bd5
7d29139e0
029437251
79a238503
7c34322fc
0135d5df4
7ec380a36
7f15db51d
7ac15f62a
7fcc728a7
7e34fc823
015d5940b
0533423a8
00ebb3435
01afcb862
012636f3e
03b5934d2
7e108a31b
7fb627e89
7dfbf4204
7e042f3ff
03fb07e78
001b63a14
7dd3beafa
7fd8afc02
7ede8dc6c
7a6ae665a
055bffe8a
00cb8b7fe
039f62b84
7e4ac9069
7c7c36416
7e5fe8c35
7d1e40404
0175455ba
7c2073a27
004d8c32c
7e9cbe9a4
00c763a00
033740df4
05f18b876
00abb859a
04489f11d
7920e0f39
7df1ef620
7cb4ae341
7e6b4d062
7fc011e37
75c600404
7fa16dead
057b7f82b
02b82174b
027c6bfab
002b123fd
005e17c11
0653e9fd8
013b6e6e1
7ba431938
0582f5de6
7c15c214b
75efc84a5
04f06d4ec
0271d9a99
02fe7e9b8
7b5c67b7b
012e9a860
76b802bb0
04421ff65
024839a46
0161d1d93
007b2ed9f
071e62473
7ce3cc8f5
7de62e420
070cce01d
7853b471d
7ada3244a
030bc6d3d
01906e723
7c40ad127
74dc413f2
01570cb74
7c84f0fcb
7e72e4617
02d0684b3
0166158fe
7d6bd41c8
0065f0e9a
7be2e0fee
7f6f6c8f7
7e198a219
029ff40d0
08d308f2f
7e99e3181
7bab5cc48
79bc2047f
01d2dbce7
7ba3296cf
058494e3b
0009cf937
7e620322f
7f735d14a
05a0ce457
7f6dca882
00db385bc
01800dba7
016ffa718
7ea1b2760
7d1cb74c7
008ec5368
7f93e2848
7e8af05b0
7ac0ad751
7eb73dbb8
775fb3c8c
01b71be9a
03d15e596
7ceeaa79d
7f15008ba
003202a36
01a4222bd
013f0c086
7b50d5c58
7c6a9b406
7bd36f414
7cdaf2a0e
7ac408746
7f61125c3
0144d183a
055281d30
01e7d19e7
7ced7fd8f
7fb8a28bb
7b811cf81
7e2bc6a0b
0301eab84
003a0f59e
0215481eb
7ea7a2c99
0175fcc85
7bcad5666
7fa255593
7fb4d4ede
7f083181a
7fbe9afe3
7ce115d0f
01a4fc04e
7e36872ab
06ca67d2d
03a64c9bd
01abb1d09
7f3ffee16
7dfe20345
7ffe8963a
00e6072e9
02b50c4d9
7fbb5b965
026977bfb
7b32712ec
0379c59d2
7fe001d3a
7e040c5d8
7d07fe0eb
7df2fb5bd
7f3216829
03e7d84a6
04efb8b72
7a52979fe
02e2d18f7
02f575b3e
7da65195b
7f07272c3
7ee9cb439
7c26f758d
7d06e65dd
06ea6f3df
7932c8000
784ca9f20
7eef32f05
0164e134a
7f701dc4d
7f250fcd3
0009ed925
03a408f00
00e224704
01cf18fa3
006154e07
7e387650b
00441eb6a
7de84999e
01961cbfe
003953c91
7ec88ed2e
7e56e8e95
7c8433726
7c21b79cf
030464eac
7fd7d9d47
0640dd307
079d7c673
7a9537a67
049a29687
7bdc4658b
7cad22614
7e8ff382e
7d253d3d2
7d9bbb1b4
7db6d0eee
06c8148d2
7c403085a
01def9e70
05169d86d
7c85e999c
02e1a7c28
7fdb2c276
00b49c0e8
7804776e2
0158d557c
7d4e54895
7caab1823
044deab0d
7a49ec305
7bbb96e59
00a75fe1e
010ec9092
7ea52ec90
04858dee7
7ecdf0891
78ab5f505
00b38cbb6
7a9e5ff37
79e643ac8
7c6158550
7fda59706
0546908ce
029893542
016b9e7a0
025261ed9
7cc1403d4
79fce3b1b
005b1f783
7cb3c354c
0195d822d
7e415da3c
012e6e2c2
01f14650e
03a22975b
0149ff555
7f21550e9
03f6527d7
0256eff77
7dc7e70f1
7ed15d40c
7f2192756
7a1446155
7d5437301
7efaf3e88
7b7393890
7e377342f
0019a52a2
7e7fc4627
7d888ba33
055ce75ac
7ca31e94e
011dac9a7
7be64b037
7d25e0808
7f577866f
7c0a61a98
02209c43a
02617740e
7fd89b57b
7ec244387
7e06eb544
0280eeda5
008489878
0118a3ee2
01892b7a9
0167d0098
7fd532533
00946ffd9
781f14a6c
7e8d84690
01b86e157
7f7f932d4
7e22540b4
0686f3392
03757d245
7d355d1ef
02a2ce363
7efc60d41
7f6063299
7eca0793c
795fecb47
0316caf27
795b8d7d7
7f78234ad
04c5ff348
7ee1887d3
001ae6efb
065f410ab
7ee4a8c07
7af627a41
7f94b51a7
0150fc6d6
0126f9909
00c8a73f5
00a633f19
7ab5cad3a
01f627c53
00bdce058
0374b470c
7ce626024
01c52056f
7f2fce532
7f79ba820
031db749c
7c2a93e08
00d95c0f9
793cf3340
068b54519
06d5de0fb
7b7b3b6a2
0625c014c
015fbc1dd
0460e3151
0054776be
7fe7d72eb
0357d10f3
0581c8c59
02f6b4f05
09bb8de98
7fc509f29
0570b8fba
7e8f17f35
02e382ead
7d76fd524
7910a25cf
7c9e82958
79abff5ef
7f1835bb3
78e1c21a5
7ef43ca10
7d24b981d
7c6fc67b7
7f506447f
7ceaabee4
765269b26
03d74a0f4
7c4057874
06608f531
0160a56f8
04db8d11d
7f788ca3b
7acaf9108
7dc506875
009d2be80
7dc1ba65a
7f195d3e0
7e4c026f9
04749c3d9
04c7d1e27
024cefd57
036a2ccae
029c03413
7f3ae22cc
7f9d445a2
7fdf4c5bf
032ca04c2
02345c947
00076313b
7c864e6d0
7f737a09a
7985653df
7c4fd2dda
7997cda49
7b46948e2
013dfc488
056b969c7
0785cace3
7ce7cd41c
05373c6ac
0110b4cec
047e16595
042f3c33d
7d068d2e2
00db7c623
7938a1d22
7fa95b4a5
0637bb673
08041e018
0210bbe9c
7ceabdf88
03aa9f8df
01e31f99b
00279a873
02bcb9c64
7ee85f3c8
7f154b1f1
03f2d521f
7bfa4e7ff
7e4901cfa
7c2b5fddb
0718094f1
00415d66a
0149d482b
7c9e2c04e
02243a432
7aa3c33d3
000b7a294
7f973ec42
7de6a7e59
7f07bf8dc
7d48780dd
0694b5417
04d99a94e
7e42e1685
7d76596d4
7f10bbd02
017784ce1
00a28785b
038e3d096
019745a06
03612be83
02f035222
7ff3544ba
7f727b7ae
0075a9b07
06e8b6aad
04fae1444
7ac0c9d4a
7d1b30ae3
0271f70b8
7fc32b27b
7a7a92c45
78ffb3a85
073440678
02c6794d6
0166313fe
7eae1e386
080e4b4c1
7e51510b5
06241caa8
7a1bb2dfc
0099bb9ff
04a8da132
04b8b554a
7dfc2099e
006c4c51a
7797cb61e
78de8497f
7f75fe567
7f4526dcb
02a5d97a2
06dbfdec2
00c22bc36
00ff2dcbf
02e1a5fa5
7ee2a2f05
7f98fae93
79b430cdc
7e6cd9e9d
7d1a2b44a
7b37c7eca
7dd85855d
014100025
006d8072d
02ae2492f
008ba3160
00a96a658
00a6976ae
055608a5f
011fdc08d
7c7207ae2
007442c49
7fd008122
03337459c
7f95c2245
06a397d4d
00c605ce6
7d0fb682d
7fa383084
00f38c9b5
0191ab26f
0a523e579
0361cb23b
01a2ea9e7
060d96cd3
0027af5f2
056c80bc5
0501c925f
7ddafd3f0
7ed772fdc
00465f9a8
7aab707f0
01212ea44
01ecfea46
02c3f20a7
7edbba27d
7ce5ba873
795b8d42c
7eeed925a
7a898703a
77a73461f
7d6975788
7ab98120b
7d78a3a82
7d973cf6e
0359fc593
06b3e51b3
08479b0a5
09461e5f9
032c59459
7e9a480e8
7d8712a88
7cb619fc2
02a4f7010
03906f1ff
00231a17c
799744cc6
7d8e1120e
0000d0a19
07979efdb
7e66ea000
7f79de42d
0336f6ab7
043f13326
7a2f3e8c7
0101c6f87
7ebfdbef9
7fcd3c4aa
00d0419fc
7faa7c6c8
01d81ff21
7dac53a00
01992dcf0
01ea074c7
014a77afa
7ad196d36
02f6f729d
00c5ab2c2
03d9e269e
761207e21
06f420ba6
0197d3dde
7e65bc0bd
7d42b7bfc
7e30a50ca
02453f91b
7ff68716f
005966832
79e878d34
7d3bcb66f
7f0dfde4f
01494b727
7cc85987f
022f4c5e2
04d82f238
797ce5cd8
7dbf55749
7dd63ef86
7f292ccab
7f65b5230
059d94281
7f8015587
01195d57e
7a5807357
049c8731c
002f066b1
00b66d2eb
02bb567d6
018054406
7e2fe7838
03634da20
008492db9
7ec9cd206
02c39a07a
049f9f26e
01002e9fe
7d8404f34
0126e74a3
03757c064
052c86595
026a14beb
048b75f2c
06afd6a5c
0290dcaee
0675790ed
7c1f92470
0454490d1
03486a495
789597ca9
02cc8a3f7
045d459ae
7dba5b8b7
7b848ae36
06788678d
000996b5e
067586056
0127dc7df
7d576b28c
78ae8b95c
7fcc04659
022051443
032b568c8
7c19aec12
7ebc719d6
7ec043f96
0102c241d
05d62bff1
036890e9a
015e6177f
00b6e5b83
00486d9e9
7fb6c59b2
006c4f39f
7ebfb77ae
021aa392d
02579c687
79e355eb1
7c36cff88
000a2a235
03ce29c56
0206e13f8
02d22d6c9
7e1879752
7f65dcaaa
09c1685e8
7a1f764fb
030438fa7
7c7e63fc4
78aa37671
026935ca0
00490e8cb
022b9e099
792789b61
017af0fc6
7df8d4151
027a8eff3
04cd7b7e9
7c627b037
035bba586
7c48943c0
7c39ded55
7c0dcf045
02c30de9c
7f5365c85
011ffe604
035414844
7f17312a7
0354f124d
03628f625
02e267267
7eafb4d90
0176f55be
01963a5fa
00eec35e4
05f4028f6
776d25374
7c7a60e4e
01bc11d78
01cc2fbe3
05a6e9e01
056c23491
79c16f211
023ddf930
06f19423a
022dff678
012a5fcbb
0634ef584
00f1bf1b7
7dce5b404
013ecdbb3
7e4650409
053906886
033b67fa5
7faebd9d2
7eff0e9b7
7f2b0e375
7fb23ecce
7ce7d1d3f
025af7b73
01b8fe4de
012232bcc
7d91a3241
02b7efb50
01508674c
7fe17010c
0345de699
022a1d5f9
7d5cb4a40
7f2bb59a2
7e02ab0c3
7e24de859
02c669a51
02c93327e
7b721b45e
7f76b2f7c
05eea907a
03a15f5d7
02426478c
02b4049d1
025890a2e
7efbc2b89
016288b04
015cf584d
7c47d3bc4
7fa15fb57
7eb96cb86
0155661b6
77bd73bed
7f7d94955
7f7a2bd9c
051cf4e44
7f30832df
7cd4eb7ce
7b10e4173
061ec7bdc
012f2cb6f
03463ea48
79c929fb3
009197f88
0419644e3
04ee1361d
7e939c59b
7d34cd3fb
08a7842f1
7c267594c
04883ab19
788205e39
7b2c63d13
7c4bbf104
7d6ea1c43
095881281
7769df21c
043e54f6e
06ee7d9f9
7ddbce6e4
7cb8ce8d3
7c80bba29
036d72d1d
7f24c0853
01d8c9dca
049e74464
78cb5b40b
0d685e7ba
0221235b8
017f56915
7eaf0d374
7becf62c8
05ab0753d
7d100af85
04f224aee
02da47989
77e9bf419
7c7e2c7b2
7dd9955c3
7c4abcea6
77e6ed4cd
027a38b58
049b22445
008323deb
7d750e15f
7b19d355b
03af73287
076ee386f
02a2d1825
067d114bb
7d92a6f92
7ef19db6a
01ed6552f
02cce732a
008bd63fc
7e3fcd23c
7ecea8e84
7dab4ec2f
01297ad58
026963fcf
7ab633f01
7dbbcd003
7ef08e92f
03dad5b53
02197bc71
044ec86ac
02b0e7df9
7e2890adb
7e1962a19
050a803aa
000931be2
02a2a4fc4
027134fcd
0112ce9bb
0316d34c5
7caffc7da
79ca34bcc
7e4ecc496
7f8a84eca
010d05f1a
0503a3281
7f3a6726d
7e11d00a9
7c65ae37b
02a0a899d
05c1cd594
7f1ef02f2
7ed0e16fc
021e8b14f
7c1dc91c3
0314bf999
7f2504678
00eaee299
02e954acd
088ea82c0
03fd4a79a
02746e829
046533020
7df7d6325
02905920d
0368d19cf
7e699d93e
7fdb15e97
7aaf74d71
00777e1e2
7ed6d8516
010bbae41
7f3941fb1
7c66ba4ba
039b70e41
7de0067f4
07588932a
023be76e9
02cf432c5
004f56a86
02958e67e
00e66087f
7e358e31c
00aa9b10b
00eb3d289
00867fae0
7ee9a5fd4
00d16fcbd
00e9121a7
7b4888c00
7e9cbeca1
7af229a4c
02f6ce92f
79a6449b8
7ed185bfb
07bf5217a
0460d200c
079981ba5
7dd8b5454
04d48b9a6
01b8f80a0
035c67469
03fea0813
036e78760
7dbc8ffad
7b67f34ac
7df856a7c
02f0d61aa
7e403207b
7bb6471a2
7f1f7b7c5
7beabe7d8
00719d8c9
7d47454c4
008e4b042
0397e843a
7c27e30d0
02a01973f
01afb7417
04517cf2b
03a58f38e
055ef8e30
7d6cd13cf
01c0fa98f
01bfd3bb7
04ecf1a66
0135f9834
78fe5706e
01a63aa85
7e03f9a82
03302fbcf
77c8b8da4
028f1eae4
0103934ae
7d1a16165
031a20cd1
7af8fa754
7cf2b7ffe
7a3960e39
011cc29b2
7edf4ad0f
025afbaaf
7a9971d29
7db04de8f
7de820247
048374dae
7c621c2a5
7d134954f
793477ebf
01cdcf7e1
7b26afa9e
7f26cba36
7db9487fc
7eaf8d944
7cbf5aa43
007d0c88b
01da2ae92
7cd324963
7cc970368
7b38d5504
7b9682e9e
0529aca99
7fa0cc922
7efd9ba2b
79dd169c8
7d12875c0
7e076f44f
010ea0267
00e73f09b
00316dedb
0415b37ac
0492fa118
7df842baa
7f136fb2e
05d0c735e
77e6d1842
79ac97362
7fdb18dd5
05e8766f1
790c52809
0794b3c0d
789131206
7d3d689b5
01c7f0671
070ab2815
7d6e99c3a
7b8bca6e0
05ef63015
7ce038b41
02d1d0e8f
7794f187a
013aa9743
7b682ba9a
06a312df3
019d0e5a0
7f5c66bf7
772cb47cc
03c863384
7e8beb4d3
79f3ee4c3
7ea6fa9a2
7feb52cc9
78172fde3
7c98b170b
03005ef66
7c23d2f4b
73b14bdc2
7ca4e3b51
7ef2404d6
01f25045b
01227b837
007403d39
784da833e
016fe11f0
7957d4d5a
00c6cc64e
00058184f
7bc12792c
7e5c639ce
7cd94941c
7e54bfa28
7b0f84a76
047781065
0296d4758
7e00191fc
03a35a95c
049240125
006b1e0c2
7d56ffc0a
7cfefbd14
02d0dbc48
7f27707c4
7f9b3e8b7
7f2b577ca
7d36175c9
03df61122
04c8d6009
06945a811
7d257dd93
7b6ca8097
010b48132
070eb4d68
04a5ca6ce
7dbe0cc44
7b3713700
0030ab121
019c8cfab
788d07adb
019be6925
7f0383c27
04f6774f2
003d6d6dd
7d6137ed0
00e0f0b74
019282e6e
79b248887
05abb415d
010dc04cd
02f3a75d7
7b11358d4
008ccad02
7ebea6a48
7e2be2c10
01d81406f
7f3a424cc
01a0b1cda
010cc0a2f
00c4f27ec
78a013045
7ce3226de
0184d7342
06af61d6c
7de91fe4d
03dddae1d
7ed55180d
043eac2cc
0453e2e49
05bb4ed5f
7df8bfb98
01253d8a9
03857c68f
02ae997a8
7afd5dc07
7d4ca0b2d
00b7bca02
7f5b8cef2
7899290ee
7c6f7cb1c
7ca06388d
05d4efc92
016eb8237
7fbcddfa8
7c73ee514
01ac85d95
7d89bbb68
00107b93d
015cd63b9
002da0254
7fb273135
7ca9aa615
0089fcc5f
012912acc
015721123
03ceb6a72
7ca5283bb
01cbf6ed6
7f980c13a
7e9fa0d96
0433dee1e
7e97cde71
7eece1862
0057bf7c9
02d805355
7c8d721a3
7fb3a0dad
023f814ea
76fc93df6
7e87d5820
0015be430
7f4d9fa4b
7c2c72e0f
04b2176ed
00a787bcb
020273309
7b6859313
04815110c
7e607b732
7a9a5e6b3
0184f518f
796212284
038335ba7
7e3e26a40
0129f6658
7f894ff7b
071269b3e
7a3b176ba
7e12c8e2e
05669a8aa
7b421c94c
7d97d55da
7afeecbef
7950046fa
7f947fb5b
7aebb993a
0431af3cd
7cc9df07c
7da755b3b
05f9ecc7c
043608ccb
7e08f2508
02170dbba
74f555dda
00775338c
0343cab02
7da2fde1f
7bb224adb
7e1591906
7d6a24a04
7dcb7dca1
7ba6d41ce
0599ee7ff
7816dce8f
7dd67aaac
021e75d87
06729c8fa
040eeae2b
02eabf954
7a24f3cf3
7e6bd8ed6
026f8a58e
7e3fc1245
7c86c0815
7f701c937
7fb2a75c2
7e46343c0
0a73c4507
058eab57e
7dd70de1b
0542c004d
01bf6d903
03bb09f67
01d4f91af
00a081182
7f5c894a2
02b0ebe9c
7c4c5ab2b
7f12de966
7f3d1af90
01e425a69
03f5314f9
7d4154e59
788bea104
7bdbc7dbb
7e92254f6
7ea930fce
7d81eaf27
02785da96
05df2f7e6
7d87ac557
7b80a8fc9
7fbda2a6a
00b4deb50
79cd2d309
06173288a
7dd0078f4
00fae1143
0376e545a
04e8957a1
03ec7ddee
07d6c23cf
7fc33f6f7
7b96ccc69
7c7e81b58
009f181c6
059ef7601
7fc741219
05c26cc5a
77b6c3d18
7ec04592a
00c97fa99
009f25bd4
011800a98
79f8b8f1c
02872f11e
04419f4b6
7fa911c0a
068697362
7cd908bb2
059b6b1b1
0358e6d9b
7c3fae6f2
7d826b9e9
7e39e0378
0470f97e7
7dd539c98
05d218b7d
015820c6c
7b689ac1e
05fb73224
7d3e093ef
7d6dbaf87
001f1cd9d
7de476680
0be96d35e
0016d7080
7b869968c
03d4c54b2
7ab31c06a
7f36eccb9
79e949cfd
7a8cdedc5
050124c21
01dbd3c04
02444fced
7c643de67
03b5e93eb
010dac00e
06194b6c9
07df0fd2a
791615884
00a730d6c
7fc01ba3b
0057febdf
7cb53ae1a
7ef3f350f
7e0c57ca3
023d442c8
7fb0d21ef
0074ad2c0
7f6f2d6a2
001f0bcfa
0237b666e
7ee55ecc9
79355add2
02ad5b88e
7ea95319b
799465f62
04c4cd4d9
01cb9ff60
03790d54f
7e5b9c4aa
00e8a8fdc
052437915
7fd492ec9
031784528
7edd1be06
05c9e3d96
00b7cc4ae
0016120c9
7ed285ff1
7efa8eed4
7f3c062c5
0109070d1
7ddd84eec
01ac4e3ee
7c7da5870
01b677f7f
065eabea1
7cb3cc9b3
7feaf46ee
0336c4852
7f59e679a
7d042054d
792adff9d
02109adf4
02a1e2d0f
00da966d1
00aaeb23f
04996f62e
7d49b417a
00000abb8
7e9593976
02065181f
0004aaa24
7cc14a665
02177f9ec
7d97585ab
0164ed96f
7c11a46af
7b1e39fbe
01d2f0f18
78ad2bbc1
03daf3586
007743c00
01b7b228a
7b4ffd4fc
039676e92
7ca4f1ffd
7e57f04fa
7bae45503
7de1c908f
031e572d6
02e79d37a
02182f7d9
02f9ffa9b
7eae8ec45
7ec250fb2
7c4f82285
022017885
7f43f9b11
012fe0c07
05212abfc
7feb1eca6
000e46fe6
7cdc1eba2
00268db34
7cf9fd052
021f67915
053a1efb9
07b795f0d
7e6a6a79a
024f84fdd
7d33b1603
010e42325
008f7fe39
7f834e3d6
0068300ef
7ee45d99c
7ad5c3253
7e96395ec
7d25b1a32
7c2289996
0488741e9
011985175
7a3beda26
77dea4a7c
7dd0b3e29
02c8aff45
78b08aedf
01d4e9b3b
05f196187
7875c2128
7ea4f0eaf
00827d43b
79e03af84
7d8063269
7f069f87c
7a0f447d1
02209052d
009129ab5
00467a0ec
02080cdb0
7f07e440a
001cc2d06
7a949af88
7c639f539
0524436a2
79131fe9f
01a8793ce
7dbf6fb1b
7ebf086c3
098d30542
00dd1fd93
0157af451
7c778f08a
063a3e9aa
7f81911c6
7c7d5914c
7de0af639
7e676ffa0
0076a8ba0
025dfd40f
01827a500
01b698418
0150b8c8a
7f98d9777
02effbc2c
7d2ac924b
01b6c92a2
0402aa1fc
7cd7207f5
010af0b86
7dd1027b8
002e202ef
7b8c63aa2
7d2059099
0378196ec
0037eea79
7fdc90af1
7c9aa2c2b
7fe1273ba
798197256
07a33eafc
010298ca6
7a9c859d4
7c4c2ca69
02e71b0d6
7d584a113
7cfd5dad7
7ec0f4083
03beb3bac
037b8c61f
799be358c
7c4f886e9
0243f21e5
7df894b66
7c068bc60
7d615e149
01a7c185a
026a634e3
00d346a10
7ee9b0a1d
0210d1a8b
7d24b517c
0794a0fa3
7b667f33c
00a8cefde
0477d3841
010df52e7
02411e470
7fd980168
01b1225e5
026e9f326
770416943
010c7d8a0
04738c06f
065ce78ac
7e665bad1
7f7efd1c7
786e48145
01469a6fa
78ca3111b
02059cc6e
0235f2360
03392d137
7ccb3c4dd
7c7e3c0b5
018a79c13
7b54eedf7
7986a781d
04cad155a
7c9d6e4a8
02ed8d681
7a552704c
7cb8b3ecd
779c508d9
02b207d4b
7e0f87912
7e9aa3d60
7fc61f126
05f059d3a
7e4bc6484
7f2f46ca2
78d9176f6
7f131acf8
7b2611a12
7e4a6343b
7c8f48468
0236e6626
03d465e03
03e474ed0
052466b6e
02f5615f9
05ae2d484
7ccbbcb9f
00ed8065f
7bb17849e
00c2de1fa
7bcb01d7c
0073d482a
79504f820
7bf3cc905
00ba42f52
031980fd0
7af61be03
7fa09a7b0
7e62a1204
0324a8820
7d4d4763e
02640c0f9
7eb1e8506
7e7bfab96
003458097
7ca232e1f
7b8f76e35
061350c49
7ca5b1868
003271969
0066f4dd0
7d8a8d482
016c31219
02f3a9ad6
7d9990727
7edc3c90a
7b804dba0
000316070
025cf269a
7d660aff8
029219266
0499b3861
7c5ea9176
7d73ae5db
7cd9c5ad1
7f8891030
01c265d13
7da4deb56
7c540544d
7fe14ea61
7dea51262
7e44c15a0
79855637f
7fcd14fea
7f27fd9b8
7f5725d73
7efaea455
7f7cdfafd
7d977e94f
00f1f2a6b
796cd816c
7d3f3fdf7
02fad98a4
7fbe9562f
03c10ed03
010b8e74e
7e5fe49a7
0254a42e5
0003bc0f7
017ea1fd1
04c2a0192
7ed0c2167
03b06141a
7df3eabc3
04871f9bc
7c8c1f257
07a6fbff1
031c149f1
7f03eef5d
01f95c9e1
04f5bad27
0021addcb
7e9a393a4
0478d3978
018ea42ac
7eaea15c3
0628dc15f
0089e3d84
7bbb53ef1
016c5f171
7ee1cc70e
0248adffa
03c6b449c
025a1ca9f
7971bd213
7b701586c
7d1cfca88
7e0cb0831
00abe6ab9
7cbfb3079
0048f240f
077d73918
7eb2ecdbf
05016f6b0
7851bc478
785403d06
08c0088f0
7ce5b3c25
00aeda61d
064cb9d5b
78bada4ca
08cda9c5b
7654354e9
781cb731a
03b82685b
7f0b49b03
025cf1cd9
7d4afebb9
7aeb40b65
7fcd93fdf
7e7fff7ee
7deb59d27
7edfef1d0
7c9d85ab8
00b1d0f72
00f365f3b
7df72b08d
7e53b27cb
076f23d54
075164938
7bffaf53d
04dc80f9c
01159d4ac
791b4d2bc
06c0ee471
7d9b0b536
00b65ab70
7c0e08c4e
7f68d2e15
7e719993b
7e17350c8
02ec1810c
7a5f66a22
7b269acd7
030661590
055f0b7fd
7e1d660b1
7ff58ab28
068b49aaf
7f9973c2e
026cec143
7c00c7334
076295a0d
0144d5acb
7a7ebab30
04678565d
780cb3c7d
00e031cce
03de32a6b
0472eabf7
00002bbd2
7d3a32144
7b67b6257
7d9383131
7e8a89daa
03ac91bc4
79f9156e1
7eb7ea1e4
01c79ce7a
017e93d74
01f6ab5d6
011b634d7
7f76a467a
7d8e2f46b
7d41438a1
015a6826a
7ba7c854c
7c5797c24
7530c5312
7e1a7f8fb
7f582e7db
063129fd3
7f15aa4de
7da7059b7
7fdc6480b
071a7b11e
00eb1335e
7b70e105a
03c6f7b56
7de669646
79ed50da3
7f65aafb8
0511a1967
7fe1b6256
069637e3b
00d08559d
7ba3762db
7d91af7d2
7fcf0dca7
02bce5c9b
0364efcc6
77456e528
0194da7d0
7fd3816c5
7c642ce34
7f3463db6
7f71dd898
7ad807a14
00608973c
016c72a52
092a14b6e
05bbe3db1
03d0b9171
00a203200
7e7c4a9e4
01e2a255a
02fc4bcb6
025611b4e
0283e5802
7f2c3a0c4
7a12c9956
7ea9f393d
7770168e6
01d61f3d6
01321bd07
7f7a112d7
7fbc09cb9
7b520b1ce
03c435c1c
015e8d52f
7c0323f89
00eac404e
001adb519
7f26d5011
010346491
03bd7c9ba
77876a4be
0459b58f9
7fee54b97
03638a351
7e8ba3db2
7fcc107ab
7cb14f63b
0056f30b2
7b62fc5a6
0370ca23c
7877f145a
7e9d7a91f
7fefa779e
7ba303a15
7d518ffe9
78e617c84
0a4c59e0d
01955989a
0210a6e75
7ce5e7d2e
013e2769b
01896e164
7b059f23e
7e46e857c
0460f09c3
02949038d
7a842d699
0711a1f29
010c993ea
7f7e80e91
04907af71
0a886d5a7
7a256a7ec
7db2a677e
7c4c7d35f
7d039c11f
0132d4773
018a74fcd
7d94bb3b9
7c01eb401
7e112aa83
03cd80c0d
010f83de2
02b193686
7eec6b333
7c0cee25c
7dd14ebc2
018754967
0288069ba
7ef8f2654
7efad093c
7f348d293
7e0e0d3f2
7ee6637ee
0094ba476
7fcb96d6c
022113335
7ca0b89c4
7c90fff62
7d8ae8628
020a76bb8
7cbd697cc
7ef22e721
02cc6edae
7e68207bc
038082076
01a7669c9
7de1c0219
7efe9d6b8
0066851ab
7d31f91a5
7eb87893f
74e383181
03aab3740
7924db021
0133762d3
7dae5ac24
7b983dd73
739e30760
02394e9d7
046d2f418
01b5dd1d6
06083b021
0012995ba
01d3fa079
00ab0e4c9
7b8f1f575
7cf3d2e97
7c2330f39
7ecad1765
7cb2d81fa
01a5a8a6e
7cf04fab5
040a3ef8d
07add60fc
7e95103b3
01f9eff8a
7dfd8fa5d
7c765f242
7d902eeb6
04c596b50
7f1163134
000a59ad7
7d64be0cc
7e5f5101b
00fe12390
006ad088c
0132a4b5a
014d0d73c
02086ba20
00b6f3d83
7efdf2578
7ebc9806e
7eea7bc6e
7b3e14f95
07e501e40
03063ac7f
058a0448a
036d76c49
08643bbe6
7d6182ecb
02a894a64
7ed179d07
021a78863
7ec7a3233
7f16b57f0
01b0eb406
7fa47cd23
00b6e6f17
0063980f5
7eea3107e
04320fb2e
00f174d8d
074084c1c
0362b2d8b
036c1075b
034d63385
013f1ef9f
7f8f2cf0e
79500578c
012cf572a
00db4e48d
7fb51b39a
79950befd
0840b7195
7a6f49505
7e26c7172
0569bb3c4
76373105e
020812564
06189cdeb
7aaed4892
01965d3ce
07f490bfb
78b3f4043
00c8e18b2
0672a66ef
7f7f40c1b
7cf1447b5
01f782b4d
7dcb23ef4
042d21a24
01a6db83b
79f60c11c
7d1c6f699
7c62f979c
7fbc9101d
770fb70be
04b7af2b4
7bb039139
7c9537383
7c7bbd51e
00de67309
7c869b690
7c4208a14
032a7f3fd
7d0853c1b
7d57ee4eb
0735fc037
7e7455be3
7ea6d3956
7a5c7236e
7e0aba1ee
7c6d807d4
00978c7c7
7bc2bc174
072ccdff8
00d373d11
08fd7c947
7b41d98ce
7a905f703
795f32627
02502f4ba
04b28a2c7
02f94cc77
01cb06116
7c2c02ec9
7bd59493f
7fa8c809d
011cfdb9f
05501d263
7cd577f7b
7f985ec49
02a0da9b0
0174ae8bb
018d86a4e
7934446ab
01a75b8ba
7fbdcd60f
7bd9bd8a4
79fe143d5
79da907f6
7d78caf72
7d8bd5f91
77a9edbf4
0543e7484
7dbb699af
7f0eeacea
7ea52b66c
7b46f7d35
7b8143de8
7ca01ab51
041820ebc
05b62c9ff
7f424b5a3
7c65a0598
0369a98e1
0094be6af
7ed4b8940
7d9aceaca
081564df1
00afd5f1a
02ebddad5
7ffeddcd1
030143add
7fab91910
02d549c10
029aaef8d
01e39934a
02ffa0b3b
7ef84e83e
7cc0640b2
7d829202b
06367a117
022a89df7
024e77ff9
7ca3bd2b5
7ec28e6b9
7f97ca168
78cbedbae
0110d7379
789bbb6fc
76f3915fd
7deac7432
056fa9876
0358cdc0d
01cc0a992
0311e3b4f
7fea1b59d
050b57060
7b1f32ff5
7d724cbfa
03964df0e
03f669594
04d4eb9de
000913edf
04f3b7093
00dac6b58
7b38ab2f4
798232e87
01df8b5aa
7b481721a
04059baa8
052188c11
7e785d7fc
7d2fff7de
7c978d94d
00029e719
7fc0c693b
7994e9dec
7c43c37b4
030462cff
7f884d1f9
0219bb093
0582698d8
05c63fc36
7ceef0748
7e570804f
7a53a8589
7c0cd21fc
01aa8d64a
7b136b48d
7a7344449
7b892fae5
047e1a5ff
7fc4d0495
0180e2303
05f931c43
7ddbbfe07
04b8def88
0375545cf
04eec306a
7d40ea480
7e664a4dd
7ff1c8a14
7b0ede1ee
038637052
7fd806c40
061aa0b1c
7d39f38fc
7a9bd08c9
7d239016f
781e8530f
058cfd7bb
7f75e51ea
7d8e9a4c8
00ef4bec4
7d58c4f3b
0185b08fb
015821a69
7a2051d8b
7d8b9eede
0094b5c97
05bec9ffa
049020173
79d73c4f0
7ba6d6cc1
7fe6ec9f3
7f8f81154
7dfaedbc2
0148e2706
01c48aa31
7dbd213b1
7ddfd8f87
7b7b384a7
7ca9006d9
7e7167033
7f7b83ff9
03d09b373
760b09232
7b5e2cd52
0343f085d
0404a3981
7f2b9e795
78f828a4c
03b9488ab
7b69089e4
00bfe7293
7db0aca03
00a5691af
7ef7102b5
004f37fd4
02aaf8364
7da81a0e5
0327bff42
008824417
01ff49a7d
06dca414a
7ee05bc03
75cfc8987
0047ffb83
06f48272f
05fb51927
7b4b2bcdc
7ec2a3c32
03b8a2def
01055567b
7cf9dfff4
7f0e98314
053560918
7f9f893dc
05028be3a
7cb40e691
7f3aac3d8
7f96ffa6a
7ed9bb1da
7dba8e738
7ec4998cb
7bb0d2151
00acefea4
02bcf6d94
004526531
004b442df
7b30dc02a
7fb900903
7c40d4039
7d13ba66e
7f8e1096a
02ca22f1e
7fac2c532
7e7fc24fa
7b3593e9f
042719d91
04eef6786
7bae32717
049701d22
7deca1332
7eddc6b4c
035cd2c8e
7b43be8b4
02cde5c0f
00fe3843f
06dfa8b1b
02beee7a6
7ae75e249
7e5686f99
006afc253
00cec0bcb
01d0891fe
062a1291e
7e438926e
011c6a2e3
7e676f981
03dfd7a63
7e7a7384a
00fdf56d9
02d806580
7f5deabbb
79643da78
0240199ba
7f6695489
7b3ccf19d
058ebeb57
7afaaec89
00b5974df
04b53d660
077bb1a93
78c481f72
0dd18cc6b
7d83613f6
026eb8a7c
7d7ac2791
7c8b49897
03c2d0100
044303c48
7efbb5d3e
7e46b8984
02f36b67b
029c46582
7dd416aa1
00a0b5e3d
7cfdff159
7fff61716
0214cba28
057893b4f
7ee8c6d60
7cd5a13f3
7d3e55213
762d5702e
07f3a96e1
02424cc3a
7ac7e3288
7bdae217d
00e076e5e
0181fda7c
7c785830f
7efc1e9fb
7c381abd1
022b6123c
78780473d
7d47b20e2
03ae55d4d
0604234bf
7c8b0e541
0013e73c3
7c9d5f9b4
7efbf25e0
052723578
03066de2a
7f46611dd
7ec1d1f87
7e7385490
7a16d66b3
0512ea729
0647ceeb3
7b99e06c5
0083a50a0
02c293d04
02530b711
04494931f
044d35874
011e009d7
7ad39d91a
0309159dd
7f266e415
025913a3c
020c4ed7a
7c8a2a284
06dc6255f
7c100491a
7f38e7cf1
7bf406d26
7ada2c9a6
049cbe858
03d476b82
0005f1ae6
06eb73cea
77f18d0b2
7f5a468be
7f1270fc8
029554a81
0492b1e87
7c266dd30
0104502b8
039fac4d3
7fde534d1
7fc849606
7ef7fb09d
02a5c982b
029f72d2a
77b04a75a
7c57f2099
7f7ba84e7
036f15c5d
7bf8b1385
7dcf1fd31
7d9feabab
0751605bb
7dbbf3447
04e05351b
7eade6448
005d0a16a
7fe2af245
7d14dc33a
00131c69a
0136488f3
01744e640
035db6ecd
7fc5c62c6
7be82637f
7e9eeffb9
003f9f892
000e9bfb2
7b0ab2edd
02986486d
00530ba7a
7e32d9bea
7da1025c9
05ed0dc01
06506efae
7c064cec3
7e999903f
0076d12b4
008c39622
7fb8a5265
0567bd22a
0005c1fe1
00bacd3bb
02e754399
038f838fc
78fbff504
7ea084707
02eb3335f
02f359661
7de1960fb
7c139f182
7f0dabd28
05246af19
7fd1a6aaa
016366569
03950dc5a
796d249c9
7ab542638
017b1b833
7e00b35de
020df136b
0505c8d05
0483161c5
021558b32
0385734f3
011e3dd34
017b99993
7f06b3e15
06ad52775
0077d1740
02fb4eb6b
008c311af
00788409f
03022ab63
7ddfde21c
0083b214a
7acb6547c
7bb9938b1
7adaf0cf2
7f2f8a21d
7dfe0c8ab
003872cdf
042ffc9fd
7e5082cb6
01a14c46f
7cfbeefa6
01297ed0b
7b06f4eff
057e29939
02fd9abd2
7e86c4a8d
0375c5666
7c435ab63
02ec6ec0a
7fc2c08b2
001dd21e1
7e13bd810
788437c2e
7daf38f64
03d4179e4
0183fee51
01a56d297
03278d3a6
03996949e
7d7525e64
7f9fab847
7a187e07d
03004413e
7bb24fdf1
7e9b0f3f2
0008aedab
04fc9f799
7def6e0e8
02925a99e
7c3056171
7ff30cf71
7f60f0512
0064c52f6
06c052ae8
0211c9f57
00c2dc615
7ffddf33f
0062a7cb6
77c52494f
040c45cd9
00c0792ad
00740efb9
024726a52
0532ef708
0a09d62f0
045b6a5df
044e061e8
7f24a9229
061f0f374
7e15b5ade
7ff5c2954
025c52f89
00e0426f8
7da53b0ab
7d58be7b4
7e34c51f0
040ae0239
7e16939e5
79c387a27
7ff1126f4
002933f8c
017aa30a2
7f246062e
0344480ce
03531856c
7faa1d0d6
02595ad99
04ca9d55c
02f3ec233
7d1d79368
00444da76
01b09996c
03c8ca31b
7dbb40fa7
7cfb7e42b
7df38d384
7ca9b8ea8
00c6aef14
7f21bee36
005a57cb0
00fc4ee33
0066bbea4
00c81ab29
020076520
7d2841708
7f3d2110a
7d88a0107
7d4d65967
7ba15b488
017aa8455
7c42ba975
7f7357694
029ae3868
7ce45ce9e
7fc522d52
012c75246
04cba223c
032958b4c
7f32ed513
065f93a47
00732ceda
002fcd5f2
0153b2213
02193a9e2
02a5853d9
019f59062
03089ca5d
024c240a4
7695dd612
02919e604
01d7a12ee
0282b5eb3
03f62bd05
7c234640b
7f250861e
03009a5b4
7cebf3f3d
73260443a
05b25dcf4
7f3bc6492
7f87c38b5
00c653933
014f01773
04e0c3b45
00ee463bd
0098d91ef
7c33030f3
7be64d144
798625d21
035b3e7c4
02b1a8e37
78d006c07
03af689b5
7eb92083b
02402e19f
000359d73
045c05086
78e508277
021ace9b8
03a106cd5
7fd51a509
7eb0277ff
00adc3f7f
7c6cd044f
0182b2eb5
0066a7b3c
00130aa85
7d46fffc0
041aa8c9c
016a5c881
7e6a3a19d
7ff7fa3bf
063687d20
7ef15869b
00b64f30a
00991d713
7b86d9df9
7e8d435b9
047f03ea0
0467ebf47
0318058d5
01c3e28ca
003ccf1fb
03fc751d6
7a7102141
02452f103
7fc5e48e4
7f9f223e1
035d01da7
7dd4fbb76
02d2ad8b7
014f0ced5
7fe22c788
00c1830d1
03446b7d0
07a29cf39
7ec13b15c
7d8d064d8
03a7a0d52
0182e150e
7b9c5b505
7d32038b5
03d3a59fb
7d4859eb7
7b181055f
035b63fa6
005b27290
0171413a0
0082251ae
01cd7ded1
79fec79c4
7e048a642
7dd333d75
7e8cd49dd
7be8302f5
0053318ab
7ef5952d6
03122909f
7b2458f69
7f4636d54
03d1326b1
04d18e4bd
03c0f097c
7e27c11ab
06e759f12
7e13c0b5e
7d7d653ae
7a534e69d
7f6ae89bb
7d48391cc
7e3fcce17
7e15f07d1
7fa652564
7d013b60b
0561ed480
7fbdbd3ad
79e1aca26
7f7c9a280
7b9b3b3a4
7faedd7e7
0341f071d
7a4b11c66
7c739bf32
77cfa3c75
7ddc91bc6
00d44c222
7d39f56d8
074817228
01a2ed753
7a1986a22
7dc04e55c
02c047c3b
7dd644f0e
7e176b957
7e33434eb
7cefb35d4
7ee3b00b7
03e4e81aa
04a49fbf3
7a5407e8e
028540cd0
7ef4adb5b
0512555a1
7edf3c8dd
007b09fa1
7e0277b2e
7ca5c6454
05c78f0e8
01b8b3471
014c333ff
00db69155
7cb846c0d
01f7f7450
7ce14151f
7e91d95df
00ab31773
038b2f67c
7e937a617
7575be1ec
032e2dded
05a6cf2f7
79f716ddd
0217b3a0d
7c69b3030
01a1a3893
78e5d1afe
7a46d2ab7
0042656b0
037a7e861
04cb50645
7eca52b52
7d274eb57
0075dc3ff
013acc448
0122ea365
00f5f6b6c
036acf0e4
038cf5f7e
066d25573
78e1e302d
01f4aebe9
7a44ecb6e
7c8423b84
032753570
00b8e16ca
0210b8054
049e78efb
020333bc6
7c3486e7f
7c04850f0
0320c9427
04edeb32c
757a072dc
053336a08
7cb036772
0175e83e0
7d4709f7a
7d4ce9987
7f45eaf86
00d932e01
04a28ac7f
031c1ef8e
03ed18d56
00e904e1b
02ddd4a30
7e77bd350
01201814f
7fc6a412e
7e58418b8
7edc84446
01230daa1
7fdb6d671
7f305e13c
04db17527
01abf66d0
04545b2ed
7e6764fd9
012aa79c1
02738f8c3
04c489c23
018bf7ccb
79ddcb820
7a3e7903f
022363d17
01440a9cb
023db2794
03f55db39
07267ff27
7e2ed4950
7883e7a49
7b42a3a56
04ca8438d
01615b8db
7fce19217
7e554a874
7f219271a
7e7e61a9a
02cdf7a23
7e9bd0d11
01b06d3bd
06c729ca1
03f6370eb
04a349d41
762d601be
7b6c6e511
01a204eb4
03a729ab2
7b9e50c37
7bf9d6899
7c550264d
003b23819
004d27332
7a99621e8
0090e9365
7dd3c9530
03a17551d
7ff519d36
02509db11
7f4375559
7e801e742
7ec5c3e67
7d0c54930
002df5c1f
7cb803cfd
018ec6faf
7e7c2b32d
0523fb6c7
027854fab
0157dd810
03a9bf8c6
79a80dbc2
024b74b33
7bdf46875
028aaed2b
7f883598b
02fb7d032
022093de9
04ec6d9bf
053ef037d
7e6291dd9
7f46223e9
0343670e0
7fd848400
04a24ae78
7f7ae4347
048cae5b2
04ab7abfe
7be1d6305
7b6f8c71f
036877afd
7f51c3dda
7dba9726b
7da28a332
7b7c22fee
02257775f
7d59a823c
7e648b409
7e860895e
016c537f3
780b244d6
7f6993a2a
77883e607
7f11c31ad
027dc635d
0673ca5c5
7c633005f
0471369d3
7b62d90d2
077c5b4e0
02d9533cd
7ea25bfff
084a5e108
05c7d6b04
05d6b64de
7bc4a5dfa
01971e0a9
024566f8d
0320e774f
0791d179b
00014b52e
7965814ce
7c4c21910
028049e81
04c3b1407
00056c488
0410bb437
033058052
7987b7578
7f5459efb
7b1bfa30d
7b7f0d540
7cc2bda33
7a6ede963
7fddc7ea7
7c35d7b10
7db28d43b
79e89288a
09423c88c
0529071b7
7c8885344
04da76d69
7a0ff8d3c
7e69a6404
009b2c059
07e0d6528
7f107cbab
7a6c81838
7b5ce5d98
79297c106
7d0e7aaaf
7aa4a6187
00f0f0fd1
01f415c52
03fa7e168
778176ade
7d38783a4
764c31579
7e18a37ca
7ee6adb6a
087305b71
00ef1d136
7fc7fe6e4
0157c1927
7ecc4e79a
7dc7ecdf7
019bbca6d
01d6b1067
7ee9a9c2d
7ce3d4a05
039ea6ca6
7cf10e3e3
7d598cd75
7b5ec52b3
7f5ea81f8
0022bfd90
01cebf479
0569fed0e
0534e235e
049c641bc
7f6b997bb
0056fc6ad
0190ee8a2
04a9573e8
0327ea67d
039095230
038ca06c2
7f81431dc
0181d0dcf
7dfc65802
02514bd6e
03bb4fb40
7f0da0bf5
7d28ff7ee
020717004
041a9e6aa
0234b583a
03a7c21ae
004004301
7dca6be29
02030cc84
7af6f73c9
042ef9a39
7bfc3a948
7b3a26001
7bf10613f
79c28b5bd
7ecfeaf9a
7db5b6525
074a6d5e7
023762a5d
7d35730b0
799770e9b
7ef5fc040
7fbbfa9e9
019bb9161
03240ee71
026c20547
793aed622
7d348faec
7e7360f5a
01e8d9a7f
7abd02884
009ef5458
7fb04df8d
7f658efeb
7fcd855e8
7aead5441
7cc6d8368
7c4cbb10c
01f362e79
06fa5874c
022e826d9
01af778c4
7f8499195
7fef1657c
7ff4af21b
037b7802c
021d96871
064970d72
06c16f16d
79aecedc5
05e17da2c
01e181054
00b883376
01acfc832
035e98737
7cdea5d4d
024130fa1
7dbe72c20
0285ec509
7e9e28fca
049ad3819
7fe89ff4a
01d678baf
7f93701c5
7e27c5ea7
7d792e469
070906a8a
06bd04cdd
7d1ec00aa
05e081fb5
7c2cb06f7
0540632cf
002ad846c
04f07e8d7
04cc5a1ad
0996c829b
77a49bfa6
7d7264a85
79f9ec553
7c693ad7c
037952af2
7dd5c1bb0
7f9fc58bc
03e5f47a0
7be5ab518
045568f26
784d56d4d
022db2821
00ce9c4e0
061b11694
020f24057
7c154b175
03f245134
7ca100903
055a8c52a
7e5410c28
02770c2ae
7953a0a32
7c56f87e3
0166496b8
7b33ab174
00d614a20
7c6c48e09
7ec84ca0f
7fb0c57d2
0355aea19
7eb2c21a3
757f11650
09d7abedf
019599997
06e68e546
04d66a5ce
7f9a207a0
0123cd9f5
7dc9b9fbe
7f75c5b74
0366dbd1f
0429479c4
030cd6471
05b2358ff
7efaf7421
046a24bd4
7d365edc6
7f17d99db
7e880b67a
7919f519f
7f8bd70fc
00af9330f
02d9f190b
7c6a771bd
7e0b38790
02e180af5
7d748a751
7afc48cf6
7af464ff1
042b56bb4
7f2bf884e
02af66082
7d575c6b5
027f916b0
000f804a9
07bb48245
050a7f634
7c084f32d
7cf3c8757
7f9faa282
7a8b1dac3
0087d8475
7ad98ce9d
0680b92b7
02aaa70fa
7d3e3b001
7b48e578c
7ecfc507c
7c71900b2
0373a6e08
7fd7168cc
0026694ed
7c1a3550f
07de453a8
7d76b1c26
09c956f90
0242b765c
7b7735457
01fc77679
7da62b34f
7b8a60e5e
03cb0a02c
7ff56985e
02c25d683
7e6793d68
030dcd41e
7e30f920b
7f391f4b2
025b11d6b
7f2ed0632
02e09cc8b
067f4d3ae
00bfa82e5
7b4864e9b
019998d33
7ffdb9f2b
7d7faf122
051f63693
01208b3bf
0897b32de
7ed716b3c
03aff847e
037b68f75
08a5cdba9
056da783e
08ebb0043
7e7d87a80
7e3c289bd
034acfea5
7ef1e162c
032921d09
037d3b09c
01121f8c9
0389b64cb
07f038367
070fb311a
7cc3bd9a8
0116df442
01b51442a
7f973e20a
0258e1b54
02719c2e4
7af709bf0
79f934b28
7fd947172
0280e83c6
060381009
0d28200cd
051e4d931
0aca5a013
03cac32c7
7f479c420
7b254de4e
7f6180d0c
001a29be1
0057160e4
0760dcefa
06b90b0fb
7b626d2b1
00581e3e1
7de29b293
7d1dbf40c
7f7f509ff
7f1088966
049fc0f05
0330bdadd
7f21bd92a
0341c1725
7e8e98678
7eda9a903
048748ea2
065aa8e9d
049fdd375
0191269bf
064af0fd2
01e82184e
01715d7eb
005e80766
053347105
0239a9491
03c7b9035
7c98205ce
0256a3f89
7c978d4b5
00d9c1a30
0323993c8
7b5f6cc8f
023b7f5dc
00effd4bb
085cd8b27
7d7c585bd
04a56a288
7aeb6f592
7d13a0852
016286e08
7eaed33f4
7946be98a
7e158b483
029ffe58a
01135e89f
02e7d9ec9
7af8f02b4
7f03a1994
091120511
7df53ad42
048b4d127
7bafc88df
03420a7cd
7dc75f149
7cdccba13
02bec93a7
024840384
7c9d64b65
06ea29422
7e9167348
7fee972a1
7feab78a3
7cbd01cb1
047f2aac3
01819fd4d
0032a393b
02e16fbf2
00082f7ea
7ce567de9
0457ac73e
050cc8d0f
784cacdf5
003c72371
0740a8fe0
000863d92
00714c3eb
01b321051
79bbc5d1a
7c99537c1
0152e0a10
7eed8c1a7
79d32868a
7da2dfddd
7f2c90d04
04aceca39
7a00b90c1
7e2d9e2af
005c2031e
00c5ab0e9
794525a50
03e877e7b
04ef50b11
7cdbc1ec5
04ea7376a
022395307
066a2034d
7fd5a4318
03b910176
779d4ba92
7dcc794fa
0048cfec3
022b03ed7
078633780
092178823
7a14ee60f
799e2aa1d
7c54e309c
02e26aeb9
7e5d06020
01e47020a
08c6c6344
7e56ffaa2
0141cf23d
038a883d8
7e6873c55
7ff352762
001f1cf09
01de79c92
04f8772db
07a6b82e6
7f4933103
7ea4728dd
00ee852d4
021d6a07d
02b9e36fb
02845876c
01725663b
043d9dd17
00f4b5e8b
00a53aff8
01aebe6e5
00b05b98c
03b96e8d6
7cd8b4beb
79969125d
00db05c79
7f9e3e84f
034368b0e
7e0fc5911
019183e60
7c23bb596
7c300ed64
7ab8d5401
73a36ac5e
065c4e5ad
08d14b72c
00d2e0084
7db281ee7
7b5ff1221
7df2f8f8d
7c429bd5d
7eb53fe59
010145fde
039a891bf
047cba2e2
034787ab6
00ba91c41
00e0d2322
7d3350072
03862bbeb
7a66ecf0a
7acef8be4
7cf276e91
04ca081c4
01d6b4704
0788127cb
7989472da
006898c39
00983e3ba
7c66c68b6
04b73babd
7e7832d34
7b649c09a
7f2f9db81
7d04361fa
78de0d036
7a8508ad9
7e1586261
7fb2115a7
7d5a33095
7ed666ca6
7fe92ba61
7c4c64ee9
0447b718c
03daec748
03f54d48b
03c69103b
7dea3a633
7d2afdb7b
0142eb354
7b9b17877
01b801a7b
00fc876a7
01410a94d
7d9c61f6a
00ffaa628
7e46bb3b2
04615907a
7d3145d22
7e7974c45
02276b3b3
054b98588
055e8bf8f
79c574e6f
7d9c174eb
021243f43
0288b457f
7ea7374da
0288dc186
044447f58
0095c9fec
7d13437b7
00e4adf5a
015551710
7f0c04347
0ac9504ca
7be1034fc
00a345c8d
02587d057
7e766c8a5
04088f51b
7ca8cbfc6
00eb70cc1
007ae51be
7bdf8fce1
00447efc0
7c7df11eb
057ca1696
0b3a3feb3
7b067baba
7d8b2f2b4
7bd834d57
7fc57474a
05697e68d
7db403e54
06cb93eb1
03bc76978
7e86abb82
7aabbe228
05a391ed3
02493fa5b
7cfb7e2d6
7d315303e
7f94f3b12
00d7ed20e
7fc9fd1a5
7f256161e
02f3b7791
00bfe8b38
0247138ee
7ceb55f3b
7d266292c
7f3fe9284
7c1fa60cc
7efb16bb5
7caff07ad
7dec23403
09db471cc
032e0d2bb
0034d98d1
01678b17d
7e1b7bc2b
7b11570c0
7ed52a81e
7cd6f1135
00ccb49ba
04b50ea05
02780f78c
7a26e120b
7ef923fab
01725bfda
7ebd1670c
799ffdffc
0a27e245b
06f120a62
7d972a75c
7e14bdaa7
008bba90a
03fe7f0ab
7a79d76c1
0765785f2
79d9b6157
7cf6d334c
05d0949db
06f195b0b
7f5a38858
02661102e
7d38f5cbc
7f067d3a0
7fb6d2154
009e176ee
7f07fde5c
7d6b204b2
009ae395f
7e7dc59b5
00e876ee3
7e9960af4
0028142aa
7b432000a
006bc0be1
02e9fbf21
00b6cce57
03124e8d0
0039b50ea
0151f1cf9
03c0b007a
0327f5314
7fe81870a
04030f819
7fff4085b
7e6ba3476
041c97a24
7c93b238c
7d31cb246
02793fc9c
0171eecc1
7b47b76f1
7eb19f396
02f27d7b8
00082f557
02296b7bb
7c53ec983
7e7740af9
02fefe333
008d7a20a
7e6d41525
05212ecba
00af3cefd
7f224a827
79fbb0c94
7bb57ab64
0445a04a7
7f99b4c84
062bcf9fc
7fe05a700
009b2433c
7c86ffc3a
7bce5f2c3
7ffa3cab3
7b5624ccf
7db885f3e
032eb006b
78d387ab2
00ad17953
7ee7a9fd5
7d4ff7357
7e5d4fdba
7a9e1dfe7
7ead27c24
7ac278bc6
05c4f2ae2
03016cd21
7a420ddec
74f7ad4a1
027807d71
05d090ce1
7bd2a1ebf
7ecf242f4
04b429e81
05c147184
00b75f4d0
00028f14a
0322513ea
003e59663
7f513b215
7fdf802b8
7855b4714
77a77c8ce
00efe9410
06d32206c
7b9ba11b0
7a242cc1b
01849d334
084af4e74
023635393
7f92b5edb
7e8db35a2
7eb3c98a4
7e01e0fc7
0392d28ad
0345e78bb
7fa37af1d
0374b58eb
052eaf19e
012b5912e
7b69bc8f7
014b086ae
7f03b35d6
02238bf70
01b7695a9
00c70e078
7da717ca8
7d174cd5b
002a58adc
012561811
00b407fa1
7f8dd890b
7a0c56213
027652c4e
025c1f256
03ac9b977
7e70440a4
032a3d80f
7d3017dea
7f26f7fe8
002076aa7
02295b63f
7d0be4b6d
7982066cb
05a14f480
050f58f33
03735333c
06d8e4d3b
7ba8ca06f
7da4f5e7c
7cd219a82
7e254bfe1
7ebca0d0e
00196e2b5
7e04828da
01d89b6a8
7fc74156b
00220bb9c
0165e459b
036e96caf
04840d23c
7f323cce7
036185c60
0204ec9c7
0469d6e1d
0459ad89f
045f35254
02c0338e0
7cd3ed88f
01daa34e4
7d97aed89
7f6877de4
793eb15ee
03be24ccd
7c70aac1c
01a0b25c7
7ff49fafa
76e5aed88
7b8ae65f9
7b1bfae72
025d75632
015540a96
02413313a
7fdfd70e5
7f119807f
7db4dd14f
01e5f4dbe
7f7ccd9c3
02fbb0973
01c8813e2
004830376
7f94974f7
02f4f3065
7d04af8de
03db615e4
04c6aa934
7d0240907
7ebf819d2
7cd4a6314
7ea392fc8
03fb03e72
7bd0cea5c
028f83e50
7fde44002
02d17c76e
7f75b9f5e
7e6c55c76
7e32d921e
7e9d22e7d
05a7ec6b1
7caaa66de
7fb61dfb2
7bf46a665
7aeec1774
7cd115b83
7f86b3182
7edeb9f08
7b0af16f9
7f4f9af29
05976291f
7aade1bf2
00924e6aa
7d3bdaced
7d1321771
7d74fe563
7b405b743
01022f7bc
02513cc2f
7cc598f6b
7e8324c59
7c793bbf8
7ddd398bc
7ce397307
7aaa0484e
7fde7b5c5
036fb2002
7a467925c
7a65c7c09
7e3419f2c
7ea36842a
75a10e3a7
7976a9d6b
7f28b71e0
7f09cf371
774880cc5
7e36332ac
025912e58
7fb394bd8
03972c9ba
7e6ca3fda
063f7fbd7
082965328
7be9e86da
7c0127ff4
04ac5fca9
7fa152ddc
7dbf4c2b4
01ab78cc0
05b6f5de9
79146340d
02520c564
052210980
084ef7798
03e431cac
05a11dd8f
082b04fdb
02b0f0b63
7eaaa5dcb
7e8f11381
04067a6f8
07cc965b2
0481a75d8
00ddb75df
02c4db40c
02561a636
022c5af10
7cea2061d
001712a82
020c64a1d
06a31c0bf
7e091f342
76c0306f0
793ecf09b
7e8f512b8
01d32ef94
78a2a08a1
7aac1b382
066b0496c
7aa3311ab
7558f2793
7ef716820
7b10bf23b
008ea93b5
7eedabb93
7f9bb3de8
7cd22177e
0366dc2b8
7e3003d0a
04cee4471
0909df8a9
02f930b29
05ee976f7
7c83fe770
7bd163f64
7de99de5d
01e0e5d04
7bd478079
01407e7d4
00f54ac77
7b5a3421e
7d1a992c1
7e70e355d
00ae20586
056f3a6db
092a8a21e
0381bbbe9
066ec3079
01f3c8260
7f699dd09
7eeefd244
7c4cbe425
7fd1bb1de
7a207092d
7cbf5836b
00e6bf6fc
01a33ddc9
7f9967d33
7ca04c4b0
0037167f3
7aac9671a
7c0f4d593
01ce03d1e
00df7b4d0
04b02e4c5
013bcf4d5
794975184
045367208
0753fac28
7e97ca0b0
7fa777b61
00686c42e
00cc06e1a
01adfd18a
7f982189b
7b0565159
0168e7017
0244d937c
7a04fdc4f
7efe75281
094b8bb8a
7b63f4241
78d42baca
023bc060a
03924dd1e
001893e27
7e9d7deb8
049c420fa
02643d9e6
01ccae2d5
018d66d6d
024008af6
7c5be274b
038f837b3
7ef898dfb
7cfc48c94
03aa6c13c
7cc816f5e
79e153269
06a279dfc
03638d71e
7b534bdf4
7fc8a461a
0351f2eab
0310fa0a7
0004e2ccb
7fa6eee7b
7ea72ecfd
046be2c0b
7f51c1164
7ed5f5024
7ecfb3b29
05028e9b2
7fa96ddc4
7b88a61bd
028febb19
011091d47
7ee62585a
7b898941a
01cf36a69
7a3d719cd
027b21e8d
049c6ca50
7e79be817
7eb7d4e63
00d10fc4e
01117a1f8
00dbd5a2e
00f218079
031e42bf3
7fd92a5b1
03a1d89fd
7f5fc0e5b
0076182e7
0399d408d
0425c58b1
7c9ac015e
01cffb101
7f3107000
0023277a2
7f564983f
0b91f4ad0
02d88be13
7faa101c0
79495a30c
00d0ba2f1
7ebf01f6b
03928a22f
04ae28048
01dd6b878
04929c81b
7d4360273
7cc430933
044c42dd1
02a3270a6
7de51bb5e
7ea198e95
082a13913
05d3f016f
081979344
0a80b3b66
005d4efc6
01d352c5c
01cf60bb0
78a35e9b8
009ed7485
783ae2cc4
75db8ef11
7fae5c060
028e4debb
06d799f9f
7edb22777
7feb253b9
036962f82
7f5659e34
0697a7b15
06db38c41
01f0926ce
03d7babb2
03be42fec
7e009b64f
7b2c408f7
7a5812e91
7dbc00c46
7f01585a5
050a3e72d
03af23d9f
7fdefc6ba
01a234d63
7c8fb1ab1
0067ab765
7d8121080
7e3d3ae63
008bb892a
00c5caddb
7e9affce6
7a89c1e91
0bd3b1a64
006bf7cc5
038c98fd9
015dafcb3
7dbddaf14
016bfe9ec
004e0ae10
00200a661
03d0c892f
7d1a3d00b
0385143ac
07553b9e4
00bf977ec
015df6879
7ba0bfe7e
01f621eca
071bb04e9
02e98aed2
7f9b828b5
033c33db4
7daecfd72
037a91d54
7e0e6af7a
7d4f78832
0a889a2fc
7fb1d2eef
7fe52f3c6
0185665b7
7e9ba7f50
7d0912d50
7df134b30
7febd8ce5
7e781e40d
030dd8206
00a60acb9
7bd95f1f0
02c34fd1f
7bfbf3445
010ac139a
02c390569
75fe3644b
7c5024a84
0173ca0be
03ef97796
01c1aee63
7e7869766
7cceb486f
033305c00
7e44a7653
002dd45ac
7e732eb06
7ee298ecb
01f651321
0a0be2812
03fe4e2ed
7e4e0e20b
025c14cf6
00f30da48
0269da258
010c4c6fe
02bd83f12
7af737846
00c55d189
01ff4eb9b
00da4f2cb
7bacfa3f7
7942e6bc2
0252aaac0
7d572b835
00a129dcc
7e45f2f96
7aba4f2f9
7a72a82d8
044c033d3
02952ece7
044ab3b5a
0096b7d47
017ea0992
01d555ef9
03bcc08d0
06285a5ab
0257ea634
02f280e93
0554cb15f
7fc562982
7d800da30
7d335f18e
0333c80c3
02af4bb79
0183958fe
01aa62b71
0574682b2
020e51771
023bb27ec
00f7db3f9
0591053ba
05b5c41db
02d0e287b
7c39fb711
7ea913a55
01cb830e3
046ff51fc
7fc7835de
7a6f75b01
7c63cb6bc
004beb616
7f6ae784c
7f6fd2fb3
00869f170
7fc22a85e
7e941de3b
7abcee67e
7ba67e51d
023901d84
7d88b2b5a
7f9f3b00a
7b8ddc8c5
7e6ca1aa9
001be5900
7ea0cd109
7a83166af
043f963d1
015f2a4dc
01232df70
0436d5d46
02af0790c
0166546e0
02d417d77
0349f24c7
02c27053b
0047f79f9
7fce191af
7e9c97693
035b8bfe0
0406bbbc5
0105a5043
012bf1e00
7ee17ef2f
00e4b956f
7ca4b5092
7f730a611
02d64328c
0169dcae9
7e9b25c4c
037218a06
7ae069c91
03994e6dc
7e9cd3970
7e2c26744
0224288dc
001ee44de
01ea13b43
011daa208
791c8bc3d
782dbb516
7b2c9d2fd
7fbc6386d
00ba2a37d
0040d879a
7d1fbb89c
7f1d29257
7ee5f32f4
7b43e02c7
0084ebf33
7ba177044
0526b8924
7fb949362
7a2acdc71
7e54f9faa
796e86120
00cea6952
004b0f101
7d49ee175
025485185
018a8b8f2
7f73b5980
029fbcdaf
7f88e0ab9
088c3c828
001d1c54f
04d0e9549
7eb503369
7ff422749
03d009ed6
01bc963bf
03683a6a0
7c088d69e
79f9930d1
01244f6cd
7fa49ae50
7e9b254ea
7d6733837
028c98bf8
7fbea45fd
003a83f0b
7f317b1f0
7f38f2641
7fe583264
7cad713aa
036f3051b
0278514f0
01632af2b
03b640ca3
010c87671
00b277d6e
01cd98ee8
7f2b3bfd4
7e9976fe0
7db5d2b67
040f12a5b
7faabfc0b
02241314d
0192bbee4
7df05d7d1
00f993d04
7d3598ef3
7b872d09b
024cc9808
02b247a16
7e915c4e8
7b187673d
7a2233b43
7cca1b962
03f7c1dc6
01fbbaf7a
7cbd5e23d
02b32f7c1
7f0c06f59
006667c75
01771414a
013577725
7f5525777
7b73dcac2
009a35f6f
7ee6d02f3
010365157
7d1eaae1b
014a87150
7f79e14fa
017ee5cb7
7e8a9f0f3
0137f4565
00f0c0fc2
05781423d
0109957b4
7f3f4f993
005a53aed
7b4e41e35
7c02f1a62
06c8ba4a0
05bdf6ca3
7d482e68d
00fe8bb42
7e9497fb8
7c686d40d
7e6c6d73e
7d2f5c83e
0079eec87
78720eb12
7b24eb62a
00240ed5b
017a37b25
04b548055
78c23ef9b
0222cbb75
04d3b8c36
0235799ee
7f3703be6
7ffd37de3
7b899154c
040e1175b
7acca3ad3
08334fc6e
794e9db41
0025bd1ef
7d05301ce
00a96a13e
7be164390
0543df23f
0013db8ba
04e44e2f0
7f4ada398
790f5442f
7c2c4df79
010303593
01ac6574c
7a6abbcf1
0505e7f24
7d244c373
05ae561e0
7f52cf863
7e8b63083
7f63feb26
7a0932a03
7f6991e0c
02f79e6d1
001658ba4
7f7894da1
79d2da5a2
7c1c79b0e
005fc326c
01e8024fc
05880e4bc
01fd96460
7a05479af
020ba1656
028f67260
7ff49f4e7
7f46fcff3
7bad63344
7bc72be04
00cbc3ae0
00e00fa67
7a511f3d2
07b49d019
0404f5650
7fb469865
7e82c5665
7fafbe88f
03cae8240
003210e13
7f48663db
7cef191d5
7e7ded83e
7e4f832f2
7d99805bc
00e7c8c1f
01857fd7d
002fcf2e2
0060de5bd
04a4153bc
06711e43d
00c58c390
01d5034d5
003a95dc9
04b7e4404
7e7b2d646
7f6bc352b
7ef971a6e
01db4cb7b
7b6f5e556
7a2a28a06
7b023d3fb
7ca38db5c
0249e5786
7bbbcec62
79c29d71f
7e609535a
0935d1032
7bcff320e
0682354d4
076145568
790af7436
7a86da619
04b49b033
0a34a0395
7d5bfe3b2
7cec9f5eb
78b0f2939
006447057
039d029cc
7d48fbd85
075b6e8a0
049f48323
7f0083947
0406651f1
00b26f218
035d9e706
03c0bf996
0804105d7
7f5283206
06994e96c
033fa0b13
7c98801f5
7e7a5199f
044d19bcf
7f5b4f298
7a3e26235
7fc51ab08
7ce73f1a3
042984124
7b0ae9723
7dfa3d27b
7d56f668c
7da93b44a
7f4c85723
7f22be310
005ae3314
0118cbaae
03bfd7cf8
0303ff6de
7f99b8a89
007b82474
00ca0ac87
7e3c2d55a
7fe79cdbf
0361f514e
041070596
05f240a39
7dc3cb8ec
01d7fae16
7e5d7a423
7fa5bdfd7
05735897f
7fa79e325
01350aa2b
028851758
00a3dfcbd
7ff07dbd0
7ce5d3c86
01273eab3
015d41808
7f620c87a
02ff98a03
0031f1b53
0340205c3
043a31b99
012bab879
06485a910
05e215ee6
060c1f98a
02b149831
05a63ceb4
7fab69321
0463bf738
77b7a9d93
7e3ede98b
04c5f9055
7e355fac5
05cdc7992
039906e15
037444872
002bc663e
01603f6bf
7bfd8ba0a
787e1ad9f
7d5a72a3f
780bda235
7db3451e5
044f4bb83
7ba8147cd
01bea67ee
01e7c0268
027ffe67b
01968e14f
09b49230d
04d5ff200
07ba536fb
0706b52b7
031778356
7ff522c04
7f452d844
01ec0bfb4
02302b858
7c75845e2
019909a3e
785febe79
01c2b8569
02bbf6219
064bfdcbb
7e4a299df
0070a2927
7effb6571
010d038ce
7c4fb974a
061bb8deb
7c0ddcb49
7a656eec7
7f75d896a
7c3a0427f
01fd3eba6
007582bcb
7f36280bb
003bd6dfa
7f1af0c9a
01f4d8a15
7e5c35118
7b3a95781
006eca315
02080f1b4
0169a2803
7ebd22c00
7e9b15d9c
025289bbf
7cb49bf09
7fdd05c0c
7961dab7f
00bd1da28
005f36079
027fd76e0
060a42737
00fb89810
7cdd9cfaa
7f842405b
7dddc33b7
0401b1c0d
023bc59cd
00f7da222
022ec61d5
7d8abe1ac
7dc972c45
01c950e65
04b130cb6
7edfb89a4
03fa39bbc
05f411dab
00cfd156f
7ca63c2b6
7d7403d36
7ced93c3c
76778e0e4
05d6563b7
056214bf2
7b7578d33
0786f8e9f
7ddee75ae
7b0a29dfa
7c8fc8601
02627a4a5
00fc686ad
01361b1dd
7f45315b7
7b2f820f3
7b9905289
7ad0ac09a
7cd7acdfe
042d23dfa
7f4ce2436
089999606
798bdca5e
7ebf24c5b
00cc00d9a
02f6c636c
07f43d38b
7ea90a43b
7e1c5b841
7c443f2e8
7ff609b4a
02e841614
7c74e2e0c
7dc2232e5
7c8cfd9d6
045365c62
7e261beec
044fbbd84
7a8dce7f7
02979fdee
001bb7b9a
7fde73492
01159dc36
7ec6c1ce3
7db01b0dd
02e8ae07b
7dfe6e1ad
7abec7e4e
0d5c3ecc8
7956965c7
0241fc469
794554d60
0bd370986
034e0bc9b
02d395aa9
7deecaad2
039aa831a
03372285d
02ec34ea7
78ee1281d
7f58cb203
7e7ae249b
071fb6d83
7978528dd
09877ede3
01bcc9d96
04b5e23d1
79fab47cd
051137f61
7f0cac2fb
060f0068a
005d312b1
0379032e8
05fdca274
7dab3b42f
7edf60ea7
7687708ed
01ab826ec
7f82ef31f
7e18cd2c8
7da447fb2
7c45a14b8
79448fc16
7c030c368
052406b39
00b0cce8b
008f6c2f5
044d93347
01b2043a4
00e769c46
01cbf5192
06463ac76
02f8dba0e
04d8bdb80
0489f2e83
78d71cfaf
03f61619e
03c35f17d
058cd48c2
01c18d14d
782c502ec
7cc0e9ac8
00e912787
03a6235ba
7ad688a8f
7e15edb82
04a6c137b
06c93194c
01bb50b4b
009fe7b63
7e5cba52b
79e5bbf93
7ccf9bb8e
0829c435b
7c4ac4728
0240136ad
7ac607d8a
764a1846c
79bf5f1a1
7a5ebfd35
7deda35ea
7f7d68c37
7e24b2d90
7c14c83af
7c2dd14c0
7d77efc20
025118231
01866f6b0
05fa31bea
7fa4e41a0
7c75f1fc7
0025ef86b
0418e0d89
04cac0e04
0461af942
7fbcf9910
0479a9d6c
7e1bc9695
02dae8c69
7d3bc0dff
061f3a22d
043711846
0027c04ba
7f1b3fb9e
7fbb0daf7
7df41e1ba
7a1819fe3
05ab1a076
0054c427e
00d3f9c8b
7eed7c824
00c449319
010487b69
02c46b6ee
01b77f083
085e32cea
03ed677d3
00f1f3fe3
0376ef2c0
79e221290
7b0fc3358
02de7d19c
076cd4a46
01f001e64
74bebb125
7dff2f7f1
7a131991a
00bd1991c
7ee2fcf97
7e25cfae4
7bd589915
7a682c52f
7dacf4624
018459343
7e6a54dc2
0596cf2af
7f529795e
0542c1364
7e9c580a2
04ac1ee3c
009162c81
01cc0794e
0401f7340
7ca4026af
02488d060
0566f578d
09a50df71
002cbc50d
77ea31fc2
7b43dd354
7fb115ef7
042405c3d
7b7e87bf5
010351c48
7e8783936
7eda9d0b3
7c520b7eb
7cec16fcc
05b43f3a9
7f4b31db5
02745bd27
037f8ce51
7b1f35baa
798098a63
7a484118c
7e32bde98
00a91485c
79bcfeffa
023a0c860
7be022d02
01f622126
7fb6fc385
01697e127
7d5e95947
00d355244
010cb2cbe
774c14501
0085a656b
7a51fb06e
7e6832ead
02a7605e9
030ee293e
7ee259911
7ffe9ebe8
01c5db855
005f9a187
014ad3778
77c8f83b6
01c05326c
03ce27b0d
7db6793cd
7fd992d6a
7d6ec9c10
00b6a7035
0234806e2
7d66b564f
02d1697d8
04f5245ff
7f0cea56a
02e7f69d5
7c0388a38
025eaca84
000b11f01
7da7fbcd8
0185ad5c1
06d2643a3
7f27a915f
7f2821e90
0345e09e0
7929486f4
7d878fbe6
004a17538
002f5f4a9
74a71f068
014d33aa8
7f7dcc7ad
7d8f03482
019eb9597
7d19782bf
02c2dc78a
7e605fa0d
7dc2fbb24
7f551b96e
7da3986d4
7de081f65
7e6cba56a
0d48bf07b
07a9424e5
7d117508c
02ae52b76
013e145c1
0431e83a0
7dd73d345
072d90f6b
00b7201c4
043f3ae7d
7f801325d
03c539fe3
029b32742
008a61868
03ced0486
7dc541523
0624988a9
03b8ff6a6
76e68d5a9
7ec81c631
7c528ff85
01a3a188e
030e9d971
016e8f673
75f83daa1
793df8989
0458e30a2
7fe3c65bb
7cac1e877
7e7b73094
7e0dcefb5
7c24e10fa
01f543b8b
7f7b19fd2
7b823e3af
7c6c5a37e
7cde1e599
7e75abb16
7e865503c
7eee96af9
019327069
0013069a1
01aa1c9b5
00ff1019a
7f2dc0a51
7e607580b
7e021fcd4
7f17cfe76
01a221341
02cbd6647
027274df5
01eff19b1
036bee978
7eeaa5086
05537aa9e
0013989ea
00acb7d1b
7f6a237f1
7c1c222fa
7c1b9fd06
00495a9e8
043acc3f9
01a221847
0464cbb6a
00682a9d8
070f84093
7eeb1a40d
01e87596e
0025e7726
7e05643e3
09c0ae6d5
087605597
7ed3692c3
095bc440f
7f389ec7e
006c1117d
02931cddc
02627767a
7bebfde12
7b95600cd
060d92e3b
7bc0ea415
78de2bc6c
7999238ea
7ea9ab933
03c1f82b7
784c71a54
7a1d4a58c
050cfb0e1
7852792ae
7b631ea2b
7b15f780f
7df015b2f
7b3668037
0082e99e7
7ff0ddf9f
746207ca8
7dd564e88
00ef01ec4
019895819
7d78233b4
7df3f23c9
7eeb9c7a9
00447b182
7cbb06bc8
055a34bf8
05fe488bc
0533bc333
7dbe3e981
058d2d6bf
7b6e43a2b
0140f83a6
7d866ea1e
7e08b5df2
7ee5fe96e
7d45f5c20
7e2b4c66a
016a6855d
06bf1b9f1
04a4d6250
7c9630ea2
7f45c91c7
76a00a275
7c3fd607e
7e866d91b
08afe5a97
02cfdffe0
02509a70b
7770bf6cc
7fb5a3406
7d1738c00
7e14d7320
7fea5a7da
7de33799f
7f0da286b
7e5c91977
0163daa4e
01b5f5309
0060dc723
0185e64a0
7d09d95d4
04d3f4887
06db21735
022990562
77b66e4f9
041091580
7af79dfa6
02d98988c
7db949fbc
7dcc15a3d
00c3bd80e
7deea76b8
02d9cbb1e
7c2de8262
01fdbaf6f
7fbc62b4b
04fc33f89
04b91b6a1
02ec4546f
7f6733d20
7d46e5f95
06013a9df
7d98560f4
7e18b02b3
7b715baaf
0285f62d4
00f0be10d
00727aad5
7c4b82662
04446ee7e
7d539e439
0435d5504
7a59a986e
7e86e7d59
7bc081992
7d69feb34
051dc713b
7ee05e381
02aa66ab3
7de8ff07c
00d02e6fa
009caf521
7d5f02a58
7f1029391
0173e8179
026065165
7c39a60dc
005a509ef
7eed294fb
0109ebfad
03867db45
021f4a18f
7dd758227
7df718cb1
7e8fd8b33
7ebfc9c28
7fd27ed77
7b3b04082
000453cb8
002808e74
7f91d6bd1
7c946aad2
00769b801
7e7495993
039d3e650
7e4f2cf1d
791b20655
7ff331ca9
014e3ad1f
040c6fbe2
7d12d8fb8
7fdbb66df
7ab172252
7d9a06e11
7d8a0d825
00e31fd1f
7b5cd7497
7c03ac6c5
7ba7b9b17
024aeb361
0092f8e9b
7f60109e4
02b4306c0
7eb4d0eb8
0209da326
7c702e14e
7b928a8f0
7e511db31
03ce77976
01c548a2a
018c0abfc
7f0e1bf4a
7fc2f70b4
7829a9a10
7cea71b53
7cdad2ed4
0595be5f2
7b6f419d5
051e7004a
0816fe4e2
7f4aa5bf7
7975a4fde
7ea4f09bc
7a7b25418
7a1567f3a
7ca364f7f
7e787f41f
005ed7b41
7bd8ae588
7a6feb0b8
7b785d82c
009346d2e
02333eac4
7c2294280
029671b9f
7d72732b9
025a11c51
0075c0e9e
7d7bb8e95
004e111fd
7eb10d675
7b3ece797
03ebd792e
7caef7851
010037d1e
7bfe8ad0e
7d0ed9b45
00f518011
7fe73eb77
0528af22b
03c6fe61a
77132c3de
05dbe3194
7dd28287c
064d00fa3
77df9ac9c
0353d8f00
7f9f795eb
7d3af2685
7eb12475f
055613627
7a531e7dc
015de1f16
0183094f0
0454ef5f4
03ddcaec8
04a48db41
7c8072ea6
7fe707ac5
7e87586ff
01efe5df9
7b624865e
7f0d0bd54
7bf583d2d
086036cea
7bc40f788
7e3bfa2e8
7dbfb6fe7
7f0749a05
0093f4a56
7b5856532
077931858
7f0ca9e77
06410ddac
7b25d1e6e
02f6b9085
7eb44086e
7b327c927
019cfa214
7d7bb6c56
7be291095
7ea34ac80
02579622e
04d45f1f0
7eedbcb68
7fb709065
013216487
040b89f2e
7fcfc1295
7ebd78d07
0371bd9e5
00cff99a0
0082f002f
00b05c100
7e6980d0a
7c9d72ac0
0883e85ab
7f9af5446
00683c977
029bbafd1
0202a099f
02bda5a52
05cdb1992
02c266833
05161aa6b
7b7fd9d41
01783a1e1
06769ff82
0243bc8ac
00bc2eb53
019d0b40e
01b75b438
7fad9abe3
7bb2f4467
7f7ad4ef0
008a11219
01fddda8e
7b3d10315
77c642142
007020221
7e4f3a2dd
0187f3a4e
7c87e425a
0005b0e3b
7e9f08847
010da1e26
023af7e7e
0c8911278
05097044d
78ca86cbe
7b1fb8d92
02d303ffa
0035b02b6
7f5e6c8b4
7c01bb56a
7fea39343
7e8a158c6
7c928b6cf
000197a2e
03ad751d1
00dd29bc7
7c0da83d5
7c5b4ed86
7e16a1cb8
056be58af
7fa092c26
00ed7f520
03a1fe6d1
008c9849c
03cbaa3a3
060cd3d65
7aada5111
02bd687b4
072df5fc5
00d02865e
049f01ce4
7cee6d2b8
04570541d
7ad34e649
033a3315e
06b95b643
7edf345d1
01dbd1469
05f81e0a0
03d4278ed
7f05ca0cb
010501de7
029ef63c2
023f32b93
783e3e0d4
005279291
7d50d3d98
05bb7aa10
00416ddd6
02d9c7835
7c949b78d
00a3d9c98
7e06fa160
7c48f0fdd
7a9755e2d
7e8c570e9
7f8f25450
7fb3066f3
76e3d7ec9
02efbe58f
088090ceb
07f9d8060
0f2c19b7b
0243b3823
0264c63fb
7eb0c1e12
057fdfad2
01fe9d591
7c8bb5876
0018a0697
7daba3135
02888ee7f
02b2be6dc
7e3880e57
0079f3b36
02177ff8f
020a93e44
7e38682bb
036bc632a
7e209786d
7e590451e
7b477d6da
02b9dcc78
7bbc5f22f
01d8a3f0d
7e0bfce50
7ad2ab4c8
002fadeb9
7f1bb950f
046a8446e
002f5f2dc
7d745924b
7dddac894
7d38af352
03b7028a3
7ba871ac5
0642bb618
7d2897600
006c6a73c
0632b995f
0280b2476
032aecfe4
7adf5a669
0613a1ffc
783626c00
7ed5b3bec
7edfc5ece
00a7f5c08
018e29510
071b67f84
7e5b445b0
01b160d99
010265bc3
031289cfb
065ee4eeb
02ca41096
0112713b7
042c152b0
79d4429be
033eac2d3
7e6d51441
7bf4eeb9d
04d196524
0148d3ac6
042cd7350
06c21fab2
7c683e3ee
0a394382b
7d4a6264e
785ba380b
7cb98409b
7fb597c2d
7de9cc636
7b7691398
01afae28f
7e1a68f73
7cc5e4991
7f6c3782d
7b5bcf107
7c6371535
050795bec
7c82d391e
042723d7f
045477590
7e24160cb
00ef4a8f4
018d116d5
7f2799b04
7ce5eb268
7f6aa5b82
0208db046
7985b328d
0789cb025
000e46857
7bfef6395
0410ae20e
045d30d36
77fa4a20b
7cab6260c
7d58f13cb
013061324
0286b9fb1
00fe43834
0821e8779
04101a2cd
7a869a02a
02ba2e314
05eb8674a
0325e7944
7c26086c1
0087ea450
7ad6de114
7c9a04b76
0181d8cb0
7eaa42a6b
0444565c4
7e8e2b296
7ec1ccbed
7eb8b5ae8
7c16f795b
7d9889eff
013f99c42
79e84bf11
7dae2f7ab
7fa58655f
0518fe047
04bf157f6
7dc1da2c5
7c7699f5f
064998c76
01ee23186
04e8c3b2f
7fb8b2852
7c96dad38
7c330e660
07f872965
04e6ebdd6
7c977f95a
050df2775
7dbe08120
03e258f3b
0052a4302
7a5744edb
7de85b124
018950a5f
7eab10e70
0312ea4e1
793705211
7e354ab9d
0453c6274
7c8a3f6d5
031883207
019194a17
7daae5732
05405bd6f
021ab7699
041d466ce
7da2d4a2d
05b8bcedb
01fec7c7a
0547c0c51
034b1923f
7afbdaeef
0629db85b
7db07dd8c
7fe3bac2e
7bcea0600
7a13899f2
78e9e0523
06898071f
01e2ecd1f
061f6cbe5
7fb402758
77d1bd4eb
010b4f779
01bfff5a9
060693a1d
7b36dfc73
7e66f392d
7f3061faf
7ce86cee8
0150a8a48
021f89989
794d1254d
7c121779c
05039d160
0082c2966
05f304061
03b555d6f
7d7771d57
01d000f2e
7bd6dce59
7e075f0d1
7f1af036a
0199ceb1d
0130b7716
027796fac
02a464cde
7dfde0ad6
7a4bd5b27
7deaaa9e5
7e8c2cbd4
00d32d38f
7bd09410d
0663cd832
01aa56b24
7d582651a
00dcd338c
05ac1b74c
7cfbb6c3c
7d147ff70
7eea1d304
0157a8e4e
01257f5d0
7d555efc8
7e2886ee1
7f351e446
7fd71fd2f
01c997af3
0551c7b88
7edba08e1
792d7b88a
066f8a7ab
7cb981fef
0408f9ab5
03e761f73
05d6addba
03607924a
0313f7b73
018bcd6af
02147c7d4
793e0da6c
7efd3b7ad
015235cfa
018e0a3be
7e1fff117
01eebcc42
7ce2f8650
7811c7f69
7e17e721d
7bf65739d
7fb2b9c09
7fb8f722c
7ff8e59de
0041667e0
77a49d3d2
7f5329c92
0125ae74e
7f6911b12
00bac18ce
7fed80ecd
03cd9e6d6
7e92a737f
7b7c4aa4e
7bf29adac
050e4bf24
7d8fae76a
7de634a7e
7c7c00ffa
7df975326
7c3b53b8e
7f370a526
7f6215187
7e2ca53d7
02b51d78d
07b715284
7fdbfe1d4
07b92afea
7e3394ecc
76d3dd3c5
0254d3f9e
029bbbc72
031829739
0349260bb
7cdc56d4c
0b9fa7bcb
7a1ea7fb1
02b3fbd78
7c25040da
01fe3bbcf
7a31abe92
7b6128237
7d7922062
02afcdad2
7be80af7a
7e0469c1d
7eb7274f3
00d804ec5
03b32042d
016b1fb5a
7df0f14af
7de56f2d9
7d3d327b1
00a2f5d6c
0069550d4
7dba7a93e
00bd2906f
7e9801f03
7e2d0967d
01e038547
7dbecf477
7cc4d1af7
7e4d2ef40
02c49485b
059b52af1
0163abd7f
00401566e
7c361e2dd
7fb74f66a
015376b3f
009915d3a
7fcf19eb7
01549ed20
04017b54b
7fb9640e3
7db7f5f33
005c2b1c9
7ff200ab7
0298af57f
04adefcbd
7e754ff18
7b34af117
02e796973
039d1a7ec
04df8d759
015306ee0
777ca03fe
7c38f3cee
7fe89d2c2
07b3da1a0
7b9309a87
7e64fa387
7e25aa7f6
0721e0245
7ddfd944e
00708daaf
02aba7b0b
7ad9ec525
7bc5bad68
021d89afe
0119863fb
00d970609
7e9a096b2
02a50e65c
04ee0d570
7db90f4e8
7ec56d266
7ccb9ee32
7f4b13e82
00e17fd08
008fe50a5
7d491410e
7ae146b68
78c6ff275
7e9a320be
7c8b09b22
7df1c1210
03fd0cca1
7e4ab0666
7f9e24e01
011ad229b
7f81168be
0578daafb
0152fe661
0777b169c
7c9d7741f
7e2e1be1f
02c4477f6
003ff46e2
7dd28f362
7949e92ec
072dd39f4
00248a2d7
00ec70586
7ec3e8c11
033f9c466
0224cda65
7e46d77cc
06c8655a3
7f9ca4049
03c5d923b
7e900d2a5
7e1180f1c
7e24b0dd4
7caaee961
7795cf721
032721a36
7ff6d9309
068e98edf
011ac201e
7e2190ec2
7da8ec43c
794b6ab10
74297f15a
039076862
7d82d2947
02b3f291b
024706ee5
7eb6b05dc
7a6d457e1
7b6e9f529
789f98948
033a76f75
7b0460971
01529755e
010e4b64c
0264f65eb
057c98a71
07fe23089
0543d7c14
03e905dea
028ad8c69
02baac8db
7ed9b2aed
794dd3d0d
01ae83e8c
03f025f9f
788b17a3b
02107b48d
009c8aa27
00eb7ffa4
7ee588169
7b718d606
792a96531
77b326b36
7d2193a7f
03c23fd50
00a61c84c
7e7a5992b
7e89fa94c
029691082
79c2d1296
7dba31f54
018966914
02daed177
7fd70afb1
7dd8928b9
7f76a948e
02cf78d4e
7e94c5476
7e546c899
04dd2b4b3
7bcbb7d17
7e465d0d5
7e88f1c46
7fa5ea9b8
7f21639a6
7e3444cae
7dee65c15
7e45a70c6
004f4ebb4
7b70b0330
00f7d1435
7df021e8c
008a17f7f
7c5130120
0020c862f
031137aa4
02446dee2
0184d453b
0024feb83
7df23e8bc
7a8a7d345
093d1d58a
7fb41794a
7dec3996e
7c789db9d
017e3d6d6
05365b107
7fc3da9ee
02eea5f45
7fd3049e0
7ce7353e1
035bcd6eb
7eeae8097
0418b929a
7f1759f40
032c9d008
016ef40e8
7bc3ff531
7bea23f1f
7c1a704db
7e3a4fd4b
01f7560b0
7c42e1955
7bfd3a108
7f2e707e8
0575e3c82
034ba0f71
01253644f
7fc848d07
02755536a
7a8b90ad5
019cc94fa
7e60b65a2
05e0dc303
03cbfce5f
7f85a6777
004f3702e
7ec4a096e
7ac5ad164
005a34008
78ad612b8
7e24f86b4
7d80a3ef4
78dd7be91
06ba2e264
794ef3619
02b921011
7fd21d0bf
790d16ce0
02c86985d
7d40280ac
7bda4da71
0489af0b1
7f5781e55
03382b4ea
050d1e791
001cc36d5
0022ad97b
01e7243fd
04e115aab
02c058ac4
03bf6bb22
7fd4e4620
046b8db9c
07cbeea8b
7e5aa43da
040b63f31
09596ca8b
7ec55a7cc
07ebf9155
7797bc595
00cbc90ac
798f540de
026b12c52
7f83820aa
788ee87ca
03b279fe8
781b168bf
017cb5d7f
7e70b94d2
004a2d015
00a660e3f
02cce5c95
01f4b8099
03d08cda7
0016962ed
00a24abe8
00c8070c3
7e8e9a327
06cba43ab
7b2298abb
7d740724b
7fa21a35a
7efe9b058
02b29f5c3
02e2b2043
05da3b7b8
021fde951
0355f1e67
020f12ce6
047c56cba
7e87c012b
7d2ad0847
02119c31e
7e752c120
00da3472c
7d7f2fb3b
026c1df49
01b5de433
7d06d12f0
796d20c50
7fb50d70a
7ed7de4b6
7fc7cfe74
0229c4492
0689facb4
03c41f3ac
0046f718e
79bc3e228
7be5b8d3c
040ee6835
04e343510
011757e4c
001e0ea4a
07d7c79ce
013335650
046951a30
7c70e5d14
7a9f762ce
02e1bd13e
02081db57
7e38acce8
7ce86df06
7fb631788
7fc4ef98b
7d621e963
057446b6f
02baadbd9
0090d67e0
01e3675de
0787cacee
033e4b428
03add1e84
7e083d4f0
7bfae7b04
7def09262
0009a44e2
7b9145e04
054f9dfa4
018ba3737
7cdaccd22
00cb087e7
7d4e30822
7e37576be
7e9176d44
7f9393ca5
0113cd96c
04884a1d4
05b2b490e
02d4f99d6
7ccf57a8f
7e7b13233
7b8a8c8e6
037df80ab
01a1525d5
7f59587ab
01b0777bc
7b6590e2d
7b6637f7f
78a211ab0
030985869
00f962980
02639d200
7ece38950
02417d8dc
019f980d1
7a29414b6
7df23d541
73a1e5615
074096ed2
7df4ef2c8
79ec7ddae
04a98ec67
78a8cc295
00a66ffee
048391470
7e17a880c
7bdf20cf1
7d9ac89c7
01d16345e
7a6f4183c
0070505dd
7f01df7d0
034ce3aed
789c38433
7ee305a9d
7e83b70cf
0081dd9b1
7eb72cfcb
7ec718134
7fa68a588
02a342f6f
01f3e7154
7ffb4a11d
04f888648
01fc1d0b0
056e2b287
7de87655f
7aba66d7c
0310825d6
03cb43688
0517be44c
7c232c42b
7c2d72083
76bcb3168
035bf6025
7f8d60733
01db853ba
7bb76a4ee
019431b5f
04852f963
7a0931afb
0006a47f2
796ff1453
021088445
7e0eb7f75
7d64d9671
7df660937
7e0935728
02957fefa
04ca61923
021e01d6e
777766b42
7bccc24fb
7d7be0630
7fc55e4a1
7e5227422
7f23d675a
74a44df27
7d449f9a1
0147a17c4
00d991aa1
077dae0be
7fa0208a0
7d749fcaa
04af121da
01f1f0d80
0706386ec
7849ce6e1
786a3c430
0117617c6
767511834
03fd94aaa
02f367e03
7ba791caa
7a9ac3dda
7dd869841
03187476b
01e834297
7dcdc5017
00c0d1fd6
7b29da1be
02146dbcd
7f09501d0
00df0abf2
02062cc70
7f4032d83
04ca270bf
00e0490a1
009966be1
781df17b8
7bbab7acc
7ba40b596
7b0a58895
7aea3aba7
79ce826ee
7fe8764ca
0479f29a0
7fb98348f
00de80cae
04d30473b
018c33bc2
08e6e9308
04d7ffb90
010f4e662
02f5cb62e
7cde294c3
7fe6e8627
7dbfce823
7e9b19ee0
05d78cc6c
00d734f72
04e71ed30
7fce882a9
7fb27e5ec
040adbd14
7b645e978
007d9e877
0442a8d8b
0068a586b
7e05b93e5
04dc50eac
7f51e44b7
00e444eaa
7d45dee49
067d12da5
02dcb5938
03f02421e
017331f9b
7d427a3e3
02193d94d
7e8f7f1dc
7d569941d
014545d57
7b64d5cd6
0205b6486
7da16a1d4
7919237b1
03132aae6
7bc9fff91
7d2338179
7a26edbe7
0110b8b6d
7c70e623d
7f88535a5
037de957c
7d4178a79
018dec881
02564c214
059844f2e
06211c18f
048daedbe
00869d328
001b8b45f
013e8c89a
014850a93
018d3e430
7b0ba5558
072fce17c
0166c8037
7f946aa35
082e99310
7af0b919f
7ae055189
0291990bc
02a13cead
7ae416f66
02168c58d
7a978100a
7fbc69a5d
040a551d6
0423328ac
02305c40b
7956599a1
0a0da0348
042430779
06d5bde80
00f609a07
7c7c8a4d8
7b4a2c131
7ff03884f
7f5b18d71
01161214f
7ffc82462
7dd12d06e
0381c0305
0049cd1c0
7f81f592d
04be4d785
0012f6ef4
7e189b4e9
053376f40
7a4201f17
07a7c289c
7c7f3824b
78aae83f8
7e8a4f3b7
033b9ea72
7b3a92c10
7ac36db10
05f88319a
7c029db3b
0178567c4
052759379
7e3d2b860
008c0050c
7e8eff829
79e15ebc1
7ef54b88d
051f425c1
7d60719d4
043db2639
00830ac45
7eda70e6a
00912dbce
014f5e8da
7b8675cae
05cd61e73
7ce0b1bf8
7af3da48b
7c63e8c6c
00cff288b
05c39fd29
01bf2c7b6
0222ee31e
02b667095
04e7e9554
7ade50bcb
7eb665cee
0253208ca
7c75fc92b
03b169080
7d8f7cc17
78cc1d39d
056091b9a
7e26470da
7f43fd26d
7f91bce7b
0079d24f7
01b2b1897
0863e2694
7e8eec999
01c3b65af
7cba8ac56
02f58fe45
01373a75e
0244357d6
025fc234e
03b5bfd43
0258acfbe
011266f60
7c09a3d0c
7c2153264
7b8b6fff0
030dae7df
7e5d3fef2
7f8d1ef66
7f2b9096f
041cdf637
03828e1ee
0286282e3
7c0dcb32a
7eecaafd8
7c1e22611
79e8ee46a
0160c7e7f
7b0e5a0cc
013615bde
031dce2c7
78437fbe3
0523fe725
7eb28d654
04cd277e9
01fe13cf5
017ef528c
7d1bd3ca7
02151e967
7acd62d12
067c33084
78b6266c4
7e0e7cc3a
0797454d7
7bdd9c2c0
7d64f509f
7e1090fb5
0192146ad
7c3c02cf5
071c0b5c4
7f925ebd6
035ca4be0
011733bd3
008358955
7e65b73b1
017c07461
7e537b436
03d012213
039fcbbe9
7d68d9c90
7de84cfab
050f42a3d
02a4cd3a1
7f3cd4f0c
033232101
79e669af2
798d3c2ef
0061f3df1
0377503c8
7bd4520cf
7f6d91034
00da93185
04e84a223
7f6fbe25d
0393d9167
016ca35be
76f3efdc5
767e3a72b
7ddd73776
7cfb1b980
06d00819c
7fe5ceb8d
00b9fece8
7d29f7bb3
7f42c209e
7b19f67d8
7fb913aa1
03e2c2fb1
0401eb8fa
7a6b66b97
0094fcd9d
7c25010df
7ad9353fa
7f13de405
7f68c4a61
7cc804b64
05c65be83
7d1747732
7d5cd33e5
7b350a004
05741873d
00f719c38
0292c55e8
7f1dd6478
01994532e
00034cb02
78e93dd52
01a5e5fda
070d2deea
7f00f5fb0
024c3725c
7dae03a45
7e65fd185
7cc4f8c91
7ca79e1f9
7f30e5427
7d74220aa
7fff4f892
78e68105c
7d5284620
09691dff2
051c06d91
06faa2c5c
01a20d380
7c7e2fce9
7dbdb03ce
008702b7b
00a044eea
01ec9fbec
01c13b615
00b5c1475
7e72d3c79
061eadf90
7ccdf5507
02895aa89
7b331ba36
7a8488a73
7cb7daf3b
7a9c455e3
016a2e196
7b23672bd
03aec0c62
7f2cd4b00
024030be2
7eb6d4e02
7f14d2970
7c6cf4593
7cd119106
7d385341e
7f85b26e5
032be1751
015313238
7c0ab31f5
7cbe966be
7d7a00e4a
7ffd504be
7dda2378a
7e4bcca40
7bed54e2f
7cd42162f
05e36dafc
03223a568
00efc452c
043c518db
7e65fb269
7cedb5f16
02107eb54
022c6ec31
7d8f4a18b
7d2915480
798830410
018789300
79f0da1d3
7facc8707
7c10c8c7d
7fa5a0309
00379a9e7
0197876d1
7fdcc09b3
050426c2a
7de3ab2ed
03c38048e
7aca609d3
0357199fb
7a1626ed2
7e512bff0
7e8f805f8
7adf74afc
7aaeac690
7f11de8a4
000cc8034
7aaaf277d
01c54a23e
7ebdb6aa4
004e5aa97
02c4d166b
04540f7f3
7fa2f6692
7f0d60fc0
029d1b358
79fe0c3c9
7fae148ac
0132afc4c
7c6f63f46
7fce8e67b
7c607dc69
7695693be
03ef75e0d
7dfa401d0
7ca33a623
00528d3c5
7973005ff
7c1e76514
7c212cf06
01bf71de8
041df14ec
014000851
7bf041e59
7e1dc4129
7fa56a561
7fb82e6ea
7cb178910
049450e72
02686055f
04169841f
7ade9493a
7ea58a809
00ef6ff7e
7c20b68c3
018b7ec33
7f699b28c
05a5705bf
7d3416300
77e389f38
7e82d88be
039d0048f
01ecd0e11
7b48a63a9
042702ae3
065477eaf
03ff85ebf
7b9c441ea
052da9e54
008520bc6
7bbc359b7
7f673a5d7
03bef3823
0abdc1e08
07ec3303a
02b589761
009775d06
016e3d496
7ab6ec49e
7998ac35a
02a210199
02885fc4f
7a71c7f54
7bf7512b4
7d56cf819
05f89cc2b
03acb2103
02a2d74cb
025e557f0
7fceb7c26
79bddf919
0390b7fc8
02e51182d
00108c706
02edc77ac
03d487836
7ea919373
7d246c43c
7debc7004
7ba965e66
7ef4d6832
00df5be61
7da8ca2af
00515492e
026b76c0b
0976b0b0d
008901c1b
03b1dd955
7ccd9bc2d
0b4fee9ea
02bb2ff1d
7c66e7612
04191f56b
02c18c777
00d11a145
07a6ac086
7fd2dba0d
7c444fe87
01c82b542
025565dbd
01d6b1141
04eb0a63d
00be2dc0b
00f80bee8
010652b4a
07ca4e0b0
01718fcdb
7e46158c8
7aad7b8cf
051c38ce3
7e1ecca20
7b693ff4d
7c4cb59df
01f24919c
7fa73203d
7fd3b476c
7e78be937
0235f01c0
0079f0355
074d59cc0
05aa19cd9
7fe368237
003b7c5ab
027012e25
7ec89160e
7a4e04647
0272aa0c9
03e963e50
7e04c01a6
7a2d8b5c2
7ed96c9ee
7ad3bfbb2
02014434a
0146c8a12
7d902fd28
03654aa70
062c2325e
05199d97a
7fc07cee8
022cc3f07
02a6240fc
003ab76e9
7fd1b4c8d
0058f8944
7ad6e79a3
7dfed1ac8
000d0fd4f
7b049e7e3
03967689d
044f0c5e1
03f919976
073dda196
068268819
00979b233
01882e389
01fe85823
7f41b3565
7cc8da698
041655940
05484cfbb
7e96f9f58
7acee0761
7e2e8b135
79ca86397
7c75b5ac5
7b5d8604d
7979858d8
794aea221
79025279c
019aa7035
7db2729dd
7e682bf38
7bbd9e353
030b58235
7e3e3514a
7b637e4af
0b39087c3
79c4f6b10
01038ea4b
7e881acd8
0219820c5
7fa5c9d6a
7e65b550d
7d9cdc9d1
03197d5ab
045a9a099
7e1e20f84
02b94f2ef
7d776e381
7fcafd65f
7b6871077
78a364b72
0c2d1149f
7b7cbcf31
7dd52667d
7ec6912aa
0252c9e76
015712c3b
791def7a4
018db7565
030a2cc9e
7e9a1dede
7d6988187
02de2c8dc
01c94cac5
7e66ddfaf
7d5468f33
7e67754b0
058868182
007a83f7c
7bfd1a37a
010e70c5f
01496a68c
0025101c0
798f38346
018c30bf4
0194af2e8
00706563c
7aee77a44
00a15e83b
7f1b7a64a
7ff545e6b
01148c54f
7fcee48d5
01ae4bdb2
7a66ad808
7f4651a1b
7f8bc86c8
01172450f
7b9db2688
003926a31
7de2f7214
7cbb41260
7b521934d
0115b9973
7f061fe92
7d3d1d864
7f570434f
7f518b2fa
03fd75f62
7d18abc34
011dbc00f
05ae40eee
02288a2fe
7a99225aa
008d8e974
034e0cfeb
056a71349
7dec3ab24
7d5a61c24
084febaf2
005cf5f59
7e57c8021
7e6ec3321
7d9af542c
0050d63d0
7f3cdac99
05c69fc5a
7f56f55b1
00f87edab
020153cf8
02bfadc05
01669fa4e
016774357
7d4dc9be8
7d045ccb0
05f4bb009
7d4944c0b
7fdc5e7fb
00fcc097e
04f60fd7f
02ab793a7
0170b46db
7bafc9d06
050279561
7d2bcd715
7ad4c7301
7e858bdd9
019a70d66
7fa960e46
7a560395a
01c21176d
00fd1c3f7
7aaf8b5a0
05b8e36c1
00eff477a
7e0f98516
7ddc025ed
792768bde
010977415
7ee39907b
7e5e14124
7f1ea6c34
0120abdbd
7a877f357
7ca583aa0
7f7d809b4
0547a5a0e
787f9033d
02dc23293
01fb39581
0373cd07f
032d906ee
7f8cdfa23
00ec37442
7e52ea9f2
0017669c7
7ef6fe62a
7c7f30874
7ad95eadd
00461aa24
063d73c4d
001dd9473
7f3ebf792
7e97beab1
020bcd76f
7f8a8088a
7cb700742
7c6bafa1c
02d9f569a
7ced9e7dc
013a9bbc9
01d7c919a
7e590723c
7bf018a7f
0004cab7e
04ce7568e
030821511
7fa786df1
003b8e066
7913173b1
07e7ae83a
7afebbf27
78f9262a7
0369838f3
055cf85aa
7c1bd51d5
02623d2da
7cc9b29ee
01a0abe86
01323a453
01f84033e
026b87150
7ef655466
7e7e664fe
02327b11e
7ec93db2d
7ecbd47b1
7d9488722
7edc72cd7
7e9df3ff3
07839b839
03da1397c
7ab3de572
00fe73b4a
05390922e
7ea6e4ee3
7e952aed7
7fa7144b3
029871269
7e67a58bc
0631e9e32
79556c42c
04c7c65a6
03ca6907d
7e7a5a0d2
00cd6ecc8
021836270
7c6475607
7eb1c9425
04826107b
7db8d5ea6
7e2903d97
7ca3b3503
7ec4e75f8
7d599bb99
052373d07
016b40180
7e905423a
7ea302060
7e18e3c5e
022c723b0
7ae9a2282
7f65b6455
01de7f827
0014c3208
7b249842d
003652d39
0115a0774
01afdd230
7fb437651
01a5a67b8
7ee7e8658
043860343
05e7dd4fd
0305a8c68
000babae5
04c285c92
7e0d2eefc
071f582c6
020b2160d
04b259ca4
005367fe2
7e00b173a
7beb3a225
017503a61
7f8b6703b
7bb078a49
00ca4adaa
00a2f2964
03e41a60c
04d6cc595
7f7aac18c
05b8b5969
7d8db0537
041e38887
7f35fb01f
7c3e4a558
019d1cf85
000531e9e
7df9fc55f
04d5a1306
7da2dd79f
06e367571
7eab6c7db
05841e44d
01a9d3173
7a0750f45
004e9f127
03e01b5ed
05bd63da3
02621db0d
7bf7d04e9
7e169fbde
0228b2306
00f53554a
04cca8612
7d683c22c
0567c9cc4
043721444
7f3257d1b
7f5c557de
7bcc86d9a
7dddd7827
7ca328ecb
00f986e5f
0317cde15
022b013f8
012ab18f2
025f90510
082471474
04b365425
7e790b54f
7e39a3ef5
0223b0dd6
01671b06a
049576af6
7b0fd1d97
00de132d9
02d1693f2
7f8ec0cc7
7dea2d0b1
779564fd8
01759d628
7fb11b65d
046efd32e
7a65b0479
7b0760e49
7faebbb6c
0111b3141
78065c25e
79d8e6836
015236266
035f7c5ac
7c6f38506
76226d300
7c555049f
0093e350d
7c16a36e4
7e60c8b6e
0009df960
00f59d043
01736fe1c
015703b90
7b3dc4f17
7d82139df
7a22574ba
7e90b5f71
05a42ef72
7f40ce011
013d1414f
02cca6d2c
023581cb7
04c5c823a
7f5ec81e9
7d333769f
00d15617b
00c26c8bc
02dbcfd9e
7e9e8c0ac
02810e1c4
044f7c19e
001cc114c
7fc75522f
7d5b707ee
7c8fd1628
7c1e9e1e9
01fc1734f
00d9a0b40
7f339d91d
7d0c43c4e
7f28b7535
7c8599533
013a1890b
79ea858d5
00db60407
7d89a0a07
7d2c642fc
7e4d4eb76
01fbc4256
002e4de52
022c188d6
07d2724e9
77dc92f8c
014067409
00a63cceb
7f6788493
01071079d
7dd823b38
0294153f8
7de22714e
0014ac040
01c3bbf99
7e99ad388
00c351dd7
7e9869f97
7ef9ff3a1
00d570fdb
79ba9208f
0168bb53b
00db072d4
7fca31afd
7b2e625be
7c11db61a
79e42becf
01d0022d1
78d93dd04
7df5c0bf0
7fc444827
7e79ce81c
7e6aff45e
7be2d9206
005cf0ee5
01467f568
7eace95b5
7e9987842
0997ade61
0919b76f9
7d9bb2bd1
7a1a70a62
7fb45c49e
7e08eab43
07a5cb7a8
037611dd9
04a2cf24e
7ff9f97a2
7c73f983e
7cde6844e
04bca3715
022631653
7dfabc5cd
0159992e3
048c37102
7ec3d21ea
00b6ff1c0
796cd6d9c
7f128d43e
7ce8ec931
0702c0598
000fef53d
7dbfcbcdf
05f454d22
05ab28c27
065fb55e9
03fa59fed
008ad0553
01ca2e916
006ee7a5c
07ef5e74f
07bfff4d5
74f0ac5c5
059115133
7ca5aaea7
7c64a640d
7e6c1069e
035e83fee
7906a4bf8
7c7539e9a
013a2ff90
018f981f0
7d0409ee2
7db37756a
7d580d833
7de4a234c
041143f6f
7da2613a2
7f4113ece
7abca2ea0
053dc14fe
7bb9b58d4
04d04cc80
7cbbd4595
02fbc17e1
7e1e875ed
7e35ee08f
01e5adbaf
031dd6d4e
7fa2d74b1
7cf7e1174
0203a73f1
7c3c647b2
7d2d689df
01972628f
7fb819291
7de5773af
7e486a92f
7eb45bbe5
7d722072d
7e4ea1dd3
03ea0b340
070b22623
7d7a05997
0295ea3a2
7eb0e0773
7f4acc830
7c04ce87f
7dee2d24a
031843056
7d8ac6082
0082c9025
00e87fb31
7cd3db1cc
7fa04b42f
7b38c0ddc
7ff47b916
7c9762c3d
004477b2b
7f1921f4d
7f700ea53
0502a7c14
0780ec636
017be2942
01211c924
04187c2b4
00b57be4b
043c117e8
7d085eb21
003373ed0
01575a5bd
06b60789d
029a8be20
03364d8a6
7ee8f3fdd
7f506da23
0176843d4
007f441af
011187d17
01c0b6ac6
7d8cd8e74
7fff2468a
0342c27d3
7bc950054
0350d3d4a
7d7f206f8
794eaa98b
006dbcc90
7c81b77ef
020a66a0d
7e61fb3b1
0261bb65e
7d78a08d4
037a2ea91
01800a3ce
7b2faee85
7e5424922
0213d0a0a
0151d803c
04bda3e05
7d12b4408
02fbc1f64
01b3c35aa
7fdf481ae
01031d523
05394ddae
0664013fe
0110c89bd
05aa4c8b6
7df4c48a5
00f0e2771
02bf9abc9
027deebdc
77ef0069c
0280b1fa3
00c060d80
04176fd69
7b9873632
7f019cd26
7ee790cfa
003598263
7bd473178
0092eab05
7b1b0c410
030b572f5
057680f19
7f7c7462e
017ccf9d9
042c1e668
7f8952f76
7c8e810a5
04dfcf489
00c7ac2b9
7b570d1fa
06f7ed7e1
7b43b017e
027ab9932
7d6866599
029ea2687
7e7c06cdb
012432d83
03cd927ea
042d3078c
056cc6275
0281d022c
7d402231e
020b4cf33
02df2a040
7b606969d
002efff06
7f60005e6
7c9a0eb1e
7ff10584a
7e7d0378b
7aa523087
7beb14d73
7c4107087
7eeafe2d6
7f716933c
0255450cb
7b07a3403
01738fd9a
7f83c9aa4
7b9368f1d
079e62884
007ac448e
7f6d27fa0
7fc79eb7f
00be910fb
02a694ac5
009647712
7e66e02ea
00f416f4a
00c10d2a3
02951c443
0516cc347
7fdbb6f43
780626638
0287f5ba8
7f43e9807
7a9a95b31
041700efa
04cb12b15
00038a7b1
062e841b1
01bbe2707
7ed2e7652
040debe62
7fc0c1e41
7f5621d3e
7b00738e8
7f2f90230
0028b5ede
013c11d0f
7eb78f905
017af96f9
011739c7d
7c1215ea1
7c0471b28
7b1af7be4
019c6b4f4
77373b9c6
0601317b4
7c9c13fc5
7f6412738
031d68589
03f078ae6
00d40222b
0251213a0
78814b6c0
015593a55
7df28eaaf
00fd755eb
7d62e59de
7f6a955b1
7bdc31b1e
01cc4656d
76369fd73
0475bb9ca
7bb54e701
7fa0b344e
7894db300
040971e6a
000971932
7748bae5d
01b656071
04fad81e7
7c6b9b42d
049e67934
7dccd6a7e
02653243c
00b1813e4
7fadbc45b
016c0df80
018bb9e41
00ec1a6d3
09c5e39f7
00b9ba3f5
0382e1e72
7d7917fb4
00aebf472
00c9e8682
7ff4f159f
04e61701e
0925818bd
7e210f23f
01683f842
77c6704b9
02063a3db
7e4216a71
0008c61d8
013dc1cfc
03dfd6542
7c9376500
7e969e7ac
7f7b9222e
00f0505d9
0337256eb
04902ac01
068228f57
01666dab7
0036cb847
7dcad19ff
784ab956b
797022e3d
7de92e97d
7bc025773
79c488b84
7e2cfd182
7f722f84e
056e7cf67
080e91f64
7aff345f0
02d25d0e7
7e070e966
032c85f9f
7f52438b8
04a5274bb
0651ab77a
7c42d1bdd
01c597b38
03e97e40e
044e51a4c
0512caa1c
7f9e35c98
0664dbe63
01437eb7c
79813567b
030b5c89b
00ac97492
79e6827e9
07a75f824
7bf31eb64
7d91b6cd1
03b6f2241
0313fcfd3
7efd77de0
018bb4994
7f22df594
7d5bcee2c
022b924a2
7dca60c6c
038b7f8ad
010c969eb
7e3e4b04f
7f68d297a
014a91f9c
7c8493382
0268748ff
0766f079d
02cd3db42
0151364db
7f7e7ea25
02c57f024
7e6e46ef0
048d9aedf
7fa997f3f
02032c76a
7e8c9a675
7d1e06c5b
7fa820fbe
7f9d1c587
7fa094698
7909bf3c8
01a825c98
7f7f4fbd8
06ce1d5b3
04e54d040
7f00c39a7
019333130
7ff1e9bce
7e0e998d5
7d76cf371
7a3bb4ffa
7db2eca58
7f9957b2e
00b8fcbae
7d65e785a
7d0e7d621
046d3af4f
7f55fd79c
7ed7daf8d
7ce555fcd
7d5fd1996
044ead9b5
7fdc5ed8f
03a8e1225
00e421b02
0159ab97c
0372c2a73
7ca16bf54
7c4fa1495
03d6e12ef
04523386e
7ea14f01e
062aaa5ec
04fd49d3e
038c119d2
7fe6cdb78
7f5aaa201
7d18fc28a
034652f69
014003e37
01afe91e9
024fbfb29
010ebca24
038ea74b4
02fdaa275
7c4352b1a
0003c125a
0473f6757
0069373a6
03616de38
7bb6b8c88
07a43f9ff
7d1cbe88f
789767a07
7de10ea22
05787a813
7a16ac64a
7d5da919f
7c5b41595
055578852
0193c7177
0390f5389
037708a2c
013c50916
044b74a7c
072b5f1fa
00741dbd8
00e1836f6
7ca244445
04f63e651
771abce6e
7ae807427
7b57f604e
7b6d2f55c
002999b0c
78b3d0a3a
76126b7c9
036a2f740
02f60dbca
01778fa2a
7e1e6d264
02a215154
049336135
7ef5d536f
03f50ed58
02bdcbbe7
7cf9f0200
0063a7451
01b5d157a
7cf043c5c
01fcd0c60
019288880
7be2bc5be
01d6ddc60
7c5fb127b
7be871e5d
7b6e66e12
01e73ff34
007697a51
7bf667223
008a9b366
7c71b4b01
0212e9399
77b4ba2d3
7b8147a5a
05d20acce
795c19f25
0343ad275
7ec331252
026472cc9
7c4fa309b
038fef48e
00f16d092
012fc0d6f
05f0f2a59
7ab6f0ea8
0186c874d
0b0430428
7952b9216
010120422
7e4964937
79d21c52f
7b3594da6
7961326bd
7e5e87ac4
020a9802f
7f8bcb65f
753797682
00ee7c37b
7fd5d6d55
7e9c0ef38
7cfe89629
01ea82f00
032ad6c5b
7f6d6c92c
7d79c4045
7ffd3ec2b
023c70b72
7d80f4914
06c1c2a14
7f1dcfb9b
77af1005e
058d729ac
7884674b9
7bed92413
06379d39e
777ab9a63
035ce0dd1
7decbcdcd
7da35ae8a
7f5da9029
7ee3590ab
7e2a6f944
061ac0614
0064ad023
012a7134d
032501696
043d56ec4
019db595f
01fbd5275
7f766a4e1
781f6c13c
049b608de
04338cd1d
020b1d573
01e7c9a41
7de15ea3d
7c5bf9a7f
7a0c2f60f
7db7c9414
007f6eef4
77e3f2759
7cad0e2f3
7b5de3d04
02975b52d
7ee9a9e5e
0511ae097
04ea2c807
7b0bacd42
000448e59
7f8aaec4d
7f9f3ad69
013e489c3
01254b83b
00214353f
7c3f708aa
7e4c16314
01247382e
045adf618
00241b063
7eec92334
7b8b68680
7aa3b8aca
02573b26e
006a3fddc
797cca070
78c5b648b
7ab20bacd
7f148ed5b
7a1aa7c7f
7ee403ace
00538d415
7adafe697
7a621aabf
7c3d96e61
7ce3c3a86
01b7946a5
7ffe51719
087b736f8
011e1c091
7ca258f63
077ff221d
053f05259
0024d1c9f
7fffa657e
7d3d6607a
00e62f1e1
7d360e929
7e6bb3517
016cced92
02de4c5a1
7cd4b151a
018d69a6b
0066bb29b
7e263ecc4
01dee15d1
0217414cc
7de6dded4
01d985f8c
791b1d008
04a84e685
01b439de8
00d1a3035
047a10cf1
7ea421eb3
7e63c22df
078eef2a5
013f5b3c8
7c0e7c6ef
000d96a74
79befb1dc
004c109a8
069c8942b
7f57b8d48
7d057cec5
789900827
0643f6f3b
020df6c75
7db5bd509
015e372f4
0630bc901
013a5efbf
02a758144
7e9d41d07
02bd20e92
02522b6de
04b3f137c
01cfc6db6
00fb7d393
7f054861a
0629fd0a8
7d70a375c
0331bceca
028dc354a
7dce80b17
7b44f93ab
03fbca9b0
7f487551b
013a45c5e
7c1d35e71
7e360df1a
022866935
7c7c5de8e
7f5311f35
0134153ed
02cca0ec1
7d6aa4eca
04da20f64
7f39c28fb
016dcda4e
7d09c198b
01b2a41f2
00b0e0c4a
7c0368a84
7e4142a2e
74c68a66c
02df1e271
020a17380
05f5b3c14
00505b2c4
7f45ef748
01773d01f
7b90e18d6
7c7a7e748
7f0f96c66
06121e8bd
7de92bc4e
045296567
0214ffbaf
7e8f24fb8
7bd01b0af
01129aa2c
03ebdec0b
0a2f03f8f
7e0c30da5
0329a2db5
0148da7ff
7eaa9354c
7cb5c9c03
065f2db09
0270cacdc
7ebe99312
011572b42
79ebe58ee
007d1f2a0
7fc08e3f7
7e9cd3f2f
7cd75087d
0612d0c21
7d35d958f
08b9de30e
7a00f8a8b
79663bbfa
022914ed9
046489d15
7c4815f19
07a872b9b
7f2c93d86
07b0d3964
7c3a6ba69
7847430be
037b5871d
02f30da04
0126fa096
0624c0d35
000390168
00f9cddd2
0073659bc
03b4ff95c
048a1f373
7ce86db54
069230e2f
7cfe19098
7d37856b7
7b3d06379
0050b4991
0590a3140
7ffa19a7d
7de89aadb
00cfbc61a
7a6408623
7b76a63fb
0012e0af3
7ddf8e003
012da91f3
7db01a89c
7bd398638
7f7d8db21
75af35515
77a2845bd
77eb3fb9f
7c43b5e86
7d77c535a
7cc6086ca
7f6be1f42
7f8cc8487
7ed30a540
7cf69b7d5
01a91be0a
007102b32
03040f754
7d273d656
7f742e60d
01f4048ee
7b4165441
7f4292816
76795b9e4
0238529bf
7c61709a7
7e4e437a3
09f3f9189
0107e59af
78d9dbdf4
7855cc826
74a321d8c
79af4915b
007d4809b
7a159f598
06bbb2f47
019bb35af
7e990272f
000ece87a
7fb53280e
023447e1c
7d1400070
03b924a01
030e06772
79d35abfa
0455a4ecf
7e984a65c
7cd692ca6
7fff34489
0326a40ec
79035e193
026008255
7cbc15c20
04ba4e783
01340db39
022cb6378
045d8dede
009a10473
7f39ea2cb
00b9c4143
04138acbb
7a050764f
00c8fc100
062f9a226
0182e41a4
00f2536de
013348b21
06a6df56f
7e8c199eb
0154d86cc
7ead00efb
7e753e2f2
049ef3137
02075197c
014adb8a0
7f0e34035
00bcf0c04
0206e88b9
023e0df6c
7866e0143
7bfb8f6b6
7f8267072
038214f15
7d2bddc1c
042af9a20
768b81969
023eb3180
7d4a73ca1
7cad6677c
7fe9fc67b
000caa21c
7f9a4749b
7efe617c7
7d4dc0488
00ba35bfa
76495c8c1
7f8bec654
7fd561da4
00ed153d4
7b055488f
7a650f860
7c90a85c1
7f51227cb
7c3aef455
04b83cea9
03009abad
7ce8a8860
7eba13a35
7c64ba2ac
02693a65f
00efeb8fa
7903dd09d
7f578183e
7e2c7d430
01b82bc21
7f17fb292
0441b7139
7e1e08721
065cfc67c
02c1ebebe
7d949b0e8
017e5a724
7ee45b3b7
04ab345f5
7c868b5fa
0208e35af
024f7d8b7
7e0efb3f1
03c4c5120
7cf75f7ea
7eb8ed803
7ff4c07cd
023e887a9
7a4606579
7e743114c
017897b22
7f987521d
7fd57672c
756eda84d
7dd48009c
7ec55db5c
0947a3235
00e409c16
7e359aa2d
7e5b7b60e
7c7f4fa30
0b873b4d8
02773eec4
7a383bc33
7c0228d79
7e4ee35cb
7c5576ef3
7bc854229
7b22f430f
03bc55642
03d0fb29c
7dc949d7d
02297ed92
7f23891a9
7bfefc514
0147621c4
7ce60f7e6
019c96631
02123e83d
03f66046a
7f28882ee
03d1c6e66
05e2bdc52
7e7507900
7e260fcdb
01e9eb4bc
7f9adf946
7f60e1142
7ffbbd8bf
77cb66a6f
7849d7f1d
796a5cf83
7c2fd487f
01a7d5da6
004eae73c
05b42ffb6
000dd03bd
7fdf5737b
0179927aa
00e83504b
02484eadd
0036b0a9f
0248ad74f
795f966d0
0553e942e
029e303d9
7cebcc415
7da1ebde7
056df086f
79d99bcd5
00e435025
0351a9d19
7b332179a
7f349d393
025dc933c
7ae9c6fb4
7b38e3f56
03d71bd8c
7a16f1f51
002e6433d
0082d1be0
0715ff55c
766213fd3
03c6ddd87
0441bd107
7c6dce34a
7d7e053a1
03c48001d
7d07899dd
7ef041a1f
05c874f41
7ebeb6563
7f15c8429
03fc5751c
0114baf1f
0072fa2d5
7e6c59e82
7709ccc49
05416d9f8
000c81fbb
7ff4dbdf0
7fc96d5a2
00a7502b7
01efd56d5
7d2aade50
02404acb5
02c5e90e9
7b8233350
011aeca20
0171c7f48
7e1830e31
78e97d862
053c0a51c
02581ec9c
7b8813b95
01539fbe1
05578b9dd
7c3874a48
034693e72
0848b0a90
7c664a13c
03bbd682a
7a2c093b6
022742596
00907207c
065a50853
7deca7f6f
7c8f794c4
7f921fa9d
7a7ddfb96
7f02cb33a
0505f7bfb
7ddf852a2
7e556c517
03f2429f8
02780a6e8
0484bdcda
010c37691
03ffe63d0
7e3b1158e
02634e200
003b7ac40
0173ecfae
7ea1c33c7
7fe7cfcc0
020b24415
002df82ee
7e9b4921f
0427afcea
7a67d8bc0
7ce8040ba
7d37c798a
0061e26b8
7f2479034
01db2b139
01da9a6f5
01082da28
037c1b2a4
01a67381f
7aed5163f
0005a8f67
03520d929
0396db722
7f40b580e
08bac62d5
7bb594a91
7cd20d5df
7b876bd5d
00b77b61c
7e115d5e6
7f29a9a52
0056249a8
03e7da35d
7d5c5617c
7987e5249
7fa725edd
0305b67ec
78e70a182
7b800089f
7d762f48a
025625f5f
00a806331
7c962e882
7fc4a87e8
7e75555a3
7e13bdfa9
0069766a7
7ea48763c
003238671
7ced4db15
0185453db
01fe4fa82
7df06f439
003bc9f3f
7ee7f6d5a
0163a2c66
7de3c58dc
05464bec0
7c6b3d7ab
03be000d6
7f9c3a9b8
00494c6e5
7cccbc600
00ec8ef68
02a6c13c2
7fbfbfe1f
797c98304
7cd819ebc
7f5889d2a
005731ad0
070cb1241
0082b3e63
7ec8764ed
7a8e0ec23
7cab48483
014a142e7
7f6e09e1b
0515f1e42
7f57cd5e5
0303ad82d
7e5b3cda4
7e898d178
7fc72611d
0177d1ae8
7ecbbf63f
00190fa1a
7e684262b
00d2fb5bb
7d3c73f3f
7f120b543
7d5c493ba
7e6417b4a
014839f52
7f74f8d8a
7fca55087
7e7380b74
01d5cf237
0719f49fe
0276f8518
7a42dd940
007cf4a17
7779476de
049510fce
7e15ce799
078b7c588
7eeeee0d4
021ab51df
7f0256a1c
7d02d537c
7f6096276
0108bfa53
0634e9a61
7f99ab2e7
7c763d218
7b9013234
7d4423311
77c462103
00907d92f
7f95a9657
02f82f450
01406dd20
015a09dec
7a62e99bc
016e9b858
7db55b823
7fb3ee791
7e9627194
7e9300857
00631f917
00e2f272d
7772560b6
7fdc84a1e
01adc73f7
00755271f
004918145
0465d2f12
00379d530
037bc9dcd
086f05194
0431fcc0f
0464dab1d
7e51b9aae
03ba594df
001d684fb
7f937cb33
017a84204
073cdf6c1
7ff2ac105
03f4f98c7
7f7d950c0
0800c4bea
7c40fd779
012ce256c
7c32b15aa
7a9ae9caa
7e792f3f5
7b3be7b54
01fa684b6
7c99e71c5
024c23bd8
7bb13633c
0267b38bd
7eec2dbf7
7e81e2c7f
7cf4bf409
00182c13d
7deb420c1
02269b9a3
0651ba1c1
00d3f7cb6
7d122184f
02f2623ab
021f2cdc9
02c85faf0
00716bf31
00e681ca1
7da9a10a9
00474cda5
07e898d11
7fca83f1c
7cbec8667
0018d2886
07cb5e7ea
092ebb078
7f07ec834
03c5053e9
7b00d8034
015da9f98
08a9405bb
7a976ce07
7e89541a8
003a85900
0349798a8
06e1c6cf8
05b9d859d
0192270f4
045210a42
7eea510e6
00c4970f7
02a05b32c
02bcb8e87
04c646134
02777f11d
011ea7af7
7cb5d03a0
00a0cb0eb
7f7eca80b
7ed655844
01fdfb24a
05d28ec4c
7f4aec740
03367567c
034f78b53
7ccb9b2d3
019138434
0355e9cb2
7ee71f6b7
7ce11b0cf
7d4a252fb
7ffa84db6
041a35b24
7aa4e443f
7cba139e0
7aaa71c42
010794f63
0a6912a89
053feb131
0746f7c45
7e2439fcd
7dddbf739
7c20fe2f7
7b2d8e69d
057ee2ac7
7c75f0180
7d5ff8175
7eb4df8e9
00c7edf89
024428f07
7ea7ef4e6
00460b9a2
01522912a
01000e3a8
7f8c2dd8b
7faf2fc50
7790ad328
78f2a9b6a
001238748
0ca5c0317
7d9de4ccd
76f515a9a
7d5285e4a
7d858de87
7b6e8515d
752c48d78
027223faa
082e9ef9e
7dece230a
745e5c807
013b86e1f
7a3490356
05fe806cf
7c8e039a0
04ead3b62
7a43b65c1
0360a3469
7d6436153
04f92c264
7f3141647
00eefc6c8
0317c95c4
011ffa9b7
7b9b8cb20
07a15b7fb
017b59620
7f33ef605
7c799e4d3
7a3881cb3
7bc2273fa
00126bd74
02c0d7310
05b8db5e9
76fb63a47
7dc2fef19
006d49cbc
75e4c862b
7eefb4056
7e1140ca5
08cc19a59
7e710b737
7a5f264e7
7bf140bce
001bef08f
02f9a1f58
01c5a8f24
03af93841
7e95ff158
0129c9981
02a73ecc1
0372f6ce3
008406ecd
7c6150b47
7e865efaa
04419e748
03accdca8
7ce3d782e
7d87a37cc
03035c159
00f2c9d4a
00fa047f5
7f39ad627
0373c7889
7dd14360a
7fbf5183a
011bfe72f
002b109bd
06279d6d5
0b54f24ef
7daf9920b
7ee796585
024acf477
737fc3647
7a4f3524a
790dabab6
79b599807
0036a36e5
7ec9f73f8
0878dc5dd
75e4238ed
036bd5a5e
06c23152b
0684b52e8
785dbc381
7f272e6aa
013278d5c
01d792015
7fb2060d0
04abe7bbe
7fc78e631
7ff443402
7fec763c6
7c30d2381
06eb30a77
020aa65a0
03498ef35
01d5aab2c
7d738b399
03c03c782
7bfb39160
7903cdf2b
00bcee85a
7e1e987fa
0258390f3
06ac82919
7fdbe430a
04dce5021
7dbd7f876
03632887c
7cea42109
010ed90a5
7bbcd6998
7e5a3fd70
00bda3fba
7ac7e39bd
005c9bcdd
0199d73b6
7cf86a64d
018e28a4f
7d89c6491
7e23ed4e8
02d6680a5
7f3392588
01c51488d
7f06b8459
0070b184c
786f5f00e
02d3a40cf
00a13dda7
00789773c
7e8091390
7e9e490e7
017f7b11d
022c66dd6
7cd3c6bc3
7ea3855d5
01e10135a
7d637245d
7bb96ae09
03f9d9b9d
7e318902b
7cf028549
7b3068e87
7fb1361b5
053b47043
7eeb07594
01a454da4
7fa5d110a
7e8ba697d
00ceb2e4b
0325c7291
00d3fddce
023352aea
0564cd4c3
0412c1bde
00cec609f
02826f62d
02c7945de
7d989f74e
7dec8a544
7f4270588
06fe05417
7e29f4406
010750ad1
7fa39d8ba
7fb2061aa
7fac1e5d9
7fa73639d
0001167c0
7c3b7ec74
7f6c7764a
7c58ea4d5
7efff0686
7ff003f8c
00344ae4a
010a8467f
05ea09243
7d603ebb7
7f53213c4
7a58fbbb1
7ab4024ab
7d78c0a7d
07104eaa6
00c509a6d
01bb823dc
76d19c613
00dd21327
01576ae6e
010a2dcd2
7d333acab
7ef882dde
01dac8ae4
7e4633133
7ef303c7a
7d4f7601b
0ac4668c5
06a3c05e1
01636ec18
7bd96f2e8
7d80354c8
7bb68387f
778c6f309
00474383d
7f9bd5682
7ef7fb9da
04a83980b
04087d157
0244dd50d
01e390d62
0178e74c2
0791b65e7
00c6f1e49
7fa754dd4
7ca6e7dd3
7ddec0d7a
79bc366b0
7cb4ca8f1
7e0ffa58b
7aa9f3572
056d6ec91
7d233f5f2
041fb0a3e
7b70efe8b
7def64511
04e91959d
7cfa630ef
7f92b0051
0456f6fd8
05b7e1763
7ad906c4c
0317e39f7
7c7a07694
7ca42a84c
026482877
7d3dc7acb
74294c9ef
7b2e577c1
7cd625706
058256531
05a79ca4e
04e08f0f5
0b0041fda
004f5c022
7ae3bf281
7c713b916
0485b2455
00bd75093
7fb78e796
06e58e62b
03708302c
06935c9f1
7ead85cfd
00377c745
7d52fb77d
037c6cd30
7ca888083
7db76f4d9
7ad59a22a
7f73aaefd
7f74e9a31
03cd08927
004a8acc7
7dbdda9a6
02efeacab
7e7831c4a
7df3e2fb7
7b97ddfcf
02956e2d9
7cf91fee5
01f41d1db
018edad25
00804d80e
0067d3446
7f0b8d115
0695e2fb5
0a0006f16
03d8463fd
035e1d54d
01a6db416
7d58ae83f
03f7a549c
7c784ad94
02f2bf7da
03b689aa1
7dd2351d0
012c8e992
7cb4a502d
0186e0f74
05b8b92cf
012fb5eab
05fccdc30
0138ce8cd
7fe73df27
06d83ffa8
057f119b2
7f173dfde
0084bc543
7c643a657
03d07daab
035897e71
040110c14
7ccc978db
7dcd41023
7e4efb2a7
7dde78080
00964bd7c
7c139cfda
0236aa88a
056bab67c
7f1f7d1f1
7f0935d42
0016915b0
7c2ba5adf
7eb3eb2fb
7a00174d1
797f94299
020bd55f2
7bac0afc2
7ef36df12
7f160fa4c
7c0e8347c
7ae8fc5d5
0032e084a
04b4e8c39
03eadf091
01e471e7a
7b52ab664
04449e08b
002b47000
017a8fbd1
002690ac8
02525fc2e
7ce500145
01f6145b6
7ecaaecfe
01b8b2ceb
03a51b1b4
051830c9c
0214e3b3a
7e4d502dd
0214c847c
06b1cb820
7e8118b6a
7f03c3b62
7b17c40b0
7fc510be7
7b3ca152a
036e26514
7d2de34f1
00ed2ab11
7d555f8a4
03b07f61e
00af38d3e
01312d4c9
7fcb6b5e7
00ff29d66
04307c00b
02f9cd8ee
032bf06a6
7a9c815a7
7ff01de9d
7ffac76cb
7c8964ee5
7d2e19985
7d10d419d
7fb768735
03b3ca3d8
79f034e5c
05a948f05
05d01aa7b
03f1079b9
00805bd50
7b11b2d0a
7948994d5
0575aac7d
7de6e3508
0523faa4c
7ecf11ef7
0251d5b7c
7ef5c3ce0
0096fa225
7d35adeb6
7d4d9edd9
7f18de705
7c1c08828
7ea63abb5
04e408a06
7e3aa19fb
00cc84c20
047975035
04c251879
7d7e95f9d
7fcb33c9c
7dc25612b
7b9bc8775
070e5cf8b
065d880a7
7d8e9a5d2
023062572
06af6fdeb
01a771478
008043b0e
7f7216919
01f55fd75
0016a48b8
7ed04cb80
008ca3bfd
7dee6cd9b
0380648ec
05ae851c2
7bc6c6a13
7dec52926
7c8a79074
7f786775c
7a80946a2
7cba5a0b7
0109349f2
01e1bbbf9
017f9761b
02ba706cf
7d501287c
04d5eab6f
024d5b185
7f7fde0c3
0929a8a04
7c8aa5255
7bd27c826
009df704f
7aa5b674a
7ef739e71
7e89b290b
7e1fe1bfd
0023cbff2
0b5f69f11
7ce7008d0
05b4a49f4
03d146939
7ff6fc3d8
009656d25
0118382e8
7e8bf0063
018c1b455
01ae58cdf
0626afe67
7d8c5da76
05bebf126
06e1fbfa3
02ef3a0fa
03a51af2e
019da9431
7a5760ee8
011624ccc
02c1fdf42
7f2689976
00abc5974
7f41ad464
7c677ec2f
7ebbc0178
7f0d11a79
044b196d3
7d2a948fa
02c6665be
031d166c5
00caa90c3
02a712472
7bad607dd
7dbf38bc0
01b7a5363
7de707a29
7bcbd929e
7f4ea48d3
024b9ee58
029c50f29
0537c6b88
7f9ab6641
7bbfb1d9d
00ebcc603
7d41369b2
7b45c0b02
7f29c6b1b
023009e5f
0496dea81
045c4c5f7
002bc192d
014c41d78
0015be9ab
7c3e2a671
7a882f9be
7bb436977
7f6e7b721
7ce3714c9
7db38bf2e
004b83f5c
034bacc04
043d6ca9b
012a4ef75
7f3d8a054
7d227191c
7dd1b4acb
003499d04
058772fa7
7df9cb89e
7d7a9f3be
7f50d0d60
016a01bd8
7f70328a7
0206d5dbd
014e3a16d
033540f89
778830c3a
7e9c34199
7fe9407fe
07554a319
7f789c2c8
7f46fca40
7bad959fd
01af24526
7f0b5403b
7f321ec48
7d4fad166
7d231d259
0342cef17
00023115f
7ac78e059
0633cd786
7f5ed2d2e
01b7b8f36
7b2579f2e
0741eda33
7dedf487e
7aba956f7
01378f45a
06c97f58c
7fa637c65
7eeafbf55
7c12c17c9
7c8933bed
020ce7d8f
7de2e69b8
0413edcab
7faf744c9
7e3c92900
7f24ff8c6
7fcae1899
7eb0398e5
0133efb3c
0001dc668
00cb257ff
009029694
7b011a2d7
7f1dea678
02c3be501
0549a14d0
7f84fbc1f
7dd40c791
7d81d8b49
00754bd56
02dd70ced
01ad99d9e
7e9a2a0a3
7f13c0358
7f432d30b
02f0ded87
03acf4c14
7e7edcae2
7f580e53f
01140cb16
7c9ed922c
029b7a9f0
01c0ee519
7da20df4c
7a6326110
0107576f8
0331960a2
7bfb31605
7d289e56e
7ab672e80
039d58a43
0477690d1
00d8a1e24
01df6d46f
7d3fee821
063e4452e
033800c81
7fff32fcd
008e54e0a
767d1429c
01773d5df
0187f7368
00fce9a2b
7d3634340
7da1881e8
7ec6dbc0f
01ea9690d
04a15f147
01a0dc8c7
02e6a5489
7bb451476
08470736a
0560d8c07
00756da56
79781a2b3
79d784981
021c8e425
789422552
031b64177
7d864bddd
7c3fed49c
04e212953
0185b4890
7b397282b
074fd31aa
7f6da92b3
7e6c30284
7fec5361c
7f3da7bdf
0126d3f05
0a3dfecb4
7e224285b
7e86d7754
017c2dd7e
7c945e392
02a15250d
013a9b569
02edd1782
034f4f807
7d54ed2e9
7eb183b76
0245bc017
02360bfcb
7d87b577c
7c3c61263
05a56d7c3
02249a7a6
04376f8dc
7f8f6e2a8
78643e1e9
0442b81d3
04473d9fa
01db2fcc2
00065bd36
04ea9638d
029539a92
7fb66a2f3
7f500097e
7a3df058b
7bd007920
00c233aab
017344d6f
028b2b66d
00c1320fd
030090183
7d39add75
03bdc08ce
03656a3dc
04150d604
7f75c3fed
0010d77d9
00250326c
7d746b2fb
01fbb71a0
01225a89b
7cd9a8cd4
7ad1d4857
00f2590e3
7f46f4bd9
002ad6ff7
0220407bd
028403ac0
7be9135eb
003c76e07
7fb26ec3f
0383fcc3c
7fa4d1ed8
7b2b1a052
031ffb573
049a1e0eb
00966763d
7f0d79e41
7eacfdf5a
7fe9daad1
77859fb79
058532c60
00bc70963
0052572ba
04c39c30e
06177084b
7e329f90a
7f40b439c
0111db337
7ac22159b
0306c39cb
7a8e9852a
0047c73f6
00efe79c5
073eb934e
7e1e79ba5
029a5e0b9
04038faf7
0205cbb3d
06a5d9197
001a914e8
03a8f0b8e
007592f4e
7f8a6f241
01614a44e
7d82c50ee
7d1912f57
7ea7bc7c5
03725e0c4
08f97e4fe
02e251a95
04f1b1eb6
7a9bdfd76
00cec49a7
008039bbb
7addf875d
06736b6ce
02cf3a6d0
039c98c10
016e0ad31
7dd4d3fa2
02a855602
7d03428f9
00759f810
7d5281bb2
00e294986
7d0de0948
7f67b1877
005087d18
00b060f9e
02798ac39
03e143a96
7a71f2163
0373b6138
02e829df0
00dde39b6
7afc9472f
7b9973a2c
00764a16b
799271c9b
09836f297
04369cecd
05319c82f
057053f64
7ac2a3b64
01dc5cdcf
7de64be9b
79f0e81d5
7e5a61c55
7e60dafa0
7e636d70e
7cdb1629e
006f83ab4
01e9aba42
00a62bb26
024582619
7b9059841
7d77497eb
7d206e736
01c544ec8
7f8139902
7ecd890f6
00d4fb2cf
08b5cad1e
7db1c8b52
0549f392c
00325c90a
0475cdfde
7f4a1cc7f
759c6e3ce
0089a6e34
73e9f9014
7f6254dad
011b8bad3
78d29d71c
03d612b10
0aeaa760e
027797a5d
071f16a93
7b3b5b49f
7fe65a813
033a7a5f7
7a5180afa
04a20e21b
03e32a287
7c47e3c23
06e7d0cae
004988b30
79e7fc137
7c643087e
7fc88183a
0263a7e1a
082798b52
784a5b488
0195a4011
7e8c13f99
073926404
7ca81fc40
7fd490c43
7e7f36ac8
7b4656230
03fc76861
7ad29a761
003990a03
02c84dc8b
042bbd9fa
7bb8a395d
7e91f0413
7fcc34704
7c80a41c3
079ed732b
0504ad00d
09fc84178
7f96ca78e
003f40fa7
0401e07b0
791a8e783
01edf6562
011139da3
015b6b090
01bb4ece9
7cb4a9001
03526554c
7ac5aeb91
7737cb2ae
7f672dd69
7aee32e60
005a63921
02d08d525
7eeb5d2f6
021342e54
01156cc1e
029eb00e7
041440249
0594e2bf4
0091c0a54
7d3393137
7d5e5d934
7f1762fd9
01fd4d204
7f0004d75
7ed3aa012
7ad580b7d
008512ecf
0752ca371
0096d031d
082b343ba
02866a775
050ee0c50
062a2175c
7c2e7c543
7dcafbfb1
050e44746
0189e06d1
0601663ab
7e94996a0
00ee974b5
7caaba3ea
02fa7e95c
7ca126fba
0330d1c74
010cbe64c
021ec4426
01d986437
005a8a40c
051bf555a
004856c18
0884468ab
015001855
7ffae6335
7e4294073
053ae0868
7c5630515
033c13f0b
7f9215bb0
01d575791
7db2a19f8
012a5acaf
7d3d34f0b
7f3a21a93
7dba6a24d
01ea2859e
041b8f647
7b548b957
0035980e2
03a6a7f6c
020f528bf
7d8f2e888
07154a392
7ea568058
039c2447f
7d18349a5
018559a5d
049d5e0ac
7e0af62e3
79c2684db
00df31945
7d3fe5a3b
7ffd5fa95
0177fc84f
7f6eb6b94
041db182c
03a3a28f3
7f23d5f19
082db7873
08744c484
775ae0bf4
79dd39013
01afd1acf
7cb6650c9
7a562b062
0103a794f
01aa0dcb4
007676d31
01b55b466
7d5adc10e
055f4b470
0001ea23d
7ee4fdb20
7cec58313
00ba1302d
7c8330b0b
7d708e19d
7db884e22
7cbc2075c
7fa00f4d8
040fab4cd
024575ccb
7f0ae30c8
7d9304911
7fde0732b
7fe5e77ee
7f37bc753
7b4dc08f0
7d7e8d975
7f22bcf5d
7b0f8a8a2
0209c1d57
7f138f11a
01be77fac
00b6373fc
033eab610
01a9f53ec
027cd89f6
01e94b18c
7c93816dd
02d79fa6f
7c45dd279
03c9853e2
7e58252b4
008df82d4
7e6486608
7b5156b6d
784163295
7c3ee4d08
010129c82
7d8ccf5f6
01574a65e
792a1d1c9
7bc735083
0128ddb6a
0a1cd6497
02684163f
00263fb72
0042ac2da
7ff23fd00
7f779d155
7c8d6402a
00fb5b5bb
05fcff8bb
7ad73617c
7b241a6ff
782fee201
001dae533
7edea772d
054c66ab5
7fb051118
7eb8b8c22
03e8d878a
7ed7c116a
76aeef0e3
008598a79
7bce3e5bb
02859b0a5
04487d0b0
7c6580834
7dd66c8ac
7e57ef949
7c74f1411
0056a94f5
006fbd4dd
7daa3f7af
78c326c56
7cb6d3237
03a879cb2
7e35c2969
047b84573
7fa80b3f5
04a79c780
7a5ff426d
7b4273d7a
7f5d768cb
04d8b9709
0745d9ed0
04396692b
7db09181f
7ed28fc47
02696b280
0328cdffc
788fc4887
02d616655
06113ba74
7f2db9335
7f0a0a075
7e9778dab
086f4c22a
030cbd5c6
7c64286a2
7dfe44027
7ec151b5f
01938edcb
7de47fa2f
053b0b384
7ea54d6c1
781716c1e
0414a7130
03409456d
03359c094
7ae5856f8
7a96794f0
7dac49368
7e9f7ac84
7e0a632d8
7d7f48429
020beac6b
7d0dd646f
7c10b1e6b
7f136b8a0
00b29d760
79b6ab38d
7cd4deb11
000995b7e
03de8d3d0
0347ccaf0
7dfb4c4b1
7f7002bbc
7cff29977
01d603e4b
0372a0db9
7c741caa9
01ae69215
01ea40142
06d2392ef
0415c1acb
7be83621b
00214d444
022810ac8
7de23400c
02e6f15ec
7e8a8c227
05e74093f
7e7a9b1c8
007f29aa9
034385d1d
039dd7fc7
7eb4f5d49
7c3846922
01a364a04
0331d6b2f
019a38278
02eec517f
0166ae88d
094ef79e9
7d1ae614a
03477254b
7ee8afe57
7ecc0720f
037692d02
00b009334
7b7c22207
034184cd5
7f920da31
04889a95c
7b44067be
7a331a1f0
76514e85b
78d1bd833
7c702e947
7e2ac0e22
7d4b9bd96
03fb416ea
7cc928c8d
7a924fa6c
7c3c6b3be
777d6bb5d
7d84d816f
025426f18
7b10478a3
7cfe506eb
7b773427f
7f20ae69d
02d2ba490
00a202b8e
012ab8b6a
7f9a1a6a1
00f4674bd
058c37850
7ef768e5e
047c279cc
7f5d55a1a
052f64278
0102fd9f4
0178a6e50
7fc800c66
79b3f2249
07cc23612
026ad6c69
082992c24
0ca271e5a
02e4c8600
0499be268
045754e52
7e2ffe2c4
7fe119a7f
04c654a2f
7afdcc3d1
005a1b441
7d8f8da7e
7dcbee816
01e324a10
7f6bfadb6
7fa2d5df6
0402d0248
7be4b91ae
02170e96c
012fa71e4
7da8ce78f
7cb94423f
7e4794f60
0371bf755
7e8daee49
008eb1e41
04479e5d2
00bc1e2f1
0442a9bf8
7e57cde6d
7ec0f019b
02f1cc496
04cd6a6f9
7e767b9ac
7cc9a18ba
79e250234
7fa4743f6
7e7191d4c
039d79aeb
78e61a351
7d320d4ca
029924279
7f6f60f1d
7da038c43
0006f7977
01a9016d6
02c087fcb
026581d71
7f580a5a1
7f1cf47a1
0795a30b8
048d64217
077077a65
7f04182bd
7d7dc205b
7e9ab792e
7fafd701c
034a0a310
7d41529e1
0319050d3
7c7b472b5
7f36a1e00
7daee36a3
03d69dc21
7bcc83f39
0292ad6c4
05f70faa7
023099afe
014a1c646
0237be4b8
01c0889ec
7f22e76eb
7d7370119
7d128914e
022772aec
02846b565
03989fc15
0146973b3
7c51307e7
075f67765
03e750a88
7e8956edc
012a49b69
02d28528a
01a162c70
7ce4bf1a6
78173a87e
7a00918ed
79104e300
7d8c305b6
7af32ed17
7fd814ba2
7d2f8b0aa
7e621aa82
7e9d826c3
7c9b1c90b
7f9616c12
7d5442808
01adbe371
7f72bca1d
058f7bccf
7f29646b2
03a66a62d
0182faf71
78b746f2b
7f479b04f
7bb7b995b
01d3a2ab1
7f23cfc2b
02b5e67da
0036a2619
06af4bc1e
7e07dcc0e
0581f30fd
02bb72711
78cee91e4
082988d68
7a146d451
7deda980b
00fa4ba46
7b9dcfcde
7ef9b8586
7fea3f3f5
7f592c77b
0197b44c6
7e52df076
7a87c8f96
06b99e5e4
7f4acea64
069d7256d
02cd072f7
7c26de77d
024e16d53
7747d213b
7cebf0c6d
7aa663363
0703950c4
7c8618299
07b7f093e
028dd9452
7f7dcc166
00ca9d4bf
05b78163a
08ad0b153
7b88f919b
04f18f33a
7d99c6584
7e338453f
7bbad6750
7ec45ab81
04a04e9e9
7d6d9d73d
041d3dcb1
7faa0bfdf
7e0a561d3
06331ccef
02ad59167
0157d4f70
797aae056
02129624b
7cb2c4279
03e716b60
7bd764d90
7c9a79c37
7d846eceb
03927f32a
001e1ced6
7c2e58cdd
04d1107d2
7856944a5
785c9076a
7fedc720a
036bbdae3
7c08b28c3
7ae38fca7
04d3a9a04
0195c0d75
05195d977
7fb1a76b8
7ce390a70
7e0ba1369
7e77b2ce7
7f10e8414
7cf55f011
071d72907
790eb7992
7cf78df02
7f51b10bf
0304e663d
77a60509a
7dc75bec1
79d73709d
7f549cc79
06a329d72
7e26786b2
058871ab5
0079155bf
07074f083
028825bca
7e4323630
03cd0cc6f
7aea0e78a
7ba9435bc
01597b251
03cfd7875
7c53559df
7890b68b6
0081dad72
0076bb045
02ca838b6
7c0e8d18e
7d5f4acbf
7e82d1792
7fd8e5768
016b9f025
0643887e7
00aee888d
7a8e1881f
7c9e67427
79b4e4d00
7f036ded0
7d48bd19a
029c01805
016e88b0b
7e804be45
04a7c7378
7d7a74b12
7b3d20f45
00d1bf453
0211ed19f
04b07c65f
7cb7a8578
002bd3cc1
7ca563578
7f6b59996
013dd3554
7e9fce31b
7b443905a
05746db07
7890dfdac
04cef8ec5
7a3270105
7cb15701b
01a3b7737
7f4561295
7fca928be
7b4527706
00b93434a
004ff8afe
00220aff8
7f0b31971
00d0c0c85
00e7b9eaa
07eabfac1
04afdd9ff
77a3b4102
05904d849
78b80e8c3
79bb30f74
0330b1941
7a6a083b8
0474cc4dd
7b1c622e0
06177523d
7e30fedc7
03dba4712
00cee4e10
00af5307b
7ccaea08a
7f058754d
7dd44fe5a
0668eb55b
799f5b270
0095a19e4
01b9c93db
7e328a290
01cf1ede8
016d4f6a9
0339db2c1
00ebcc2a9
7f54a149b
0421eb039
01afe2c89
7e54e3f70
7be0a7c01
011229b13
7cfaa1ead
0164ad1c1
04cb53dd9
016021bce
7faf98cd9
02385a89f
01e49c1da
7b62e0bbe
007b54822
013f7466d
7e2fd6000
076d77a5d
7c6b5106c
0207ea856
7a7d6ce47
057d8f7f9
7e4d78154
7c6780aa7
7cc46bfd2
78e8860d4
7ff3e7cbc
7d8c78ea8
7fb35605a
7f4c593a6
00c987ead
06b57bb4d
7be56f4b5
019896e55
027137422
0282fae9e
01fb781e6
7cf60f1d4
7e3ca0de7
06929419c
7d5eb74a4
02e3c2e6d
00b3e317f
02068f935
7f2ef8058
7d5f944e7
7bfeda337
7a0e2099d
04d2a62df
0217095bc
7b0a6b5b8
7bbcae832
78d9de5ff
08ff843d3
0551d2f90
7f7093daf
77864c3c9
7e85ab251
027715b52
023031d02
018ba1b86
0027373e1
00a985d78
7f3aebe27
78fbbd81a
7e5b966a1
0033eda3c
01f373e06
7ef7cbb49
00fcf9ad3
03731eed2
7e53a2642
02b2eab1d
009bd0da4
7c561873e
01853d6fc
7cdf07088
7ffb013b5
01cbc56fb
7da3cb48a
041ad4146
786feaa34
00512e408
7eb96cb92
01d515406
029bebda0
799dcecbf
025f4964e
7f87bad4e
018202dea
7f88a02f5
7f911d609
7e58b849e
03e041b01
032e623b7
7fb6949d5
7935a81f2
00feca1a7
05305af1f
7aaec11a7
7cc74501f
7fc7c0558
00200b027
7cf426541
039186202
7fcae3a7c
04bd07447
02e73a6aa
7db47190f
02dafca1f
01931aa47
7f77689f7
02a2c9dff
7e6b7e52e
7fdca79cb
7978d4a95
7a67a92d1
053cc79f6
7b78e9eef
04a9065aa
7e75130ee
7fcd715db
7ba0f85d9
7e69ec95d
0005a14c0
7f9263c6a
7e9d52397
7cc3db9f5
01e5bc902
7d21d6d8c
071b0a5a5
7f18b3efd
0136db8a1
04b0d6fbd
7f9729b62
01141d44f
069233c64
01ae86af3
01c7de01f
7eb344b0e
0776e9d51
7c657cf88
01822c944
788c43788
00ecf6123
035a69847
7de9eddac
77f54ae16
7be466d0d
7eb01d42b
7efd7019e
7e217cb8d
7f80d0729
7f1f6c1a5
7e1029d5f
7e9fba495
7bfb02635
7f1e3d4a9
028e6b3cd
7b18e630b
778df494c
7b609e0db
7cd4abb56
7eaa27e82
7c15f7dbc
7d9f85e5f
7d153fdb9
00cd4cd3e
055b716ac
7f6342bbe
0143bc1de
001580b39
0648bfb7f
7f01df6e5
7ceec49b0
0168c6fb2
00ed3f29f
0071b1b14
03f8a1e24
7c363b0c1
7d6b51365
7eddd286f
04a9dcf4b
797c1c055
7b508f9a7
011a2f68b
7f9eccc85
77dd0a7b6
79dd7fcae
7964ec22c
7eae02b53
00c90e4ae
085c1c47f
0216a1c4b
7e2afa51e
022d1face
061cb60c6
7b484f550
069472645
7e3b6c522
02404a6b5
02fc561c4
7ba18a1f3
0055ad096
7f7ac8e42
008dc65d5
043c0a67c
027e04be5
07ce427e8
001c71729
7f058da28
030106648
017bfb1f7
7f45cf5a2
7f6388f5e
7ef280b92
7d6a6f403
0472ab6f2
041ad7333
04a1cf21b
7aa97fbda
007858080
7f03b062a
7d90eb0df
07b532876
7f6885387
036a3b784
05d1d50c4
06b7604f3
0060ea9d5
020e37de4
04424170b
01a71d1d5
7a379f7bc
7b561c827
7e9c391fe
04444386f
02b6689c6
05e931fa3
05cb78154
04f650421
01b990c85
7c2da1184
7dafb4bc3
7adeebe06
04c619be9
028d41969
7f45fef99
03dff326e
01cda420f
7d4a56448
7e49aa8f1
7f86fdf79
7f8ad3f71
7c6c612e6
7d03c74ec
7ecfa681d
01a8b2270
0210d6a0a
01606b22e
7eff289bd
7a7b2ea1a
04e28c579
00ce7db86
7e62f75ef
7e3345d61
01021db4b
05122246c
7be8dcebc
7a195ff77
7d1948a6d
7e804fb94
7d277d484
02b5c4391
7eba129b8
05162eb53
7f3cb8381
7b66db9ab
7d8bbbc34
7d5099dc5
01b1be73a
7e0d0c917
017f9033a
00f43aebb
7f1ac3ca7
7ff34caf1
7bd52a261
7c5a375ab
7ef23edcc
01c343d41
00a3fd0e4
00a9ef541
01a83f723
7e4fbdb3b
018a71f0e
01fa93b3e
014916cf1
7ad679536
7a6e1da36
01025047e
7a4d7a98e
78d059408
02c9c1b77
7f0d1e68d
047eae0b7
7e0a95f52
02f76e844
7effe7f1a
7ec0098e7
02525aff0
7c147770a
008860725
7f7bffba6
05a83c031
05a2ce022
046d85611
06cb52b85
0556ebcc2
7e3102b3b
7d124b5b9
7ba5928c6
02c6079e8
02927ac38
7f4261261
045a8b8a8
0106c361e
7b2e798e6
0441d24bc
7ab93de0b
01e6feffb
7b0186aa3
7fc4ed0f0
7c432b04c
0113b31f3
7e666c344
7c6019e26
7d10c996d
033a7408d
7f999d466
7ffd57161
048178133
0196ef4c1
002107fa7
020acb3b5
0439c2763
7d56fb3c1
7ec3c0e09
00e479c1b
010eca015
7aab30007
03dcadc9c
773825b18
04b0bb767
0082cde41
073f3bc57
7deb1447e
0bc928698
7d1f5bb53
025bc83e8
7f53de1ad
7a40e1e44
034965b48
028ea3ad9
7f2987c5b
7d4fd59bd
00a1d3256
7dbaa78bb
7f2e73f9a
7b03b747f
7ee63794f
7e0d00135
00471e45a
00171e214
7e2fd6d3f
7d2999452
04e59b568
7cd630fe1
7e51372bf
7a9cc0b25
014622cee
7930e697c
012150eb9
791b115fa
08411ae6e
00d1c500a
7dcbc2cde
792b963dd
7e4a9dc8e
7bd045409
7c6faf19f
7fce7f07e
03c1b7a2d
7e5d9c237
0131bfcf3
7e63cabc7
058ccb1d6
7f4d9989d
7bf562dbc
046e1d61c
06454233c
0484586de
01d654da6
008e77e20
046ea3690
03cdae6d8
78bd02705
01c04f9f6
7b1a8471b
023b591dd
7d2bd146a
75b5c2493
00c94739a
01b040081
036a74796
017d63797
7c130ed01
014ace0ca
01c3948ba
01c94646d
7cb926fef
02b8516dd
02a4a1ad7
7d01e9ab1
0603969d0
7b2ec3ebd
0788772c7
054327fe8
033f2f057
036a9b737
014f1a2ac
00d129c3e
7c97c622a
01289a191
7d21acfff
796a587d1
7f4e728fe
04a794360
05c530bcd
00f66c971
003517f92
0658ad99b
7a11ada18
7778d25d6
7e94b303a
7fadf8b53
02febb62f
01cc8019b
7f0947dc3
02768ca64
7d88f587f
01ce4e31c
7acd9f207
0169793e4
7f18d6a69
0344e8dff
7c99e9e4c
7fbe0f4fc
005e93f63
0380177b6
79ca86664
7bd92308b
7b79fb1f7
086b70b87
7b78450d3
7f0a8ca58
7f17d3bf9
02a5b6d78
745fb3f4f
777226651
73ba92555
058edec6f
07319760f
01769dd9b
00133c607
7ee623a18
7dece4c6b
7b64c43af
0385bec61
7d8912d25
03c81585d
79dacc0aa
00c881183
7bb923c6e
032382371
7edde3432
023d9be4b
7fd28c290
059c94321
7f3ec78df
00cbea36d
01b247dcd
0275bae5b
7f1ee169b
0501e9c92
7b2f5b373
0372d68e3
7e0561646
7f86c48d9
7dabbe62f
7dd1191de
005ab1e91
7f82e01f2
02c8e7710
05a7e2ff1
039346c9a
7b74e70e0
7be4ce8f4
7c6edd707
7f62b451b
7fd9bfb14
056c89df9
06c178072
01a43afa1
7d6abe8ce
7c1ae2f11
783834530
7b30c5ac2
7d579523d
7f3859962
7fe298044
01914793a
020a81fd8
0785ae38e
02d9e2f33
7f2837686
79d009aa8
7fcb6017f
031658c57
7d00af4d9
79db33199
7e4275c9f
007ec620b
7e35a6f54
0160cf69d
7bd17259f
7bc5a3ed9
7e97926c7
0444302fd
03fb6a341
7aec58298
0031831fc
00876585f
0376e4753
0476777cc
007536c7f
7c6ec402b
7d090c093
048ea28e6
007374743
7f9e16730
78b71a58d
03f7c06dd
7b36c53f8
7d38bab32
7b9ba61a6
00e31157e
7f731ae67
09669784a
7f4b480cc
04efee5ed
7e8b916d5
7e3ac2433
7aeedbe37
05134168f
7dc3406f8
0467ccacb
043c487d8
79539bcbb
06a0f5e05
082c4be79
06743b125
000875f31
7fcb017e4
76f157872
04dbfd89a
05f2fecf1
02a7497aa
7c06568e3
7c8df9e68
06406d4c1
010909f99
7edec5434
7d0d1de54
0242f82bc
01293240c
7f2ab56f9
01548cd1b
00a9c575e
0385fd7f7
0144507ac
7fef6cfa8
7dcf94d34
069914620
016329398
01c088db0
000fee4ba
7988ff427
798e6e88f
0302e3208
7d125c014
7d4222c21
7fd30bcbf
00a7bf8c0
01f977dcf
00b811dec
02957ffd8
05da8e5f3
7dce8081c
046bce557
7ad196edb
7cab0a4c4
7ee134e01
78321f2e3
019934fd3
00d021844
7f7a4c95d
03ea6208f
07c88a9c0
7fb50fc65
7bac2f291
7d9067593
7b325d5c2
7f25d28d8
0216549b1
019602764
000e33878
7eeca10c2
7d859d8e2
00b5f30f4
0245a6e6b
7ebccfb4b
0263f7f4c
04247d606
7bfc63780
026cef438
007be60a0
7f0883de2
7db30b74e
00bb1fe16
00447e76b
00fa021e2
78309c864
0134c39dc
005150edc
0041d8689
7f99dc65a
02a1bc023
03743ebaf
7f3ee6db3
08321da2d
02f444e2a
04d55a802
78653c9ad
00ad2370b
01a410427
0624e238e
041638cb2
7e2e711bb
059ef42ab
7eddb194b
008b6fd0c
02678513b
03e35c930
03efbb4eb
7f694550a
01a8d1569
7f5a851a7
7cc326bbf
7b11a259f
03a769b68
7e21d07e1
79f551193
03f4c4d76
01a8ccb43
0107d41ce
04eaf8db8
03eecd3cd
7e50a4a38
7ec60faf0
00ac9096d
0291b845e
7eacc4672
00e682694
03862101d
7c89c546a
7f15a4e7a
02358ec81
03957ea37
07ad6a16f
7899bbec9
071f39f56
7ca600908
07debf693
01574b85b
00c34b027
796d9443f
7be6f0d72
0425555aa
7ede73c11
0180a23ea
018590f64
7d6b3bead
03a0b40d3
01efa4793
017065309
7f702e436
030c474f3
01ba9ec10
7a03e7002
02d21153b
7d7b678c5
7c3512123
7e48809f5
015e0ded1
02173ee51
7f63dbeb9
00ee309c1
7ffbc5a67
040386827
7a914ef79
7fa7c6092
7e1f59463
7d74bedc4
7ba6e8f46
7b6c7f208
0372cf7f8
01113868b
00a5bc643
7cb5889ca
0362a2696
0339f418a
7cef544ef
02e1b1055
01713cb97
7e1a3330e
020ee4d1c
7efcaf714
0167082b7
02e40452e
7cb9fd2c3
7a3cde311
7b2b5417d
7cdc2e0d4
7b642b699
011c48f2c
00521eba1
008572695
054c8cce0
071ca3c5d
003a1b235
7d6c56e18
01ea07ac1
7cb17f885
7d47cda24
011a08680
7c660313c
7c0d50bcb
021b28b5d
05974dcc4
01e91c727
0649b26be
0199ca6f8
7f06a3f4e
031214017
016303784
7968710a0
0803ff4d7
01e32ce91
06ed9dea8
017935698
7979bc93f
032f17721
7d5f1ea1a
7c0fe8a11
038607dce
04f0e8f82
7faf3fad0
0631c2fab
01ac9eeb6
0007422ad
0087d9640
032816da7
7d9cc4b06
7c0e8211d
7d69753e2
7950be661
005c3d177
000132115
7cb5c2afb
02b50de5c
0612bc262
7ff2be933
0104f4f07
7fe754a75
01d44ec21
00c3e4241
00c0d11aa
0145b4a5b
7b73f3a4a
7e60f455a
01a8acdd3
047ece09c
05f18bece
03bd36e87
01974aa58
065edbcbe
03ac31ace
7ba53fbee
7e69924fc
78d07814b
7beeeb564
7b647a392
7c511cdd1
038f2e4d9
7b5d13788
7e6d0c8c5
009ac8540
02aa68a17
038a92c10
060a63c6b
020869a1e
7f3f18158
7f9a27335
7daa9f7a3
00a8ca51f
7c31dad2a
7ff8f6353
00d315583
7de334ecb
7eed163e0
7f44e4f4d
7f5fcd298
00cc5f5ce
7fee88a88
018e5c54e
018989bce
7b1d34b9b
7fa752d9e
7d920b2b5
75af4dcbe
04241d2e4
0310a7e32
7ec0740a9
7abf65c2f
7f7fffa26
06ef4f353
7e1ef9c45
7ce1b00ef
00987b710
00f00c7ec
7f490555e
7b253b08a
00148fadf
03b5727db
02e9c1f8b
7fdfb1077
7d010c7ef
01a597eff
04433305e
02bd24b74
00d038b2b
04a177724
7f8989b1f
00186ad66
029e6d1c1
000aa36ff
7d94a3a3d
7de7c2b8f
01fbcf6b8
7dffa276d
0747fe9bf
7c8d22308
005b16293
01f8eabb5
06b54fae9
05b59d82a
069221304
05059a395
0504171db
078b80838
7c24f09ea
016bb01a2
03bccd662
0746f516a
00c105347
7db46c873
7e1d05fae
7e26161f6
05208fa70
0754bdc01
7dc788e9d
7de3b072f
06955cde5
03c089614
7e2d7dd20
05a927c26
014302b53
04f3087f9
7cea80a44
7f7009b4c
00919bb92
7d6816ebd
7a1a03813
7bf6430d5
042c265b2
7ef5291c2
7d3f4a9d4
020299a5b
00ea98ca1
015107510
7ff4ebc54
07d924bef
79486f1c3
7a5c3b256
060b241f4
01715c162
78bd70295
037bbeefc
7d2261882
7a914c1e2
7ee09dd4c
7b05b7e15
7f513c507
05c0bfbf1
03031ac2e
7fadfb97f
04dcdf677
0153d441b
7f360fcf5
04cfc16c2
00caa5c7c
7b9499c63
0447a741b
7ed64c416
7ea2c3f43
7e0eafce9
0698604af
7ca177035
7e97abd01
0702f4bca
019d0b186
7ecd2780a
7d8cb8a1c
01ea0236c
005d4cc36
7dee93105
09ac502c0
7dd9e86f8
7ffe1a8ff
0042c42df
01fb7c235
031fcedd7
7c48fbb5f
7fe0e11ee
7e8d2e5c1
7f2a2c9c2
009200880
02c6abf48
7f9a5e99c
7df8c22d6
04f1d0938
00b36e165
7b8e3d6e8
05687fba3
0208eb1cc
7ead5c39a
7faaed55d
7ec92b217
012a4325f
7b7f1f914
00d480c8d
7b630b377
05b00f84b
0584c27fb
069d6a87d
03f72ebdc
090b706dc
7ba1e18d5
7d2946669
01eeacf08
042419dc7
0306abae7
7e5bb110f
7f65927f4
00b0ab4bb
003a637e5
7ddc71611
01550ddf8
7f48d5bb0
7b34ab793
041496324
02446a27a
02ea1c581
7fc2cac22
019b455cc
03abc19ec
03acb55db
7f4633a25
7f8e0c861
7f3168866
7f5576d17
0200ad951
019545d74
02f610da3
7fe1b47b4
7dbef0b0b
7e27298fe
7a6bdcf68
7c1b31782
7e5ca7f84
016e38e81
7eb969ffc
042d7ee5e
7fc46e880
7eab11a26
02434dbc3
7ef1ad945
00a0c1c35
0227d171a
7fd10b540
01545bebe
7ea45d0d1
03faa8f60
078a2f23a
7b37c757d
023c097de
0257a6e31
7b347be12
7f568d963
7d5be3687
7d44f3cf7
027479880
7b953f7f8
7a12069dc
7a071c7f8
02164282f
7e05bbb61
7f9279e0f
03f9e4ec0
0557691f5
04e96cd5c
7dc2d8364
7f74ff219
04b56b349
03d1519d0
7c51fbee0
0195dd510
7f30a4753
7f12dbbeb
7de52c8b1
0245229d6
01baa9019
060358fda
01f4ba22a
7e9db4512
040ce9362
02330fa7a
012f6bbd4
0284e4cd0
081bc87e1
03dd6628f
026db9dda
7f59d4d4e
799953f34
7f1c68848
056215c9d
01e64d39f
7b4ed1bdc
7b5b5f00b
0030c9222
049659bbf
7f787d621
02203e94e
7f277805e
04408a7d6
03d110dca
7dcee8ce5
033a4b869
0614c969a
00a1f623a
04e2f091e
026b68398
7d59884f2
02bc2f06d
7f583ee0b
7a5175edf
7ff1ecac0
0544bbff5
02af87c4a
7b2c2c94e
7ed13e9c9
02a0fb092
001ce64bf
7b2f4dc33
7d4ff20c6
7a82d6186
004fe86db
008e04a43
09eba0d24
7a4d5bf73
7cc237286
7fd4ca038
06ec5ab9d
06687aa8d
7ec8edfa3
7ceca5da2
7c4b6a74d
077ceedc1
05ce47d8e
000d4a455
02e424ddb
01f2ef797
7cbc28b75
7af1858e6
0717f126e
795822e0e
7a584a58d
7c2c7fc7f
7b2feed37
774513fbe
002b94987
035e42523
0369f3eb2
06910738f
7d22741e6
051b5b1aa
02c410462
06d336af4
03cc7931c
0109a3129
7faf83455
7cae98f3d
02bcc07bf
05cdebe45
018542f02
7f8d2957a
7d22e7dd8
7b5dbf406
00f932947
014d9e4d2
76206dd0f
0297be0ef
04ecef8a8
05335494b
7d271316d
7e1b9dd9a
7c9c10ad4
0956b9acd
00d8eb25a
00a1b7309
04f3e9f6f
01be23070
7e9a3fc92
7f1a161d8
0130de27f
0416b130a
7dc7ffb05
001538191
7f54b47f5
789647d76
00371de31
78f5df7c9
7d9b7acc8
7eebd0ac8
79ff36a0e
059363b77
005f68f08
7aeb4f3b1
7bb11c8f6
7a307ba3d
7d9fbcf51
0099b5fce
00eeeebbd
0542fef1e
7b982abfc
7bba92c33
7d775bcb3
00a522b88
7cc1aaff8
7da961051
7ff4264c0
085bea895
0038ffe8c
072a13267
7edec3936
0362329c9
7cb64253b
097b0f2e0
071405435
7e94d01de
7bedfbc6e
7a2448569
7df3b8e46
7d451f56a
7c6b6dd61
7f99d5ac2
7acaeca03
7fffd5fbb
7f5a0bb74
7e7729e23
7e5cdf857
0236eef88
06ff8fa7f
7eb0acbb3
79c6a142b
7b98fbe2b
02f9dd8cd
057fd046b
013c3724a
01c193e61
068a21745
062540733
008198f26
7b8b76a6e
03ddd6489
01c7b0cb7
7fda60a42
00b88c0e5
05347f5a3
0354a4d05
7d78f5b25
789a51683
7d3b90720
77e7a6fc9
79f3c0d7b
01931d71d
09e7b92a6
7c0e91809
7bf7c010c
059265a35
7f9901146
7b761fece
03c818260
03c635e5a
7ed6cd3ee
042764484
00017f7d7
04dbab73c
00ba85499
00acb3255
7e80a448c
01f3a89fe
7f56520df
049904a5c
7e1201212
7e2b17c9b
015b9075a
7fb17e531
7ab186744
018ff30f0
01bfb9cf5
0343fa063
7d7e7740c
01bddf519
03ebdbe11
007781032
0297347d0
045de45fa
7dcb62784
07a486561
7f4905dd9
7aba1392c
02b713e12
7b28510a2
7e13a0811
05a6976f6
059126964
0056e557d
039a8862d
025e39ba4
03340f386
7e0fe1c43
7fd243055
05a392dec
7e13fb21c
04ef4f799
02c82fc76
028d5e766
0397817be
7987a73e1
03657373d
075e66b1c
7e4938913
0540dc1fe
010ed01b0
039a457df
7f8bd7dcb
7ec75f3ba
7f648f074
7dc3cdb2f
7ab15fbfd
015cb140b
07b9659a1
017b8facd
7d90e455a
07e78750b
020c61d24
7da934cc7
7ff346c83
7a9555968
01d1fc54c
0344d7bfb
7ae96d85c
7f40874c9
79e908976
005604e0c
03186a675
04bf77d2f
7e5adefd9
7a6335718
03df67b25
7dd4d862b
7de15800b
7d92fb263
7f50f3879
7f7b5de9b
031aac050
00f4a8178
067d66945
7b16a859c
7fb39310b
7e334bfc2
0008eb2a4
7e8c7dfe6
781459ebb
044f9fec0
7ca1a95f8
7d7a085a6
7db2344bb
7e368f749
7beb0df45
049d909ff
02a4cc642
002e331bd
01ec21ab2
7b7881ac5
7cb33c948
7ea6f95b2
0317204f3
01c938401
7a9a408e8
7e82646cf
07183dd0c
7ab80d44a
006730e25
02b80e338
0389dba3e
7de41785c
77389e188
7ee2728ba
05f6812af
7d8e86570
7e2a3d929
7f339daa6
7c60e6012
7fce2a867
031efb7ff
7f3f04201
7b46af0df
068146a56
007e2b2e7
006b57331
04fcc7961
00871e76e
7ea3c9b92
0025d21a1
7ca2a7236
7f80c6e79
0228de600
7db628ed6
00080c529
01346dc32
7cc68e195
7b8923451
7d9d4057f
7c1edee3b
7c625fd3f
03cd91555
7cfe8063d
7b2601479
048d893c9
7d5a0c550
7e1849672
7fa095324
043e10978
7dfbefefa
00583a7e5
7ef945b19
7d9a86dc6
7b7190399
03bfd070f
7e533cc07
7c7692db1
016065008
7dfc8b413
7dbe07618
06c5241fc
7f75c51fd
008f82c49
029702293
027e3d02c
7c5a08882
028c9ac1c
04902a7c6
7c6db0b7a
7fe1a071a
04a065f2e
01d43cc00
7ca8a7c66
7ffd82786
00fb0c5c9
00bbac07b
05b02ef0e
7ee73068d
0409740ef
03ab034a9
7cfe8ef41
037f71b4f
01c9de02a
7e39d5e5e
03e3aa114
00cfb4d09
053450592
7d66665b2
7b46d4918
78b7b8ac4
7faeb8ba0
7f043e618
02e116301
0752e9ea7
00fa84648
7ac32e18b
0333a5456
7b436d713
00c917328
7eb9c7918
7cab59fd4
024c9a641
7d6f6009f
04e0ec681
7ffb07800
09b14cbb1
7d1c80c13
7eaef709f
03da73589
7df03ab61
007df9f13
065768ff0
00985c6d0
00e53bbcb
7c4cfedc3
015b914c6
0409181b6
7d07f7021
00fbe1d26
03f159f02
7fdff7486
031af41c7
010ead83b
7cddd8b6d
03164335f
01f4e5bb8
7bf04d4a4
041a43257
036c26d08
046fa21fe
7e8748ca1
7e5567b0d
00ec3a53d
035c39d65
7d1e731fd
03ad9ea17
02a291d39
7c68e6a34
044bbc068
00d6bb6f5
7ce0d80be
0156b6491
0268c6f5f
76f62bceb
7e914b5b7
0003d9f1e
7c4f27872
7dee9bd5a
02e1ddec2
027a7f34a
061205c67
7fd1bf91b
7f6bc5818
06894332e
7d38ffbcb
010e56eec
7d6997352
064fd6062
029e19766
795c06cf9
04236620f
064e51567
7b4ae5c32
05813b339
02b8e6be2
08ea8e9de
00add53ea
7df1a8b9e
79c53e692
7bf694048
7d41b6520
003391c33
022d1d1a8
009808668
02e708ecc
00134f14a
7a151e03d
018fc2908
7e8d461e2
03b4cfae6
010013fc9
0406cb95f
7af0bd6dc
7ceef8a41
061223078
019bca6b4
02ea2a53d
7f1adc1d5
02e43ba8c
7d7843b99
7f9f9cd1e
09945f3d3
03361917a
045d554ed
0206d279a
0139a366b
78a31cac7
0004bb9ab
795be3d81
7e5edec4b
02e3041b2
7b090cf56
03e022ff6
7cf773783
029d242ea
78baf2a63
0368623b3
0442eaab7
7df5a6aa7
7d5f65d06
7c99d8ba0
004129255
7c7ab5cd8
7d6cb6a67
06e4761ba
78c0580bc
04bfafe56
7de54d94f
06985bd71
7e611caae
02a0a6ba9
01cc0d7d3
7f5fe379b
7ffca5935
7d3040d5d
02388b69a
7b0a58a07
00f41ae63
03999aca5
7fa5320d6
7f4d2731c
01f71df47
7ff9796f7
7d4f42cba
7b267d7ad
05b2a886a
013adb6ea
7f7782235
041084d44
00652bf92
060d50299
035394aad
011571e02
77e1a7e7d
0242347df
038b4b0a6
00b0f7d06
0390af89d
7df660328
08dc3df08
02e13de38
7f410f735
7e097bf80
7c943321e
00cf2720e
7bc194188
7da4488fd
030f4ea3b
03f96ef51
000ac043f
0223c568f
7e76874f8
7916bce6d
047319d66
7db237fe6
098f64627
7fbc8a7db
7b96dbe7a
7b9ce1bfe
02a899192
7e0ed1c0a
03586a72b
7ed15b293
028b17747
036660cc2
73110170a
01587c87d
03461566f
049939763
7f3c1970c
7e32d3733
798430d14
7f6f5bd29
037814e07
7f85e56b4
7fe475252
7ecc86dff
036f5bb99
0366f6ddc
7ebfece53
012f95c0c
03343673f
7b6fb90d3
0085e93a8
0141c0e55
7f774b952
0111ad8fb
018a03562
04a205bb7
7a5bd06dd
79d30ce2b
00a45d075
029f39b55
7d3c5423a
00cf66b3c
029d00241
7f69ab05b
00a86c040
0027e9f51
7c79f1f42
7b655d292
7dc969c03
7f8e1b43f
7bdd8aa4b
7ed2f4f11
0025f9a5a
01b798e42
0104f59a9
012b23ead
05329e0f3
05221a864
7b3749ed3
7ce59b885
0415df21f
018ebdffe
7ec86130e
7a08b2cf4
02159d844
7f1185c6b
028b47d78
00b4dc428
7ccad7437
02547d085
7f30d8805
0148a788c
7d17b6720
77251f154
7fc7bd483
7cacb1120
045c9196c
7bdebb6e5
027981eb5
7e5271b94
7e321e62c
00f25bdf4
7c3281d33
7d8db8480
7ee52bbf9
030ce1bf9
7a74ee00a
0359ed8c4
7fbf0ce07
770f438e7
0088f0747
056f51e22
057cb8957
76811287b
03d315335
745c33e16
79804cb79
014b87d5e
7ca00870b
7d58b2303
78a0b7548
05f9a1037
7b221ad8e
7f1ebf36f
00bed727e
04ed52e65
7c712dfa0
7d5ff4183
7d9368cf0
0491fc5e5
7de273a5b
031110696
7cb15f8ec
7e1370920
047648f4f
7af1f0db3
00751626e
003f63d5d
0962e7bdf
034497e8b
016b62eb6
79f4d4b4b
01c525ea0
7e27440d0
04488d2b5
7cbe29f71
7ff4f2fe8
0831df786
0694cfdf7
7b465830e
02275e32c
030e3f1e6
076516f1c
7a079dc4f
7b60f9b59
00ce2dc12
7e8599fe0
0089ec4dd
77d7ac50f
7c36742ed
000ce0b8f
03afe4824
069b0edb6
7aee2a9a4
7ea6df1e9
0085d8db6
0254c9415
0822db434
7dd38cce2
7e7b0f6d4
7c4d1b9fb
7e7c3787f
7d8461a5d
06fbbfcbe
7c76137c3
7ddd244ae
7e81af4ea
070d72f9b
0562e59de
7f000ffe7
003743a93
7c3cac123
037d82271
7e50a701c
7bac72887
7c8f31cd6
7e79624c8
7f99ebfc6
0364bca90
7fe7861bf
7c96e068a
7e9e8bf99
0016aa846
031fd87e1
02d15c6b8
07704eb9b
03a080929
7b56b80e1
7d126a670
78b3c7e1c
04d0b7bd4
7de1ce6d0
016899594
001d68501
0204a21cc
7f46dac32
025d6b0d7
7b92e1a51
7cbde07ad
0120e8f6a
011e470b9
7ffea9fd6
77deba86f
01e626385
7d16f9bbd
7b679b70d
7d3f33126
01ce4924c
05a4bccc5
02f500ca0
02d261aee
044f88dd7
0401d90a1
7c7f23de7
038e8a0fc
7d15d0840
7bc229c42
7cfbc0e01
7949e500e
026415345
7b4451e3f
01e353a23
039e4beb9
0500f0b98
7a0315706
0513f77dc
050dfc1d3
04331cf7a
02ce82578
7c7db71b1
7ffae59cb
7d0333f6b
048c09c42
7c7f6b71f
00a0193dd
7f9216bb7
00af1184c
7d0244f85
02b45c5f3
7db728723
066d8aba4
7fd716cce
7bfaa73da
757c49241
7e8ca6593
01337451d
7c3d9550b
024748641
7c4066f19
7c47f1796
045437505
00f847b2c
7deadd298
02b73dc07
7f226d644
7feda1c38
057bd55b6
0059ae8fd
7c78ebede
7f5efb684
7c6efcbeb
7f5e72fd1
014a4c255
00ec6763f
7e24084e8
7a24ce0c7
7e897c9c1
038ba2280
7c379fefc
038925259
03a40f128
0890ac7aa
000aabf41
003e7b5ce
0214ceee2
0e652c758
7a425f222
7e8ee70b8
0137a3be1
7f46f2b51
7f82f386e
098fd9742
7cb48a7b2
01c885925
74bf86db0
7e39a9342
7f308572d
7de7d6597
02ceef215
7c80e13e0
7ce163bcb
0355d2dab
01900245b
7f7f33beb
7c998a123
01d01f41d
7f6c6ee31
02d17dec4
7c883601b
0181ccda9
7c97d479d
751a7de7f
7c36f529c
7adf6f852
04a6e409a
025090da6
7fbaadf3f
00e004f41
7defc3551
00ee303bd
01c4e7e9c
7f532513e
0271f19de
7f593e456
7f1c884c2
7eb6d5515
039aa2286
7e2c06668
00190c032
7dae66756
018f6f56d
7c963266c
0524fa5dd
7cb494115
0855d89a0
7795a5ec5
7d312f89c
790558a66
05dc67eb7
7af3f55dc
04ca02d5f
01701f760
074a2aea1
00daa0039
0214c5fd8
7f43fbb3a
01d2e1ad1
7fee649db
050cef606
02c3fc282
0338bd806
7f0a5e430
7d28fb93c
00a61da41
006c6d3fa
0193ab08b
05613e93b
0275233ec
03d6337df
7b98fbd70
7c054a65f
7d8317304
7bed85529
051ef06a3
7c83c8323
00530c49c
04fbe4526
00ceca3bd
01b75fa59
7da1f3187
04c360fa4
7f634ab47
02b19f9e7
01c32ed44
7be32da8e
7c5ae1d6e
7f6b8c534
05250860b
0295279f5
7d8935cf2
7670f628b
7f9546d3d
7c24674e1
7bb821911
08317a6d7
03b9c9ecd
014ec30a8
013eb2d3c
7dff713f2
7d5ad3604
7fd1ff9d7
7e3ea2025
7ea15d4bf
7ef6ae553
7ef00ac6f
7e4d0d1b7
7dc332aa0
7e7b9005f
7a7796f16
0274c5e7c
7d8c0282a
08897c770
07808ced5
7f4f0e490
7ec404d89
7ea5fa65c
0756b439c
03b8d32e9
7eb1a580b
7d712803c
01492dd70
02c034df2
03b8006ab
0279abba1
04e441d28
7728c2190
0312a921b
02ac8d6f0
7f069c624
03736e895
07d26607d
01eb2ac49
003e8816f
7992bd7dd
0562bb9a3
03f25165e
7e586a70f
02761a84e
7cca4f39c
01f0055c5
0307ebc0c
0377c3c85
00f5ecced
790cccbcb
7edcce2a8
01fe1a11c
7aac4d1f3
7d7d29a5f
06d483d2e
783bd87b9
06a72bec9
056f5e4d8
7aeaeb6dc
011cfc943
6ed1aab81
7b629582b
03f298b77
030b84ed5
7fb7df3cf
7d0381bf6
7fafd9f41
02351fe78
066df2648
0467b24a2
021792446
7d64450ce
0310f644f
00104f19d
7f62b9393
78078ec7d
7a4cb761d
7bd0d240d
0468825b5
059ab8c42
029f312eb
7df111ca5
04f5ee27f
057227ff5
7f36633ef
039fd9de2
050bb4eaf
7a209d991
04342ef2c
00db5cf9d
7d9ff1ad7
78cc60f65
7f44b3aa9
04e5e6c47
7fb6c6e22
02f14b22b
02626d0ed
076f6a8ba
7f7ee4add
009f1a586
022444867
00ad3ee53
02c35cb17
01cfa99d0
01c1ed55d
7f9c423d5
7d324fa18
7d0ed30b5
0487a98e4
05ffbcaf5
03878e60f
00bae6785
06f3f3739
02afd375d
012953d5a
00b8a928c
7ecb800a6
7f8e2c52e
05786e588
0031cac31
02f8bdf7f
7f597be7c
7aa6efc76
0077553b9
7f0557098
00b6c535a
7f68f33e3
023b51299
7ed971ee2
01494c75c
7a90e5975
790c45f00
7a5160880
0417a39bd
7f27ad07c
08acd8620
040038558
02f04665b
797d85f48
7ecaebc94
019f0891b
03e16402b
7aea870af
03c9bab64
7ee10b5e7
01143e940
02c06b28c
04c25eb08
011ff72d3
7c10da2b3
7fb6c7e85
7c6e83546
7c7b919ec
7b3e66d06
00c829012
0225db036
7e2cd9993
00514caef
01a5fa8c2
08ad7779a
010555bf4
7c6745d86
067d82493
001a02807
7df0bccb1
032e554c5
7aa82ff43
035085f57
7dd98f465
0943637ac
021b1788b
044cf3f92
7f20757ed
7c1d143b4
0136ee8c7
04e2baf5a
00dc5c882
7aa04451d
06b87820a
7e3d9d983
7da7a10e9
03dfc3f3c
01eb93562
7ddcb38a4
0835815d8
0111f0623
7a9bfbf3b
0160cc179
011032f7d
7d0f3e3af
7998d6469
7b7760a0d
7e96ce6e4
035224232
7d469a12a
7f041a79c
08c58ffd4
7ed26559c
7a8025224
003023c72
7762903ad
05dd23e3d
03beed94d
7d89a1ad0
7e96f3a13
03ad9015b
0020ce8b3
00ccc48f5
044c1c3de
0205374f6
7e5269832
009130994
02ef5491b
7e0591b6f
027708be9
7bca1f3c3
7c76375d8
7d1a939cf
0162d6cd0
0c06fba70
7c6de65c0
7d4ffcba7
7bf7fabd8
7b54fb120
7e5edb52c
02090e29e
04dafecff
0594b91da
7f74c8a75
7f4760fdc
7d927454e
7ce94f319
0067ffb18
01d8f3a76
02b095699
7ea4b8e0f
02cc9f4f2
7ffe05f91
0098ac9a8
0469171a9
0390b3b28
02f346968
027d3b03e
7e72b62c1
7f9279ca0
7d17eae4f
7c8c95adb
020547faf
058b35279
7cff34360
02424981a
7de3f2b23
06c5c2f28
021dcb133
016d9a295
02554fc39
7da85fdfb
0622cb93f
008fa1119
026f1dbd7
019fcb2d2
7c748d632
7e46919b7
02597187e
7e8da65d3
006a8aed1
04bc923c4
04d66552d
008ae36d5
7ac7a56f2
7cca0b841
03209e431
0110708a8
7f761e481
0a0f81a61
7bae08394
03d2d0ad7
0371b88de
03e1912d6
7e677ae50
05abb8814
01df81341
008bb1640
0079da790
7d52bdfdc
01eeff39a
7e60dfb5a
7b766fe3a
03f2a357d
7850b87b9
0722d814a
7db649281
05af76e87
014c657ec
005833a08
7d9585dc2
7fa899bf7
7d8251f9c
00f9bd92a
7b99ebf41
7f41c81fb
005935759
7ff3c0a57
03b0c34f8
06ee592fc
0049bb4c0
04439ec09
7f652794e
0514b7445
00072240f
7d0a60fa6
777da79df
01f13fd36
787e8074d
02e968bbe
7ce1ffd66
04d9df148
7dbda08b5
05345db2e
030f9be79
7f8ccedd7
7fedcaa24
0218c7576
7a8c074ea
05006408e
00f49e7c6
7a046badf
7ea16e4fb
01630df85
028a14b4a
7914640b4
7e6e8a311
001969bab
0435c391a
0353fbe40
011a6feae
7d7f611b3
02f356321
7fe7dd8b8
03d2bcdb8
7aa3713ba
03586c7f6
7b23a69aa
7b3a2922e
095823e8f
7aea1cac9
07d6d855b
7e1b5f598
7ff0a90ff
7d2812bad
7e5a34724
7ce4e50df
7a41359fe
7e30e67a4
04854b43d
7f8bf8090
00351e823
0611d3fb5
024dbb306
0328556c7
002aa3918
7ede9b042
7d0973f47
02b47a69e
03f8d7c98
7f6eca9b6
012094100
7d8bda4bb
04a52a266
7cd01dda7
03d8f4103
023ac51af
7f36c7f6b
0778bd596
0465c14c6
7f06704f7
7eb251f48
06bcc3d77
76e293cc7
0582d4e4e
7cd4177d1
03907be2b
00c02e025
024554313
034c0ba44
0502e0d8c
7e5849352
03d3cbecd
7ce3eecc2
7e2334d15
7d4d635c3
04893a75d
060df2c07
00d86d29f
00706f4e0
7ca29f541
7f6e16fcd
7eb07b030
0553ee3ce
05667591d
0235cda16
03f6efd2b
0375ea403
06be8e844
005730605
04eb8600c
7ea0ea6b9
7fab0fc98
0159b0c1a
7f3a306d8
7f353d90b
7e3ba176c
0212a4bdc
04fbc6ab7
042855633
7e49b0799
0255718a3
06e957ba9
02586331a
7ef8900f9
7f039253b
024f5d5ea
03f01c0b5
7f0bb11a4
7ead66a6f
017d717b9
774c61829
0011575fd
7f5ed8b48
01fd40ad3
004be68aa
05a4a08bc
7d2660293
00d928235
7ba51932c
7a2b82384
07947ddff
7b577e213
7dfde158c
7dca18e54
7fe5b0c9b
040475225
7bfe32d91
7e1117276
7d32ebaa8
097908d65
03fbced6e
7dd6e90ec
009f246dc
05a463de7
7ee689e50
0393d534b
7b989bb0d
01234c2f7
7fa06164f
04627b6b9
7db6fe276
012ef1f94
750745a1b
7c84582f6
0218c59ab
0076214fc
7cd994160
7a81458bd
02cff5cdc
015dba4e7
00c82d9fd
7d9d82179
03e53e780
7cdd6869e
7bdecd721
7d269ba94
0089f00aa
7e0b9ac00
004bf33de
02ad2ff09
7d884b14a
7e20f3287
02ad0697f
02f75036c
00aaa9616
01f94a5a2
7adbf9502
0207e1cc7
7ec6fac02
0019ef960
7ea8f5e59
7ed88d44d
7d7db0841
7ee967853
008f2e197
008697866
7acc0200b
7f541477c
7e0c3dcb4
7d89e2325
00b446825
7e28d47ac
02a06c037
0062f4749
7d2e2ee95
01fcd95d7
0059d963d
7add5c5d2
024324e46
7dafd95af
06fdf3ffa
06a290274
00ab832fa
7d630f072
06adc1e2e
03d875606
023c3e17d
7c413a5cd
00ef19756
045524bcc
00b5fbb50
7eed3f1cf
033d4e0dc
00ddaf6a8
7f52cf752
03e8acc62
0140c93bc
7b4e447bd
7b256e0eb
03b274413
046b15904
7bd5571d0
035aa1955
7e61b623d
7f0a840ec
7eb1d4c52
78c81bbff
7cd9b3b26
7b837f1ba
7fca9a8f8
050757ab1
7b53a42fd
7e0f66c91
009bef76a
7e6b1c5f9
0133d919a
054365cd7
015879400
016047b76
7c6efe037
7e7f280dc
03c0a76a3
7af034bab
0226f7d5b
7b39aaf52
022801c83
0056316ed
03d22326e
7cd2b5e58
031a16582
78db7dd43
019d82317
003929aed
028d49cca
0123a2276
0447c8531
7d759f301
7d5250da4
017825de9
7f0a46cf8
7fbc02e74
012ed98c7
7c21a7a8e
0591e0e96
7cacce508
05264ff33
7e08b7e63
0139be8ac
7e6f925e4
7fc1d5e54
0083e191f
7d1a7c0ac
7fcf79c8a
7c5de169c
008e4f0ca
78110304f
06524ff96
7c5ac4bc8
04164e904
77c5be034
030fa55fb
016ea5df4
03f751ae6
7fb9f0a2f
03c7a775e
7f52fc0a2
003c10335
77585b4d1
026c5d32c
017b42cca
009ececd5
7be1c9914
010329cee
7e4bf6985
7fa176aed
7c8a5f281
04d5bf9b6
7db44a5b3
041c6f287
7f56f23c4
7928e70a2
09cef4743
08c034ce8
007864525
7624b8368
7e52eb8d1
7ef7bbb90
019098fa5
7eacca86c
7d15a81db
7c91345b1
02e51ad09
06346e149
7eca84b75
00d04ef45
02e42f4ca
7f7592a25
02461d20e
077a623a0
009ccffcc
7a6f7b810
7d3339bdf
7fe46c5f7
081d7ab48
7cc46205d
7dcc61860
011876f89
0250af8a6
01b775fad
0193e2c5d
7ef216e35
0282de8c9
04fc7b99b
78d7475ed
79a8aab14
05049b6aa
7f2e81921
049c4b733
04cbc17b6
03514c534
051d5b967
7ced5779d
00463b0fb
01f6c91a4
7dd94ba33
05f49bafc
7f3400ac0
7dd24a16e
0cf235de3
787387e57
7c093f983
7ed930f8a
7e76477ca
026ff335c
0528e25ce
0659d5bd5
7f600428c
021c2c9ba
054bea616
7f2703b06
7da4c59af
0254fd813
7e091ab54
7c8ead582
040d4804a
02a82911f
7d04e0e32
02abdeb0a
7f4a45e6a
02c2f293a
7d661cc00
7eee4bacb
7f7e0d726
7e448c97e
004dcd69f
03525bd74
7e91e5308
014027a5c
7cec7af5d
7ed8caca7
7f73eef43
7fa9b2f00
0024edb3f
02422d616
006711b30
01dc1f754
000473a07
78a0fb472
7f0651efa
7fe6b4496
01ecd8daf
00cb10681
03ead067c
01a86d6b9
7cb1c36e5
7809dfe1d
0478897bf
0197a0fce
797d09a14
008295ab2
7f534c2ba
7f5addc26
02f5c3208
03fa3085f
7b230eeb1
7ea071cdb
09b36289d
007a8e6f3
028ca5bec
7e9165ae3
04e3770dc
05b943504
7e28c8c6b
7d6e9d96b
7f093ec4f
7c51d6bb3
7c3e28a8a
7f5697182
7a91dccaa
7e5a8f957
04533e8ce
7ea23f1ba
7ee9de005
05c444706
001a77358
7f9d53f3b
7df8f30dd
7e6ad7c36
7d003c124
7c753f44a
006641ecb
7dd3fb78c
7df900693
0178b9598
7e38b6165
7aa225106
7b3e42273
7ea56c436
00f81b77a
7b14b40fc
7bdcdb7ef
7ff58c8b9
7f012f16f
7f49183ac
02c207c44
04fba96b0
7e1ffc319
074d95d5c
02ea694a4
7df81bc75
7d87cfc5e
7e1153f4c
7e13fbe16
793cc515a
03f3b3166
7f6f08fce
796618dbb
7b9fb1d2b
04ea5e969
039417936
7e7da6d12
79dad4470
7e79ea496
7f85f870b
026ee9454
03a875ced
7b0105879
7c73e7ff6
7d2d5ffca
7e90e91ce
7c4087bd6
01a5fad95
7b1ce5893
007e12e3e
0063feecf
0048bc427
7cac82c92
7f48b4912
7d85451f3
7fb6c1b75
0351b6523
066ddba8f
01cd0c7cd
000d4772f
7f3ca80a1
01a10ca9a
7accdb127
037f0790a
7ef5a9676
028da939d
0366bc326
041e13b60
03a56aa36
03e4d6705
00ed937c2
7f93c8172
0304674b8
03283a658
01cb14509
09462b335
039375b8d
03215885b
035ee0c9b
0ab53f650
7e6ae43f3
7d87cd0a5
009588263
00d738507
7afaa3eab
7cb68abed
7ea32ec26
7d07fdba0
7daec8a72
7f3c50f70
0828b770b
005d6d6d7
01023f84f
030020e50
7f0f6a482
01956fb92
000075e70
025fe34cb
7f3a38ac6
0588b240c
03b65299a
7c026f4af
7f6139fff
0ba35777d
7a9ff2255
010067848
7aba99b9d
7adec45a8
050d11c56
7e4771ba7
01414c730
05a90dd9d
7e982c5a9
03e4c56dd
7b192f61a
0413552e3
7fb3cce64
7fb7ca293
7c81817e2
01955c55a
7ff305008
00c78f57d
7d0eb7094
0017dbd5c
7c590ab41
7f419d648
77f9bb979
7f92bc104
008115f9a
009350882
0723f211c
0384a40bd
00e2e4a91
7fcf6779d
75ebd1831
7fcb56b2b
03ff0f31a
7f977117c
7adf95685
769deeb22
01c03c77f
01d421fc6
7dd487aae
7e0e1e6c2
7d6e9d5c7
00d01e506
03ebeec39
01d8a7a8a
00e1058f3
7b0db8d1b
7f2903617
03691d352
7ff6db656
024813769
7b130193f
00738ffde
7d32eb968
039ccef13
0abbb99b5
04484eb0d
7de8de8c0
02422cb73
7a683aa16
0334f1f22
7a1b7f5bb
07462456c
088d10d63
02a6d85f6
00553928c
05a762ef0
7f6e2821e
012496a65
7d61b3a8f
0079417ce
7ad35a122
014240fd4
0050d9db9
030837829
7a25f8e56
0694fc8cb
7c1098e3e
02872a8e3
068c4179e
02a39138e
7f9ed94c7
7e1c936cc
052ae5270
01e5e1523
00bae101f
7daf3c5fb
7721dd9d2
7dbf2e44e
02fe00476
7de263ad7
000cfc600
01777faf2
7f13925f3
03ee48762
0143dd7bb
0028425d4
034a432f7
06184adb7
7bef7f785
06cffc95c
7d4f1b5d3
7d5b2d830
74c7c9d03
08cc86dcf
7ca7235f4
025aac127
7c7063c5f
01fc84f02
02d126556
7ed4adbfc
78a0dbb9a
08b266404
7e60004d9
02a4787b0
7af19b6f9
0046f5eec
00c0c130a
7ea21d5bd
7da6373b7
0411498ee
7de16723b
7da6d8f25
049ff7e9d
009b29515
0390b6927
04cbf81f3
7f9b81734
7caad82a0
7d275321b
7fd55f0d1
7fffede47
03646ea4f
075a4b528
7f54e8415
7a372f4bb
7fd5c046d
7353201da
7c604a657
00f40f900
7af5209b5
012550fa9
032845b98
01e54a971
7fd08d175
0834b7daa
7e36669cf
04008abf2
04353262a
062e7d9ef
015efb828
7c4d9c1ad
02172dd6f
761468c37
03b9e8467
01d32fbb2
047d6074f
7e18d4f29
017b97e95
7ab11a449
7b926d1e7
7c7c26511
7ec26eade
7a4dd988a
0274c7d2c
7e184029a
7aaaf9ec3
04c71ce69
7fd9d0d0b
04e96912c
7c1bc0bae
79609e1ab
7b2c3ac6a
7fa60d24f
7b9caa70c
07db8bc37
03d104d4e
04d3233fe
7a068a18a
7f6591d51
091e8c30f
02b1ee8bb
7d3730655
7e9293d4f
7cbfae9de
048eee92c
08229c721
017a59759
7d23a6b64
78eda2869
01c55a355
7b169e90e
022706e48
7e9ee33ea
7c3bf463d
79466a9a7
7907bc9c3
7dd33b267
7ec81fba2
002f0b7a1
0370039b6
00902dcda
7e151d994
793861c24
7ea1b5995
059bb1f8f
00f1bcb44
7eb8be44a
7bf0cdb54
7d1bd8531
013eeec58
0163a094b
7ded775dc
7d1609de3
04af23b6d
7597496a8
021aae949
7a93540b7
003785ec9
7f241c4db
02f787faf
021009d22
012b41f5d
7e661918d
7b6ce8ad2
043cf432c
7b1c611d6
035e65219
7f926f3ca
7f04f343b
7fd8174a8
023ef4644
00c4d5b98
00476797b
780f2620c
7a469fa12
04d258fc8
059590f3f
7cc3de4f7
7f2e7fe59
00f0f2aa8
7bc64eb88
7bb56fdac
002a4626b
03c07e201
7fd805350
0094e101b
041515b97
7fc61d5ab
79635aad6
7822d48dc
029df3249
7cb586ef1
02cbb6f65
7a724cd74
03e1fdb56
7dfabe676
00b708161
7fefc21fd
0442efdd7
7ebe4dce2
7f9d3f748
024e38191
7b5b8413e
7beee8380
03d036172
7ebca9c10
04b29162d
7b2a0a5f5
7f1687336
7bad27f7b
7af37a8cc
7f1501bde
01509b218
06b42a39c
043b097ba
7d532b8e3
7a96cf62e
016058956
7a7643e83
7e7f64bcd
066494474
7da07a903
00e2507f6
04393876c
0439ec6bc
01224b0a0
7dce07b22
717cce0de
07f6e70f6
7c8fddd18
7ede105e0
03e7bc0f3
0582dc0c7
03b00f732
7c8b05ff4
759ea4eb0
03ecd8e52
7d219e797
06aa8467e
7dc5af5ed
7f27092dd
7d1a594b5
7ee10dbcd
7f5af6eba
7f83273b2
7bb48fa78
0628f65f0
7d1b59a85
7b1b5401a
7aefb122d
023fc6dfb
00822837e
7f4675c87
7a21fb490
7e82f277b
7fe9303ed
7af554a5f
7cd53e30b
03ab86443
7fb8e0002
04112eb4a
02bdb2130
0af743b0d
7e038d11e
785af9358
798631c49
00e0f9ae3
00ced1f9c
7d9e4ada9
02d7af80c
00c7b54bb
015ae7f64
79d668e5f
7e798a3da
03624ead6
7f1942d6e
7f5baf5be
028ac938f
7aa7a3a80
7f29008dd
7eecbe7f0
0435c0243
011742201
02a42fd84
7bb253e2f
7b499f571
7d7707a5a
01564df87
7ebb5661b
05b5c4ee2
7f34eae98
7c0847d61
7f89887cb
7b59d0c13
077f845c3
03919f734
0489df65b
025ca4e95
01812e98b
01df67907
0a1211e6d
039c91502
7fc49741c
7edfa56ef
00e27005f
0062bfeef
7f5a151b3
018ad0282
0098932c9
797676eba
037ebe3d0
043f5d1db
011c391df
002015ec5
051ff5089
79e050508
02f7475bc
7f379186c
02f114fa6
7fe53873c
0173540a7
79e938b4b
04837caf6
7b11cf399
001f87f76
782847ec3
06c2ae853
08fde88e7
01d518d8b
04bdad911
021cd68d8
7eed79a86
04cf1247f
76fa41bfe
023c0ab14
03d775289
019da78c3
042f307c9
012868ad0
7b887d72a
02c7df342
0103c8576
7e5dfabb0
7867e18cf
023821891
79e378575
7d9550681
7eab9a5d9
7ead9c6d2
03fcb95ee
7dee447b3
03ff7e0d3
7df4960e7
016494652
7ecc072cf
7e68d4bbf
7c21ee7d3
7f56d4255
03c078ce0
7e99d97b8
79fa21c8f
0037202db
7b2e938f3
78e4de4b7
78f38631d
7fb3bd8ee
7adf69e84
040f2519f
033653f1f
02882135a
00ae0d75a
02bbb34a5
01fe9906a
0336c76e5
7e0eb72dd
04219eb25
7e0f293ce
01500ec96
0198dc4f9
03abc7645
7ebae13d4
0344031b7
7ff22e5f5
019166802
7d571d5a3
0418be519
7c8095061
7d6b1fcc7
782518855
7ea08b371
0400ac747
7db103d9d
00e1c4220
7ee1a8b32
7ec4632d3
7b757a142
0361096a1
7f49c6f59
7e96ecf3c
7e1755c79
03fb7f79a
7d258172d
7e050d286
7e0d72e21
09e2462df
7eb1f9e8d
7f6504728
00c70d900
058f935cd
7fe98c22b
070a0382a
03d69187e
016431752
78fa7c860
02f02e3d0
08ffd09ec
7e10ed3fc
050326019
07eaa35c7
7f7b164b0
0333147a1
023171a1e
7fc6c7b7c
7b0e8f3cb
7fc525d98
00022cf69
7d561836e
02000969d
00b21c42e
7e8bb0134
051778871
005edadcc
03f94ca1c
7d513c49f
05a6f425f
034c78e0a
7da2788c8
7ef5c5d2e
00e1d40d1
7c160c26b
02ec8c574
7da7643e8
7fd188305
7f34fa355
029dfeaa9
07234cc76
7fb50e39d
024444f57
79397804f
01ea545f5
7e9486c59
037604528
7b4def789
7f122e88a
023bc3af7
7c0ca127b
004f89791
7b4f616b8
7dbc10fc2
7ecb60a80
782a82190
7ce266f2d
00e5709cd
0003a5160
7f5346375
03d2685d6
018861f4e
78bce6d40
06dbfc62f
0598e5ce1
78e929212
03415b8a2
7e5e14bf9
7e59d090b
7c4cd725f
003bf9ba4
028b5aa84
7d0198ba6
7de6eb882
00d8b2260
7e21142ee
060e16cad
7dd58ac04
044236dc8
052ac655b
0595a7954
04deb247e
068a6a056
7c5da2d77
7bedcaa5a
7bc89c042
7c200810d
0518cee1d
7d730dab1
05dececf9
7e7f4a0ae
7fd63892a
02ef69c97
7ff1a5956
054b06af7
01293ca20
0365b01ca
04fb2077d
00f207d68
7ce972446
009155b95
7f5a7b907
7e4d67eb8
7d1ce6dfe
000439b8a
011973c68
7d1053a47
023e64960
7e30f9ee0
0307b4532
7d7354537
7b6dfab98
7eab817d2
7b02b141b
78f404f9a
05641db01
7bcff7566
7e7b9a82b
0042d663e
75d6ca642
039c3a6c3
7fd48c9f2
7f16ac5fb
01602b47b
0093c9df4
7ec897275
00476ed25
0084f28b3
01d704f0f
0296ad6bc
080e022c9
7c4717868
7fb575b8d
7ed075999
7e683e0e8
0b4c436df
7deaec0e7
7a918e109
7ea50a9da
0234a80ab
7f26bc591
01504a397
7b235640f
7b8204592
7e74418b0
7f69dbf92
7fb97b834
09df68245
7b8f3950d
094d24cfd
7c352d322
024a5b97f
7cfeb6ae0
02f98193b
7f9f49dcb
7da067897
7ed0203dd
015032be3
01ec4a232
7c2289151
78cbc10cb
08b8edabd
02bc2fa1e
016081899
009c17135
0407aba4e
006f3383b
7e4c0008c
7c10bb130
008f9d652
7ccc211c8
7d3008464
00b6776ae
016884dc2
064736060
7effea4ec
02b7b1781
011e1b5a2
03df9d17f
7fd9cfeb6
7f7e6853f
01b1602dc
7d11f1ffe
7c82dfd3e
7a138010d
799b06a21
7d7424511
01e2859b5
7a8e30717
0409d67d6
7d2850621
777aa6553
026e226df
06c3b5d3c
06111462d
02cb05eea
0266c02ab
034c945d3
03332c55e
028e3cd3e
7d97819a8
7f7c6a665
7634d4dcd
7dcff2342
7f533b9be
0247edc20
03948b9f6
7f1981c4c
0216b30be
02df5e3b6
030911c47
7d1e5702c
7f5e06d59
7f4acab2e
7aae8410d
7cfb3987c
7d437f639
7dfb83558
785d9d964
7f994cbed
03c53b807
01c65b091
7a903322b
7c995e4ee
7c896356e
009d8ffde
7bb22484d
7ebbfb2df
7fd2504c5
02dd58dd0
01ea12e9c
7f1b7256a
7ebdb1ca4
03e0eaa6e
7a7baa1be
7a6316935
01f82b986
031a9c1d7
7e9faf611
7c060a5e4
000963004
7f66c8dae
7ba5e7412
7dd0f2b62
0638eb8d8
7f12061ac
7eb5f432b
7fccd72fe
03629fe2b
00e4d0de9
065ae5237
7e8e098bb
02dcdff81
7d7d9696e
02ad8520a
029532362
7cb75f869
01c48dc38
07e76c34a
02b994f03
0056d5d56
7f8a99180
006c7685b
01fefb322
0053eec05
7aa569624
7edae3c12
7fccdaef0
00386a08b
7b55d412c
08f0d2d9c
7e8fea4f7
0448a9b74
79197f55d
020f4e508
7acea63f7
012a326e8
7ba195542
067f28af7
01a7868c5
009611921
01f1bf129
027798189
7f7d8e0d0
0021c7b7a
05683793c
7e2e74e94
024b4a317
063578784
79c54682d
036f16e67
7fa2693ab
0d14eac89
02d6cb920
7e2f8f0a2
051ae5314
0263c7c5c
7a51a428d
02084f316
02e7af2be
0a729d9ea
7d27d5a51
7ea7a96ab
00de81c27
03b669544
7c64c98b9
02a32499e
7d2ad3dce
07b004984
7e7bb1b30
01cb37277
059d119eb
034df3b8f
002a3aa68
012596de6
78e23ad45
7d51721c0
00d52efc1
013457dfe
0328ab635
0297776e6
79d8ba5b0
7e3245ed5
053168393
0a5fcc7c0
7dfd0153b
7c7779795
01c803a71
074827b49
00b7a7707
00dbeaf6e
019215b42
00d48e36a
0128de8cf
021a1db48
01cc825e7
063a3dbc7
7f1ebe308
0125b269b
009082972
01eac7724
7f4c31358
03f150143
7d9fe4514
7b27e8c62
7ef1d3d6d
7ad95c9ee
7efa7db15
7c51144d7
7e4c273cb
7e7869541
01017c5e0
7d46d8a83
7f3b5fcea
7ff953946
055d150af
02d0d195d
7e33a540e
039bb7141
7d65e56d4
7e05a1de5
7d7dafdca
7faa4469e
7c69c5637
7deb6b700
7fa72827f
028e837a4
7a9d50406
03c3cf16d
7f07d1f45
00d39bd47
7ebd06fc2
7cb85fc61
0045463a3
02d4ea7f0
02b93e8de
0169f8464
7f1856453
01b109014
000065316
02507952d
7e3adfd01
037ef5e1e
7ca8f9db7
7da4c9fee
76b53e325
7bf6ae049
7d56eee54
7a4ddd5cf
7b0f8bf54
065f859da
79e8f10fa
7cd3f875e
05f27c5b1
043825f77
768d64657
7bb64eeb0
7904c3453
0050ad0d3
062f434b7
7e75a31be
7c3042d95
01bec64f2
01b927784
009348958
0167a8631
03b1645d3
7dbea875c
03f6bf2a4
058bec859
0129f7112
01c11aa5f
7de4e428d
7fe1aa5ba
7b5f729ba
0584cdd5d
029b62bfa
79f5c33fc
79363723b
069449665
014003f92
05ffc7c69
0350969ef
7af2df5fc
7ccd5c65f
04694e449
7df7c67b4
02b5d5c18
02647a182
0390160d2
7dc7a184d
7b70ccf2f
7e5085018
79d023889
00ba301a2
09a51b3df
031eb7774
7fe0394e5
7ecaa82f3
01de308d7
7a84ae111
7d87c2a39
7db2bf3e1
0223aa5bd
047b99218
05204bb31
02d64412f
7593dd18c
7d4686dc6
7f37c46c4
0216081d4
791060728
7c77defd9
7c7a8e8a3
0365744ab
027548281
0260da6c5
7f3e6df49
79622c6df
7a1481c68
05dd896f4
067e0b22c
04ba7b78d
06e7edb9b
7d9384b11
7ead9cdc9
7fb6cfd1e
7ddef89a0
01ef4ee7b
0711cc0be
03264f18f
7c4d8e70e
7e1bfd115
7bef9bc6c
7ee23f717
02b02f09a
7bdeaa31d
007c61614
0096960b9
760be13ec
038bba6bc
7aee72fea
053985878
00b3aedf8
796658b4b
7c5eb9485
7e9ddc5ce
006f18e52
0205e22ce
00aad7f1f
7f06ecfdb
7edb0790a
0056822d5
7f558ca42
02a98390a
02778dad5
7da6ea39c
7a60fb741
7ad176cf4
7e332e2d1
006ba5a2c
0a985e808
082f18cf5
7ef8ff7f9
7e66a9744
0374d9b30
7da64c42d
7f5c6885e
0256ec33d
7fd23d22c
00cb04c07
04c704855
7ad2a0018
02dedbeb3
0149d4089
049edac90
01f5a3721
008fd506e
7d8f26b7a
7f5518700
78eaa32b0
018ebce91
7c79e30a7
7dfb7728a
074f51003
7cbd7c8a6
02be13596
013758fbe
0043696e3
079386894
003b41e89
7f5673ecf
020b3b9b1
009f6aef0
7d70e8e0f
015c47f6c
03923c851
01aefd833
7ecf703ac
7f50d8e7a
7e891661c
013511c49
042de0a47
01e1c77f4
007fa9d5d
7d38a0a50
083e014a2
05dbd483c
7fb008313
0172eea68
7bfd66ebb
7ae901d02
7a07efc28
045e16ee4
01d4e1691
000f0271d
0578a9caa
01166d8b2
02c43ae23
7f0ac950c
7c58d3003
7e6e24dda
7778e43e6
7c1eab4f4
055d6fb2d
7a495623c
0181a96b3
033c1f0c2
01be7815a
7e59ff835
7bcb73667
7e7e5dbb3
02d8ff4c3
7fe3866b2
058270c87
00d58f120
02ea2692c
05512d835
7e6341a22
7e083f87a
0015bb261
0ccb6cf71
04f6b1de0
7edaea1fc
06672c1d5
7fe23f961
077de0812
039baa4f9
05d1582b2
7eefd620e
7da49eab8
7cab5f1f5
7e2660403
00a9f5cb7
02b7d770e
037dfa735
049e30c71
7ef190291
7f5fda87b
017e72c20
0160e3d09
7c9da3855
053d4854c
058dd50a3
0488a1362
027108030
0017ee01a
7d3977089
016170bea
0649eed73
03aaf44d2
0219fd944
0371bd5f4
7d7c9b2cd
7dff5dfff
7c985be69
7bc250025
05abd2687
798ff8405
01a8eb78d
7cf5e085d
76413e9d3
7cea02292
02b00a3ff
047997687
036243f47
026037c98
7eea8251e
07b355be4
7f6527b6f
7eea46ee7
7d57bcf03
7d66dc36e
0030403af
005d9e989
7e5570516
0144de97c
0369eda4b
024891b80
016d59ead
7f8f0b9a3
7c4534efc
02363184b
7feea6e39
7f2c93507
044114084
03e213e4d
001b68f78
7b973cbe7
7a10887a4
7c14f66d0
01f221999
7c2d9a79e
79e8f40d9
78c0b1596
7f960dbd2
00e282efc
7e6fdf419
098abaa71
7f022187e
7e9b96ae0
01c64ee50
7f5e1ef42
04315fed7
7c806c69c
79c3a8d42
7e792a32e
7e3202acb
03cc9e219
77ae0a453
7c7023953
7e9d9d840
00df06e7f
00ac1811b
7c5a82220
7d1e18563
0381c51dd
014177e71
03865d2f9
7e4db8790
7d1aee9eb
00165bb91
7bd8a47ea
0879df798
7b7492681
7b04a9c3c
7dfc86825
7b8fcd7e6
0913a535e
05eb90970
0b1879bd4
02492aff0
00c79846b
05ce15473
061555e24
03662bfbe
7d6043beb
7f899f30f
7bcfa409e
7f60e0a40
0172e5686
7f897d9ce
01e3d5130
7b55ae05a
01daee468
7dd8e8283
067f7d834
06c67efa4
7d6be77ac
7919c3ab4
7c289f07e
011c02f2a
7cf0974fc
03619f183
014c23edc
043b9fe84
7dcaa8c11
7ee33ced0
7c9273083
0362cf9cc
017826f7e
03105f74f
03522604c
7cd23cba6
00bbcb3ce
0139fd70f
00d24c443
7c07559f0
7e4c26fec
04ce43c90
01bfd8769
7c50b1b5a
0069656fd
00b60d448
7dd9b172d
7c7bb772c
7975fc157
001bcc367
02012d624
0561db48a
02bbbc401
009158db7
7cca9ffd1
7e314d35c
006519d90
7dff23583
00a234535
7b961df25
020ad40a0
7dac05c6d
7eeb5d82f
7c76c7d6b
02a6bb470
0140931ec
0167b77cf
7f1e59440
0140ea5de
7b93484a1
00d806415
7fc1d1754
79d0bad8f
0462854e1
05eaaec35
07f2a0040
7e6381a41
024e3eba1
7a1b130d5
7d6a084d1
03b5e8aaa
7d71149c0
7f38a0f45
7a440ddc6
013dc73e0
7e6d5923f
03dd850ce
02be3980f
0139e73c1
7cfadbba7
7e5e4a0fa
016b6d6af
7aa319bfd
024902216
02368a947
7f3833b5a
01bff094f
7dd0de395
7ec77028e
7e7e88469
7cefacb99
7bd4b4efc
006c447ba
000c381af
7d3f9e178
0066b5333
00e4ef8b0
000a4bf32
00e4ebf63
7f5d7f8f9
023692120
7d3931cd7
7e31c502e
016aaef58
014cbd6e2
015ba12ad
00eaf4c38
012081a92
7fe7b888b
7e8a324c9
02416d657
02405a367
00c021b48
01b0c76b9
7c9afa746
7ed641b88
032583d66
7f73a1c13
011ae2b35
7fdbc020e
04fc09162
7d57abdae
04ebe3b7d
7cedf0583
7c85fba99
05a62c05a
7f9fd72d8
7ee0ab315
7a9a19024
0199ba3fb
026b30d60
0312cf2b9
7d99f2602
7fb9bd70f
039d6762d
7a9e6513d
7d4bd1b94
043e03ea4
051ed47d1
7803e2640
7c58f95a9
03d0a066b
7fd978c83
7f213d968
7d8a8a712
7dc796d05
041d14e51
009c0bc64
035f72686
0154d867a
047bd4c97
01cfca9fe
7956114f2
7a6cb4f0a
04446e0aa
00e918d67
071bb67d2
7b5c9c763
02e5a536e
7a864a28c
7f663cce2
7d9b613c9
078aaa5f5
0319becaa
7e4039680
7bf938bd4
0036d6da2
0105ecb49
79f34f7e5
7fcd8b125
01acc3c80
7f1c72f79
065efe77a
7f588655d
00be421c1
032921f32
029b07b63
7facb73b4
77e86f24f
7a38b79f0
045e98c0a
7bd205fc7
7d4ec7622
0037b2d78
7c8225c8d
082726998
7d959eb3f
7d2c1eed2
7c71c4a92
0ada3c2a5
04afd6463
006518e3c
7adb863e4
0472fcf10
046e49bdf
02d17840b
7b5e82bd1
7f550f363
0164d2893
0227690db
7cf51f61f
0059ddda5
79ad9b0b2
7c3289664
03b74fd45
7d5119bb8
7fe4cefb1
02a45d123
7c163038f
7a1d893a0
02aec27c3
005108110
7c63d993e
7cc376963
7f165f0ae
005bc1596
7f56327c8
79c017c55
02a4a788d
7ba855102
7e4c3c567
7f3211e49
7e8930792
7b16287cb
00847790a
7d0376053
003f63404
7992365e2
00e24a472
03262c741
7e995fd74
7e3128be5
01eb6a75a
0328b3b5b
7f69dfa0d
011bc85ef
05f2d1f3e
7fcf40761
7b8f1e470
00f7c395f
05d8fecd8
7d5525984
00ddd7d16
77f63d534
7ea67362b
0224ec49b
0529f1427
7fbfb7b98
7e18c4dd7
06490c390
7c54f39fb
0334e61b5
7f6aab7e3
7f39af54d
7f024ef2a
7e6b6b578
004d949ce
7c6023ace
7d2a191c1
02152d4d7
0731acca8
7d60c29d2
7fd5c9e6e
7de2203d2
7de0f7c59
7f3529995
03191947f
004d22475
005beed01
01cd50030
7e145a2fb
7f43fde57
00d13c904
7ff8e181f
034787ed2
03a26f105
023e110d6
0070ae093
01630c782
7d8b374eb
79dc56be6
015a11ed6
7bba0d4ca
7fe4ddd05
00436ec55
7ce324a52
7ea95218a
7fd48481a
7fbfe18d2
772078c22
00fcc9141
02633463b
03eda4a5b
7f7a7f9b9
00bf04810
7bf81da1c
7ad00daa6
77c888ee4
79f7fff2a
040df3ee8
04fa0ba94
02a489bda
79fa6f045
0184f2e53
04c25ab16
7c5154a4e
7ea1a34b1
003a9d956
7fe840d7b
7d4be87bf
03a541663
002d1224e
7c0a4354b
06fa56fc2
06138c7ae
7eddb8e15
7e1431159
058edaae1
00a0f6e53
0076166f2
09ce3583f
032eafa03
047091c79
7d3b6d90a
7fb04bba3
7fa8f399c
7b8356a71
7f0d5cf3d
06c821ffc
021f036e4
0209c6120
7aee4d0ac
0031ec3de
793ad9811
011ba0cc1
7eedcb18b
021791965
7c1ed984e
01f055cb8
7abe56980
077bb7237
7f8989184
03ddac999
05a5e0663
7b954dc88
035d08e7e
7c9a418c5
7e18f42c5
007325e58
0016b974f
7d40162a3
7a9f3dd66
076813de5
7e92b88e4
0098f00d5
0391973bc
7dc478cff
019425a1a
0132dbdba
010eb2767
010656ef8
7b91e0e6d
069b37f31
7c249081f
05880da0a
7e16994bb
02eed47d3
7b11ddde8
06de60c46
78de0af08
01fc80102
7aec4ef61
081f1bd0e
00191d31d
00fe9af06
7dd3e1473
0907ee1d0
7e97778c1
7eb21fa9a
0147d95bc
00f3f1697
038a6c529
007e9adba
04c4519d3
7b300d2c0
0444c2e4e
7c01b2643
042524fea
7940c7c70
00779b689
7c40ea0a4
7ff059984
79ac7f3b2
00de23d4c
7f6c46d19
7e4423af5
00f8797e4
7c182cbf8
7f70d4719
04aa85e4e
027670f60
7fdf03c74
03ae121ef
7f03dddbe
7f9572481
0666b246f
7f7200923
7ef146ba2
03ad1d15d
008fb45d8
7db8891a4
007bb00a0
7cf1b2f24
797950553
01a89c755
0255e47ee
0407e7694
7c12ffa8d
0276595a9
0097da17c
01352d0fa
7e1aab931
7e8214d31
01492f7ce
056c0c65e
7b5e75639
0579f1238
7b6344d6c
7ac10059e
024d1accf
7dcbdd121
030a5abf1
03f9f9384
01d29ce73
02712cc8a
760f5e486
7f17820cd
0251a1ef2
7dea49fc3
02f6932cb
7f9273214
79bb4f208
016b63576
049cde705
0054453ed
7ecc8bb94
009f86e61
7f62b6af5
7e55c85b6
7fb5c2401
7dbf81ea5
044f089ca
7fe09d315
7e31a3c39
01bd28ae6
025b1044e
03ce610b1
7e6a6c079
7fda9d4b2
00eea3110
0359af3be
7f1c95a0b
7ffb2da55
0139e5ba0
04ccd802a
016541a0e
01adde2cf
0606e80f1
7dcb7a022
7c5bb831d
79a2155a4
009769b46
047ed454d
7e7af391e
069dd8f60
08f62ea9f
7bde055b1
718cf4764
01bdc5183
7f31f7e8c
7b7bd5d42
03124808c
7cbd33f32
7adb436e0
02426758d
05b55ef22
03b67ceb9
7f42f45ea
7e072e3a2
00fa4c250
7d873fb4e
7a964b43e
015fe7f63
069ac3e80
01d08feb6
7ef00a567
00e455767
05065b7b1
04d438b4a
7bea66690
0785607ba
053c83392
7d3669b27
0267bc585
79d567293
77c689777
77cfb8260
7fd8fb990
7f3f04e49
7fae7312c
7ed5e96f5
7c681197b
7d00a7f54
041181b70
7efa32160
7e1670f0c
02c36d4aa
03b164362
02bedf92c
00db266d0
7e38430b1
03082224d
7a809c8ff
7ea9ea75f
7cde84c87
04f447137
01b239819
7d3ad933b
7b998e2ab
7fcd4758c
7e42e7dba
7d19323ed
04d0e7b1a
04c1e2d04
025a6979a
7ff55126f
7ea844e16
7b09ae746
045823cbb
7f13d4b37
025882990
05f589ce6
7be9ee9b3
7f16ffbec
7e126fd77
7fbd6b006
7a4d82638
78bbc106d
7ad6fa3ac
7ccb2c9d2
7eee52e5a
00d8bf3c4
0110cd874
02d8e17fc
01405b649
00dbfbb17
0139dcd01
7d6084224
034a9c628
7f25df8d5
7b2bb5f5e
07c63ffd6
0389757fd
086da0b8f
016fc9c64
7fc296569
7d7ad0a98
7d33a1a07
044d327b2
03ae9a989
0380c45e6
0491eef32
00c2ecdc8
029e01bc6
7dd3d159a
7bf946dcc
7b368a21b
7ea5904b2
7ec593a18
79e1dd4ee
7c5939396
05f325d27
010903a37
02cdc4c65
7c4adf62c
0191150cc
027dfb4ef
7df3607e3
7fcacb851
019245321
019ceb694
7e3bcf11c
7dbe223d3
0213c020c
7e21beb3d
013d63ee6
7fc56168a
7c9ab92e3
7fed15b8f
7d9842c6b
7b4f73078
7d0c76242
036cb6282
049c944e1
7fb5a99b8
01899ed32
002d54ae0
7b49d669f
0b79b6176
0013f18a2
7b5b41e99
03db17add
02944bbc0
7ab147432
045ec343b
7f5aa9b5e
7fb0837cf
06e745209
01920da09
7c4562b3b
01d3681af
7c19a52dc
78c82619d
014437df9
02bb8bb01
7ea33cdb5
022655d59
06982d6e5
7e9293467
03a39859e
032ffdbff
01d3683bd
041fa1087
00c4dceed
7c5daf7b4
7d1da5bdd
082372217
7bd7712fe
7e8f04945
01580341f
0047c766d
78b334627
006c17b8d
0065dc55c
01eaadbc5
7d7c8bd25
01a8f641d
7e80c637e
7863e4de9
7c51eff33
04c1dd3cd
7fbf23797
7e89f25dd
7fb09f829
0405d08cd
03be9b755
005f75292
003575f3b
7dee3ae05
00d048cc9
7eea8aa88
7d1283cd2
02b566974
05872dab5
01970d3fa
7f3b74a77
7fa51f573
045a0b45a
7e1fa5b43
7c62c07e2
038c565c6
7f88eed96
02e76e0f0
0130e0cb3
00ea368f0
7edad06a1
7ef574a30
7f569eed0
08494b7d8
7be74bcfc
098df4003
7916ff847
06d6822e3
7f6280e5e
7b1720ba7
027a2a3af
03d0f9d24
7b380f5fa
7f960a2ae
00d7404a4
795811393
0262a779d
7e1e0b06c
00b9c81ba
02ff536ca
0130bffd1
066ac5b45
79ad09fde
064cdde0d
01970ecaf
7c5609f0b
03141e28b
016035579
0910cf896
008686307
009fc3f4f
004f065d1
034feb775
7f253da67
7a73fb1af
07858d861
7d1527035
7d2727edc
006bc3dde
79ae1489d
7e0e3aeb8
011047d6b
7d40e7f34
7d0a31c3b
01b2d3b96
02a4c2790
7c4ad8284
7a25877f4
08077300f
03fbe800a
00875236c
7b7ee2a51
016a49ce4
7fb27ea9b
0060e2652
7eee49127
066e5da58
026f2fd0e
021e03f0e
0061c3a0a
7f6fc46ec
00ad7db5a
014c27999
0685ae6a0
00674312f
79ba73489
7db94f1a6
7fe76f816
7ac94a376
02b10eae3
7e383ac23
03cc64201
0189a3358
7aa49c603
7c82b8e74
7c1b75b21
7ead06b0a
01c805c4b
7e9778938
7ce7e878b
03be538b3
0422a04f5
00ca2b471
01d5a19de
036823dfb
7f2a11796
02aef1fee
7a3725693
7ee9236d9
0422317f8
0348fcdda
7da01efde
0286742b4
01ecf8040
00b68f718
7f90cdc26
02d7e68fd
024808f57
02328686b
017ea48e2
7cc363c73
018164f40
7fbd5a542
07c3e8633
018dd8e2a
7770a33b5
7c42927a7
008f80109
7ca8237ad
02c6fd62e
7d470e2aa
7ace533ed
7a88669c7
03599e059
7ad0d5121
05e6432b7
0191d157a
0402bf0e1
00fe1dec5
025e3b055
7f3e37e7f
7f7e554e0
7b64c2b1e
7dbea1174
029239b6e
04e9dfbfd
77f5d96c5
001a23f60
78e797bea
039680c61
7def94e63
7cefefc1e
022ddd2ff
7f6b48263
7fb14d38a
017f880b0
0078b7f0d
012faeb94
00eea4abc
7f710d05c
03b8aadd9
026d966cd
7c1fe9a85
7dfb76631
0200ef269
01de74099
04169a098
7fa31ef66
0350b1c78
002e1c14c
7dba0ef61
7d214e01b
01b5c409e
02e9498e7
027432547
79abca52a
7f60fa4fa
7ec60354c
734a06641
7bb47e860
7c38de057
7e2e323ed
0357f1421
07c5bd5d3
018c57553
06dd94c53
04a03d9f8
020a4cb36
02dc85f47
7fa2ee8db
03b63dbda
7bb4a4eea
04810c042
7e18c040e
076a9b664
008c363a7
04983ec45
7df635e1f
7f775be31
007557fc7
02daee002
00645cc6b
07ae074d8
0378637ed
03f8f9abe
0293a2442
02b9a33cc
083d2b2b7
06b2cbc4d
011b826ad
78a99a27b
7e94c17c5
7e7e959a0
034d84740
013dacb49
02c821b1e
7f9daf1d9
7e2054a3f
7d86c5c4b
7ec61ab28
7dfafc36a
7da0ebb07
013c21927
01dfa7d12
7ee3827b8
0101f54e8
7b6f5bee0
000e9386d
7e4db7400
030db6921
7de08f8a6
7c1d36777
014d6e49e
7ec5f1162
0674e80d4
05d7fb12c
0705d2fdc
0644fa296
7fd3eeb0a
7f6e80b9f
003c35cf6
00d3042bb
7dcb8f78e
04d7154ab
03ed5a3a1
087a62507
00eac69f4
019c6f6aa
7e802a0e3
7ecb573b5
0236c1955
7e9d49ec8
7dfc57de7
7b924a130
0153d2291
024836194
01396cec1
7d80a469f
7e6b2b74e
003edd4ee
003318c67
048a22f75
7dd48a853
0475e6615
022008955
7d0735f44
7a555b48f
7c5ae2fe4
01f22177c
7d888ec73
7c8d49576
011ce26a5
7b4b0f52d
0372e824e
026f49c4b
0167f48fc
7e4a789fe
7b461b225
7f6c6f298
03e671749
7cc11b82c
7ecec1c67
7f6dd1e1a
00015e930
7e1cdc371
7b74b8258
7ef8670fe
7c4332122
7c39de045
7e1552701
7e75b67f5
015d77820
7bf5ca7e9
78ca288df
07001dc9f
01c974447
004b7a18c
7f4161f3a
030f35263
7e8d82e67
06ff4e87a
07e734572
025262745
7f4d947be
790389c95
03b7621bb
7d687b8f8
7e3e07b83
7af646ea5
7996b47df
00c167a1b
02027f51b
7ba398a72
042bb421e
013c1fb0d
0035aa37b
00558c577
7e39ff050
7e039f2d8
7fe4630b2
78e6405b7
7fc186c33
7d4f23662
7be049074
7b7061807
7c4d5322b
01adeefab
02530fe84
7f1e2e4d1
00ca6d9fe
000160cc0
01c6c2b52
03265d40d
009767f9c
7de79df77
7a48e63f2
7fd57b059
041c33956
7dc5c495b
7fc5b0e73
01e62aa21
79a46957c
7bd391021
7e6570b8c
7b71a7b43
01ae3df42
01892a4c1
7f7c7664c
7e8dd9673
78fdaa53e
002430682
7bae2bf5d
7e696fa2a
7ebf4bb32
01dea9dc1
7fc489a34
7cb867d5d
7ef9036c3
07b770035
06610ad1d
7f3bd3e70
008eaf375
03078e1dd
7ed28e0e0
7bcaaa905
7639fa657
02a3e115d
7a5a80322
7fe4a535b
00c899f76
000b9bc5c
090ae91ff
0186c00d6
05fe40a07
7fa790dce
037ed722f
7ecf77dd8
0051526f7
7ca635e3f
7b808fb6e
7bfb0d411
7a803e68f
0011b72b9
02687f41d
7d7b7fe91
01af62e5d
02627efd0
01170e19e
00b09d480
7fca18ef9
0143ee15a
7d730f9e8
7eadbd507
002c50116
0287e1102
7ecefc1df
04080f608
7ecbbbeac
03e93c740
02d2d915a
7c82e97da
7e988aa7c
7ca75a0d9
0493ea527
00a4dcfd8
01f078a15
0955374f5
7cd2a71c1
7e6519a8f
7f265c571
05c03f830
79c5579de
01c28cac1
7bd391041
7f2b5459d
7d99f8038
7fb0892d1
01affa8f6
0080742f0
06344f24a
7e77e59d8
03c063885
007401e52
7e2433a62
7f973bc3b
7fc5a957d
049d6ea5b
7968414cf
026a8fb27
7b871936f
7e7e7a03e
00ccee549
7a7aa9631
7624abacc
7df6d1503
01e8a040c
029a2bfb7
0405aed80
7d22066ba
010b193bc
7f372c2a9
0219cb05d
00d48adcf
034995a4c
00d2b98d1
7e6a9f345
067de49f3
020b3a922
07b6cc54a
742272c80
046275079
7d2d5db38
039de0601
074d05117
7c53ca4ea
013e08e19
7d8d52da4
7cd28e7e3
7fbe355d3
7e365fd1e
02ca2787c
0349c4845
011d9da3f
7a495c5fa
052def21a
02457a79b
7de428a86
7be7e1c4d
015fbefa0
7c0bc85ed
7d954c25b
05adce0c5
01d6936bf
77b0151d5
0264cd9a5
0083a0ed7
01351e5d6
0647e0a34
7eab8f3f4
7d6978933
7bb9d31a2
0330a6418
7e6985eb2
7e6fc6fe2
7cce084be
7f2148227
0537152d9
01ac5d503
7bc605213
053b79795
79bdb98ca
0182b1ebd
0346cfcba
7c8214920
7ffe2fb5d
0038bd782
7955c9b34
7db308653
7c9a9ae4d
7eca13d27
00ab7c47d
002073e0c
01deb2c91
07ea91ede
7a974fc34
7df25ca8c
7c34e11b6
057775c00
7a340d76a
7c2aea08c
7c0edee51
00d9d3949
7e3666808
01ff97146
04b743828
01ab633c2
7fdf76cc0
05d4a8a7c
7de2b9042
7d21980dd
04747471f
011502e16
7d9b7b948
0297f9c1b
7de9a938f
7a5317c28
0171a0027
00865e46f
0249f3047
7d269e557
0027d44bc
014968339
7ef1d136c
05407af24
7f0952a9d
7fea83488
009027670
7daa1d64d
7c4902501
7d8ce4910
7f91e2d57
7e677bd4c
06340129d
7d3033bb2
013fa0c4d
031cc28b9
7d6d12e88
005482d20
7b1fcfa2f
74bfa464e
7fed48e2c
7f2eadba9
015c5f5a1
0220e7e56
011b1df6b
018f9a1b6
7d716bc34
7ca24142f
7d5a703ae
004633a8f
08a4f8a52
7b409b0e2
003671093
044436298
05381bc04
069dfe9af
7e7799710
006e170b4
7e5610d5e
032a29316
7f4b10a0e
00d0ca76e
7eb2607ca
777683e9e
7de65288e
03bc23d6c
00d72e8da
7f0b3b762
01cbb6beb
7fa8b908d
011113c26
025fbcbbd
0062e1ed2
7ec4ea9b0
7c5c768c2
0066eca81
04fcebb4b
7aaafea59
7e378b325
059d49ea5
081dced7e
04a0977c2
7f29c870d
7ba7bd83c
042b3a9d7
7eaa0f084
7c424f16a
03cd9d59b
014259c1c
7f96b0f8a
77c6b9f49
01b0b4e6d
030266cc9
7aaea5fb0
01be19740
052744d00
7ffa01ac5
0062e4c26
04151eb08
7e1c49304
7d238ce1b
01ee188d8
7e74d3568
7cf021e52
7cd1b51d3
01a49a9d6
02f317d43
784149c24
7f73f8aef
7b8b9cb36
0365a2067
792af4284
023b63e32
7fda1b90f
01f8f9031
7ec1a2518
7f9701921
007873c2e
032ef5ddb
7cd1a7a96
018062100
7d906efd2
05607856f
7bca404c5
7f556d27f
7f747d981
7e1c57ac0
7a30d91b7
023f44e6b
02cbd4bb6
7acf8ffe8
7ca5c31cf
007a2a930
004e4f835
7ecaff881
008c253b7
7b82ecdc9
7c5adc956
00fd1e6f6
04db2fb9c
03ba5a3bf
01d212136
02e20158f
004fac447
0257f08d1
038851bac
7ed46ce17
7fe275f82
7de0b535b
06ce4b2b4
05df16504
072363a72
7f5d7bd04
7d94ba0e6
7c73c10f3
79e0dc181
0b7b0ee7f
77d1758e1
7e8ff841b
7be999d77
05cafb5ec
020052fb8
7a32c5c34
7def68359
01b2ac08e
02208c28f
7945b299b
7b1c31d31
7c6194008
7de0e402a
01dc462bc
7d386fd7d
7f8666035
7796da3f8
7f2a4799a
7e53b3980
012aac39e
00768f859
7db298de2
7ca7c1368
06d298b67
7c2abab10
7cb19f8b2
7b7a74f28
034547876
0043974b5
7e9964e37
00ba1defb
78074ad42
7f5f5532c
784e6d7df
7b7ed3c16
774b7c855
0586a6d42
7b26e8031
035231248
0111087bb
004f8bab3
7d0df6302
7ad1ca2b1
056591879
041db5e14
7f6cc8a35
06d9c8542
0869768b1
04a87408a
03e8a0364
7fa774998
0a39bf826
0200c9760
03ea83517
02ac53d9e
00b4279f7
7e4c12dc1
7d01c7e16
03cc3e973
7bcfa7c21
787c49e10
7e337c2a6
77b99c593
7efb78234
019f5bee4
00e6273b0
00c8f347a
7f6f52994
7bf820b65
79ed83c42
7b0e8fac3
7f23defc7
02f2e3509
7de34e9fa
7b8ad31b5
059e4f940
7e5dfc068
0504462bf
7e3d68edc
7f3c64d6b
7be9192da
0479d4ecc
057c20517
798168e31
023526678
00790aef5
017e1ea30
7e6000ed8
7dc9f752a
7c4ce2832
015ddd830
7d8d6002e
009e48d80
7f7246cb0
01dfc075a
7d5c275fa
7d4db7b84
7ce2d3ea2
004a52851
7fbd9fc15
033acec39
7f2d3f698
048132ed7
7bb4adcc5
00f48bb4c
017b6e14f
050bc9858
7d9955933
7ecc66708
7cec30ad0
01a42c45c
0438452d2
7e0924734
012c013c0
7b93c8c5c
7a98b7afc
7f2667796
0458b3499
7c8d9fc80
004b03192
7e0046f2c
7efefb7fc
07de3d55c
7c6ab703a
04f952123
03f589bb0
08c5fd9a4
04efd4460
00334ee5e
0136da06c
7ce4e1581
08991e4c9
7c58ab2b2
04a171255
7e3a01bbe
014ba9752
7e323315b
01acb6962
7f2fb7ab3
00e9ca15d
0083f5fde
003255615
01bdad84e
7d77bcdcb
072b91ba5
795a88050
05204cd3d
01c904c0b
00d0b8061
7f471dc27
7f9328d6b
7eb038294
7e4ea3a4b
0133629fc
0424c08dd
7b15fb5c9
7c74f254e
7eed4abae
7dcc9fbb0
01b7d43bf
009ccebc3
02f73202d
7ac6d79ca
00ea7d4ea
025c68481
7bdf0b7a5
00e867b0f
7f21b3c31
00a84d656
7dd02e6de
7780a4ecb
7f701e88c
02deff949
7f30118f3
7dc71143e
00868554f
79de91f75
7fec82815
7bc0f8c18
7df1ce9aa
7fbf4f1c1
7b0265246
7a97f79c1
00bba6f9e
0326ec015
7fce296ab
7e69671f7
7866ed571
02a2b5b9d
7b74ce9b7
7e40bec17
01edf946a
7d3d0ab66
7e9691ccb
795cde645
7b7ffa300
7ac053f2a
7ea98fd10
7fb144f41
02b6c673e
03a0bfff8
03ef0542b
00d4d2899
7b7c99f45
0173b3953
7c47c81fa
7f8804b99
7bcf76515
074ea59ac
7a25d196e
79bb5ef55
7ab62b442
040b73f4a
797880801
7e2c61f21
7d066cd77
03584c268
7d138de7f
0265856b3
00b322324
0645de45f
7c54b2e64
7e5811095
79ee2afd1
03cc88c06
7cf1b4afe
048f96eba
02ab0e172
041e8ea90
7c4ac5092
7512b138b
7dcedc8ee
7bbb1509c
006436a51
012c62ab5
75a3b0fca
020bbe740
7fc683133
7d2268f94
04c97977e
02bb74652
0001a3c90
7f555b441
7e17465d4
7f08f15b9
0329176ab
00cf61831
035aa9305
7e598a5ac
0293c7e2e
7979e8717
0007feab2
05b4f8482
7a9057511
76ba654d3
7a574ca71
79cfa3952
04d23b50d
7e46daa51
76cb1d6e4
7ceead155
01992f021
021ac2f6f
7fb0d75bd
7b6e8a8cf
7acd571d7
032e92c1a
0049da270
011c6a0f5
7e58ce715
7edc00e86
00ff2d9b5
7f8e7a908
7dcfd5382
0298384c3
7f087bcaa
0153027d8
7aa3ccbd7
77c3b792f
7d8634d8c
0041e9ffd
7e1a46139
028066a8a
7a7553c07
017a403ef
7ec500028
7cbe9fcf9
04ee3f8eb
02918bb23
7ff0b226a
7e6102022
7dc2a2f42
0022401b4
0504167d1
03ffcf6cb
79d3b19b8
006785d54
069dd16f0
7fb3eddd1
7d1f29aa3
7cfed2d87
7b140d7a8
7b5ef25c3
78f503966
04054718a
0153b418f
009aba8fb
7c8266114
005bc6fb8
7ee91a151
00738a7b2
7e1b11b4a
005e3c477
7fae97a4e
065a82ab5
7ffbce9b1
001ee2863
7bf64b7e6
009835ef9
7fec879d9
014dca86b
7d2a813e6
0357e2d3d
02d7bfa4b
7e310d40d
7b5109bc1
7a1ba0121
01b6fc0e0
7f955d022
7a5c60cf0
067afa7c1
00da682c6
0131b5486
7be19be43
02b1d1a59
05b3476cd
7b3cffc3f
7adf43c4b
00913bd2d
7f00a54e9
7ed539f7f
007ade170
7ba83a422
7e346c586
01fdd69c8
00efb6b26
03414be5c
7d3c13864
7f116ca5d
0285b9338
7ef991c5b
7bad715b5
7f82269d4
02920ad84
7a4562e95
7e043c2c9
0077f9f0d
7949449a0
039f9500f
7e65734e4
7dc1684c4
7ea449502
03cd9814e
7b2244139
0087eb9fe
080831ae1
7d53f2ec3
7daeb42a9
7adea0f84
7bfed3abc
7a5b7dbc2
77e664f5a
04390e035
7eae15286
024355908
02f621ba9
7d14316bb
7d62bae51
7af8beb61
79cdc41f5
0386b5994
7ba9d6d8e
0275332e8
7fb4ac1df
7f1905992
030427811
05682431f
7e39d9837
7f3970bae
7ef610219
023b6914c
7d4149419
7dcf098f8
0105d9679
0414a3f0a
02d2158d1
7cafae36f
034b6c68d
7cfda9b47
001636084
040e0bebc
7d6f02ad7
7e6b862b4
02c59005e
7dc6ba08e
7df6b24e0
7ea164a63
7f1aa0f84
015401d89
7cb8608ee
00933a798
7cde5874d
0172f953d
008de5d8a
03bf2b014
039c43d45
7fc56b12e
7d8dd3599
77b4ebf59
7ec5df0f4
007daf782
7fa6929f9
7df901ed8
05184846b
7b341c787
7da83cba4
017bbe639
79fd7e391
798ab58b7
7baf11c11
7f5cec002
0002d89ae
79737a826
01711516b
7bb889e07
74f9f3290
7d2ff6912
03eb4360e
00a736bfe
79aef83e7
7a6ab7bdc
7fec77c61
78d23fe12
7976239c3
012badf84
7da9c249a
01cf9587d
004679b52
7e57d65e8
037b25763
749544783
7b7164e92
00766efd3
028de51a6
008fa1349
7a7369bf5
0339957bb
7fdc616f8
074a1e80d
07201b293
0595b428e
7fd102361
05273981c
0158c5b09
7eaf7b80c
7f8778d62
7c7c03697
7fe0b4fca
7af3a0837
781585b62
02d9c6adf
7faea021a
7edb53afc
06a98fbd9
7f00db48c
7c3a59df9
7e5c0e590
7fc288d48
7efde3b4d
7b63b74d6
7cc00b8ed
0153057e0
04b4320ba
7fc9de479
76d91b961
7f9932002
01c852809
03340cca2
03f4de3f2
00dc811b0
7cfde6415
7fd52e2de
7b4ec0879
7f08e0334
79cb6a584
007ad87ff
0131dfb5a
02f1173e1
7bf57f0a5
7e352ef18
7e3c16f7e
7fccfaa39
03ff13a43
01b5e671c
7d94ed914
03315e4b6
7c7b6d879
7c070b99c
7beb5173f
03d5edc9f
01c481361
039815c4d
00715fb78
0277b564d
7a37760b0
7fd2482e6
7b79bd5db
7ccaf5d27
7a1b14f58
7f350a766
048b2d524
7ffe3d9b9
05c1910e2
7ff100673
04c128f7f
00ff729e0
018e6165e
0498e7861
7ef9e3906
009f4bdf3
7eef37edb
7f3e4b012
79e89a9b4
0432b2de1
7e342aa1b
0282cfbad
01e13069b
036b7555e
789bcd3ca
7f4b7512f
7a6f6ab0a
00f273910
035596916
7da8ddfb4
7ddd54934
7b53f3fc2
005392200
01a586068
7f69d4bee
7cf0a6de3
7df28915f
00c303d06
02c3a1649
7a435343b
7fe5feda1
7db21cd5c
7cb021dd3
765f878a8
7fb49105e
7f8e5f58d
05ae525b3
7c66ebf81
01645490b
00068b70b
035e204dd
03a52af2a
001c5880d
01986c5b3
006fc6b13
017acfec3
7e5ad30ea
7e8c9c06c
7f645bf9b
7bbc3ffea
7ccc89282
7a71e93f5
0655f910d
034b7a740
7c903ae38
014c68b3b
7eb7b550a
052fe9e64
03e7e6d71
7f009e8d5
78bac95b1
7e3dbacd1
021199601
020aac7bb
048ac32d8
7fc83dc04
797f06953
7d749445b
01c1b7c2c
05a7153d9
7c329f904
7c6a635ad
0621827bc
7d4a3ba2c
0126d5b26
05508511b
7cd51dbac
7ff4ae72f
7a928b77d
7ed0edc27
7d5544331
03cf05012
048ba747b
7ffd3d493
018718cc9
7ac1a8e22
024c29fb5
0049f9ecf
7cc3ba0ca
7f991b7af
03b89f64e
01dbef304
7d1207f33
02db6073a
04ddf8210
00a05185b
7adae56b1
0248722fc
7ecde7db7
00a4ac3b5
77aeea28f
01aafa32c
01b21694b
7f8d39c14
0216a9559
7e20fdac5
7f8d77007
02dbcf778
7e5fc53eb
7ce930a0c
7c6eea7b9
00fa90ecd
0399e9fa7
7f3063d92
7c8d035cf
7d065a897
0082a1409
7db3cc26d
7e021a1e1
0172ec419
002a18645
01adcf217
7ccd4b5d9
7bf08ae35
7ed3fa143
0020c3037
7f5053878
7e2cc924a
028649349
7e02ae013
75c7a5009
038c744e2
054115954
7e863d7fa
78cc7794b
054ecd8f9
7cca40e67
7cecc3c20
004cd0e51
056c4d02e
7c6590038
02fa8ae98
030d8cbff
0469f351e
010ff2ff2
7e9da3eb7
7cebbf898
7d3091d77
07876a327
030df82c5
00a5a1a9f
0097fc440
00c1ecec5
7fa164f50
033223ee8
7715d0eb8
0164884d5
7de0f1ce7
7d6a37531
7bd88783d
00292b8e9
7f612810e
7ffda3a47
08439ca13
7f398dfec
7eb268091
05c368630
02ae532d3
7d00369dd
05f447691
7501e731d
00c8766a7
755af0228
0411fd7f6
7f4ec6aa9
03847cf57
00b132133
7e57917e9
05c07fb5e
7f2f420be
043eca69d
764bb8a33
0239a9dfd
7f2fb908d
074612f74
05b904f86
046c926cb
01e5943b3
7f6d8a798
7e0a1e8c1
7e39623d7
02cafe396
7fe118bdb
7971f16d1
7ffe1e7cb
04703887d
0336c25af
02ad510ab
00a38715c
7fc33b416
7b5f057f2
788c4440d
01e0fdf6a
7cea28fb4
0566fd714
7f4ed2a68
7e912b0e6
7eac066a5
076eaa1d7
05e586f96
033d9c7fe
0449ad388
7fc931ee6
07ee40413
01cec5d03
7e8450201
7a4fc470f
7e1e408e2
7f43a728c
07400f017
0377b28e8
7cbf45a73
03ae64769
7f60cab90
7a9dc9d41
7c9038abb
01fbd85de
7f2db2934
06f2d6715
7b8f4c0dd
02ebb6c0a
001140fea
7e4788388
7da3cd59e
018f649ef
005379196
00f760359
0025d86a7
042db81b1
052e71943
7f4d96b02
01623bfb8
0195ebb07
7bce5394f
7f5fe89f9
7d531219d
02b064eb6
7fd926304
04c9cb4bc
01d312a88
018e23672
7d2c34dd0
7860cd9d1
03d6d5ee1
7bcaceba6
06bd415a2
7930c4cce
7c7bb4b56
052f01fb8
7bafded65
07991f06a
770a593b5
01b6d0170
7e0a5578d
026df0363
7f827e71d
7ef9132cd
02328978a
7d966bdf0
0372268f4
7a44b6864
029e2cea7
7bf627f1e
7dc0df77d
00ccdb18b
041f4184f
03705b6c4
7e11ffd99
7ee21bd11
7f867402f
059f08b3a
7d10d3f8e
008e58b65
7f947c702
7c3764b30
014ec7452
017b6c50c
035968297
7e4e2697a
00a66fb06
7f063261d
7e72fb6a1
7b5626758
0a603b0ae
0951c447c
001b13df6
7cab8b782
023b849ae
013e59f2b
7bf6ac344
045d52347
7d17d0095
7adc0d1c4
7f2eca208
0744af458
7dce0944e
0374f25d1
7ed745e85
7c8d66c3f
00fd2f74f
01d370e0b
0415efe9e
059367e6d
7c01c211e
0022a442f
7f98fe440
7a57c4a05
7fc52b3f9
02c285d36
01bd6d853
0256cfac1
7f0825753
01cb4c293
053af51d7
04c1b9fe8
798a09936
7a6491e4d
7e74bc8bb
7c59bd3f6
0653a1fff
7ed02697f
015ea071c
05456d96c
00aab5668
7d003eefd
01787ae3c
072d20cc5
7d65f5721
003333ca2
7f444f6ba
786eb6a46
06143fe32
08ec2ac85
050d99206
7dfaaa0f9
7e14adba2
00c926136
00d3a86a8
00cbb98d4
0262c56a0
7f7299cab
061f4f855
030c17c1b
01b4c2043
7e36e533a
7a367d0c6
7fc6ec990
01391163e
7efb7bc1b
0271231d6
7f2a162f9
03496a4a1
057e40d31
7eee6d583
7f8c0676b
01edc2995
03211a82f
7abed23a8
0043abf48
7e2854a25
7adc7f6d2
0855b91f8
008c61383
7e517e3ca
7e37a90b2
06aa56366
7b859be8c
79a7fd762
042ad7e03
043c7bcf4
7ec7a0824
03a402af4
7da496d56
7f33f3397
029cb6c6a
02b86d920
00470a426
7afb56fe6
042016bff
7b61a205d
7f611a6fc
01f85f64d
7c73032bb
018a6cb01
01caa3d44
7ed1ffe1b
012be2cec
7eac5bac8
05ab511ab
7e3d07b72
7e9bdd737
7836c2163
7f1f52794
04d724b72
0244f23b1
014344049
79f048fe2
07e70419a
00e3253d8
7c8b35c34
7fc8561c5
02455e626
00985fc2a
019830f5d
0106add76
7f5a4db65
7624bcd17
7ae0b295d
7d8557d4c
046da80b2
02a8a9480
01c85ed7d
77c120827
0211b562e
79c0ff0d8
018b35cdf
05e1db768
0364c48d0
7f073db99
78a72988a
7feac29f2
00127e631
7f54d2b50
7b47ab0bc
009eba6f9
0330431d7
019e9c6ca
0002692fb
7b482dc95
7ee4df46a
7c6805b35
7da7d0ee4
03f35d7f8
05c4f39f6
7dd0ba4e1
7bf951ba6
7f40a1365
7dfd08890
7a4f0bd14
7e961c8f2
7a9f0d81c
050490f69
7b7a56464
03c19dbe3
7d384e332
7bc215d80
02adaa0de
00343a454
7be792929
06751b74e
03899dcd0
04255a9b5
02199ba78
009bf1e83
7e7402b3a
006620c5a
7ffeaf13c
76b4ccd17
7f029c5ec
7fc4e6d50
7f314c575
00a5a5e85
7f3a8b522
791455972
03e27a718
7b77b19c8
7f8f504d8
7e0ddc597
0665ce446
7b7a00981
7beea79fd
00ec7e952
02c7710b2
7f81b8c05
755f7ecde
03bdc4b82
0066d9d8d
7ab853ebb
0353a5074
05dda50ea
7aec658ea
02478ed6a
0870d9d44
7e85ccdfc
7af758ef4
07435fdfc
7f020db80
7d63d6618
7a50eb57d
7e1f1f824
0772e061f
7afd36f12
03fcece2c
7ea5f805b
00a59cc19
04f9108d9
01d9e9f78
003ff5fb4
7d530d7c8
028a0b1a3
7d9a64997
018267b01
7ff723d19
065a7310a
7f33f6820
7d880e408
7c8cc7cea
01190fd96
7e29c9cfe
00861b284
0248dc343
04e43148d
00e2b0d87
09ded1145
024219993
002d5c13b
78b909dd9
07586d27b
0297eca93
7e2213bca
7d2991d78
7e5fcbdc9
07d403c62
7cf862c65
7efd427e4
03afd155e
7f1353407
7cac3a3a5
019aa696a
00fced032
7c46888b5
7cd5ba25d
0001b92c6
7cd090103
02b918823
7a53cec17
01acb4ce3
01fc8bdff
01d7b7131
0a8f0ec7c
01b5e0618
7d7cb1606
0088c3752
0356eb9bb
001f4371a
7b6c607ea
7e8f5b45e
791347c1c
031e01695
0148167f1
056a3f950
0279a65c2
7b24e09e3
79ed3797f
7ef0a73b1
021790d18
03c916eb8
04e268611
00a4450e2
787aba5fd
7dcd0210f
0602169a9
7cc9aba3a
02c9560e7
02c09dd35
7faaa86a0
0257df7b3
7e4d4576b
04a33c54e
00e255b5b
797182084
047b88370
7d91a1ad5
7bd9481b4
04032d6ab
011dfd26b
01a2da06e
7d6c4da24
04a960da8
08e5676e0
7c2671c50
03216624f
7d9555768
05a44786c
042ed3c74
00c9dc373
0b603b603
7f25e8c87
735858053
0401c9c92
7c3fdb7ca
7fdb1abbf
7cff7c47f
7fd195ca0
7da5ea905
7d97ead62
02bb20506
7f7eee76a
0100c89f0
7d10a8509
0090d47ad
7ee79a913
7f360321c
7ec6e025f
046de591d
040e9e22c
06793cc0f
7bec3872b
064cd0ae4
7f258b0c6
0190c0b6d
7fef873a5
00254149e
0417d0895
02d05c35b
7d3ffe308
031a4267b
03029851c
031ab7840
7a00254f5
0085231e0
0442afd00
7f6e16ee4
004ae7e55
7ffaae747
77eeef6e9
7f7e36e95
0069b1629
00eb2c47c
780ea5a24
7cac8a236
7ecaebf5f
7f3d727d4
7f3394f7c
7cdf29c7d
04cd08714
7ea14c11b
0285eab0a
06a2c9ae9
00d37a341
05cc72203
00f323be9
7fed3d272
01a9e26c3
0197efad5
073e791b7
7dd82543b
0114f6e46
7e67b64d6
7d0aecdc9
7e2816055
033a179f0
77b847316
7db9ea161
06671f2d8
79d037328
0209a2361
7d4625e18
009242e1d
7f1137306
03c389cba
7759992fb
013520496
01776e7d9
03a2977e5
7fe25167d
03069a332
0142de277
0061ccd27
028e6b322
029f2e6de
7a6764de1
7ea3f465d
00a921126
7e4201dbc
7eeced883
04d2ef3bc
77ccf53ff
7d6a21855
038fc6f9a
75f00bed1
0505f47db
002dd9f6d
7e51e8e8f
7d0d51481
00d2143ea
03fdecf3d
07260bf2d
7bed0ef08
03189142e
094159274
7f1a5c5dc
7835e8e4f
053e926d5
04df27987
7f38bf58c
03e7425e9
7bd95a470
017a5ff77
7f8113771
01bd64f7d
00811ec1b
7c92256bf
7de0a7e4a
7d9a85f68
089f68f60
7b6c1718c
0411dd42c
02a76376c
7ccf72e72
7b5f88f6f
7fea2e111
7f57ba892
035a731cf
7d19c78f4
03e45f2fa
7f9201edb
002a9be92
03cada45f
048e23993
7bdac8d78
74194177c
78ff49b6f
029a7802e
7f023b3f3
002439a7d
03761de40
001b1bd2c
02e101eaa
0299ad150
7e851ffe7
012d6d0d7
020f12942
7ddeb8268
03dd560d0
7eb3fd8d2
7f5e5173f
030ae90dc
01c89951c
0021596da
018e9f8f7
7f4052d9b
006ba6be5
7b10f6e47
7c728237a
017ba1a9d
0048a52be
03e48837b
04635a26f
0474f556e
7c40b59a8
7e0a316b4
7fc26e992
7d35581af
797c2c4ea
7cffbadbe
014562bbc
7ce2c810f
03a19dbfa
06dd41b80
03ac6342e
7a4aef840
00f187ba1
03080f03d
7ae666bc2
7ed679866
7c2a4c123
00f92d673
013f14102
7d3f85a90
042415f4a
00c045178
7ab3e2e69
04db787b2
7be89faf3
7f179c078
7fa2d0847
7f5c886ac
7f55fb3fd
7d17ccc99
7f571b97b
7e6f1fc1a
043f2bfcc
7c0514e85
7cd419035
7f968349b
7e1e328f6
01fb4517f
7f41a13ad
7b6a84dcc
7e0ecf067
7c480cbab
021d549ac
018c4aeb9
022ad764a
051c2ca47
042250246
7f7e0d3cf
002af7698
7a7e706cb
7deee00b6
7fcb5bc50
00d018aae
03cedd8a3
026b82fe6
7b6af8234
7fa48e757
7642f79cd
018904ee1
7e5cbd5e3
0670c013a
0849e948a
7d101c0f9
78b59348a
084924298
04199de8c
7f7da481c
05ce39330
015ed090a
007e7f9b7
7fae8adea
094f99e43
7e1f259e7
01c69d1b7
0528015d0
7a8033671
7d8f3df70
0d1f5f072
7ddea06c6
77490ba3e
0404178dc
040bf2086
038f3f1f7
007074d56
0136e9e80
0189368e8
012fe5ff1
054dd9540
7fd412707
79a9446a7
01323213c
01162a8ea
0825c7c20
0922b0a78
7f3fbd304
7c494c287
01451b32e
067fdac21
04e65f6ac
036a0182e
7c133234b
050d55b24
097853aa4
05a4b356c
7b78baafa
0169e662f
0229c0c29
7b7adada5
00309b85a
000858b08
7ccc5be64
7aed3bba1
0548665cf
006175f47
7eea27f45
08f04550e
01ccdf68e
01107da15
06ab1fdc0
0667ee4d7
078ec48b8
06643f93e
03a748d47
040f98bb2
7d5eac03d
7c57f62d2
08ca21007
00443bf90
0096968a1
7e522616d
7e0638787
01bec02d7
05b622398
7ec332664
00271042a
03d698475
7d433820b
7c29bf04e
058df5fe4
03f32f22a
00c278c3d
7bd3585ba
02cb2c533
057e33486
091528735
04a3f3e57
7bc43dcdc
7d1fe788b
00dfaaedd
00f7d6d93
7feba8d3e
0a8d6bc38
7ef86226d
7aab0d65d
7ff850de7
09acc85d9
7ffda8952
000ad61bc
02c8af266
7dfde531b
0027afd1e
7c1e896af
013842b0d
04a3009f9
036d1a89d
7f1e5a0ae
02bbbab8a
00cdab0eb
7a9912af9
7e661b7b3
7b3bfe7a3
02ab3be50
0002eb8b4
7eb118859
7c3b9e05e
01f35511a
019589f59
03b06dfcb
03d0dbd30
7e8fc031d
7cab7079c
02819774a
7e1b8ef0e
04dc2db35
7d72617a9
7d7204ec0
7b471660a
7eefe5ea7
00ecbb697
7f25db942
015fc957e
7903a0714
06cd19eb6
0028c7a49
08f40d60f
07c14d7d6
06f030044
0245f0ead
7e70369ce
04c7483d3
0477f28b0
7e3789c16
02764d429
0253e5d66
03eb399eb
7fc9d8d0a
04d2fddd4
02cf8c5e3
0489b60bc
7e1191d8f
033c57b7f
02256a106
03029ad6f
7b6b8d1c2
0333585d7
05cc46990
07bdfc651
04727547f
0424502d4
7803dd045
7ca9f3f2f
7b860da18
0428251e5
019f3222b
01bf73561
01086771c
02d9be246
7cda6b6a8
7d98e1441
7c1bf0347
03bed571b
7b8e08f33
01fab44b7
03fd9b53b
0218e967a
7f3430dc7
7d83824c8
78c0d5086
00cbb131b
7b5d2538d
049a48cef
00b804f55
016f58a5f
0371334d5
7c709fab3
7b18a9013
03ff4e175
02186111f
7b873c59e
0078b6ac7
05924007b
7eba1740a
0395dc60e
00571ae76
7ce7bd691
79a2adb29
7858026ce
05bf48688
04cc30f74
02ee69cc2
01afc34a6
0447117a3
7ed921c91
00eed3a66
7f96d95dc
0321a5d38
050c07770
7c79cb1a9
7e842b035
001d8d588
02bd2ee10
7dcd8bbcf
042eea72c
79e3d3f55
7d5992686
7d99eb03a
7d4bfa88e
7feaaf1a9
04365a058
022e4bd13
7cf780b41
083a55471
04f913919
7e0a93e45
7d091ce62
7fee615e5
024f4b5ce
7f51ebc5d
026094ddf
012c9b9dc
010c8e950
0499a99f8
7915834b7
7ffe0ffdf
03e8cf6fd
01ddeb908
00b9128d7
015684ffa
7d882f7a5
77b99945c
070741ab2
03f89f45b
7a0beda0b
7eb958c64
7ce49e3e8
0178cfe57
012d17cfc
0082c398c
7e8252d21
055caf21e
7d65ad75e
7cae39a34
001998458
7e1081141
07f119f0b
06e9c53fb
79dcbc2f7
7d0731224
00edc24a9
00e37233f
0452b0f2a
037752865
0242f156d
0356fe595
78e41d825
007996ca3
03f3ce23a
01162a167
006e33958
7a3d3c2b0
012927f41
79adee427
7dfeb33e2
7bbd21ed0
00da02057
027998e22
7e063b752
7e3bd57d8
0218a902c
7d49b567e
02c935d90
7fd974c23
7d1fc6ac3
7d0a6d64e
79ddfbfa7
7e70b04ed
009d5f248
0040e79ba
7af0220bc
7fb6897af
008f4e321
009f48108
7a9ea53c3
7d7c75c01
0531ecb20
7ee5f3004
0253dcd8a
7ebe328af
0686597b0
7eef6d920
7bbb07f03
7d9636e4c
06958f9fd
797ec3f6b
045dc5a0f
00e541b95
03eb7364a
7b2525658
79f030aa3
021ab5373
038ff6fae
7fc5b3ea3
01fa2724f
7d438c08a
019103b0d
7cc613f76
7e21eac1e
7ccb4b205
7f0303bfd
7f3553db0
7fd820446
7ff14b98d
0084fb34f
7813b281c
039ec3e50
7cca051ca
7e9e544e3
7e18c3d70
006f67ef6
7bc316809
7a2f40b20
01f9177f3
00d3f71f5
7a48eb366
0570ef4a0
7be808742
05d25cc0b
02294e56b
0459c090e
00bbd07c8
7f23bc12f
7c194c3f2
0486787c1
76c825987
059f060b6
01b4ff19e
02b67294a
796869410
03958b0ae
0121363dc
77102c6fa
058a43ca6
79dc34faa
7ca6804d6
79f41d90c
038d1720e
7ef0cafb3
021fb83b5
05f62fd22
022970eb1
0249b6c82
0032957d4
001d491e6
794a4cb60
079544865
02c725db2
797278d04
7c59a2b9c
7fc17bebd
7c9820412
08595db2b
04546b3e9
7cf910a4c
7e2da1bad
00d06a808
009efca5e
7e676357f
00d2577d7
029f64913
7f78757ca
7f813ca4c
7ce756b10
7c916e489
00d98293e
005db352c
00da5f73d
77b9e9b61
060a7e408
01c43546b
02e04458b
00cd33eb5
7d286edaf
7bf5a8f63
7c18c5364
7f510ac7e
79469e023
7ef73bd6b
7f73d3bde
0164d6ebb
01a8850b5
045223e81
010b31efd
7bd0db860
7e24a7cb2
00b7f0e95
034548697
026e4de5c
782660227
77a44a8fd
7bb464146
0886c8ae3
7cf04d5b5
7fd3262ab
021137a2e
01fc248f8
7b9c5bcda
7d3d49796
7d0eea630
017be5ed1
7af3645c8
7ead2de8b
7f08232c8
005fe21f4
00317efcf
0198dd987
028bfd937
01ab80ce6
03287808e
7dcfbe514
76e637537
01c9026ae
05e110933
01b3d5c8e
06a65b3cf
003321583
0584d8efa
0121cda1d
7ff140182
06b702977
799800fdd
7f11eb08e
7fb3066e3
7b8a486bc
02d320978
02369be69
7e34a8896
028a50bb5
7e55d3e71
7f81c0484
03a05a53d
06c55a01e
7fa5f7d08
0135e0af9
07894a390
7d35d33d2
7d9210f76
04b43be26
7c052635e
039a268c7
00ba7ea65
0120ddce8
0146393c5
0109401db
7bfffe54c
7c540f05a
7b8394d0a
00c123383
01a42fb68
7ecc30e5a
7bd37f1e1
0512d0186
7c79771ba
7e5f85740
7df17e262
7a1387eda
094fc34ce
01967b88b
0e3b29062
79cc7bf81
7d9570e31
01e81c613
75409f798
033f1d71d
7fe49e123
75a053227
07f85a1f3
000e70c55
7e2b4040a
010b8df88
7a6024171
7f2a3955a
7e5e5ee1b
01bcdf54a
0188ba587
017d817d3
7a28b4126
7ca449a81
071034c3e
7b82cce35
02e2bbf5f
7ed7cef7a
02973030a
017ad0a3b
0547a4d84
00ddda005
7f9b7f8f7
03067ef35
7cd452353
7e2eef571
01ddefda1
06b241a43
03a12406f
7e21c7964
7d67498ec
00f5befe8
02338aadd
016f6c9c8
7b71c26c0
7cec2d440
0664d3541
7cf751091
789c2203e
0237c8884
7df58a7f1
7f4355567
7f08d1473
7bec19488
7a2bfd68e
7f3ad2f95
012f99d9c
7d3925d29
00e827d3d
0484798cc
7d1c2b5ee
7ce4dcaba
7af2a2f9a
00894fc0b
05f6d43af
7e4cf577e
7d7af2d8f
028e16263
7d44d152a
7c5d491df
7c7e76da5
7d4530000
7b566debb
7e6c84880
00d572085
7f9244aff
035478198
00998c071
7c32a4c56
7e1c6e06d
01b3ec8fe
7c61da223
7e8fd4718
002f0d7cf
7e453420e
0414188cf
02a4b83a4
7a6b1f1fc
01ffbe3a4
7a074b28a
7c88c792b
7f56ff1f3
7dbf40a9e
01cd6b9b3
7db91e78a
099967cd4
7f76cc041
048819112
04930e452
00220f8bd
06c0cdb70
7f6da20e4
79f8939f6
0338d179e
015d66e5d
7ed000e2e
7f83cd48c
0113a2308
7cda4b1a5
027b1c52e
01f5e0631
066ab2acd
022df1ca0
01156c62a
03662e0f3
7f0c32b83
0302bae02
00f3e7c84
7f8fb1374
021e883d4
02d52d48e
043e68f05
7ff0d9afd
0208a0938
7fd64ee4c
7c2b52545
7d06f831a
7c174207a
7e36d2425
7f27ab9fc
7a3316572
03a4c67fe
7bf88b8d6
043ef2f93
029fa48f0
0607e7281
010170209
7ec2fbefa
01aba9254
7c4b11327
7d61854d1
00a0a6e5e
0247dbd2c
792bc5e6d
010751524
00da8de9d
03ed46a54
7b5ed1838
0086d9f11
0126f89eb
7be688a32
0441d9e47
7e148d36a
7e8d89e15
01ade4192
06706228e
7f7a53315
03f8c8788
03c5f59b9
7ff1eea6b
7a646cea4
7e31f641a
059f12ecc
7eba363af
7f5225c5c
01fb4ff92
03dd8722a
7f19f3045
7cced23c8
7c0dcc706
017a206de
7de8ac51e
7fe189f1a
7abb48911
0182cf4fe
08aef144a
7f6af1ae4
00c4556ff
75861f905
021cef4cf
7e800f99d
03e950d25
0204bc5ca
086816f7d
7bbfc41ed
02424e69c
01f931ab9
7f1edbefa
7fa60cd4b
01df98760
01cd1190d
7f45477b8
02cfcc84a
0069987b9
00113fc51
00f838afd
7da1326f0
017dd3703
02ec1c48d
7c6a5ba7e
064c66948
03306b27c
02923d147
014453ed7
053e846dd
0402c8b3b
01095c80a
039b6b6c2
034813f6b
028103f51
00f252449
03156d251
01a2eb9a5
7f7acb521
7e8e71841
05a569d18
04111c529
012288c94
00bcef469
01df03b01
07936fdf1
789099766
01901fa59
05cbd4bcf
7eaf8a09a
01f193370
7b85b7b4a
025d02aa3
7a21b9a20
7ba3fdac8
7c94a6396
004eabdad
0063eb29e
7f20b1ada
00d058f0b
01e1796e1
7f58b207d
0026abcf2
00adae445
7fa47c5b7
0220bc006
7fafb0744
01f7e17ca
7bbbdb798
7902de728
7da517ae1
79a017f1d
7bb1b1fd8
79d3f0e2e
7d14ca85b
7e030ffc6
7f194f8ca
7a693cb9a
021d0d219
023142102
784e29691
7b27ff8b8
7dd4a6091
02a71ca43
029b8e454
7f01c1a70
7edb1caed
037192dcd
0224d9144
012dce442
7e4afe4cd
018f49e80
08458f4a3
7c89f0e7b
7aa0a80d1
7df0c933b
06c7041be
789cc7ee1
044484d32
033da17b5
015ff3729
0463049b2
7b12be94a
005b89df9
06d9a7754
7d4219840
7f7cd83d2
7cd4c0726
7db29f837
000fa3b73
0203b2eba
7d0921b68
7b058f276
058200f40
7f2a7e53c
01b9dfb8c
7b3e77516
7f3a83606
7ea5d5ef7
7b74f58cb
7d17edc2e
7dfd64382
7a56797f8
006285b5e
018ea9e4e
04b450e53
003d40a87
038bc2887
7f2b0d32f
01db972eb
7be6158aa
0092b7761
0005d3b26
7f6e76416
01d87b8a6
001efabc8
7d31204ab
04c024399
0216decb0
0262b80ec
03ca7e3e1
7a44dcb74
01bc341a1
0149753a8
7b0141c93
03a14f696
07fa02e1f
01d353866
7ff08a60a
01cb5ce0d
7dd368843
7bfa5efa8
0169adf0f
7f3b8feb5
7b97c45ea
0179f64fb
7e990413f
7e919defb
034c65d01
7f60a7b74
7cdf594e7
78f46891c
7e8f2511a
04eddc0dc
026e5c226
7c3fcb887
006042cda
7d2f7c115
00df7fce6
0069e36f5
01aa2fb0d
033ea1bde
7e5eede6c
0102134a5
008a7c1d2
0422ade0a
01eb2e618
031be576f
015e46154
7aae6a5a6
02ddb92d1
00acc8640
049c40dfa
023171fc4
7c0938cbe
784f26a2d
0036e849e
7d6b9a5db
7edeca9b1
069255d31
054bfe984
0224545a7
7f518d91a
06f7cf29c
0642abfd9
051008fb7
05783e799
7d1edc2c2
03aec6f5a
7eabcfa79
7d3d9f2c8
00e92269d
06b527767
7db3032bf
02fe2acc4
09014b2f0
06088f448
7d050b123
77ac37e9c
7db798984
7ee0606aa
7f071b830
7f14551fb
03baa4035
060a97482
028d962d9
020c748e4
019094518
06d42ca85
05e2fdeee
0254ddee2
7dafda9ba
02ab29c38
00b6dae26
046931950
7c845950b
7d1c7bc1e
7b075b36b
01da48e94
7c6567ab1
0114b7a30
7d241f0b0
7a0172706
00fda807d
02f2349c3
01d444ec0
7fd01557f
7a519ef28
0398bdd1f
787467c5f
7df928dc6
7b02139a5
026f93b7b
03ea7950d
03f8c5398
7b1a026af
7d1f3050c
02c8d35e9
7c4b3c006
0285595bb
04791f531
7cb505c28
01a01a776
7f9cb2a3f
028535a26
7cfd4462f
7a20de885
021cec64c
7d8547f33
0004ba326
023840ef2
000c8e4f4
7fa221572
025fd38a4
09636a19a
7b4cda09d
05237c193
7f10dc3b2
7ad1ca906
7ba8bc425
7f588cbc2
7ab55b744
000655a8e
7c2eb2335
7e5cda2c7
02a62cbb2
0638d2115
7b771129b
05a910344
7b69fe95e
043807713
7b020a758
013361744
7fbe11981
7a98fbd46
7d9bfb1a2
02833ffcd
7a5ddb267
7fb2b3d1c
7e7c662f6
7c22a1c24
027525d53
7f58a4030
7e178e60d
778a4c42a
7fcd78231
7bbfc56a9
7fa900d95
0146761af
7b32ad574
7f22f1ad9
7efa7f1dc
00ef600b5
063316e0c
04c824667
064d33f24
7c71a18c9
029641932
00c613ae7
075d7796b
0248ac54e
019dfbd28
0028d6cb1
7f68bea19
012b17a79
025801144
791639579
0026ae38c
0223f0c3a
7c5ce3fd0
00fff48b8
01d96896a
79b1c3689
032adfc39
01f20bd58
7c7ec61c8
7e31b09ea
7b5ebb88e
7da71c41a
7f883d206
042b40004
7d0fcb014
7ff2824f5
7aa493262
0255e0b00
02566d892
08468b8f3
0849c276e
78822c7b8
02bbc7db0
7e05604c6
009aea1e0
066dde454
7f7714e08
041fcb78f
0182fe4c4
7c95c0ebb
05c6cf38d
7da105d4f
02f864e84
00875a8bd
785cc020b
005cc9386
7f5ebe47f
7e58d195e
7d047a5e6
7c7e2297e
025b25ccc
7dfe6366a
0390d6b1e
7c9c053b4
00b929cfb
0173bdbdf
7f6f231b8
7f1d439cc
05206a4b7
021cbcf6f
7bbc9fe5d
7bdf2496d
01c0b29a3
03e86ca71
01e724071
0046b8347
014eed17e
7f79b7b00
78e0c11b7
006868402
01211ce6c
7edd18154
01ed51ca8
7ec238d9f
0076c80b9
0052b067b
0351cd2e6
02914edd7
7c3206ca8
7ffd7e8af
7eaed5c99
036360844
027f587d0
00d11d289
7b095db9b
00f4f730e
00c562ee3
00b276ff6
7e9f31a50
7c04ab3fc
01481bc4b
05555ee36
02713fa03
7fa1f1bb0
7dc48ba35
01e4e5c3e
01546e5c2
009afa40d
7eb94a3a5
7dbb213dc
791eb02b0
039270baa
0299dc6ca
79da84960
7a0f65978
039470846
7e01ec914
02272147c
7c35143e1
7acb671a5
03eb86da5
01439e3db
7e0a27eff
020553970
0324e47a0
01a60ce56
00570a14f
00e74186f
7e31edbd8
7bba45ec1
7d8c34686
78b49dbdc
7e5b0d0f3
7d5bb63f8
005a1210f
0597d6b5e
7c9257ac1
0520c2b96
062beea84
051928f5f
7a83ad901
05acf4438
7fecf6b76
0086be0a0
7fd09783d
022cfb5bc
7fc83c1e3
033df78de
00923be45
7f095d8f1
7b0d093f9
008d05921
7cde05118
06638964a
013770314
7f6f440f0
025ea94ab
7fcef0898
7f0f4c507
7bf848575
01d795977
7db041cd9
7d7e5a93f
7f8c98f94
0522ab76a
7b7c28c4e
7ade8aa79
00e678a1a
7be30c7c6
077c731ba
033dffc8f
7e54ad810
0223df074
7bc3fcb02
04a088082
04a4b3ce4
7ac9288a9
793728512
7cf0e1a41
7cc9d4917
0165d9efc
7d10b606b
7f79e0e10
03dd0bca4
042283d2f
7e07f2122
7df14e4cb
7d7e2925d
7dfa8476c
0080b5067
7e1c0e298
01f17d68c
0590a1d0a
07386b526
02ace6525
03b500dc0
017e84a4c
7b9736c4a
0096dbc12
03710741b
7f1dccc31
0017664ef
7f9f1b3e1
01a788d17
7e6583346
015bb59f7
041243101
03d52923f
7f00d788a
79511d6ad
7e3c424f1
0384427fc
00f0cb880
7d79ff745
00206ad51
03205bae4
7c5881114
7e92a7b19
7de9682f7
012e195ae
7e27cdfb8
7cc22ca1e
03e974b5e
0385a9f2e
04cf3126f
77d3025d6
7d091f9c4
02e3b3b2b
7cd6bff9e
7c6e3b2e4
03e50d50d
0416c7d0b
7f2702f7b
0387c5056
79f4a6445
06a239435
7930a7520
0028517b3
019f129b8
7a2e893b1
7ab2e1b51
01b5df891
0020a44a6
7ac205b04
7d191b51e
7ca0550b2
7e2876649
00f0b3918
7ea8b4d7b
02be40d4c
7e9c70934
7b92a805d
7b87ea193
7b97a0fd4
0187d3b4b
7f678f4d9
7d569aa7f
7f4179160
7c01aeced
01b2c4c7c
03296f67b
037588b75
0020ac85c
01aa9b711
7eac0d0a5
7b096050e
042a520ba
7f0f01d38
02083450c
7ce1ad184
79e8541e0
017119c0c
0192604f4
0239f7320
0203c7c7d
7de814e1a
019addebe
7e6653ede
06c8fe85a
7fa3c5a06
7a782ff39
0115cdcb0
0053550c5
7f37c1117
7ff1ee614
7cb7225a0
03db33073
7fc83111b
7ca2f8d4a
038f7c6b0
001c38b90
7c148d5d2
7eff88f51
7de0be6c1
7eca8c380
7f492760c
7f4bee6ff
011e57c2f
7e02dd529
05079ed3e
049fdb1f0
05ce85f75
7bf58546a
02454fa03
038b72f70
786ecc88a
02284e321
03ec116ad
7feb14f3e
7f070c400
0049f775a
05179cafa
037d7cff4
00bacbe4b
7e97b1ac7
7e186a4da
7ded89f3e
7b7b5a17a
004f882d2
7cabc6e93
7aca1509d
017ea7e8e
061892170
7edfe8426
7a4b64a06
7d01e8b07
0143b79a5
07e254a66
015f28422
7c4374b57
0568f73fa
75def716f
038f71a12
7c7b0a4dc
01a4f4def
7c538398e
7da88f229
7f6d9c433
04562e805
774460a62
02bbd9021
7831f2c5f
020e0ac13
7d80c08a0
7fc9b81c1
7f873cbe1
06b718234
002a68935
7a6a23c52
7ca79a272
0057bdc52
03cdd9d8c
7ce9b3c02
7e39f6d54
056eb4628
7e304fc92
7cfb63fc0
00d6c1a0a
01aa09117
7c9dd4986
7c206fb94
7e753df29
02294d39f
7f0c471f9
7e744dcc1
0659f2d3f
016846bfc
0075329d3
7ccae43c4
00e5b7a21
7d89b5c82
038837fb2
0350aceaf
795e7a3a7
7f4ba9ac4
7cb2b83ea
04a80fd2f
7f4dae5ad
79861eb7b
02982faf0
01d537a7a
79e1c36bb
7e023f6e8
7eb664fd2
7abf96a6b
7f7318686
01122b97e
7dd631828
0183aed96
01f918a86
0126777c8
003500437
0035be883
7b817c45f
051d2436c
7cb015781
01cf8e01e
7e921589e
7d219c02f
7dfcd42b0
7d54d2c95
7e8a09a13
7db43f5cd
01c5df826
02409783c
002cff4b3
7d5a6290e
027f7a2e2
050ecb399
01d4104cb
7df16101e
03c1c63e9
7ecb51952
7caf84fbe
79f4e9d44
034b63637
7f9ab2e1b
069ac1c9a
7daae1695
7d648dfdc
0147e5f6d
01909d3ac
03a7031db
7fb2f127f
04919b8dc
7d5eb8161
7ef8802b3
7f92e80cf
01fad85d2
04e4561fa
7ca86c0fe
027e8d8ce
7d81c2538
7e06410f8
06e0c77ff
7c56ef02b
7920402f8
78da91171
00758178a
060f811ff
067a00e90
0982edb90
04eadb2f0
7b8e6250a
7d0a6602c
7c1519168
7d5933999
7d601b103
04a485b83
0695e4d63
00fd4483b
08627fa70
017ad6f6c
0080fce60
783e181fd
7e78960f3
05a625a01
7c3d2eca3
7aba06320
02919efeb
021ef54d2
7c68bf079
7df4d9392
009cb61f6
0297d521d
7f823ac91
7ed2e75a6
7e81ef475
0281a7421
7fd0f3b00
0377a86f9
7dcb13743
03b2c1724
02107f8fb
04ae44019
755dcd915
7d58ab600
7f15e8701
05df549f6
7fb2aaa13
7b84f4ce2
061911fca
07c601da9
02e016e7c
021edcb27
01729e591
037c2b1a4
05077dd9f
7f310b22f
7c3fe5fb2
7c0410d6d
03b451fe7
00b7ae08f
081d27f11
05061092e
7f78ce629
04198941c
7c2fb5660
000f91807
04329f0e4
7e88f6595
7fba6769d
04b247e06
7d6b8d034
7ff0a4f8f
7b8bb6658
7dd4d317a
01cadbffe
7dcf6852d
7d048eb0d
01cd91f29
7b528e5ea
7ca20f5cc
0145e493d
7eb117b48
7f1319804
053ef5344
041234549
7e9840c4f
7ece645fb
0093419b4
03b0c6fe3
06002c60e
00503cbb8
7c711fc53
7fb5fc888
0471d5403
7d5883fdc
052ef59be
7f140a035
7d65c2d88
7e848f44c
04dad385c
03fe91807
7bf5e3476
001459960
7e4e9fe9f
0480c457f
09881e085
0260cddc5
7e7d9aae1
03328991e
0218ce283
7e9f64f9a
7caa21fe8
00121d066
7de88c3dd
7e1dae2d4
7e0c844e1
7fb2efeb8
7c68ce614
024e089ba
01144c5cc
04b79ca96
0091fd8e6
034340a5a
7bc6a9d54
7ad164ebe
7eac96097
0191f29cc
02c2ca448
7c0edc633
7f14d0dd6
00103124e
7ee1b8ab2
0550caf0a
7dd569260
000b1625f
7a7b17903
013901ec4
7df7482dc
778a4a986
7e9b9f7a3
00650d614
7ae858922
03e2b6190
7f444adfa
00bb9a464
031e28e28
02572d266
0160ef1d0
09626337f
04fbdaad5
7cd4cf7ad
0202b0a42
01c96d614
7e785d4e7
7b0cf64bf
7da8c58c4
7e69bbbf8
7e18e8064
02b0ecaa6
079eba07c
04603b0c4
05a4a23b1
7f9bd4291
77300c0cb
029a0517b
028a649cb
783c1041f
04894efed
07124dbd1
7a386b27d
77f4467fa
7f8fa7c1b
0598892ac
7f2e9f0b8
00fea4eba
01e18c06f
7f1cde04f
01ce8786e
0128ba586
03f3d3ecd
7d6c2e022
7b1a43e10
06167934d
04389b0b8
7b83a216d
0517d6b3a
025bb0bc1
04bce2512
03a6c7d9b
056495b2b
7d316aa34
79695ac6c
7c95d7399
7e52b2f46
05fb268cd
00aba1930
7bce2a999
00485fd80
7ea99c346
006e91f28
7daad0bb4
7eca20b9c
0211497bc
06102c793
07927fecd
7e8f896c0
7b9165aa3
797380da2
7e6567623
04b003ef9
01b3014dd
0051c97f6
00829ba7e
7ed9bb1f3
7d11f2554
7dfecfc1c
00f34ca7a
7ec1474d9
02fe6d18c
06b6da2e8
0b7d38dc7
005f52b06
7c08c7ffa
7a8eb9ee2
7d59fd8d7
057a79e50
7efe0d891
0622cd766
7e9a0a645
7b756ac4e
0162b6e32
0659c65ae
03995f1e4
00c98f378
07a10a922
03fe109f0
04bc63a50
00945a3d3
7a831560a
7a5623d8e
7de15ae49
049620684
7e63daca9
7e135436f
782a2d8cd
7dc95fd47
0157b8910
016b8d5f4
01333ca8e
7ad35db7d
7af3b3d99
7e8460c39
00cf2db46
7c6e33344
00b67424f
00577c26f
0453175e8
00e5b9fae
02f65bf91
7fb28455c
06e73942f
7d2fc6ff6
039682d0d
02c204897
010359b4b
04df606cb
04e5d9963
7724e670b
014993073
7fd241026
7baf8d4ff
7e37d09d9
7fc2d7588
7afbe988f
08cc5f0cd
7bca70bb3
7f5b137cb
045bcc0c7
03ec67148
02e4633ed
7d2effecb
03f5da772
7fbb455ab
7e4257d96
7e6d0eeca
00e94eb8e
7cd5a8609
7db6a31a4
000873458
7d1b54b23
0a3f06f59
7d7fed2f3
023329aed
7fe43112f
7e720e383
036d3c064
0195b11f4
0315f6204
7e30f36c2
034b60367
7ce7c7d85
019677722
00fc65a97
7f68c681e
021969a9f
00564000e
7a37f7839
009df6372
04c57241e
013c9001d
032e53aff
7f5e39ec5
798907abd
01e6afe52
7e9f891f9
7c950c813
0a0269895
7f74e4715
04149cc8a
0210e8419
7d77a283d
05307cecd
038c247a0
04556c3b7
041ad1c7b
032a71b7a
7dd1d4184
7eeabd2d5
7c5a5d5cf
006b6a7a9
7f98a9861
7dac1d865
003d366a6
7fa48f300
0353c2e10
00cfafe95
00bfbd349
004deba5b
01a0285e3
7dc8b05bd
007bb9fe5
0099c19c7
033848b4c
7dd13bb9d
7c76158b9
7ac241973
07ac9a7f2
7e6cb7e6a
04566943e
7f55f2da0
7cd7767c0
7b4f39aba
79c502aa2
7dc404b33
02a3c6cd6
046dc9447
03e2014e3
017fcb026
020808b02
7d5d512b2
00a8d1646
01fe89eb4
7daae84cb
06b748c0f
01f9d9368
0280d54a4
02b3c2c65
7e3c637e7
0c7bdbeab
01001d5b2
7f334616f
7f1f50631
7f0531e93
7f1dc14b6
030553d5a
7e9977609
00d43eeaa
02340318b
7c853bd0b
7af303258
78413365e
7ea68ea67
7fb3aaa76
7f059a66c
0044a661c
7fb254e1b
04d3ae9aa
00c74df86
0451e2aa3
03cb7c0ce
05c881f1f
7dd229de9
7cfe92410
04c4f53c2
7eaa8d305
7eaaf754e
7ecb10ea7
76bddaee1
07bcfea99
086e3ab90
7cf6324b0
7f360255b
7ce2c312f
7e90d2e19
03a6d4d66
078f89dea
7cfbc8a6e
7b3c071a0
03854ad63
02e6abb04
7bda2a7f8
7f49ff94f
7c2faad5e
7fa5ec972
7c3923a6e
7e52d4e14
03f4a0078
7b0268ded
7e521f83a
7ef3c2d60
7ff67464c
788dcdac3
0389f3cbe
09ff46324
7e114c952
7eca113fe
003d70404
0287612b3
01d04167e
08cf38f3a
0353e0846
778c687bb
032e0f2ae
04577118d
7e5a6d251
00f18a76c
7dbcb8590
7d4d2aa19
7ad5b3f8a
0286e20e5
00ffebaa9
7e5da51e9
7b6cc9409
7c2653ae9
03a9e28f2
053f84809
044ab48ae
7a5afbfd2
0455f2d72
048126aef
000df8199
7badc0f93
7fc0b52af
01f3db073
7f8652ae2
001bb2094
059433779
03e44ded8
7f2bb2b88
069722661
7f39ce64a
79b3fe4fa
02ccbf870
7e32e6b73
01b5ff0eb
7a3eedc7e
014137ab4
7b97db109
7f8c6a70c
7d3ceff14
010819369
02f4051a4
02e77d04e
00eb01286
00facad95
0081fa03c
016f6fb9c
79e78e52a
005b3c0cc
03f60b6e0
7c2d5d8b3
7ce59e699
7fb82ea16
7c1435485
7791448d6
017bd70e4
03ce0c79c
0146083d8
059ee07bb
7f0aea235
7df82c61b
7dda5b09b
0799d2c25
7f4ee62f4
7a8d8fd20
7e10d389b
7d94dae24
06182a657
7fb46ef04
01155b78f
0139968ef
7fcfa229d
009982638
7ac41ee19
012d85107
02ac3ddc5
034fb7f83
7f672d4ed
7da15b146
7f99cb635
03446ac51
048a90ffd
7cc9a9e98
7bc78c4aa
7f3400210
00b8cb417
00fe6d7d3
033187d9c
7b771439a
0044b48e1
7e7b334fc
7bbdc3936
041e6bd39
7e7116138
034ff29cc
7f6e0b237
06a7a3532
7f43decf3
04c41e7de
030983b57
7f18ac921
7c63080d1
00ce20fce
7d4ee4df3
03ee0b92d
004cc7dbb
0288e2ec7
0104c5293
7bbf9f4a8
01b8be49e
7dc0a6e62
00b852e3c
78734e822
015da6655
7bfbf5988
7ca3e4dbb
7dc747624
7ef13cd1c
056722509
037b78ef8
011d36e07
780aa3856
008a65a1c
7d6d4d1ac
057aa7427
00c7c45f5
7e28ae9ab
040e62ba8
7aaaa68f3
073e412d8
0110de2ac
7d273dac4
0518f6d44
7e97b140f
7fc5dc2af
005f84c17
7a4c28d5b
00ac719ac
7d0168d1c
7bbae8481
78b5b4836
026909a4d
069ae87f2
7e150ec0a
76cc638b9
7e4e92832
7cdbb1cb0
7c830e212
0575e74a7
050504553
005c0f09b
046f898af
027a2073f
02738f433
038e39f97
011f8df81
035a845c0
7ca1c73e2
04213f92d
7f8245229
7be462902
051f8e442
0142da32c
782dd8c1f
7f2cfa027
0006f2c0e
7fb50324b
04c53e60f
01c97bb58
7b5d07cec
7d5ff5da9
7fb5ae273
7f0a1a58e
001989d4a
7cdadc0b3
050619760
03607be6c
7a16f45c1
7fc40a0e4
02a3a95a6
7e4e38ad3
7a88f2114
0061b4019
7e54143e2
7b0ce1a68
02f8840e9
7b811e0f5
7e19fe0d4
02c1c1a5e
7fa229bea
02b9696fe
06f4f3c97
005c99b22
7ce05c281
0027e0204
7f2316fc1
00b601598
7f43f5fe1
7ed4f1b99
0035ce104
7c93da89d
7ff9a8c92
0295a9b6c
014cc0e6b
01ec1755d
7f381cb62
04615e016
7d5942e67
7b479d398
051a4977d
019b3460b
7e114299d
7f174394b
022674ce9
045973eb8
00f79c655
03ef0844c
04e5a6195
7fd6f6f83
7fbb80b49
07fcb901f
01f6f1dc4
7d63ed5a7
00ea5fa15
7b0f730bb
02bdba409
00f44bf2f
7fbf33e2b
7c5b6d5a7
7b16f4cd2
03316dcad
029b836c1
00d0a2456
7d299bacf
043dd1c33
023e3357d
02237db6d
7c29a5136
028b3a230
04b125731
027d160c7
01e67a13a
0235499b6
7f22b220b
7facc5e13
0062c614c
04c838fb3
047d558c4
0066c451e
7f136a01c
00b5f8173
7d9622440
02a9515da
7fcd3f5f1
78d75b9e3
7dbb3db6d
7e50f3687
7ed16eb70
7e562df96
7dc9d18d3
7ee01d5fb
02c4f8f4d
7dc71c762
02d9d9c09
7edceedda
7c8eec296
7a0a4893a
00a369234
05c59c3d8
7c46759e0
7f904b112
7ac411af4
7bd56e292
7aefc8664
7da150a1a
7f600a41d
7d8c2d74e
05c04f526
028689b75
02054ab95
7caaede67
7f0c2ac83
78f79d9ab
038b7702f
7e1e880a4
02417a395
040f49f27
03d181e61
01b9bcbe6
7efb699c3
79b08e79a
7de7ef31d
010933cfa
00c6ff7e9
01f82104c
0138c1681
000996d29
0117f209a
003f7494f
01bf9b236
7df38416c
7f88549bc
7f6596579
7edee24ba
7e7e623b7
7fad994ea
0211a9dbb
02eb7ffda
00b059d90
00706153f
7eab8ff17
7acde7718
7d8ce873e
02e869a89
7b34d93da
006a1daff
03bc29a51
7b0accde7
7f7c199c1
7ca0289ac
019b4aef6
04f4e2536
7cc350367
010540d3c
7dd914d3f
7d6448558
78e93bc80
7b214fc5b
026e74465
02e414fe4
7d61289f4
003f75650
03e57ac2d
780aa37e7
7f5ac6a8a
00970211f
056025184
013f7dd38
01c2f1281
00fc73138
0038c23f1
7e821550c
7a183e427
7e0b56f6d
04c816512
7c963bc08
00715cf2d
7c0ed8232
01854a8c2
7eca9e743
7b6c78a00
7d1262e86
02c95b674
7ac89bb51
011c5a3cd
0232a44c6
7f3e6f171
026284f23
03931eeda
0005689cb
7c44d5635
051c6dd6b
7d0a3309c
00c17a37c
0085dff0f
7ed3230d5
01c8e23dc
058dd4c5f
034b39710
7e6d500ca
04187a863
030780c83
7e0f64a24
02689994f
00384c29a
0164e4da5
02c90ec06
05ac89b9a
7d110ef71
7d891945f
7e39e64d0
7f34a1992
7d61e584e
79549c52c
7d5147d3e
7e68658e1
7aa672ff7
7fafc25b3
7e07a36fd
7baa6dad5
7a6caaa54
7fad08ffc
0117cb880
7bc0f1be0
010bb2543
034082641
0203520f7
7f7b429b6
0239a2778
075783210
025f2aa96
010787984
0865f39af
7cf63d8de
034496971
04bfa15a1
0435e08cf
0170cb532
7eb2ed59e
7afe338c5
7d28a32af
7ced761d0
035d0c0db
04aca8367
0410f2c2f
7ee457207
00a245a94
021c90cb7
7c1d32e3e
79f76bd6a
7b71105e3
7bc966c5f
7a583b003
7fb1da586
7f697725f
7c553ed28
0287d5c06
030fc5462
7be6a1a4c
7e28c32c5
7c6491262
012465ebd
7f7699ca0
02410604a
03410dd78
0282ca96f
7d66405bd
046f77f9d
0390dec84
785882905
02d6ed977
7bfb613e9
7caff0067
7ce033562
05c2390be
044f0646e
0128edeab
0d8ffa741
792f32f7d
04a38050e
7d4d0a1bc
7a31e305a
0099b7d41
0716d7876
0378f121b
07049fbb9
7ac2ec851
7ffe32725
00ce4e782
7c3546634
02204ce19
7fb228a0d
7fca7a3ae
0a9e3b3d8
7b075eda0
050f35929
01abbb901
017fb9011
019ddcb75
0566462fa
01ac7d9c5
7c87d3f9b
07f212190
03db4f64a
7ea14dfca
058516118
05fff623e
7dbbc7a5b
7e3debb6d
7cf022c3f
7b3e397ec
7fcd79ac4
7d5b3eee6
013c1995a
7ce261c65
7c3f0cca6
024c76440
04ad453e4
06cf55605
01ad4c0cb
006ef92ee
01de4f950
0069c9704
7d0eb6a61
7ff4fddd6
0081e0e74
7d9a27e66
7e78db9fc
7f06e5006
7e2d9b454
7d9311d90
7bd5ef645
03e7902a4
06eacbc41
7fb7a533f
0428dd660
7f386a9a5
02b0a2b7e
7d39abd00
02346003e
7dc68794e
7d759d742
7e1057519
7f38dfd62
007834bfb
7d6afa41e
7d340ca9f
03eba0870
7be1f7010
7860a6f83
7b6bbec71
017248218
003a5613b
7d6259004
7cb706b76
01dddb558
04e32474c
7da6aae82
00acc894a
0224217c9
7e5fb8731
018c4b38c
7e4fd193c
00512b4d8
7cbc9a09e
03ad6a22a
07c5e038b
01ec78515
041afcb7a
781635be7
00ac7b6f0
7fab729fe
7d5b1c24b
0319cbd76
0155378c9
00a872038
036ee0cce
7fab997a4
05a9fc3a1
041bf78a0
7f16c6556
78628ad3e
7d13a772b
0039bed6a
7b68879cd
0523097d2
02ec7f9a0
007ccbfd0
7aa4a04dc
7b896c34a
7ca17c6bd
7bb9e2139
0253ffe0a
02e711caf
051d02e43
7cc13578e
04afb7521
7e482d308
7d892dea9
7beee664b
7cc279391
019789e43
05a56adaa
06210ca37
006c23140
7ab38189e
7ce581ffa
78d396b51
007af1dc3
073b6b916
003a96872
001ae78f3
0122fb50e
7b66f76ec
7e83d3aa7
045e9d45f
7f172a63d
7f4fd3480
0075f0655
7ce076373
07db84d50
7ed691e74
007d87ac1
0443ad56b
7f9077d7e
7d2ed2b0c
01ef3f478
7b2c629c6
03f3e8b90
7cfa4e0a5
036f59a72
011d0d449
011cdb73e
7d128c7c1
794703d98
7e43be109
7ed6dfcc4
00c678c52
05e363433
02bdfac42
787e973ea
00bb09933
013dc15ce
0317dfef0
055cda226
05f3d91c4
76e6f4112
085e38011
7ed404903
037b7d12b
7c425dad8
00b263425
7dd22953f
070f73d09
7ba4752bf
068f5f430
76fa71d68
001b870f3
04a53b766
7e623b8f0
0169e7325
7b8160d3d
7fb9ed173
7e23ffaad
09c66df74
006520ebb
7f0bdb3f0
7a480a91b
7efb50bcf
7d0638d46
02987eaef
78eed1e58
7a91ee2c4
7db662dd2
7faad8c07
7f80c67c7
03475caa0
7d7f703b7
00d22d2a3
7ff205e18
025ed08a1
010a01352
7ad14c5c1
7e81ad645
790e1d39b
7fac2e8af
074381521
7b4a038e7
7c9512aad
02ceb3c9b
7644f2af9
0554cfd43
7be0ed6aa
06d4e6404
7987f34bd
7b5b7d989
033c6f98f
7c8b0f3c5
00fb7cf17
7be06cec8
057cc6917
7b859183d
02e22041b
7a30c2028
78bee09e1
028f355e1
02bd67e37
0185017f1
02b306441
02ef53878
01f3cd3e4
03406f59d
039c819be
7f92afb83
0398ff98c
0771164e0
7f6d72198
063494db7
7e77ae13c
0592c47c8
070da6962
7c9ae8d47
7d952b209
016141226
01cbcd9f6
0224c1989
7c50bf629
7de2f52cd
7d74ee1e6
7f31abcf0
7d9108a8e
010b75ddb
7eaab599d
00cf8205e
7e048696c
7d5102bde
0219b92e8
049cd322b
02a520b02
7ff2afd2b
056178832
014c13868
03b994bc6
00098ae76
7e57d0379
7c6cb3384
7e10ff8bc
7d440aa03
07cc83a36
7cb5d16eb
7eb74fabb
7d5a3580e
7633daa53
041e5198e
7d27e570d
7e12b09df
024183547
7f22d5aca
02be89dba
04b2a4d6d
03df44f35
7fa095d5b
7d890bf6d
7e0491e92
01d3587ef
016431e2d
028707687
034d886d9
7f0e68305
7b90ddca6
7db5e48e4
00090dfea
7eb72cb46
7edb77a0d
7d2f0525a
01730c9d3
0174a3155
7ff6af21c
008d4af0a
7fedcbf98
01dc706d1
02155ea2e
7e1e4374e
7ffdaf506
01d7fc49e
7b96b00a1
0054a5f76
009820e74
013aca62e
065887561
0330b3130
05fa7531e
020e98d59
7817c9b4e
7f070832c
7f3f359ad
00857e7e3
002da234e
067407b09
00f9ed358
0063ac8c0
7d23753d8
7c8d66c04
01c6af44c
796b90413
76d3410a1
02741332f
7d728c209
7ef7fe776
0739e1967
008f64aab
7e4b9fa2c
7b7592c03
003818ffe
04d5fae04
7b526b6f2
7b9e33570
7f7d388fa
7ebdda0f3
79779594e
7ffd183d3
7f88a4b8c
07f793bb0
03830f6b7
01c5a7839
02e62fa2f
795239076
7bae7e498
7aa830380
01b122e3d
047c1c90b
00d5d6e1d
011934703
78e10583e
08b28476b
00b53246f
055c38dee
7be0c13f9
7f2aa7398
01062252d
004ba7fae
0b5c16994
015868b75
7cf0ecf9e
052bba4ed
7e1ed6f5f
0098a52bf
7d03cc4cf
7dd0cacae
02e622d51
7b47f2d29
0008e5187
784d49526
03b30650e
0046cdd3f
0099c6045
0661b07e2
738260e54
787fb1b50
023dfde8e
7b4a8892a
04e7263ec
01a478bbc
029840412
7e9ab900e
7a6b1012c
7cceba949
78efd563f
7fd4fbade
011eb39b2
7d75226d4
7b779e307
7ca54f20f
792f82c50
047836c33
0268407a9
7b179cdae
7cf58d9d9
7f769d327
01d9bbcec
063d76029
7fff0db9c
03522a68a
0166d20f0
011308c8c
7f7bb5d05
01cd876c8
7fd19fb0c
01fb2ad7c
7c3512bd7
037320d2d
06725a20a
7ec7c86a1
7bf03e35f
7ebde9e19
7cdcc2a14
00ab4ba45
78d5fd374
0359bfc10
7dbedb50a
7e8ad9744
0549c8073
05ebefd59
04908f503
7eb610bff
7e089453d
00fc0fb8e
7d3d13207
7f0c4f09a
7fa3bed1d
006e17cca
032400fa6
02fc64fbc
7e363f7ce
7ac905a8c
79f025223
7e68f093c
7faf15828
7fcfa8c07
06f427af1
001c4f5d2
03221f536
7a11b0090
7cf765bc9
7fcb3b84e
7d8a95bfe
7edd95ebb
02f9bc54f
7f827fa76
048419b4a
01c17d41f
7f4de44af
7ca78b5d5
7eb06d24d
7b9e1cb4b
7cb10f088
030d9eab1
02d05c43b
0189725f8
7e2905815
7c5ea83ba
023a3becc
0607fda16
0602e8660
7e4811229
026675974
7b2c58fda
024829467
001a249e0
03db1edf3
02893e224
00e94707b
0095f25fa
00b1d5234
01f38eeab
7c47b2f82
0270cc267
021b82e54
065244dc2
7ca603d35
022afaec3
7a69c1e6d
017bb0bd1
01ad007cd
7e1adb1b3
06fa0c299
7f96d9445
7c87be1b5
005bcae19
7f5252003
7f3dc80a2
7d31bb20d
01dea4bad
035f16580
019639203
03f75f84c
05bacb6d5
7ef002148
042fa6890
03ed6f83c
7ee2925bb
7de757151
01a669ebc
00cd8f510
05ef15fb1
030df69e8
0ae8e00bc
0323ef696
7d9af714f
79ac0da77
7d9c1db55
02e9bedfe
0389d324e
023ba6afd
7cd5d7580
7aa2c1909
003bd0c1d
002f42698
0464c7b15
7e63b81e2
7f99da48e
7c44b1e88
00bd9f275
036830f19
7d0903bec
794b465c1
7eed4c44b
7950d4873
7b23901c3
02e3c801d
77fc98e89
7f6e83a4d
7ebd91711
7f93e041f
008ca0e8b
7d664ade5
7dbba267f
016cf721a
754ae3367
7eec70dff
0169d2ccc
7fd628123
00b302436
7dcfa59b9
792ce58ac
0009ec744
02c9a6da5
00bfbab38
053f6f87f
7d40e8c22
022305854
020fa6a93
0124e1e58
7e3e4159a
0200f0924
0613b118a
7d5663d2b
04b2ad133
01c7cfa30
7d10c70c2
7abe86544
7f430aca3
0419a2547
05bd61388
75bb364b1
026a471dd
01e52ae1c
015bfed76
02710c3b7
7c91ab237
0398fc606
053f7d4b1
7eb5d7af9
064994d7c
7e961f7f7
09c6ef925
02e616b41
0043ea3ca
7ac1cfdeb
7de52de03
7e1a4110e
7cf0419c3
7f628000a
002636ecf
0119528a3
7dd531125
7ade1bacb
7f2041539
043f256a7
00c93140d
02d603366
7b2392c5a
7cfd17314
01ae935eb
7d8cc652b
7d1403dfa
7f401c269
7fdc70edd
7e870e2cf
7feacd8b7
054c9d5b0
7cba60827
014c55c7c
000aeace8
0258dfe71
7d9947e5b
023c0436d
0551890d7
027f53ec8
0274f0fcd
0248db822
02ff551b2
7e9fb49c6
7b29665a8
7b40b0fcb
005ae5004
035ebbde4
79044c8db
08110055d
043eb86a6
0172cf551
7c627bdf8
75e48f8d4
7f4e63598
0520e3379
78850bbec
01c94e9e4
07dff3887
7e05017bc
7f9a57edb
7f2644bdc
008e64e7b
7cca77ee8
00a096245
7d9f1ff3b
00b5a6d50
7fc47b6a1
7ed4ea7e4
04c309e6a
021055c6c
7d77783c5
026fa9a12
003f13263
03b176732
03221856e
7eee35a77
7a16586fd
007d4ff15
030f3a810
02bc29550
785a03d01
7cab0494f
7bee92288
01e9047f3
0896e9432
7d00addb3
77df3564a
02b8077d1
07a86464f
0354e8204
7834239d0
00315980f
042084445
04fcb5d67
016095469
07af6f0ef
027970211
0639644b1
020ea323a
7d17d6fb2
7921bc1ca
01dfdfe0f
7ee0d7fa6
7cef7e17c
7e7f4ba2f
021d3ec04
06a875338
7e30774f0
7a49eb5d8
04006af65
00f666ed8
7aa5ca2b3
7e6ae7f2e
7f5a13fed
00af77f0c
7f62df557
016941152
7e79cf1a3
0487d3c41
01d6b186f
06dae4341
05ce86515
7ec3af46d
7ca8548a9
7ff113c73
03012e7db
03fa13ff5
01ffc82b1
024306ffb
7ad6edf11
01eabbf6f
05e170806
0b748aab0
0377ae032
7f8c022e3
00a157b18
7a3251c3b
795e9f87e
7f1498b73
01aa3fe7e
00fe787e7
03a61ebe4
7cf74af18
7fb6be9ff
04fe240e0
04e70b8e3
02cde1bc2
7d2492c2a
7e92bb7bd
7d0e70cf1
78f0777c0
7ae38b500
033850d15
7c04e5001
00f72391d
7cc614754
7d4aa76ba
7d7260d81
7ec868896
7db6f152d
7acfec45a
02f4251c7
03bd52835
02c873f20
7a99f0170
7c313d9cf
07beec58a
7f073a671
7d7333669
030ec3a89
03083dc64
00fcc371e
040c991e7
7df70850e
0049e746c
0815d3906
01f96e943
7ec810fac
7babbeaa3
0173e6b30
03e675beb
04bd9dbe6
00cea51c2
7c2627a65
7c5823a2d
7f9019a0d
06489d6d3
00a1145c4
7bb21d4d1
7c413a19e
05a8e8390
7c8175b83
7f6241267
01e3d0e21
040d85496
01d92f094
794fec797
0332f7453
00f0a3567
74b8b9c23
7b8e596e8
0934ab2c0
07076858e
02ea065b4
7a5ace79b
00c2f1587
00cf1650a
035615290
0093762d3
7b22922b1
7f63a4558
7f2a74f96
7fa9850b6
7e9505dd8
03a372ade
78493d3fc
04dad0818
7eb8181b6
7e166fda0
00e75636a
7bfca3056
000bf506c
07ec2021c
01d3a93a0
03fe128ef
7ddeee5c2
7d2af261e
7bf578945
00600512e
00d6f15b8
7e3a2029d
030280569
7b7c26666
04ddceb04
03081d2ae
037c5984b
02a86b4c7
058c00df4
00637a30d
7d0352d25
7bbb9caaa
015d691dc
03acb197b
01d1893b7
00c0b34f3
00e1ce29a
03a896965
7edf3972c
7cfb87d45
00d1c054a
0345520c2
032470ab6
7ba04aef9
7feb230b2
008cc8b00
7a8a3efbc
77eadbdc1
00dc8ea6d
05f864884
0344d3edf
7ea06e47f
7cf2465e0
7ba4f7838
79b83d809
002164e2f
002951463
0008f4d0d
79cb39d10
059c20a57
049f504f4
7fb00ff05
061e25449
04b388157
7d834c886
7d89fa1ef
03c1a756c
77e845190
78e542046
04d31e6aa
7de976f05
7f7fe6eac
05d2531b3
0137eef4e
03b1ab461
7b9544e4a
008ec795f
00ca81527
02ce8ac89
01422e900
7abfbc5c6
7c308aa25
7b7790999
05856e7c4
06ee057f0
07622dec7
02c65ede3
7f3497833
7f0d20893
7e2be4770
7c6d36c74
0052dc2d0
03ff48123
03fe29664
040a5289f
7d0bd0ff3
00153eaef
7fb7ef288
0418e4e20
7e755f82a
02113755b
00308ab74
029294a3b
05449d683
040e56846
0088957a2
7b2ec1cac
039e85e7a
7f58a04de
7ea0a15d9
76db1f794
015e0b35e
7fb2cebb4
7d0a7f0c9
7a516f2fa
0087407dc
02e2ed68a
0564cc80f
0603e7ad5
7e3bc04e5
000149e26
7d17c063c
7ee8ebd45
78f883ab2
7c0ac1982
7db2527ff
01b63e45a
7b84d5274
00ea88fa8
00109cb0d
00ca40165
03aa88550
020865e76
05e2a40d5
0d2b819dd
7c178ecfe
079345761
7dcf6ea85
7efe7c6fc
01856b572
05f8e3691
065b5d5a3
07ea74c02
7de066e74
78a80e772
05138872b
7d698ad98
7ef44ef08
7bd674d61
7d8fbc62d
7da8cd1ce
7e72f4d55
7ba9d2ea8
069b8741a
7d84a45f2
7d4c9352f
78859e100
7c6550891
7a36b96f4
7f9fffdb7
013d12f47
7f55758bf
7f98eb0be
7a6e59c7b
00cce0742
7e8c73b99
0957a196c
033797b7a
7d8e6ebc7
7fb9f5670
00b134146
7c5e23047
7f0bf914c
76be013ed
7f4b2d966
79b6b58c1
0113c9c2a
01a282fc6
03b4f6cbd
022a46320
7daca5e68
013e04e75
02b60e897
03d3c8478
04b6f9ec8
7a8fea75f
7cb9d7e4d
07bda1196
04b933646
076fd6291
7b35879fa
03af2dc4a
00017aa10
7dfda69f8
017e0ab7d
7cb242d12
0705b982a
0374d325a
017d83c99
7c5753187
72548d635
7d0789def
7a2fa9157
072496a76
7ed3a6a25
7e1b73da7
05d2f548a
0057cf13e
7e6597d3f
7fe8397e6
7acf8b041
7f3a49f71
7dee15303
04612b384
01d274d33
7dfd7b880
018fcc6be
07fe4d05f
76971b64e
7aad239b3
038687169
06f9944f7
7e49c4738
04aaeb441
7c50e7e05
793e5a12e
7f8c29a05
060f57cf5
7cd3c1841
7fc12191f
02030eea1
7ce3ebdde
7a3f808b6
79f1eeed1
0022e687e
02d7d4653
00c985fee
7e8fd519c
037304436
04414997a
7de3ba8c9
7c247ef1a
02b99e7f5
00ead60a4
7ec2dae98
791ea037d
07266ecab
00ff58e3e
7a57c59eb
7f81777e4
7ab4f4d24
024593342
04a482805
04bc06bcc
01c27474a
7cf799e20
00ec91608
005f38533
006f1447a
01a719e91
035b30fd9
03a447621
7c5a018ad
013f03d55
01fb20e28
7da2e4ed7
00ac21f04
7952d4fa1
7dc199316
7e8ee7be6
7c64ba2a6
7e472bc13
7ebdba234
01ee1ec8f
00712b8a2
021390d2d
029b5e94a
00df98fd6
03333148c
0057f454e
7e71f6df5
05e8e059a
795782998
0123e9f6a
04376ffec
0173efa9a
024edf695
78f8d308a
064ecb211
790870680
06ed6e8d6
7b331a623
769ff79a7
7db3abfc0
7ce71a345
036b6fc03
00efcd818
7f5addaf7
7ea96037e
05825b5ab
7ef062934
02341e7c4
027300bba
00eb098cb
027eb7a2d
7f57ced6b
01d28ec16
06075407f
7d02eae73
7fe87b617
01c22daba
7e0875746
7d4a81982
0360649ef
7dba7e10f
7d82b355b
044421a11
01ee448e6
003a72f8e
7fa584270
00ce1cfb6
00be785df
03ed5b2a7
7efc5caad
7e8576f0f
7baf14743
7dda2583d
0452041f7
075104657
026ff698b
083f08236
7b9d1c042
01ad6f050
07621da45
7928d30d7
0268f8d04
7e12f9f5e
7b892238a
7c2f8b6f9
7a53ec6c0
03fce3fde
0142b1011
008be310b
02a54fde1
7f838527e
044d45973
0105c2c13
7fd96c0cb
7f44d60e6
038831bff
7cd4a50cd
0325aacb0
0514004d5
004383c0c
060cc084b
7f18ce3b8
02483fcde
0032f824e
7b8ff0ae0
7e0c5bdbd
016d23c2a
7cc8dfe97
016ae6cc6
7982436cf
005bab490
7f758a756
795c6ad16
01281477c
793e8b065
791b7a17d
75d9ad185
7d75bbb97
0030cda32
79fe56aa1
03e044300
0205f3a2c
0762ce9d6
7cb6ddf7f
03ea97c0c
7d5fe5ccc
7ff7cf6be
7ceba4ca3
7958dffe4
7b7e8f09b
041f37bb2
049082b11
02bd44bf2
79e81cf75
015c7b084
09724d3be
011fce876
7c77db87a
7f2ea37b0
7df8f72a3
063503c85
7eeaee9fd
04ecbf4f4
7f0601393
04ab29445
7b27679f4
0058c8fcd
074529b73
0074a55ff
7eb12cbf7
04a9fbe22
7f8e30d2a
7de23c863
7b7fd27b1
04ad04a25
04908c82c
02db434d9
7fc76e3b4
7a0e09079
7bca61f94
7f238eb6b
7d77e6b2a
003a6efa7
00b6e9170
7e6f9f6d8
7925e9c8b
00943bafe
010521900
7ade975dc
02ca6895b
0035b32f9
006d7ab75
7bbb778de
02ec3e8fa
00067657d
7efb5a613
002c8e9cd
7add24eb5
029f9e00c
007f29ecd
067e3a2c4
7c11ec7b6
00d77148b
7d541a95d
030fa8f46
00c8d78a2
018ba8c7e
00ac3e367
04b7b63d3
7d59dab92
02113a2b0
01e34e297
014a823f9
06ecb44e3
014fbbe4d
7bd64cb5b
01e637c58
010d544ef
0111a5cce
01e09aadc
03f9332d7
02753a4e2
7d3b905e8
7d5dcf3f3
018b2a797
7cb323ea4
7f096a0a5
01d292ae4
7dcc4da23
031d6b26b
7ec8505e8
79a17d40a
7c0420702
7a2b33f55
7f4b47912
011b1bf26
00262d861
7f78d4436
01bf0b14d
7a9a5cf0e
02e3d5e71
7fd3ea26d
01c88bc89
0253f2590
025e4c9fd
7fad18501
7caf2f228
031e7d6bf
7ee2db1bd
06f268b16
00099e3cf
7a78bc76c
7c0106c8d
01b98ee8f
7db72a221
798087cd8
7cd65a34f
7f1923783
0468f6cb8
7ca62a349
00a948d71
019a7aed0
7e04c4ec6
009dc4402
7b069b57e
7e44bfc60
7bf2a4731
005d84c2b
7e810a83a
7de378743
001b2c476
04db82435
7e051a96d
0603944b0
7f2cf3987
7cb6605c3
0088f756d
0230b0637
017279b61
7d8b5267c
7b23213f1
02fd58561
076704247
7c694a7a3
054d932e1
011669016
05a99c21e
00905d811
7dc978c0f
7e4c4fdd0
7f18b93e3
064ff35d0
7e40ca366
018118850
7ffbc88ec
02e08810b
02f0dee57
046fc6cca
7c9e59d8d
014cbb332
7ae0d60c9
7d201b1e3
7c4566ac0
00a145c9a
7eb60a47e
7e30ad63c
7cfd44630
013e31307
7dfaf2396
042120387
07a20d455
09024c0d6
0060106a6
0a2035e93
02bfdea28
08909a09c
0059ca594
7fd3e9551
7a3609820
7eb9c69b7
0283e1d47
01051fb4f
011205897
002a8de82
03ee36252
7bf3b12ea
0332a8277
04af941d2
7e8976758
0114af25b
7dac71e9f
7f85d4d47
7a7bd6312
01dc0796c
03ff91fa3
043f02d32
7dca321ea
0256bc8b0
0230424aa
022f76815
038ab8dea
02cd9c6ab
7f9063b20
0264ae636
0164c0580
0408ec926
7ace4bcc9
02198be5f
7a9a46a02
01d5f3c2f
03438fde3
0146c0180
094c2c028
03a0532ba
046f9bc0c
01022dc84
0201687eb
79415b6df
7d89c2712
7b58ba7e8
7a910c681
00d04295f
7912d316b
0903e5dc0
7999a61c6
7b0fe8844
7ec79ecd7
01099dd85
022ca21d2
7e6dc2238
7d0bb7fd8
7e7171445
7c45aaeee
023e88f11
0245fe700
7b6732ad2
7cfbe51a6
0557bb861
7e46056de
06892c0dc
7df9c5638
0397f6e58
02b9db73f
7cffacce1
7edc1cb4a
01cd167a2
7af85dbbf
0840d5583
7d74e9de5
0096ea8b0
7fb987745
7f34609ea
7a5ddf125
7dbd6f910
7c9900186
77eeda3cd
002f4509a
7c6510539
011f197c0
7ca03bc93
7bdbf85e7
05439ec67
7d9d84c00
7bf9ff1c9
7db533373
7a02d9430
7bc326069
00c7be438
7cf39939e
7af7e5be4
0155aaf01
02af8154a
7f47e591b
016a0dd59
002f069bb
75fe89ee2
7e3834869
7f6081f03
7d7116f63
09351505f
7f7afd159
7e7be4d27
025b3b1db
7cd57cdc5
7ea6113a3
0477e5f41
7ec486379
04c15e7ab
7dae00194
02f6cf5e6
7eec129f5
040aac938
019049b24
7ca98af84
03a789fe9
7bfedfd6f
00a6013d1
7a8ed0fb3
02eb6448f
0316068c0
0235a106f
00b023a4b
0182359e1
7a32693d6
00c07bc5f
02074e8c1
7d0299162
020838044
032d64240
7bedb3078
0239b4e21
7953a1529
0107cd6e3
00684e901
00d49f765
02ecbf5f6
03b6f25dd
0192abbd0
7d2fdbe3a
02c86fd67
7fe6a8334
7d576fff7
7d057f692
7772bcd63
7ef43c0cc
7d5c0b05c
03fb9b875
07934eb2d
7c940790f
00f7799dd
041f260f1
02e5af462
01051239e
7b6b18907
7e801a198
7bc9cd097
070d0e441
7655f26e1
003e3d7cf
7d571b9b9
7d29667fb
7e140e834
7b9486b26
7e29b8544
7b144b550
7a4e181a1
021e8ba3a
7fa443b70
7d351abb3
7d4e733cd
7e437feff
038d2d2f2
0005be05c
7d2570dd9
7e1a506dd
7c2d1dcb8
003d52085
7af81b253
7dd743dd0
0696c0366
05deb943e
017b8e7e2
0373c7f07
01a05062f
7e0804b95
7bc697d16
017577c5a
00a2e7474
0214fe1a6
7bcb09b23
049eccc75
7d1f5eca0
7912bc30b
7efefde63
011b30da5
013c2730b
7c3152498
02b61a494
7ff474f1e
03a651345
00b727e28
7afdeadf9
009d1bd20
7d23d0bb6
067e1517a
7ee1461e7
05890db67
04192219e
7b0b693cb
0514e25d4
7944fbb49
78806ba2e
7e66efc1a
00a9cf616
02bd9d7cc
7f7a58f74
7cc0f9d31
77b6ebb62
7e1334d5b
04c49a6f1
000372ed1
00c1dfa62
7df98358d
01e862bea
05ccce6e9
7c7eaea4f
7f25cf76e
04f395728
03b845166
7a3819b33
7baef88e6
09c4342bb
02fef0605
76bb53e43
7f18e8fbb
012881364
7fa175903
01ce5a112
0182eb31f
7ddae24f1
76b2175c9
7c46c474f
0297ecd98
019fa19b3
782a75444
7c3a1788b
00602d15e
7f92c3be1
7fc8724a8
03b882725
7e50af359
7e3ec220b
0161ad509
7e3268386
7d00b6a12
023289dda
041271ff4
7a22a0ade
7ea048b5a
7f6b88ec9
0225f7ebe
7cd8017a9
7f8bd0fdd
01bfd2d2f
7b17145d5
7d34ed652
7f34138c2
01388d616
7cca56abd
7b6689846
7e51d5c1b
05a04601e
04069fcce
7b55cdfda
7d017b9c2
00a7eb802
0368c09fc
0103ec10b
7ebf62c91
7b9e97c39
7edd6b61b
7ff0f922d
00d3f480f
7cfa3e53c
7f29f05bf
00bd8e563
7bb444ff7
00f6390a0
7dbacec4c
04f23734d
01bedf00a
7c8ada3a1
7f9108b25
01c6a8300
7b845706e
05099b47c
7a548e2e5
7f785239e
05888b577
7e5ae8a4d
7feae3dd3
7fe2d545e
7e7711317
01f99e71c
0541175c9
7cdc27cc9
02243d624
7d7e17968
05a0fb7b7
7ab8b170c
030edcaa1
0000547a3
7d4bedb15
7f850b902
00933e0ac
7daf9cbcb
024502d02
04b6b985f
77bdfbd55
020eaf32e
7d9f79831
7f222f010
0165f8034
02cea14c0
7be9e7632
00cf03eec
004396e8d
018170ad5
7e448ed1a
00504b145
7bd4b5c6b
7fa47dfde
017711952
031070771
7ada64466
7c975e3c0
7d554af31
036b6fa0a
7f54860af
0338373b5
79254b04b
01899ee2c
7821d53e9
040c5b19e
03799eef6
7ecbe4402
02daacef9
7d6c1bf4f
0223acd63
7f58eb70c
7ca01a740
7b75278cb
7eff14069
7d7974cbc
05f3d87da
7d5f25cbe
7d46c65be
7e2765aaa
7cd744ee6
7d33d2357
7d08262f0
013be9190
0432e8d13
7b9acaf65
7f1364652
04b747875
7eac0cda2
03891ef76
76d825525
0203eb73d
7c3b96072
7d6665d9b
03d80c193
052dfaf9c
7f9e22d1c
06798ef3b
7ad4166bc
7d943d4d2
03c79cd7c
7ad74b6fb
7d5eb51a5
7fc64d47f
7ac0c8801
04e4d4519
02bdf5e4f
7dfaf4c93
0030e17c1
022c807dd
7a1202a66
7c7f71a77
0477e64fe
7c5fa9fba
02b5ef0e2
7d9349e7b
02224a72f
01f88d280
7f041ab39
7c0ea35a6
024fa7eee
7e4eecaa7
05c09e4ce
7f5022eda
7d23f41e8
041c088d9
7f061ae29
79788ff0d
08c732d68
7b3f6d4ed
032647d1a
0460d5fac
79a87abd1
00739fa1a
048e134e3
7bea46403
016a40609
7ac4ad883
06480df75
02a44a06a
003f57bc3
7a2f07f41
7ba9bac1a
019aee2c5
06c8aabdb
7e1553584
044303d57
7e668b455
7b28a535b
7837d4091
7f3816ba1
7bbdda721
01b4a056f
7d1a7f5eb
7e2e71955
01af59ee8
0530f8aca
7f232ee34
7f8f2ca35
00d3c9920
7a0f88351
006299fe4
058e231a7
00a83b0cf
7bf08fe22
7ccf86f4b
03925ccbf
7fda834c2
0329bf777
7660430e0
00280bf6d
02601241a
081e55d1d
0479ec613
7e2a4f99a
01b6adff9
7d75202c7
027b1a06f
7f6605b02
7df8629e3
7b1273dcb
00f48dfa2
0391d0289
7fbc205e5
00859cb8a
0591b8627
75e0f6c23
7cc44f61a
00b8866cd
0333b167d
0602aced6
0674517e9
03c3586dd
7a71fbb3a
04dccc37f
7e58fbd7a
7e83fe957
02698537c
7d73bdafd
04b7631f5
7ff6cc190
0073b964d
012355acb
001ee996d
7ee64d92c
03bf064c6
0094738e1
00a53ad14
0001797dc
76cd1e6b8
7c9d90422
07a5fd9f0
07dfc065d
098dba381
77bacb2a5
7a7af801a
7f48fee08
7eb0d59c3
753df2a1f
7d72dc6b4
0418ab829
7bb53f3a3
00aeec50b
7d0e0f41d
0b6738631
7a7201524
047130d58
06a28034e
0293140aa
03d79ecd3
7e2eb01d8
78cf1e384
7cfe7ee62
0175ec799
7a74efed4
7fc83d3be
02491c104
7c2d1cf93
7bef72064
07e758235
7bcbf1f44
7fc90773b
7f21f2dd2
7e224a838
7f2dac5c7
03ea5ae98
7cb662a36
7d0bf867c
7d8c135c7
7ca479e5b
05e5032b2
7e4b2b9a7
036769b88
0797f0650
7eff65f87
07336bf58
03502a038
04fd74b60
7d04bbae0
00efe3e3e
79b27f2d2
7a7cdb266
03470a0c8
000c03e37
7d11c666f
7b26edc8d
04d9351b4
79a04f338
020aefdcb
7bd60ff85
7f8ddc0c2
03e5ea8f7
7c7ea9ce4
7c2435df5
7d80e3a65
79ab4ab96
7e8957782
7b0d1c0cb
02281e0a1
7c77414a9
7f9c0ea9b
7a4dd5f2a
012edaf03
7a2f4805e
7db90e3d7
7fef3858b
7db3fe7bf
00c4c7ea5
7e016a26d
7c1ef5ab6
0172c9138
7beafda03
7bce1c994
7ea214ea2
7d8e67392
7f45418ff
00af43965
02365f6f8
014e41626
0033906dc
0106dd9b2
0239ce746
7c09b1de4
7f6b21971
003fde901
7f90d9cba
029481724
7ea746106
7e0d5c70b
7e3e6a90e
01905ecc9
011179257
7e5e0ca7d
002cbe69e
01e255d24
7c831d490
0167d3141
7bd7fd00c
017898d2b
028711111
7f9fe4305
02fbd565e
00646811c
03ac600ef
07ba1b966
7f09ecf3f
0260a8a03
057c8aad7
7c7de88a0
78f85ef7f
01e3a47c1
0025f6629
027938a4c
07b5b4648
002408f05
7d3b03340
7e9dc1e41
005c99d39
7dd5abaa4
7ef8e81a3
7e3027ca7
78afa8de9
0376081ea
79e63ed98
030c016fa
049873fa6
7b09b3021
00976345e
01a5ee7a9
7d0fd7617
00ac72451
7faf55a4e
00b238c9f
7d4d55a81
7a916baf0
7a13939d8
02d6b4534
073f0bcf7
7f21acb61
7e88c8e9d
02ba94ca2
01ce62cd1
0073a56ea
0540018da
015d5646e
7bd0a2e33
7ecd812f9
7e787bb88
7cb8b56c0
7df31ab0b
7dad38487
7876798ef
001d8cf3a
06e9aea28
0579bf703
7a6616e99
7c5ef69fa
7e461e704
7f00812de
0b5d43fd6
7ddc7034d
78f81c451
7d2d10e79
7d8ebc680
7d22cf702
7f137aef9
01011e679
000eab267
040a98fa9
009b53457
0816a9f78
7b572c93f
7809a175d
7b525eaac
7f2fe7c22
785f48420
00669552f
76414248b
7faad2689
7c849d762
067322acb
7eeadf16d
7fd19fd46
02c844b9b
7c66ccb5d
00bdf44cf
7ab287894
7de313d7f
028707f1a
03cb43e1c
03c668b09
7fae44d1c
7be3cefba
7dce8e780
008483f38
7b838948c
067ed3831
7ee62f098
7d9e9f257
05df3816f
7ede5fcfa
04fa2f37b
78dd4c020
05e4566d3
7f5a35e5c
7fbfd43e6
7a9c063fd
0339e7f25
7d01e9d6e
01ef083e8
0250d1515
001c3f710
0038ed928
7f4ea4079
7f9a6a231
02ac93e82
0067b5d21
7f9ccad29
0001c35a4
0585c73c7
00a8ba11d
02b8fb9ab
7e054c9db
0576d775e
7bd4068f9
7f59f21a6
00a007ad5
7b96a89ca
06e35734f
01ebc857f
087dd0aa4
7c3a91179
02efc344f
7fdb8515e
04e61593d
7daa9537e
7ff1e1cf0
0207b2a46
032e6adee
7f439f3bf
025ae5503
00823e398
7f302eb4e
7e9078e6c
007dab5b3
7c647fd91
7dce1737b
7b63ec53f
7da013ae5
022a0e596
79d7de9c5
7da4dcdb2
00449b9d9
7f46e3b04
0465d9cbf
7a36215d3
033222fee
01a94f13d
01c9b073f
014faef33
7b1dff2ce
017628805
04427685c
7cbc48f2a
7f60fa607
7d18218a7
7fbe496f9
7e5c59ec0
7b5d95538
041d1f4e2
7e9139f88
024d53825
02833081f
7e4500438
7ea7ea0fb
03cd0386a
78f88f4b7
04d21a4d0
02f53d6d0
7f51359f2
7ed6d2c8e
7fb828f18
051401aff
7aba5a010
014a5b6e3
01a65a40c
03c9c2eab
00ec72d2d
064c21455
7cf8728bc
7df42d656
00909bab8
7f63e388b
031673c51
7e6b3e7e4
06142ba7c
025200e0d
7e7be079d
041a5bd20
001b4bd88
01fb44cac
7ec23fca0
01af72794
7c7231df0
01bde897c
0177cb6fb
01d7700e8
7fcc8c0cf
0066b8e02
7c40eeaff
7e0b95413
7d4254d92
7cb89db21
7fd1e6006
02133b6bc
7ce44108d
79f73a6da
7fcca0427
03863a90c
013197f4b
07e66789e
7b6616117
7e3dce6bf
7cf32e2cd
7a990bb5f
000648b89
012591be4
085704949
007ee34d4
7c4a087f3
78a3b8bc1
019df9f8a
0390c2b7f
7ab8476b4
04d6a14e1
7d7247429
7d7182239
01585ec2e
03447cf9f
00639e7a3
01e25fbd4
7b4be879d
05c9136c8
7f507d29d
7e7d7380a
00e7af77c
0160eae4d
7c930e03e
7f2ac6397
0362922e6
036e7221f
0683275ce
00ed75014
014f47424
7b3d28853
0349325d8
7e4c3a7d4
01676c514
7c04a8b82
046007bc9
7fe3538ff
7dec92a78
7e146ea26
09e8c4944
02a5d2626
7d5927b8e
7b5d1a69e
78c7b55ec
01009f325
0772ea4a2
02de16f15
01cc8490b
7e8bfaad9
7f971f9cc
7ea024c3b
7e442919d
033e42e2e
021b7a530
7b7f431b4
7f760da07
04651c359
00dcf6e30
00dad7d5f
00bcf49db
799f6803d
7caf71b15
0859468ef
012146f49
03513dc61
7927b22d7
7d5ed5ac4
01b4c5263
01244d63e
7a05f932e
7b9a1e57a
7d1a87f47
00ccd83ea
7b235e269
040c4fccd
04bf06d8d
01747aada
7f1114a57
7d82ab92e
023763114
7d523d234
00761ad87
01ec93ff9
7e4c6fbfe
7fefd8072
037d3a0e7
7ba43265d
7ac3efc93
775336a11
04c05baf1
01de5e5e8
0175139f9
050492b11
009258089
776390639
06c779a92
03674a05d
7c48048b6
7d365ee9e
7c48592a9
009109c86
055bfac30
02dd37c1a
01d6f40d1
03f73c138
779f0a625
7ddf04a98
7c7ff10ba
7bbb0f195
021615d8e
021de2854
7f29d1db0
03308f02f
003e91d1a
7c8e21a56
7b63eb722
7dd6c1800
00c497989
037a465ce
7b1df87b0
7f5c21766
03f698ac0
015c7d178
7ed8f1d9e
00a483da5
7e2019fb1
02252dcd4
7bba69af4
04615e961
78e08bd81
005f81232
7a666033c
7b2404ae5
03a7a0e3a
0200cacc5
7c74f6cd8
03e596bca
7b08e86f6
7db58b8ba
7c81a8661
04f0ab974
7f6ae14fc
02de51f37
7ee5fceda
0257f2956
76b8f0d1a
0243b182e
7bbbbcaab
79621e019
7e868bbbd
042406a7f
05b937517
7d06cb04e
04144d288
7f9577488
04f1e944f
7dc17454f
7ff5d9856
7b30df42b
7fe5e78b4
7e93a28b5
0490e02ba
01e35872c
7e06b6f2e
02e24e3de
000feb8c1
00685e77d
018437f66
7d904bfcf
7d87b0b2b
7c3ea4d8a
00ac08535
00400bee8
0242bf8c9
00effd424
00f739db7
008fb1934
036c17b31
7f3ec0c36
0483ff355
03d0b584a
020ab9fc0
015abbff5
7b892c19f
0427bd6f9
7f5cbf7ba
00341eda4
05aa118d2
007fe2880
00c167a67
7f3af3a70
7d1ce4f0e
7c53e8b79
0073e58df
7f1a99d81
004e128e6
0667e1b48
7d6633c4a
7f426520c
79f4c919f
004da0dc4
78906ce6a
7cf34cc15
058ba850f
0559fd528
799605df1
7f59f78f7
7ffa17df4
7c451f87d
052d86142
03eb2228d
7acc403d6
005dae57b
0161fac7c
020f206f1
7b223f713
045210c9c
7bfeb9ee9
7c44b8445
09b1497ec
045a2d797
0120d2c38
002430aae
020657be0
7903290a4
7aa5be7b1
7e9cd2052
7aada1e4c
7e302effc
05617a50c
06b1d1b08
019f99416
7f4bdd136
7f1a1b01a
043fd8a11
7f421c8b7
7dae7bf7a
7e62666d6
09a6ccdab
0641a4e1b
7df920acb
7db504365
7c7c61e23
0415048b8
7ec7c2c44
7e1f5e6da
04a2607f0
7b2d278be
05c7bb34c
7d7e4fce6
00b6e39bb
78bb6c0f5
011bb880d
06c4f6dd0
77959aca6
7d92fc2c9
7914c28e5
044b4c337
7ae3db8ea
083ca66cf
027ae21fb
7edbb3cba
7ee15d6d9
02deaae9d
79f0ff062
02fb87b47
7a499a617
06f40a2c5
0005c8a1b
7e9a87d50
0240c3b7d
08a1f94d7
7e1defbca
02e10f1c4
0239b50ef
014ba0851
0794ff814
7c3f8eb11
0265ab620
0342a2001
0293a4bc6
7925f9887
7ec72afc3
7ba0f3ed1
7ebe3213e
7f4effb72
7fefec7c3
7c10dee88
7c3be3317
7fbf63ffb
79d1e480b
03b78b36f
7dcf22a28
7f7585194
7bd0d681c
7e8d168b5
00008cdf0
02739c82c
7c94dbb13
042ce6567
7c92f2113
02ccc567a
7cf3a2e89
7b2a0095e
7f080ed98
7cd806b33
01c1dd93e
7cb773783
0103d23ed
7d3d1c00a
7f1d4b5db
7a824947a
04081a379
00094b77b
00f13691f
06201f14f
0940abeda
054ea3b55
090eef549
06bde3629
7c1742f1d
04599bbb9
7fbc0f066
7fac60ea0
7a22bca2c
7f5fdafc2
000ff57bb
7df7e640a
7e537ddcd
7e847f969
7f4c7d921
7ed063f27
03022fd98
7d93d8980
01335fb57
0688ebc60
7918fd333
03534458f
0222ea0d0
7afd6e694
750cb3ce3
7d72db547
7dd680fb2
7fd774c56
792f7c6ee
00c6799be
051c10556
7e820197b
003d3c7f7
79a30aa44
7f2b9e1d8
79ed4f4ba
068cae13b
032a8ada1
771a40b55
07ef2fe90
03da03c97
099a31210
03178a669
7d25c34d5
7f53d2668
779d51247
026b2618b
7d15fa811
7c505190e
7dd86d363
02ef41337
7d3769508
0224927c0
05f969506
7e3e16c7f
01c18b134
00946fa00
03fa71500
00c9b0ddf
00b3f0307
7ef0b435f
7f9593c23
029fa51d2
7e057e163
7da7a1ea1
0199fb5d1
03dbb4ed1
051284be3
0336ef5c7
027cf4710
7a2b91e17
050ab6c78
7a92a3577
092ecc626
035d38162
7e07b6207
7de4a4986
07de60a47
7c706b850
05996481c
01b8470b2
7df261c34
779bd521e
088cc74ec
04bfd09b6
7caf51039
7ede34f33
7b3429ade
7f3af1b25
039f535f3
06377c492
013686b90
022e31f4c
05223a58f
7c1eaaed3
7f3a94522
019ba087e
0321e04bc
7fad465c9
042ef1bc0
0504a656b
7b5147af8
0444da6c9
7df4abd54
7e806b00b
085b3ddfe
0a1cbe831
7df6e1f27
7c8013ecc
7fa477fdb
7f8288d0a
03a6be44d
001f8c0ce
05ed2ebe7
02309fb24
0317b2d08
00b1820cc
7fb30d29e
7f655f14d
042dfee42
0044f5298
039ac611f
0066aa055
035287db6
0092a8b35
02291cdc0
7efdf1fab
061936bd7
7f02b2697
7d8d5f1e2
7e957b78f
03de6d8c2
79eeffdff
02f5f1096
03fccadc5
7e87d361a
00e17bdc9
022d1e49f
02c53c9c3
03d1aed20
7f66256b6
7e131e59c
03257c8f7
7e3152069
7dcc0affe
069e9a286
017f86db1
00d5b1ff3
7989cb0f3
04968bb46
04563838d
7fe14d663
0059c1fa7
7cd2b9491
02b3e736e
7e06ce3f3
052c1ab72
7db486c77
7cad85317
7d000dd00
02f7f0aec
7bc39e66d
7b20c756b
03fb03a30
000c68cf8
059e06fa2
020f57605
0686426ce
7f77771c4
7c072fcf5
7c9fd5189
066cea051
7f69e23d0
791956495
037e216fd
047523067
01d3803c8
7e46ab588
02ad1548e
7da4605f8
7ae047e8d
03959c5f9
7a655ab45
087eb1b47
02f0dea91
7d566849e
7b8f70ed9
032663e76
7ff217451
0139dd55b
7d6e2745c
0910648fd
040ea2469
7de985e0d
015e1300f
023bab356
7e120a621
02489fc12
7bc59117f
03624efef
0861b83b0
038873579
7fecc96a4
799ae0928
0210a92a6
096f8ff2c
7be1a6124
021251ae3
7e8b637c4
7ab3e1024
7ff6f301e
061766cea
03a5d7bd3
7e3fb58e1
0393a19c3
7f96e578e
01d19f234
01b1e96e0
054aa5408
7acc4e89a
7c1c58d2d
04e27d29d
7c35dd0a1
0376d349e
00cdc2a73
7b528d7cd
7dc5c78fc
7ebdc8fc8
023f7f5c3
0516d8e11
02a551c51
7bc6c5bec
7d706427d
7f3c75647
059f3bcf5
785122500
7c55ce080
037a78afa
078c485e4
0029bf20d
799aceb13
07fa55a16
000952ba1
03be23e00
03e9e60fa
00b527a87
020c41b7a
0058be91f
06767fca1
02830e8c2
049d62695
7d217c23f
009add91c
7dd283292
0136444e7
7fac5005a
019f4969a
0265dcd43
0612e97c2
064d89989
7e075d0de
7c279d7b8
7caa9deb0
7f38e4c97
0526616be
006bb1076
7f5da5291
05a77d283
007dd98eb
002e60253
031c3be01
7ada24a4d
0425a51cb
7849261e3
7bee8d3aa
7744ba9d5
02c8f14a5
019b2f187
0388abf33
00a0d12f6
79fa8bb80
7eb35b8f5
059891073
7f31c014c
7e4c9a90a
006eafd28
035bb9aad
7d569ed3e
01e3349ce
7dca4eee7
7b4b42825
7d1dac1b4
79028914f
7e6cb9f5f
0282c69c0
0016019c3
78f9f6a3c
7c70f2151
75770e088
7f80b8bab
7e072dd80
7d4885bac
7f3f44528
029219299
01322a156
7e9d5f057
7dc55afdc
01ebeb59d
01d741001
7cf24896d
00634d723
7ec95856a
0441dba07
7e086add0
7f45a9b13
7896d245f
0523b3a94
008fb6563
7c7463751
7bee6d7b8
7d939dbab
7c0521138
7b4978c68
7d4d091de
7b1c32020
00e9f145f
790ce32b1
03ac64bbf
7b9054ebd
7bc9b0d67
7bb866f1f
7d96a1540
016377bf5
02d89961b
0064d0086
7e308a203
0071898e8
00f5e61dd
003cdef3d
040f96254
05dc5c0ea
7b783b3f2
010567237
7d2f0f339
01fec3ee6
00e46c67b
038d13823
7d88b8119
0169f5d55
001254c46
003ce3c04
7ef000004
00d408ed3
7ed9ce984
0339f53c8
0110f3610
790aeea5b
7e22b502e
7e0513c8c
0920c9e18
02de2a051
04345ee55
7c25ac08b
02577d8f3
7eddd1cc4
7e6abd1b0
00a1b8e28
7f13618b7
04dee8534
054836add
7a06c30de
7f995a290
7d6f7ab4e
02693f46a
031b76d03
7e2896ca6
773d905ae
065c79273
069029c0d
00e42d53d
01626cf47
011aadf7d
01c5cf8cd
00bcfe94a
0041ec1ec
7c93f19ff
7f2723a08
00a0b5201
0178bd6b5
7f96821b6
007ca7cd8
7e792fe0b
04200b706
009617887
7cc8d8c35
0483d601e
7ccb63e1a
7f41aacde
7cb23c86b
07f85284b
00b9db71d
7e6454af8
78d7ea3ef
7a4bca04f
7d969320f
7af5c2def
7fcd0b852
0221f5dfa
7d98ab615
7cd5b87cd
7bd8a9fda
06382ebb9
01ffc5fb3
00d74b40d
0226ff358
7e0aaa8a3
03c2fb416
000a56439
7fc9a8735
7eeec4582
0175c3150
7ea578220
04aed2e10
797554be8
7da24aa37
023696111
04ab1e4ab
0a809921a
09ca61bdf
7e2aa9ddf
7de69522e
00322577b
7dac384e3
7dbcb59f5
793ebe18b
035eeaeff
7e474e128
007e5474e
0320b25ab
7e585945e
025224927
7fd55c80a
007f12936
072e34b9b
7ee270e91
7e87e7a26
0023dd4ce
052904006
019257167
7a22e4ecd
7a8070e8e
7af1a7994
78cfbf926
7e46e86ed
7f5818a78
7d4474f9f
062cc5dcc
04980cf05
00a9b5f1b
04a35ecf0
7e7957ae6
046ea9492
075aa4dd1
031b9694c
7df7a4780
7a3d8c571
0451ec6b5
01d8d865c
7995c29c6
003b05c52
005269126
00a294ed0
08c316f0b
0509805de
04f6dab39
01f4c470f
022ca1f14
7e93a0323
7c7ee0baf
052566d8e
7d3ee8e6a
7ac0cf61a
7a516bceb
026fde72d
7ef0b2db0
7e187b1cc
7cd1c053c
030fcc865
7f517f501
7af50f5ee
010dd071b
00428fc8d
7846b75f1
7ff27188d
01d68f480
7df416ed1
033cbae53
7d3613a6b
7d92b3472
7ede7d087
7d814a332
00059634e
016758c53
7b2d07576
0301d4d3f
037a8f6cf
7f30392d1
7c25828d2
00d3d9a6a
019e7da7d
7ed173c80
7f95bce78
03ca1c212
7f2a4cdf6
00f802e57
7a1d3af15
7f7d52469
02675ec37
7de6ef92e
7ba56fa20
0564acf9f
0046db2de
7e688b89b
7d650079e
00aade495
02c8eb3b9
7c568a203
7bf4e9fbc
7b21e99a3
7d1984d00
7e568bed6
02cef37bb
7c13ba44f
7c8aa222e
03154e6e1
02f647b47
03185914f
7e8e15c4f
7f6fd3fcd
7e1da7fed
7d9b77f51
7f9917108
01af7cc13
7edbb281c
7c45a6e10
7e7e73b55
7eebd5f50
7e30c36b4
02e2da273
03aaff610
7e1abfcc8
7ed6bbe09
7aba2c7ab
008101298
00f88e422
03a3359bb
00a319daa
7fbbac9a1
7d019eb8c
003d6d190
7dcb36dd8
7e0e426bc
00e5efa11
79cb0bf65
011216450
0091ec367
02796ea79
7f7b3076d
0393af57c
052ecabfd
0529c9a20
7d2fb1fba
7f225890e
7dc151640
7fcd45076
7fcd6e099
7a0675b5d
77e3c9538
7ee98cfc2
01e8af7f5
01382dfca
01162ba8f
7d6107cef
7dbeba64b
00b6bbb21
7c625f2ec
7c88e9cee
7ee18174c
0292788f4
79c99d434
027dfd231
7e6c3c9bf
7f5ae56d7
03293ebf0
02cc11eb7
7eb5bd33a
7ac97281c
010b652d6
7f1f198e4
7f4876b89
7b757293b
78992d075
7b002e9a6
022ffbc64
04bb655d4
00083d90a
02c8ff93a
7fd350eb3
03825f126
0538c4835
049ecc680
01f086ff0
013d02162
018a53e3d
00eee543d
004b7a3bf
7fd9b1323
007a1e7e6
02d32834c
7b3256b0b
027ba385e
7f81b8255
01abce647
7b7f4adba
011a56aff
02f6fea5e
7ce4724da
7faf04d3a
056e903d1
7dfae50c4
005e25b5f
7c4173e05
7e2423910
071198219
7e854ac5e
010775fda
7c7c9fcf3
7cfef81fb
7d98eaa42
00d51f33c
7bbb41836
019bf1948
7e14194e8
02a048bcb
7dba33a25
027a6ecfd
7f1710290
02b4eabd5
7dfe6df1a
7b12c23fd
7f70e10ba
7f4d7a99f
01bc4a6fe
04a9642fd
7f17f8d7e
7f5989131
0371b6763
7a26a70b6
0002abf63
7f74f05e4
7aafeb5b0
082f4b7e6
0212d7467
7e859a3d4
012c18d97
7697964ab
7cb5ca018
7a4536c78
0254f87c4
7fea6acec
02679c1d1
7ab32364f
79fc39530
04c0eb733
7e572bef7
027380a68
7aad11e7b
7b0425002
7ca13a089
06f82f26f
0097a7af2
7b72162ab
03b807419
7c0410d4c
05ceeaf23
7ee86add6
00ef02ca3
7e35d315b
02ff25ee8
019beea68
03ae07b1b
7deeb8767
025a379a0
047a9eb15
054ff2540
008440565
0479ad22e
7f830b3cc
7bdce862e
7d19f8fcc
00f649917
0060b1998
7a44fe941
04baaabb2
010bef990
7f5c501d8
00b16f087
7f9cf1712
7fed12665
00c32e729
0ab400d6e
7c2dd672f
00101d599
007a0a4e4
7ea5f77ec
7e23fbf68
7cf9cfb24
0393a6019
7f7bf1951
06c8cb5e8
02f15f27d
7cd044c54
7bb752a91
7da269dc6
7a1a50f0e
05870ef0a
7f38d0bd2
03baac469
016b40a82
7fadbe14d
7a4e38cd8
7d756658d
7fc9de561
7fe1fe142
03b4c40b5
7bbd54f4e
7fade3092
7d5d38892
02b73e005
795d82bb8
0303cc601
02665fe8d
08e324b68
799f84ef4
020cef9e9
7ebc0b0a2
020ab3a72
06802b20d
02ef1c23c
7e001f231
7bcab5018
7e9431821
7ba6a4eec
7a77c9157
00ec30ce9
0588b10c0
0050cb3bc
00e1ecca9
7d45b94e0
7f98fe166
7b88f0898
0034dd74d
7c348ed4c
01e9cc15e
0531297fe
06ec7df10
016dae40d
7e9f1b98d
7fcdc6515
048131e92
7f6bb5e30
7d653d981
05521d7ad
0180424be
01ce6f02a
017fc39f0
02ab83004
7f3d4a4be
7ed09ab4b
7c6f9ac70
7afef2cbc
031fedeef
04be7ca54
7e004f0bb
049f27453
0420b9817
05568593d
7f655c1fc
002ad3e5a
02e301f58
0336e3b0c
7ede06962
037c7da3f
7d9935047
0310c1200
7cf059e04
7aca7a12a
7c064ab5e
7bbf40524
7ebe51335
7aff1b2f0
01f75ea39
77f4e97b0
0135ee597
00fd1310d
78af93d98
7aedfc3f5
012606918
7b82b0932
7debd7a2a
7ca1cadaf
070a62489
05a42f117
0079f5401
7bd4ae4da
7f1f2a61a
7ecee38e9
7b09f3ded
01130fd81
761eaa8f3
7e5373ee7
0042268a0
0000cbf03
7f5cced93
027421388
02ca87986
00619bee3
04b6b3478
05043b136
035fd3578
7d04273c4
7f2449a0f
06be766fc
7f37ba9ef
02c42a366
7a6b15ef4
796a2b1db
7d69ecbc5
7bd87087d
7e5b259f7
78b5e9a1e
7d96ffc6d
017b12cff
04172d124
01288e869
03e2f8799
7ea753689
7acf41d36
7ddbe1e33
7ebb1a940
014d7869d
010cf3e06
7be30bdfa
072471d9b
7e87182ff
7a6ae346f
7f0656a47
7d3028cd8
04186eece
005be8492
7c8855234
01bbf0b77
7e1ebf9c8
7e0fa45ce
7ab427041
7d2553563
7a9c77dc3
7e80b721b
7ca523f25
7d2534f6c
7f7654f19
019d87599
767cff17e
7b0b5f50e
7cd1a100d
0270f66e6
7ce2c33d5
06114285b
020611ee2
04d748e73
7eb0a4642
00d487ede
7a834743f
7a3e49549
029f5865f
7e7e5db23
04b2d005a
7bd874416
03384cb7a
7ce08ba8e
029f797b8
033648b53
7cddbc40c
09a0bb53f
7b8e249f9
0299cbf95
03bf99d1f
0692ce137
032942dae
0063c2aab
7c7cd9ce1
7abccf3b6
7d3f534b9
0650b7912
77dd26319
0217ab9cd
016ff3391
7b1889cf2
7cc6fb7be
7c350af3a
00ff3135a
08e653a26
7c081df09
02a19b529
097ef911d
005ebe9a7
7d8d49539
7d23555c9
7f740ef30
001cdcb58
7c8e83e75
7e1be0337
7f5405614
7dd06f449
000a5760f
7f94fd5ce
014b2d1f7
06ccd78c6
7d2ff7ef6
02fbf29fa
0157aa370
7fa68843f
7c0bca77d
7b6650df3
023de6570
7ccbd22c8
7d47e6a0c
7a26d8d3a
7dc944f51
7e988ee11
008338ca5
7ba3cf4e0
7c514cb93
7cafb4608
02cca9bbc
7f1e505d5
7fbb7d67c
03c0265e0
7c7f631e8
00e80b7df
045ef2470
06e71d93e
7f52ef9c0
0173b3a36
054b5578c
02ed21fd9
7cae3bc63
7b0d5811a
026266adb
7e269aff0
7a468f2b4
78792e87d
0225319e0
7fb0add0f
7c36ad07f
7de580668
7fc7601f5
04586435d
0019268d9
0088095f7
05fb7d0db
02beb3b26
7cd86079a
7ff2e6d32
02cd58b32
068aae1ee
7ea42ce2a
00ddeea0c
02f336eb2
7fe3606a9
7f07ee45d
7fe3d15f4
7fe014934
7ee7c6e19
7fc784903
7a286b395
0082d6cf7
7c033cb72
000dab1ea
020b3dc61
7b6150dcb
7d9e60a0b
005d4616d
7a45b77c3
7c9cadccd
7a56e74d0
03476ee7c
7ca05380c
7c7d533f8
7c6be85ac
7e0670b12
02067e21b
7d10739f3
7aabbf99b
7bf17f755
7bebde29e
7ecee00d2
7ef3427bf
7d4f695cf
7ebf72722
7bb8a40f0
006a9ee35
02b01f2d2
042e02f21
00d085aef
068e3b53a
7f0b77532
7fd9987d2
7e99e068d
7e7a6dae4
7fd0a65a2
001134eee
032281201
02118ee77
03e480571
029e180df
7ada8debd
7a0a3edf1
00aef217a
7501fcdb2
7a594d944
7c3382846
013db85af
00c7a32b0
7eb17457c
040789abd
7ef46df72
03f52491a
0514efbdf
7f9053197
7dc1c9bef
005a6897b
7f737bb36
7f2742ca1
08165f393
005017dd0
7efadb7fc
06ab74c0c
019de138b
7f61e3660
75e71254c
7d0c31b98
7ee0f9e45
02d9c919e
015e2a00d
05d433e2f
7c46c4439
0150638da
7e174fddd
02394e228
02b9f57bc
78168fc19
79eac3f9c
7d1271125
7afe8b755
7bd46c751
7f0a0979a
79f8adb56
7f06bd261
0330e6859
7a2432cbc
00e58d4b6
7d7b61d32
05f0acd27
06f6277cf
7f9ac7838
7c230e362
013822fb6
7f5c4007e
7dee3b64b
7b37fab42
035e35c84
0168a7b99
0190aeda3
049f6b3cf
035fb6ff8
05d15bfff
058153dae
7fbb08b6c
7d017cc83
7d39f398a
7a9f5abd7
7ec69f1bf
01ed7cf52
7e544afa1
0058f9965
7aac8ead2
00505c24e
7f3760b56
7b5b797d6
0277811cc
7d693168a
7dab2172c
7ecad3519
03c55d2fc
7d1a395d8
0211a1831
0333f4e77
76abf4d02
02cf19de3
7b69818c2
7af3d0c48
773df2d92
0403fdf2d
034d86faf
01853f708
7edf617dd
01b430b63
032b75687
002cbb22c
7b5a3fceb
7fe111b53
7de120e1e
00e9b0155
7cb21035c
7f3fa9659
7994f7ddb
7c59a2523
7eb2b3fd3
039f03350
064016294
7d291e99e
0276b4daf
77d5d8412
793424981
021fd1a51
7eec72384
7bae88e8a
7ebde5019
00efdcd85
7fe7fd9eb
02283d762
03d663416
7c3772dc8
00f8a9ff9
007e3c809
02b52c947
7d0301029
02385e946
073427fa7
03ef7498f
01d227d7c
0947cb142
026d08a5a
7fd41cffa
7b3a71101
7b9c136a2
7c8208e57
7f33604b3
7d113fb36
7f44480f1
7fa7fe3a3
7e8224c17
7df9a6f09
030934058
7ef1d5744
0238e8747
7ee58e7c1
7c65451e7
015b822f6
01e35c45d
7af76dd88
004eabbd0
7dc8c1af0
010849ea8
7af56caf3
7f3419545
00403c3fd
02540c735
0746ebe9c
04de2f931
0091c3993
7869724b6
042ff0f34
7b0f00497
7e993da86
7c09b8121
7f1b5aacf
0a37697da
0413f7c65
7ea7b80a6
071623f9d
00ffaf64a
024609e29
7ca8a9266
01f149f69
7a7ba4686
770e267b5
04c0bf9ce
01f93c019
7fc1240d2
04f0240a4
0118bf884
0492ace82
7c75b5e85
03cace6f9
7b5f2e143
7a72e34ee
7d4784c8d
000d41e15
0053ff936
06015e850
7ce56ef82
7dd8bd2d0
013e3baa0
014a24272
03ebe00dc
7fc9633ba
7fadcf540
7773c69e9
01b2c094f
05891af0f
7ba7ef9b8
7c114f5f2
05364c601
7c14e8183
0055e5455
79b5f6dea
7e7033276
05104c49e
78cb48b24
7e352f036
7fb6bdf9e
7ca82fbae
04751cde2
7db7b57a6
7d0867522
7816c0627
0447eddca
02425d32d
009552a3d
039c50ad3
007217bf6
7e4cd73a0
04a1c64e8
008b0b3fe
009239a50
061dab930
01a8573d8
7c9d2cc5a
035021caa
02c0acd56
7e307ceef
0108b28d1
7c737849f
030f49971
7c17e0823
7e56d32e1
00b0a1dda
03a6d7d28
012c695ca
7eee0f566
037996fc3
00d059b38
01cd4a5c3
7c070e302
7ea09f749
036ffcc21
7b46eac05
016cb1b28
7d456c8a4
7e58e6c9c
0510dc5c0
7ee9d5c37
7b4641009
7ebf70b9c
786fcf47d
79141a286
7b4ca5002
7be6cf835
7f2c79d42
7e5812d48
00fdefaee
0180176be
79ac0fecc
7e15a71fe
7ebee9578
7d870ea2a
7d076431f
00ff4cebc
7c753af22
0447283df
7ef1c6cb9
7ef21a806
0355ac764
01b54da96
7ed2b95ec
05fc86a89
7c155d3a5
7c79e6228
02e666bf6
07ad95a61
01aebf234
00eba01ff
0368e342b
014792c73
7fd3d20de
0355a50ff
7ef7cfe9e
7d88c24d4
018142fc3
003584b1a
7d896eb7e
0180e8ad3
7de615222
05481ce2b
7da1d24b0
7f7a05d1b
01c88681f
7dde753d7
064927758
7a25b0202
7c64a3e2c
02f6b9623
783a63986
7e987f5ff
015566dcf
7eff0d377
00031484f
01ff3c8f8
002ad928d
01c505bb2
008001bac
0189b3a6b
7a14d3e04
003dd2099
7fccfd61d
7b83475b1
7f38089b2
7eeee6e84
7bd997f32
7e7a4d79a
7bae9c2f6
7f8d1679b
0187a8203
7e5ac48a0
7da8ee0a7
03b81eaef
00b19e917
7fe2a7aee
027f5c44e
0421d5e66
010100065
00626c271
014918397
7bf3c021e
02966e00d
03c43c2ff
7e6f780fd
79e736aca
01b813ad8
7f09e3f24
0185c02d8
7d889f0ec
7ece2ba86
0104b44cb
02d34e54e
7a554d797
0061f3b34
042408daa
0395b8afe
005399acc
7809fc517
7cb23f98f
79bd8e92a
013996515
7f71da72c
02a19a67c
7b9c3a6dd
060f6cd07
7dfe564c9
042e6d5a8
0255fc628
034620b90
004a7eb4b
00f76ea5a
02c173aa9
0276fcc24
7f2b01667
00f12d881
015848e0b
0937f907c
084d665c5
7cc4948c1
7ea119d88
7e587dba4
098da32b9
09261b216
7a4850436
00dad87bf
7f432172c
7ea14d5da
7bc33eba7
000ee593f
046d81bcf
7f58736b5
7d07de678
01d4589e1
01684adfa
7e7ad586e
7db768587
0246902ce
006292ee6
02aa32d24
05caefdc0
061360152
00819ed79
7ed3498de
7e9735638
7b8205bdc
7f89e5533
7ddc7f3c3
053c76b02
7c600edcf
7f30b4e74
015a6e925
081d9cf8a
7c9528289
011b411f3
01daa492e
7aeadd3c9
01b538bb2
04e6fab32
001cf3572
7e71dd976
00367060f
0345beba1
04ae77a7a
00995e575
048742da7
01aa1c801
037512ac6
7aa0fab65
02e2fd1b6
011f1d028
0ef857a4b
01a491d72
041415d08
00f76923d
00fde0f5f
7cabd8223
7c98762c9
7df11572d
033156a25
7b7508a52
03fac278c
035c10c0f
7fa37aea0
0801882ca
7d0fae8b2
7d7db5259
7e049e2a4
04362dc7f
007972df5
7eea5a92a
7ec4d6df1
7ecb83bad
02910a7df
00a8c428b
013f6831c
7a37a0460
7c5ed45cd
7fddff691
7abedca63
05d6f284b
00c49653e
056603422
7d68d355e
0308ec7f5
7f96ae3fd
0224856d8
08b70cd79
79f47b774
7d82b83d7
0073702fb
00294e817
7e7c98cdc
7ee632dc4
047e67a32
02aec4ebf
0424bfc80
0097b8102
7b173d8b1
00e14e209
010eaa76a
02e971dab
7a6561921
791e1e5c8
7e8da3100
7f459b09a
79988b42d
03f785516
7bec1443d
03137fc9b
7ccd34f9f
77b830985
033a25e38
045646589
06aeb5458
01fe782eb
7e0cd67e6
0393b4e5f
7feb1285c
0486d21bc
020456f7f
7dc36c274
00f55680d
008cf420a
02974d17a
0191139ca
7c0a329e1
7c19ef97b
01dbf7e3a
7f0deae42
024829171
7ff83b92c
077d99bcb
7fffc0a3f
7c660bfe5
77f736dec
7ab0b3c13
7f8af27fb
7b7ee9bc7
0051a8030
02ded4960
010082332
042b1f1f6
7f852e155
02fe10bae
029b2c9af
7785c4c12
050156736
018993400
7eb803942
04533e93e
7f102a2fe
0954e42b8
7c28b17c2
7ad9bfd9d
02c9ad4c8
06b1180bc
7e29411ed
0411d8a91
7ae039386
7db2acdf9
09012db0b
015e9a4d6
01eb1e7c1
7959483b8
7bf2005b4
002376e0d
0437a2444
00ab77f53
7ec69b6db
7dac8ab12
001c609e7
0105043ac
7c071f5ae
7ea86a24a
7dd8b0f7a
00be01266
057db8311
7b2a28b30
00d77bf44
7f337fcc6
7cd3a9f41
03618d32e
02fb1d52b
0255fe91e
7acba3acc
7e9edadc0
01333525d
0665080db
7d2c17cff
0148ee026
05c1925ac
7a5e16585
064149e5e
02cfc6b3e
7f6683638
78b2de13a
019be8dbe
7dc92e2b0
79fec6dbf
035a29190
7f71cab3b
7feebca5e
038f45512
7a110d3ce
065f8243e
7bc6d0df6
7ecff335a
05e562dbc
071739e64
033396c40
04abfa1af
7da7ed567
066989d0c
7ac6fdb25
7d23a30c5
00c911c24
04ef28dd6
7f42f781b
792c0f0de
00fd72dc1
060df4e37
05186bec5
7ff7cca7d
7d684f8a8
7efffadb7
7f2ff9737
7fcc6a735
016c51d5d
7e2deb8a8
7e75a0bbb
7faf29f14
03f589603
03c37e12f
7ec28d2e2
074ecc8d0
00869579b
7d68caee9
7ec6c6f43
01ae3f1bc
7b67303cf
7793e5c91
0148f3138
020fe329f
7fd735615
7f1ebf908
7e4c26377
01eb04a91
00e4862c6
0081d1f23
042900907
00fbab65b
0015f85e7
01de3ff57
00156909a
04d0eeeba
7d3442af6
7ecd80b98
7eb10f183
7f39b74ff
7fc4d9391
03dc8498f
005e935a4
7ebb7fa14
7b5e7e454
0405630dd
027720b7f
04e743702
7f86ab511
00a776c88
7fb649148
7eb453ccf
020bb50a3
7f89ac510
7ef791f7f
00dc2908f
7da08115a
08d822477
7d1e9af1e
7a168e24c
7eaa9bdf7
02ffc70e0
7ed2c5e68
030d07ac7
7ba798bef
7a73030cf
071b9d3a3
0041a8991
019845779
00fc9df91
019f656a5
7fa4a6cf7
04526662a
7b736f6d1
7fdd9b798
02d1acc54
03d00ee2c
047c23c00
7e5923639
008e2817a
053bb20ec
09afdb34d
7899b550b
7a7bd92d8
7a0e5661a
011cf081e
07f1cc69c
058b46379
011b0f65e
7e9e912fd
7daaa8bcb
05b223750
7b951f642
7c29779e9
7e1557eea
7a85cb137
02c691287
79f203d88
004d8c87e
029ad7a70
7d32ce8b8
7d69cf7ec
7fb5e49e5
7de6c4d87
074e631a9
7b8d465c0
0c50bb9e4
03a68902d
0358defeb
029265540
7ee7f16b8
7d36325fb
004568133
785e6ac19
028e5ef3f
7fa23f3c4
00cb0fb88
0594d1b57
7bacaba00
7ff70e187
7c6f0c7b5
04f319272
77adaec17
00d5a57ff
7db639e2a
004c9ba60
00de6b685
035b00d53
005c1b9dc
015e5abce
0314955a8
00997074a
062320f09
02d6fcf6d
021f1ea06
08223bd86
7d5c718b8
09d13855e
7b1e8b128
7e4128234
01e43f70a
017f539c5
044d26b8e
0644b252a
7f555f249
7b7c2176b
021271020
7e29413ab
7bd9ecfb9
0780c4ded
7e8df51d1
06ffaf8d2
7b8d1d1d7
06cbc7b9c
7bac7ea95
00102924b
00594dc51
7dd90b0bf
7e465d824
00d102ba6
01ad3e8e7
7b237d3c2
7cac77384
7ffbe331e
01b48b3c7
011318d2c
7d1d34f36
034df3277
034a94d1a
0223343f6
032736e31
7e6da3cd5
00e020989
7ec720bed
7ffab79b6
01d172f06
7dbc7253f
7e4ded09f
7f2636229
7f5d20f7c
0116329d7
775dfbf64
00d01e6e1
7dda06075
060e8047a
7880cc5ba
7ac81dbf3
05379a434
7bb3cd462
052578d64
7f3889e4b
00c33b8e2
002ff79ae
051fe9e8d
03c7080fb
7cb74936e
026dc3440
7d89745f5
030ce4284
0180eed21
7be1cbbe1
7c8c3eaf1
7e728567e
001ce9e7f
03b97606c
7b0b48758
7ed368ce0
78cbedb23
01c1d27cc
79caf926b
7eed6a0e2
05a90b815
7c8165553
023f899e7
093b7957a
0193caf97
7df4868a9
04fb58e70
7ead34f8a
7bb591cdc
03f9798f3
058912def
7f69fdcf0
7f8f993d0
01c7ad1c3
02d58cc8e
025f509f8
00e807819
02ddcc2ca
7df987e2d
02103061a
7e1e2581b
0538d1e47
7f464ed41
0263cdad3
039da0531
02b34d656
7ebdcdb47
7ea3c13c4
7b8ef866a
7cb9088de
7da3b9a45
05bc19a19
00b1ca04b
0265f8729
7c2fcf4c8
01f33efb9
030a7724f
7d9210f9b
7ea8eedac
7bd1d38e1
045ed2375
7dd5d4f92
7d0277e8b
04250a259
04d3e5336
015d3884e
036869ca5
7ccb226ee
06ebbd876
7beabbc5b
7adb3eb63
068976b8c
7d6f5839b
007692b88
068d4361e
026bbf0b0
7d210a4ad
7d911c0d8
7bce536ba
7eb7eb187
03a6752b5
7d58053b3
7b8acb430
761b183df
02c6c83d2
7fe45ac82
7daff31a7
7e4d909d6
7ee972442
7d085de05
004f3f6dd
040a147a3
7f9808345
7f58707af
086db9a8d
013d783c2
05869ced8
057d93448
0603dc271
05b5b0f4a
085e949a6
07b1a5c5b
7bbb44f40
042acf2e4
0110e26a3
007883d60
7eb143c57
79d7688fa
7ee387a6d
7d75cc8e4
798436f6b
04c46d58f
097da0976
06146a304
7f9889c0c
7df290e58
06783501b
79d3aaf53
0104f51fd
7cce9727c
7df232eaa
05227dba5
799df7fc8
0025ef971
000218a8f
7da6ab3d2
7c4e593d9
015341363
016590eb4
75625d00a
00d4cbf02
7b919a269
7f8f7e8c3
03ca1e76b
0161e7808
7f3e7390b
7b263500f
7c904637a
7b9e3a1cf
0087e94b7
7d2cd7e98
7facbda05
036173b9c
02e44f82f
7ac460ab2
7e5ceaae1
7e9d95ca2
002a8d095
7d4719524
0118d0079
0127680ed
7ddbe98a5
7cc52db7e
0419f9d8b
783ba6c8e
04ab43cbd
0072dceea
7a095dd2d
7b220a4b5
7e5cd4e56
7dbd7688c
045eee533
77e68747e
054961654
7df55d68f
7e9775f59
7f0336d73
0172a3468
7f1c3d932
7b6f86016
06442dfe2
780034838
071d1f56a
7c4c9ed0b
7fabe1652
7fbd613dd
03d733f83
7d6054c95
00d857c17
7e195ffdd
7cb888125
05b2a6872
06a73c273
791696b69
7a5613271
047e04297
048086dd0
0afac88af
7ba822a74
078eff5ec
07579ecee
0132d5eb1
0247e2b68
7c6f12191
0484b25a9
7969bfc51
03cab1579
7a92c4d6d
01a3f937f
042812ea1
0612bd12d
7fd0ab941
0028af42c
7cf06793d
7ecde93ab
04b6de0fb
76d230948
060bde91d
04391b320
7b101c544
7be9798af
77ce7aa99
043bb282d
7a549c91a
008ec677c
004943a06
7dded0786
002e9a43c
7e81118db
0156c2a02
01031472a
7c59fda68
7e4ef608d
027df3477
0038df2e1
02e561de8
00171f8b3
0167704d7
01166e1ac
04b594ffd
01939a874
01cc9b858
7b24b26e2
7e03c4449
042e8e5d9
7d34c7eba
795ce0125
7e9399b67
0152a028a
07b3d179e
7de00f97f
00d4afa42
0165f1121
7bf8d5460
7c8a32eb3
7e5649ef1
02c4ab25d
00e43098c
05839d61b
7ff5e918c
03c78cfd6
0a1f0f14c
01658a1af
7db7ede34
00d19d98e
053c1a085
0647a7734
023075505
082dbefaa
06b440daa
790e2c470
7e6c798af
7d6bce997
07e6a25cd
7b8b49fe7
01d2d5baa
7ff841f9f
7f94c3e3c
7e56328bd
015e7ec4e
00502bde4
7b7204c3f
7da0d32c2
7e0cd5d96
7d244405f
79d8eaaf8
01434bc62
005a9c404
7fd35c1ca
04933e7cc
7d8f58ef9
01ee1428e
00cdc485f
7e4551d7e
7ae0c720e
7ebd3e3a0
0228af6f0
7f0e7b0a9
04187a838
05c709257
7feaed058
01f79b232
03e99472d
012bcfed9
7cc717bd4
7fa4e12ca
0062f2f63
7d325bd72
02b3de733
02c9a9564
7db8386cf
7e6fd4351
03f77f5a8
02c5812b4
7d182f838
7b60fc9ba
05d63b2bc
041173430
7d0b86f62
7cbfb9253
7c617e836
02289af8b
7d6c06f0d
028c9a0d1
03e731883
00003f668
7d4373a1c
008fb6968
7e8c2125c
7bacfadf6
01efe3bac
00610c398
7bd669cfb
7c42ec370
0270b8e34
013659e4e
0099890ee
015802e75
0351b185e
02faab58e
7ad694db9
7aad634cc
7aa77da52
018791418
7c72d1353
7d8ed9dc8
7e30a16f6
0004c8609
01a548688
00369ef9f
0173147be
00ad9cc50
7d3bcfea3
795bd69cf
7d7948888
00349c386
025200fa9
00eee7f6e
037e282e6
021ad7f0b
7ac67c8e9
03a51cfda
034803034
7f03689b5
041759bbd
01a393211
761536bcd
03463c7a0
006954092
7e9a089e9
02f55ddcd
7c97bca97
7f2f4b54f
0409d9199
7b1156fa7
7f6b37855
038f3a77e
7ffbbf036
7daa95dc9
7c05ed73f
02902ec11
02fd96457
7d7711b89
04bb39f89
01cda540f
7a44a0673
00d884e48
7fe2dd5e3
7c18662ef
01bde8433
005c1dd5f
7fdae9ca6
034213cc7
7cafed560
7a69234be
7e2f3b365
7d5d98b91
0258218a6
0393dbc47
7ff440eb8
7af2bbbec
00df9966a
02e47a3ff
01d451d1d
017e8bdb2
7c7d00d37
7df2750c1
0212c74aa
050ce3bb5
7a8a528e7
7b6fb2f4f
7f3722fda
7dc3d995d
7ea3ece91
0063de463
7b716a0f6
0145c0c72
036dcae82
0141fa9e2
025ca1506
04ed3aa36
79bd11d2a
0082f5c99
01e7adede
7ced1d08b
03ca64ad5
03901d096
7c635de98
00d14738f
06c91bbd3
7dd8d6423
7e07bdefe
7f724df86
7d616bd2a
7aca1d99b
02b447d91
7d082413c
7af2a0681
0430b82c5
7fb3648b2
7e60b20bc
0293e1b69
7dd9502c9
04f77298c
7fb1d55ec
7f2fc9f93
0105f4f3d
7dabe4f55
050090a96
7bef62e30
7d85b860d
00874c8fd
7deee5dde
7d2252d59
065aecbaa
02a9d7de6
0047cdfcd
0275b3c7d
7cb7d59c4
0418ab9c5
7d0ddab51
01a6f8ee5
7ef6ea23b
7e490909c
7f8e02fc1
034e97a47
00e901d7f
79beb0a09
0193d69b0
06441fd25
7e60e224f
0191c4c4d
7b7dc921b
02ef8811d
77b624606
7fbec62e9
7f3982382
029da89f7
01d09debc
00f85d0c9
7c72b16ab
010316e96
07bb12a9f
0066f2351
052d775f3
030dcc6b6
7e05d938b
7dafde4ef
06786eda1
7e005a5c3
7f55743f0
005590a9b
063f57db9
0115c149f
06b0ee0bd
7dc88abdb
028ff6b3c
770d6a565
00a8520c6
7f901f77f
083b6ba9e
03dd5fcaf
031773b12
00af645dc
026d55e8a
030a15bd1
05c449036
05e8b90db
7e3627fee
01831b7a9
7f2212fe6
7f299bf2a
7e9d5f3a6
7b604e6f1
7aac42f1d
7b70a8a8e
02503cf15
020e9cf70
03c5a7597
7ee7e63d7
7e7aa5b7f
083ca4357
0367c86b1
022eae0e9
7b428bc75
7c8be925b
7a5c8abeb
00643d5aa
7a7f25d9e
01e36d537
75e003b8a
79c584ba7
7b851ed18
7acdcb2af
00f8ace84
7dd92df16
7a0a76562
039e7690b
79b30114e
7d2765498
029d0b008
7eb2bced8
0292d0e33
01a1cdeb2
7c33100b8
065cf0175
7facf955a
7d2500368
797b64038
7f31bafc7
7cc1d1a1f
03e44ed5a
7e2c0b1d9
0571ea7c3
7ed8c2a33
7fe73f753
0142d3b90
7fcb3d717
037d5168c
0313d7da6
7e0e2fadd
025477ee3
7f6f6e057
7f386861c
03999f6ff
7f68b4174
7fb24c947
7d32a8eac
7faed153e
01c92a085
7caef93a8
052a35f96
053fb4fe9
0503e2f0b
7f966fc94
09bcec4f8
022308975
01f7902f2
025aad64a
7f759c57b
7e55e59c7
7f9bcdad5
0317e1e3c
01633af15
01303161e
7ecc24174
7d84a946b
0a953030b
7dc1a6305
0119ae53e
7f3cc9672
03ef582bd
7de825b8d
7c2bb34f7
018b9af02
7f7799693
7d5413f4c
7ea27edd6
0071e0c2d
013f3533b
7be4200a1
7cbd4968c
00560cdd1
01eab456a
7d4d84b83
7b345048c
7ffdc716b
7eedbaf1c
041ea3c5e
018c6fa32
00927e393
7f980dea4
02c39560b
7fdc7d1f3
7eaa99c3d
7992f2444
00346fc96
7ed0f36c2
7e349efe6
00aa51f26
7c0ad7056
0568f5643
010e7fa62
0183d3f33
012cbee39
00e12ad2f
005bdb739
0268813e2
74c8c56b1
7cd655d4b
7a3d84c4a
7bb733c5c
7d976e8be
7be0b629e
7e2794a22
7d2fc9c07
7ba22c749
017b81180
7ed0dfde9
7f52eb9d3
02b1c7fcc
008a4f6a7
0223f400f
025bbe494
7f013a324
7dab4df24
0273b2752
7f8c35f3e
02b8cf8b3
02ce994c0
7a228a544
02303e433
024895a4e
02b937d22
07a1ccb8b
03568889e
7d48755a3
7df5c7e4c
7e7aa0229
7b28321a6
7f4c51180
00b87a569
7e011d29d
02bce8fe3
7f46e7eaa
7ffa41ecc
7d672b24f
042797ebb
008f9830c
00f20908a
04501ef12
0383c229c
00bf39ffa
7f93c7837
7e43b11b1
7fb323223
7fadaae3d
028afe660
02d340e4d
0302e202f
02fdc7881
7f4f8cc3b
07addfd16
7daa16f76
7c3166352
7a78c6c95
012623a19
026497898
017f8a470
7b30375da
7fd85b859
78d1e46ba
03ea71af8
7b31453c0
7af13b811
7b1a510b3
7cce2f083
05f9ebd52
054fd0ed5
026bd0f5a
79f45e97e
025a80ccf
06bba9ce4
03480ab69
78b0a729b
0531a8929
7dc294e89
03a915c1c
7cf0a7ad7
083a98064
011a54135
0886184c4
0168a57e2
782bcaecc
0473ebf67
7a470178c
7dfd217f4
7a493cc9f
01561c37d
7d6a7e221
7983eefd6
01c8003cb
00263ba9a
01a643183
7c8d70d8d
02a9ed251
02d3e93bd
0220e55bf
03dc8eb03
7fc37072b
0499fcda3
77384d906
7ef9e0bac
7d5fd34e8
79e60dc36
7ede28c72
76fcfc2de
7b8bbb0e2
04845841b
7fb2410e4
019dd87dd
00398415e
04c65f524
0163e919f
010880682
7bb49dc66
018cc00e3
00ae25ff2
0090224ee
7f06d27c8
7c8baf126
7ffcedc5e
02abb60ff
7ce89a208
7c20b3c34
7d8111b94
7f105080a
04115072d
7970bf378
04653ca33
03f71d12b
00f606082
786d19b1b
028169862
020f87b29
0989b2261
01e1db320
7ed3ff78c
7c4cd8fc2
0cb5e40bf
7fd72dd86
7e76edbb4
016c51efd
02c2b520c
05edf66d4
7d7382839
7faa5f4df
7e7262292
7fe8fbe4d
0278d9bb7
7b431a70c
7c4bccce3
7d2f27705
7f3622a05
03e04f602
019bca59a
00c36cbee
01b2f48e0
7ea4d5309
05ffce328
0542f49d7
7f6f4814d
7ff0a9d9d
7c5ed7ee6
7c2f7df7b
03ce26e7f
7fe298779
00933a405
75ede3cd9
7e9b9f117
7eba845cf
7b3e204e9
032aedb86
01d66b686
045b105d3
00e7a12c5
045bc9ccf
018cadaf9
0034912bf
04ba46862
03f27c828
7dcaa52e5
7b2bf7d34
01c9552d4
01814a07c
7c4a24f23
01d47dea9
01a4f25e7
00af0418a
02c506fbd
7cef623b4
77bdf2bcf
01d027d84
7e22571bc
035139952
7ca6a54be
7b294bf0b
04c2b5582
0864219ca
7dda6c507
7c86fff05
033e32362
08517b249
7ffb35e1a
7e0b0dc03
00b467194
023258746
7b99ba775
7ea9d4555
7f27e3de3
7ef440f5c
7df6231a9
7ca3fa35f
019c880f2
06cd54e94
03b6541f3
0199c56c9
01386eb55
03fc2eb3d
011b252ef
014a4d41b
01db3d84b
0399f70c2
7ccf6a397
7f5ea9bd2
01a002ccd
05b8a16fd
7f4a1d836
7e3c8c639
016d2cef5
01228dd97
7ee8b866a
7c79dd413
01a00b370
07d5aa5a3
7fc52f1d4
7f58c1858
00a01049e
7ec8fe5e6
7a2175880
019bff273
01b0766da
7e8a987be
028059f34
7f90f2304
7a02ba0f6
7b37132a0
00c60d103
08520e165
02683bd76
7e21a6223
05078e2c0
01138fad5
7da8df2b8
7afdf01e8
0231362e9
04db3567e
039e9fb93
7b41eba9e
7f1672f8a
022d7bc73
7d7170807
7a2bc248d
7f6b9e78a
02f8d71f4
781d38005
0297888b3
031a1bec3
06f813407
792252c2e
029482c50
7fd19a236
006906f81
795a3afbf
073b99646
7d41602eb
06d42fdbf
7c73e0bcd
7ddfca17d
7daaf2a06
088324649
7c0c254a5
019ecb93d
77edd7733
00a88eacf
06e7fca56
0056dd6e5
7f5540948
7c2b93c46
7d4ae82d7
06ff6737d
7b431118d
017cc9bc3
001f75846
01b8e22da
7c63ded43
017cbfd23
004b61c65
7fca61d31
7e396e05f
01cb9d841
7b1f08746
7b963734a
7e84c4183
0bda20e00
7eb838b53
7de6c7759
03b129a93
7dd30abe2
0173d46a2
0276845d8
7b1f82617
006d185c7
0015eeb76
013681783
7b9ebbb07
03dfc4202
0101960d4
7cd568902
0863e681f
7caebdddb
7dd5476a9
0103f1afd
00e88c250
7ceda910e
7d43373b2
7bbedb76e
01fc39ebc
796d358c4
7c64b04cb
7e3a41145
7f5d31ea5
7e528ec3a
01684c900
7c58e1d34
7c13f8a8e
00b9243d1
0638005f0
01559466c
78d475ac6
7c50dcf6c
7fb4d3c70
7a23b74bd
7e08ccf57
0545ce34e
0913e825b
7d8bb8bdb
002ff72c9
7d223a3bc
7c4c93c64
7c59f1648
03a34ff62
7cda7bb66
7ccbc79d6
7eaf2145d
7da73398c
7cc14ceb4
7ca5e67b1
7a699ad90
7ee559e39
000b6d284
0164ccc69
7fee5663b
001a4d49c
7b57b4ab1
7f6fc03ea
010ced2b2
7a79b8166
0253320d2
00a45fa10
7d97b50c0
74dd44fee
07ddd1d69
075802513
00597ef61
7897d4d4e
0710102fd
054e93059
7a118f99f
0427aa654
02e0d80a6
7b062a939
7d08ed246
02e0ff158
02cd4e0d6
035b856f7
0414aa50b
7cf5825d7
00306481b
7cfe4e8ff
004407335
04748b48b
7e1c1b3f3
7666f7d24
7e1e913dc
0290aa7a3
088177cf4
7d8442f75
7d6c10652
7f2627591
0737da60e
04ba5b22c
7e5c3de3a
785afd822
089806ddf
7d782881b
7e6691119
00d77bbea
06137cc93
7935719db
7b04da819
03d7ba57a
047065778
019e263ba
7eb99280a
7a83834c7
0173d2791
7c36f1283
0146f9bd9
020560463
7fb8d3887
794c24538
00d680695
069a5930e
05f3e82da
77a6780ee
06e13b539
7a1050bea
0003c3c46
047e7105d
04a981f7d
0008902db
020aa6045
79a90c716
0340379dc
00be5485d
7532a5939
78403fc02
7fb6f7e9f
05bea2278
7cafdbb41
04fe789ad
00b3b0615
03d2a54be
7d7cb2246
7a968b118
7bb5d1a58
7b82997d4
7c85da570
7c9392191
054850afe
00d797fae
016b8b1d9
04959c218
7f761b55e
04de4799d
036108952
01f5be815
7b46385b3
7f1d62072
0189cb33b
7e758449b
01c84bdd6
7a3d3efa4
011e699f5
7d5619855
025a2d832
02e3da48d
7d685c8d9
7dd7137d8
7cc446ebd
7dc0a5b32
7d7fa8901
7d0a8930c
04662a1bd
7e7efbb87
7ef1a997b
7db56a7b9
0504c66cd
0144bffdd
02838f94a
017af1eea
7e2957cbd
7e8ce7e8e
09a477c0a
0663f162b
04e8084da
7979886c5
06abd8ee9
79dfc588e
7eb0980a9
0096ccfa6
01fecb524
03d916e2c
7faa5e606
7c28c91ea
03ca64e29
7b986e199
08fc19027
7acdc2d66
01843de30
7c10f3787
7c7c3907a
7f8a14281
02b9b67bb
7c972e5ee
06cc72402
7aa783aac
0240f5a7d
02291a911
7c7b3da74
018659c62
7f3bdef15
7f19cf57b
09432eaa5
7cc6171fd
04a2104c8
7dc27249b
7d55b438d
79b8f11fb
05516451c
000ca59d4
0302f4700
7d113f266
7c63053e6
00157da25
027aff3df
0508a991e
7c2c34e38
7a69b1659
7acfcc673
02caf4a75
00387bb75
026c45bdd
0024684e6
0142b5b5b
7fd0d2949
027b283a6
00dedd348
7ecf91e02
7d1e6d3c8
0341fb7c8
7f40b4c91
09f2a1048
7d42955bf
00be9285e
79be2746d
7f5ec0b21
7dc71b174
7fc1e7d59
7aa1e9662
007acb225
0147e4ccd
0250e00c8
00089d54d
03a112c39
030ffe1f0
0017c4383
7fda0dd92
077df5abd
7ef10b5af
0470db736
0061146f4
023c4ec33
781526372
032533825
04eef6f01
7597a7534
03338ca16
796287b8e
7f1013579
7db0552c8
7d7a1c7a5
7fdbb1eac
04cb67c92
7c97fdde6
022d0d12c
7f4a2aa25
7cbda0549
7b54e7820
7ffb08172
005401a26
0288e1b86
7e342735d
7d5d4622a
7d2872a30
010e37d7a
00363206a
0324bf69b
02cdc9989
01cdd830e
0379b1fc2
00077d556
02ed565b6
781ffecd6
04f3c8b6a
7ba095974
067a3d83e
0288add3c
046622218
7c12ef856
01db73e54
04cfc5c31
01da80fb6
7be40d6ab
7a3a75ba7
7d95a76d5
04625788c
016fb398b
02a307508
7d66fc616
7d6b6bb12
7bfcd9c27
082e1bf0e
04230b00b
7faca26e9
7fa72b07c
7ce0e0230
01a6dd051
0100d76e3
7e270139a
7f3dbb6ea
03099ee4e
7a22f8adb
0351a9bc4
7dea54b27
056d8aca8
01652513f
000b2d333
018123d12
007d4f96d
01e6df894
00d940111
060b2d9cc
7d86fcb2b
04c9eb543
7f3d2b467
021189449
7afcc1b63
0048a63e4
7efe9b368
7e9437c71
056be08ce
047e9a8de
0114244ed
07a5cb7b3
03aec8881
7ffcf86bf
0a0072fb2
7b1fd9a69
7d81565d0
7f4d7e6c1
052acf658
0305cd357
041be9903
7fa3062fd
7f8841759
7df81d989
02a2bfae6
0115376c6
7e3dc5fb6
01a9a4969
7f9f6dd6a
7e33cf277
041442b7b
7d2e108ff
013489c16
7df1c9fba
7d0d508d4
7a1e4babd
7b341349f
7ee4c7f63
7acff8586
053088ea7
7f80a94f7
00f3bca39
059486c89
7fb1e30a6
019060f6e
007191e27
7eea1d388
014bc7808
01a08967d
79e167819
7d675c7cf
7950a4079
7f7697a33
0057f940c
7c0960ce3
06f4b61f3
7d62415d0
01e7248a3
01665d977
7cdd46330
760917d19
033888a68
7a2dbbc09
7f92b8a8e
07ac578e4
7dc26af59
7f3a54dd8
0357daf57
0986fc0bd
7f88f7d82
0b1ab4708
7f5180a9b
01911fc7f
7ffb5c76d
034a72a92
0253340e1
013a0222c
7eae4fb75
00a63de2c
028f35470
02774ecb8
01d96c3ba
01e40677b
035e7a176
075a2e390
7b3174966
7fed44470
0683e11fc
0164f0321
7fd87be12
7f43d0b5c
7e404a944
7f0205796
7e7885d85
04c540c1f
78f75a7cb
7d78883d1
0209d3ef2
76110cc46
7ca1e93b9
7e3f1aa24
03a7c2aa2
010f0965d
79fbcbe8d
7aa3f0871
7ea80c2a9
04412ea71
015d8aad0
7ae0bb8d3
7e2b6b156
7f8d4d889
795e82a60
7e2a35d67
7f4894af1
026255c20
7f4c5e2b0
7c3d5f40d
7f5d6b931
01464ace2
78fb037a5
7fabb4a6d
03de37aac
7d50b1aae
7ec12641f
7df0b38fb
02aa2a3d0
04b02e6d5
7ee6e043a
02631e8d1
7e55c61a2
7ded3716e
7b6edbcab
7e8792169
020ace3f9
7d72c3433
0436d632c
7d273f604
05406748e
7d0293d88
03c5305bc
023d3a7d7
0493b7d31
7b7b0ec2b
7fd08453f
020be55ce
025efa127
0183d4d02
7a4a21067
00014c3ed
06226a9e0
7712ea1bb
0a39fc33a
7b6b91f54
027d173b5
036a0d843
7f95dbea8
036b337bb
030afa0c4
7c99c7b72
01d16168b
0126c8c46
020eca8f5
7a1bbd2f7
0354a00ef
7c3d9a001
0085c1d3b
7f5e56b1e
7f61c2a05
064aee36c
78fb93c1f
7c26d0740
7ec98969f
0005b028f
7bea76724
7cec97827
02a6817b3
055c5b4ce
7ded50007
7d5433594
7de61ab98
02053d1d0
7f53896ef
79b6593dc
0708f765f
7b9f9918b
7cb8f1b7e
7f66452e0
03a67d200
022a39391
05062ca61
7fb9f0cfa
03df63efa
00ef59145
7f5398761
7cac4b4aa
05495a128
01232461a
02118977b
004ccc654
7fe863d55
008f5fe66
7e916d7cb
7dc5879c1
054c2e54f
0447d685a
7fc04622d
79f641244
00963a899
7cc57a593
7e267e974
043b092e6
796d7b638
769122af7
06532a12b
007072da6
0635cb59b
7cb3d0068
02be87332
787c8c331
7f33c12c7
7dd3338ee
0350e8733
0490a8dc4
003c2145e
79dcbc456
04c253929
7c5c4670c
792404fdc
794ef3bc4
06c5cdb01
7c4cf1b5d
04437de75
7cc8e7732
02fd8cf49
7d1f47945
7c79e3d07
7b6ec1047
046f5723a
7d5bc6152
0295304fb
7d8b538b7
015f6c486
7caf7a501
7c559f555
02b2447a0
0042f95ba
023dd88d3
7d4c22f6d
7f9a96533
00249ef50
7a980f866
7fcc4233e
038dcb31e
01b6ed3d7
7973aa50d
0273cd39c
7d835ac4b
7ab44705e
7e127eaa1
7efa3490c
7e127534e
7f532675a
022d0b0d4
04c0aa609
0133384c3
00d083240
7fbb136a3
03cd02753
067763ab8
7fa0a63eb
007c73eff
0052431b6
7fc4e488b
7aab08576
00ebe9fd0
7d6ec2ce1
7e0b2222e
7ef5c4456
7f57e1bd5
030c8d095
024264196
04dfdcd36
033a6c589
7efa2b655
00eebe8ab
01bdb8e46
053ef66f8
7b9fb0ed9
7b4078c18
7f2727712
7c768a191
0219a2f66
7cc82afd4
7f42a7bdb
793f03c12
00c525135
7d2a2ec9c
00ad82d60
7bcfdc2b1
0060eb598
0135cacbe
02f308d6b
00e5ce545
023a13f51
03cd9b046
01a26d17a
7f091597a
7c5116f63
019cbc09c
0253dbf11
03e581a44
006476a4a
006626d38
7bf5bed12
011e17fc9
79f8662ca
0126e3871
7e90f10ba
004451673
7999b04bb
7c412c61f
03ce4fc9e
001c4a701
7eb1ca0c6
7c88bec2b
7f8d73785
05c3bd9d0
7c0ebb2b0
024fc80b4
02d61062d
7f80853d5
014560b00
7f3c6ea5e
7f6f25e12
7db281533
020bd4cd7
05bbe080b
7db5a1df2
7ec7b9e3c
021f0d04f
028996e3c
02645f307
7b1e9d01a
0570f440c
7e692e2d9
78fd55965
7f675b869
7de5d1243
001b647c6
01f17e2b2
7f6ce13a2
01a617671
7f86e3183
7ded4f8d8
7f7588f07
7d17b3c34
7cbac88b7
0631e3eb0
00df832d8
029094d6c
7eb4979c4
02dc37610
0167bd8f5
0355d28eb
00f878945
7f9f3b4b1
05b62d1b5
00dd2e02f
7f025643a
7c286c745
030a40836
01b125d42
0490ea99d
02f734397
033bd3870
01c6ff25a
00010f2b3
7f5bb4d0f
7f1301e75
03d60b37f
02c301717
7d6f6d9d5
7d7927cda
0377eca72
79fb0842d
7e00ddee1
76cea1de0
049ad7689
7f69f4194
7dea37849
0387a0918
7ec0e4cae
7cd8ee06d
7f4163ef7
002c82860
0621f922d
7e873730c
7db9afea5
7c2c82b22
014fea0b4
7e3024b59
013f5db6e
78a5dc164
01c7d51b0
01eeffd91
0209238b4
03a80fea9
7c43b9c2d
79676ea3b
03ad4c2fb
71b0c95a5
08d42fe13
05137753d
01c215231
000ebfa95
74259fb2f
7ea8d4896
036af57db
79fdc73c6
7e2c4b304
7f8331dbb
7e6d0f9b4
012869163
7f6a34573
7e8bd15ec
043060a41
790b9d936
7e9d9c01d
7a968778c
009ad2e5b
010d0c932
7dbdc4e64
7a2a9fbf1
02a01b46d
784a2b828
02a5e665c
0215ddc60
7d4db1bae
00e76f977
7a5a0d2ab
7ce5b4037
0028fbf40
7e5eb6594
0466e582a
0380a41fb
79f17fc30
7e4ea9c2f
7e5cff52c
7dcb16850
7febcc2a4
011ebe2f0
050f0c777
7ec6bd0d8
7e97032ce
7dfbb58e2
0232c0339
003089f4c
78ff27da8
7c167df06
019ed2213
7be7213d7
7fbd8019a
00444e69b
0450e45e6
0391b6d65
7cf469b62
7c12ae86d
7e7b8cfd1
04d6217c1
00d6fe680
017836bab
000b7930d
7d53d5ff0
009db98fa
7e96e45f6
7f7d44020
04affd9db
7eb9e1824
7ba04674d
7d4cb4c0f
7c81769ac
7cffbdba8
7e8c68af2
012c6888f
06f776d85
0116f28fb
7f888acd1
03a9d3741
03670fd27
003fecc40
7e46b8a91
7b4785d60
00a809e80
02006e54c
7e3a3395e
7d09c105f
0436b8e56
02193fe3d
04b8a2830
03794a524
01e55a89d
77478cc23
08de81a04
7c51f0d55
7f92b3f29
015e56731
0421512cf
0238d4ef8
00b32f394
7df52e61a
00181d49d
016056da6
7b1b36d60
7f21603b0
0ce1ef67e
7d5bacbb0
7d349d3f3
7e72df9f1
04ddc1fe5
7e72c1126
7d9a6dad4
7df4c2d7f
003e77c6b
7e7e36af3
7d4770822
7fd2d5f91
01ca812cd
7b98d9280
02ecdffa3
032bd8692
02a94279f
031e949f2
78b043858
0645673a0
7efa4984c
0189a3f7d
0265adab2
02a24ba38
05be5a6a3
046c90141
7d646c692
7ec94c49b
029e8cda0
028675ec7
7db5b895f
7fc893e93
7fafd1d4b
7f881edd9
0636fdbae
7deb51558
02235aad0
01531a583
07cb35f6d
051e7e3e2
7a565f6d5
7fa333157
7c88b79be
0465573a2
768396893
059242da8
7c55b0b66
79ae75405
004336ba0
7f1ec3b46
7e9181b01
0026a81ca
0124fc67d
7efccdf76
01d59da3d
7f220fcd9
04641fbd9
7c2467f1f
7f47dd6e7
010940f3e
7ed8e34a3
00b797286
7f3597a7a
7d895dccb
78560494d
7ad25c795
01fa78117
054b9a6c3
019a06efb
06d7cd745
7ecd2dfdc
7ba0c4dcc
03a7b8c25
02a111cac
041260452
033b30a42
0326e0fc0
7f25e1e7f
00b494fe1
7f9042c46
7ccf7e85e
78addc49b
7eed9cf5e
7f07f8c51
7ecf2a175
04e63cd63
7eb1a4b61
7fd850f29
00628e36b
7eae68d92
7e4b39262
007e7967e
7e0d228b3
00df428df
00680b682
01d99d141
0118daf1e
0110e558e
7ff0b7983
001259319
79dedef09
01686e492
058cca29a
7e8fdf8dc
025457df6
7f0f837d5
013936b95
7e2e307c7
05bbf951e
7f1713e01
7fb0f660d
7cda964b3
7a3e18c23
7b81ccdae
7ca9580bc
067e16e1f
7e8f38067
08f2acd3d
01dd78b9c
031e611ca
7fcb069aa
7fea63e56
005ac0a33
00f29bf4d
0537337c2
03319eff3
027797f52
00f4c1ebe
08a44b774
7d2f24bf1
7ef410282
06563ae81
79306a643
78f62e4e6
7e4bc0428
004f17d97
7fcd767d9
00a6f63da
7e1ded48c
7c545e12b
025d463ca
02576f705
04ea02f81
7c9246211
7973c7d05
06169b93b
00737a018
7c79b44ff
01eabec37
040f18e10
058410e7a
00c1b80e2
7f87a8069
0461907ff
7ec91a105
7f0573365
0291e9bf4
013180cca
7ba577a40
77fd13f7e
7cc7665b7
075bc93af
7a405beec
7bdd86e81
7ebf313e9
05dc75fc6
7f549b7a9
022bf74b9
7af1f4bdf
7fb3544fe
026a88702
7f8ea9cec
052544574
02debb643
038be62fd
7c68b5acf
7ec20b610
064ef4e2e
7cca90f63
00066fa98
015be3c7b
045884811
7cb236b29
7b061ff88
7f53e8162
0128a6609
03047ec96
0388477c7
001dd7e7f
0332d37b2
00fcf573f
02c8093b3
0206fa6de
7ebbe9e17
7ac48f87f
015f236f5
0381fa106
0420fca5a
00513bf6a
786b9f72b
7ae06c3fa
0073addfb
03af594d3
7cf9e2bb8
7c6ff02b7
7d4e9ebde
028f5d4ae
00ad2948c
7f33c738a
0006cd5af
7e09a6c00
7e37e0fe1
7f58a5374
00c6fbbfd
7cbf37e35
7db3493f9
02aed9355
7f5ba5946
0378dff34
05e78ebd5
7effb95d1
06139beba
02a11811d
031d9d7c4
053463305
7cb7342e2
7bba61419
025c90c4d
7e508a9d0
063144729
00c8fce96
022e66d28
7db9e2ae5
7f766c679
02296dc5d
7f46fcb88
015511e3f
018f75492
7f91bb7be
7e2f41d05
79ced2fb2
015ff6cc9
7e929c9ed
7dabd7a4e
02571e657
02db836d3
065ecb0e6
017bcd62d
7eac0f9a1
7d0d89a64
00c8b9642
7ce0f4cb5
7ace3a2dd
7c35d8bb1
054c67bea
7f0b499bc
01df44261
7d3a22855
02e784dba
7cb549449
7de869c91
04c427f32
7fd3e6ecd
06ce5103d
7bf8b2de8
00da58151
7ab624904
7c7f019ad
00311a3ca
069d5241b
7ad977dbd
7da099669
7b40ca23a
7cf482ba3
031f3e95f
02516cb7b
7ffd313cd
00479e2c7
7dbb26205
7d412acf1
01d2e8867
7fa9c5df5
034926deb
007e0289b
0221e0e40
002051736
7e18e8996
7fb171513
79805bee4
7caf98367
7f99e03d1
7ef07859e
027d1fc38
044caac83
02dd5eb60
7de8b7693
04087b62e
7f87cd482
033bf7f71
073eac73f
79ab8ae96
7d31b4a66
04d2fe260
03b32864d
03f467711
04a5741fa
7afba68ca
016c9a5f6
0032e0a6e
007e91dd9
78ead8478
7f28224c2
7f25bbf60
02a4e9bcb
7c8a7b9bd
042339759
7bde75027
7d28e96c0
00835cbe5
02427aacf
02accae5d
01d063392
0420bde4c
7f8a27bcf
00345fe53
01f488398
015bf470b
007b088a9
01039d542
03a11f020
0147fdaa5
7c4d49b94
7f8190053
7e0629a01
05b25f44a
7da5370e4
7f081563b
78c8fdbef
7f781c8f1
7f08e4da2
01a39a7ee
7d9fc510e
036bb66fb
7ed242a5d
7c2254c9b
00925acc8
7c04932e7
79834b48a
03ef95436
7ee562715
037818879
7d9fc3c9c
01c433fc4
7e690d8f5
7eb567374
02a278a8d
7ac1d72f3
0267231ce
7ad30cc94
043dbf4bb
0579874f8
7d9aaa8d9
03a592095
04655b1d6
7ce8cd038
7a1d8c941
02eb5ee80
7f3fb6cbf
7aef848f2
0269fac66
7d4fd6007
7a2f9b3e8
052335fac
047e81e7e
7df73fe2f
0058f4430
7d26db3b8
047875839
042d45585
7b0b3b10c
7caa762d9
024f9ddb0
799074123
77ac02200
78a62ee39
00296e7b4
7b8360d6d
7f3f1f4ca
016806254
7ba2e4e22
7ca77e010
7dedbaa24
7df559ca1
7b8683ae7
7db1cdb45
05f50751c
7bee5d225
7e5211485
7afcdaffa
7a383b1f8
7920a5f57
00b2726c4
7b1d5fc68
7e30d2bbe
038bff756
7fb1fea62
7b3243447
012a500ca
7a82b306e
05644eeed
0371d7099
7add7f415
7dcaa8e43
068fc1495
00b0b5a93
0949943d7
023f23d0d
055d72e9b
0806e96dd
7e36b1e47
030da1aae
0595be19b
03a1c8e09
7f1de259c
0289670ed
0151253ec
7fc6d2819
7e415d104
04aa8acd9
79ac5b4f6
7e1a9ab5a
00a6de79b
7f9663bbf
01c828488
01f5e60ad
7f391b794
014b7e31d
7fce0ea35
030525233
0120e5877
00c8128eb
01aac71e3
7c34bfe49
06afbe93b
027dfea16
7a165b2ac
00aeea3cb
7fbb688e4
7810962dc
7abc3c780
795f199be
0159bd5a4
0678064a0
7d8695ebf
79a133298
01a5889b2
04cacb46c
029f7e5e6
7ef947993
7f7f63d30
006508bde
7e4e4b19a
79cbce450
7eae4abe2
01c1022bb
7d016b310
7c9358ad9
7af2c046b
0220198b6
7f7f9a4a1
7eaadf4b5
7f5723677
7c19781c9
03e1bedf5
7efe10388
051a733ba
7e4782162
7cfa450c8
015a1e662
02140a113
03e900352
010495087
00a02cec7
019c4d0c3
012a52b0c
7de50eea4
0246c57c5
05ce470ee
00fed6b8a
07c990706
00fe49c65
7d590b54a
7cab84fe3
79b64fae2
0475877bd
05f4b6906
7e718bcca
033fa8cfa
003485ec0
7e8d03770
7f81f6c17
7e6aca6eb
03f18bb6d
033b35d6d
013dacc8e
040a2e29d
7de711129
05484e4e7
7ff79d885
7e8858bc6
7c90a1953
7ef018fae
02622a9c2
7e5dae8a6
0130f2c2a
018d313b0
7bb4df5e8
7cbb137f4
02df6d070
7fecd0934
7a8281392
01975f1f6
0189f05f1
7bb1278b0
036777c83
7e873d9d3
00b2f1b23
017cec3c0
0312d2b8a
009f5eb37
0240b5258
012e21df3
002acfbfd
7e1e5e86f
7e05a9280
7ba17c626
7cf332a19
005510606
7e565bd99
010e60e58
7bb2a0276
0410f26cd
040efe752
00c4d4625
7ccab0285
022ac1870
7f619a6b1
027e1f04c
00a13fca0
0330be32d
7e4031e61
005c6b9e8
06dd7536c
021865869
02fc52da4
7e7673cd6
7d6c92efe
7ea97e22b
7d5907006
7b8d66a12
7c0ab6f92
79303211c
00e91f552
7e89ccd26
7be713d2f
01732d3fa
7b1137394
7f7247d92
7c23097d9
0499510cf
039500e47
02c5031fc
006b6ac7e
003a37c79
041d89fea
7ef74b4dd
028a6bcac
7c6b254cc
03bf5fb7b
002323fd5
066f28d6c
00bdd2147
7d08fcddc
7dda8924e
0013b445d
02e569aaf
035a269ef
01021d2d3
78c5e03e7
02b5fffc8
0277482dd
78d27ec6c
7d82097dd
063c31080
03f4cf877
02b2df783
7b7393681
051625f8a
7b78b8643
00ad09380
7c1b9c821
0409ca4bd
749968893
7c561a536
01682812e
01ba691b8
7fadee79c
7f03e8b44
0499c1248
7b7a13bca
7da3ac232
06417e92c
7f795f967
00999f2ed
008f18c74
7b5c64ff4
004e4656a
01e84a0a1
071516e7d
04257adb5
00a2759de
03680e439
7c1b4d702
03db833f7
7f9eba70f
7f1ebf6ec
7d3f45b4f
7b2717292
049a8ff61
7e25aac1e
7b5249cbe
0072fb881
7ca142d01
7beb88875
071d95dda
04907f837
7b9026c9c
7eb823ef1
7d46389f3
01354a7fd
7dddb2498
7decb09d1
07b9972c6
02919fe81
7b9508546
0153817f2
7f7e8306b
7ed11ca4e
0204d7e98
7ecd1a332
7ddbcf1dc
0171ca0b7
022cceac1
0444e7075
04da24f54
041e4d3dd
022f161b7
049319e37
0335b9c9f
7bef07cbf
04abf558c
01b162368
04d97d584
7a9eeb5e7
033d879fc
02bbc62c4
01225bf66
009c85f3b
7e11db3f5
7c5b4834d
7f3a5680a
01c93d695
09e55f852
05b04d776
7e8facc28
7f0f93208
029852f3c
7adfc4ef1
7e0b7a19d
7c3536743
7e31de1fa
7ddf6c0c1
03b911459
014778bfa
7e1121c7e
7851b6359
00a3fdc77
7a90df0ec
06648adde
7f8fc2784
01e5ca807
0272a60c4
00d1c8ece
7b8e87d6c
7c57b7337
04528b0cc
008c8cecc
7beeb446a
7b1234a10
02774e8c2
7f0bb91d6
7d914f070
77fe9055a
009d71373
00b6398cf
78303a7f6
04842c875
7e15e5413
045555c29
7e6a945aa
7e0012199
78fb78abc
00df526fa
0409af2ab
07eb86aeb
7be61088d
00b2dd2cc
0419b861c
7eff38c9e
7d47f4aa7
7e626aff8
7f1cdd23c
050dedb73
7f3c1a191
7e3fd96a8
06f246495
063c6374a
02e12acf3
7e83b6fde
04c149e5a
7e97c649e
7c1ec3398
78bbdb0e9
055349d62
7ebe29c36
01c48e3f1
7e53a80aa
03fb08f39
7dc3c9350
7cff7e17a
019036851
7a1eee104
7ef737e37
01611da84
00d76bdd6
00800b026
7d4abb831
02bfb8dd2
024944c40
7f969ae92
7d714594f
7ffec73fd
748e1266b
7e46b7a20
02dca067f
7a0b20f79
018e397a9
7cb557bf4
7efd64815
7d48aa3e6
02310fe6b
01897ce90
7e421ccb6
7dc99c0e8
7e7b2a2e5
7b9c1c706
00b81b34f
00b300385
011b67351
009dae76c
773d8fa85
01c3eb50e
7b207ed42
0102a5a11
7b7c8e85f
7d6397c1d
7e1f01989
03a9612c9
7e39f1e2f
02cdbeeb1
7a494ff91
7ee511d9b
7c9d546b9
01746114e
7790e01cb
06939b45d
7e1b81bcc
055c543c5
7f1fb0d1d
7ce9b669d
7fde121c3
008477235
7ea8a73e5
050c1b296
7f93c029d
7e36c0934
7c9fefaf3
7a4f46302
79e568ecb
7af08018f
7d719c3e0
069562796
0086f59d0
02aea9a82
7921fc154
793736c87
7df9562f1
7e97a837b
7e849fa0e
0115fc365
7c7fee9b0
035f376ab
7cd8d829f
00db018c1
0474b0d34
052d3be64
7e4c3f110
7d7beb1db
03b41182c
7c5e36ab7
04c62c5b6
05b3df54f
01a13f79a
7ba106df8
028752a99
7deae0bfd
78cc8cd26
014f55b0a
7e6673a6e
7d31b40be
7bce7f3f8
01b88de43
7c1130ffd
026267941
05f3aaeaa
7c9d76696
7f0ac7ed0
019379e72
7f09a9786
7c8fc668f
7efe7f49f
7af139ffa
0105dff49
7ea8f7b39
008a65822
013122922
7ca9d4d08
7f748c24a
7cd8d9526
016544fa8
7a05c0d0f
7f74b8bcc
7c7218a1a
7b3504771
008c82ae5
7dee7b7ae
0171bdf7b
7ddd4dc20
033701445
010ca7ba1
026538814
01956da1a
00edd1384
040dcfb0e
005439a33
02f7bab18
7e56dc889
00041fb0e
01c03f6d9
01e07d603
7dd7fe67a
7bbb86cd3
03bc36146
7fda649f2
7fb3e0903
07512341e
064950ce9
05b81c76b
7ef283705
7d92fcb96
02366ad68
005f0bee4
7f9755c94
045119610
00b57ade5
7fa050816
7d80efea9
025fe89d3
7a6734146
06900ab82
03f22ed9d
77854053a
7c957d9bf
7898d580d
7cf562364
7f9f3c287
7a45e2f44
7c9f73b81
7959c6053
04d5af737
04b6818e3
01798e910
7ea741cb8
018509034
7a91eb793
01e8b64e0
7fecf89c6
7ca8083a6
00b1c9344
7c813a4b2
781c48b50
009957482
7f9baa198
0330ddf36
04bd36415
7a7305e1c
7d0ed92da
7812e0c4e
00e8bb820
7fa79cddb
7bbc7b9c2
7f6d0529e
7e3b38fed
00a818be2
01ddbbdf7
7f574ab53
7e65f6c51
064465a3c
04b0bc828
7d90ce49e
03b406592
7f9b2fe17
026e526bd
00dcfd6e1
7c5b4fb50
7d24001a2
02df4e675
7c55d1487
03bd04931
7ffd76d8d
7fee79918
7e32f7b5b
74b97a0ca
7bb4dc940
7b39aed9f
0ace880bf
025e3df32
78edc328a
756bbd277
7670c2f00
01174692a
08439ae16
002c64d11
7c1179349
01b8beda8
0194a6119
02b9638e7
0379659ab
001cc8cc0
7c1c2103c
011f378b4
7eed02937
7daf2b31b
016ea0171
7cb44026e
05d1f4da6
00225c195
07cdf2453
02663feef
7bd25e9d0
03aeeb844
04d32ff3f
01d7c220c
0c307cccc
7f0f852bf
040bf301c
7b3b6dbd9
7fcb2b5a4
07c99a1c7
7d92dfc0d
036375ee1
7d7ca03c4
767a59090
00f7ffc11
7f79524e8
011bff422
0638d826a
005938888
0267093d4
03f445ed7
77dc510d3
03ff6c270
7e04146a4
7bbd09783
7cf47f9ce
7e258225f
015a59453
7e79a45cc
7a2f0f2e7
7b943b864
01ee4011e
7da3f8c79
00630a524
7f32b2244
797d42705
04f0293b4
016df58f9
024177835
04202ec61
7e7c631c4
7e1dacfdb
08259cf83
7bbbf3a89
04697f2e0
7c849a87d
7f1669e68
7e8951915
04a21736d
7f0edd14c
00edbf058
02b2cfb3d
013ea8fc1
005e0dbbe
01ffbd038
7b98589a4
0055c71f2
0260d32b1
041999273
093d0b70c
7f33fd7bd
05e61ae42
002acce0e
7c60bf563
7dd348c92
7e82ab31f
7cfde4b9c
7d06e79d1
00d14fec5
7bf7b0158
7cf4fae77
7f53dd2a2
0778d6ee7
01dc00257
029820e78
00563eeae
010b12224
7f03e80e7
02166fcc0
027925e3f
00cfe8b47
00d29c163
019e08d18
01cb9fcda
01e0703b7
76f5f0e77
7d4268116
051f53925
07a4f3664
7f196809a
000720133
7adb5e476
03dccb3af
010942d5d
01e3508c6
7d34a3b2a
7d4602196
7c86552e4
7e3f966ef
03fd71083
7cfc11504
7cefa991a
7be3c549f
05567de0e
01c505e54
02c9d830b
002df7e33
77e122b24
013440214
7e32aaf98
041afab18
7a4c08df1
0095396ba
051e53519
7c720f0dd
05123dbea
7cc10816d
7e7189761
7daf97f09
7c4d65506
7bcf28e70
011c9b0c1
0630a058b
7e24e9498
0bb93549c
0913c6f1a
79d29f80e
022a37912
087aed104
7bd5be0e8
01a049248
79005e9c2
7f5145c2e
7a3d6bf72
03494ddb3
79709a278
79c2dc29b
02822f2c1
7e1169d68
03fe1a779
0214b91c2
052d8cbc0
7b0e489d9
06d08532b
03e0f7c7f
7a8bcce3c
03c19a281
78b819436
020b47471
7b900d52c
05483984d
7ef93291e
7f02601d3
00750eab6
79104a1d1
001c4dc1a
78738f503
062eed0a6
7d46663d8
78bcf8515
05049551c
7d91349b7
07fa2c5cd
76cbdccd3
0882934df
7c48ba3e2
7e96d4837
7ec07467c
7b806c362
032bc5ea7
7d31a8fa0
022e90e6f
7fa0b2efd
7ed3cffa6
03d4b2b4d
00e53fc99
7dd21c796
015149f01
7d5698a47
7facc5ced
0180b9fad
7c454c9ff
7b022a11a
00635940f
7f564244e
7a1aaa792
75d0f4131
0058ca11c
036e6f550
0408d7859
002814538
7cb3dd861
03bae7236
0066ad87b
097cf459b
7c04efab6
7b57c55b0
7a04a5206
0051484b7
79045a551
02bcfcf90
0138d441b
7f7df34de
0140e1e84
054b68e44
7d2f31d88
015affb45
00316e98b
7e8060cb9
7ac4611bb
7a6431f82
7c8b62d94
01f42f308
02911d076
7f850aa7f
03c5f11a0
7c05f9283
7d6952acc
7d47832f7
7aba8a306
7bd1e3d65
03a6faaf3
7db3a846d
057a34904
00ea5d743
015959899
033a7eb7f
0426fb4e7
7e9377839
77b6e3c3c
02beb0ed3
7bbe1dbeb
01c2aaf52
01fc4c745
02e6d8cd6
012689ae2
0358f003e
024ee30fc
7b3c40717
7eea9bac6
06e6a2fb9
02d113b9e
7cff4cfd0
7d03053a4
7ac4c621d
00d085cd8
7df88549c
00ec7e39f
0718d47ae
7acb450ed
7cb2b20e2
7feff6e7c
016d0619d
04fb5c57e
7f6f3a8ca
013e7b47b
767add082
78e850f6d
7eaa02f57
7d80b2428
040439df3
05ae5f821
79eb815bf
77f729519
04b156bd0
07151bc1b
0441f666e
79df97bd1
7c80cdfbf
7b126bf37
044a4af6a
0303a3600
7b193ba5a
00db522bd
021e590c3
098347ac5
069bbf908
7c56a4317
02d2a5391
0211ce205
7e34bfd86
7f31bc195
03b1ec226
0009f3523
7e72aa26e
020c44f97
04ff07140
7cc93ab07
031e7e861
774ea51f4
7df2a87c4
7b2820dec
7cee98d6b
7e7fcf4de
01cdfe866
063dee8d4
7c03cacb7
7c3c955ed
7cfe849de
7ff47f94c
7ca893ac2
7ceb5d4d5
0635ea5b7
7d6affa02
7e2fc75bd
001503590
0491e80dc
02d07178f
7aa65a616
0328f97d3
01d0bd1bc
7c287912e
004285653
01bc0dd19
0130e47c7
02d1080b1
7ddd2d5d0
7aa4c0d87
7dbf0a55c
7d78ab9ca
7e5eae68e
01d1f4351
000309a54
0694d609d
0050526ea
7dc49193c
046e6db2d
048b5407b
7ab1bdcb3
0479d4a98
7c530dc56
7af5947a9
7dcee0821
7969961b1
038617a99
7f5b2b0c5
7c07c2475
0477564fc
0112a8d26
015e223a5
7d201b79b
7eeff8cb8
051c5c5cf
7ce938036
7bdba8640
7e567ccb0
7f61ab94b
041ceba69
7a8b9734e
0077c6fd9
066055a75
02f0b6005
025aa54ed
7dceacac7
06e3d889d
0129df4a0
7cc5f5547
7ddf44d0c
7fe0e997f
02ecaa9c7
01b940ee7
7cf0a0e92
045d0fb0a
022396259
016bf2dd0
7d71aa93e
78e957491
0031d0b5d
7f48fc2b5
7ccc03160
04c050d62
77f5d6d53
7b724a1fd
79ad83fab
7d10ea4ee
080295169
0075078ad
7b4b4ee86
018345ffe
7e08f44d3
7a889cd4f
7f19ff3cc
7cd1e88c9
076040864
7f2080ac0
7e0a2adf7
7f684d6c3
7cc6660ed
7e9acea06
03ffd9bda
071b763f0
0297c317b
006e795f1
0358b2012
016fce552
7dfaf0ed9
7887f0358
06d6e3e56
05fe590ed
785b94c77
04ec7a2de
095c3ca2c
7bcc810a4
05f26c803
03ffbebb2
076b96e3b
7e2d540c9
7a95b836d
7a0271225
7e82f95d1
01309d272
790c5c38d
01a2f6673
7c6e56a8d
7a9325771
0774c96e0
7a822148f
7691c7f40
7fa728340
7d2c0d518
7e259e98b
79dd806d6
7f22adfda
05026af7b
04bc87a65
7f2536f4d
7efd9b8d0
039e8dd16
7e209f061
004cf4618
7c67a68ae
7cba47f3c
7ede9ddd3
05269607f
7f922a405
02475df50
7e738dfd2
0474f8fc9
7fff97d0f
040c76af2
05d3565bc
7d1a7ce2f
06a709b0e
7c2119cef
0205892ae
03cf3f34d
7f82f20dd
036f63340
022154039
7e5133f98
0301866d7
7f700eef5
033b6b4d4
00d4c8d59
7ef5d88c3
7e3a0c8da
7cf49cef0
7b7265144
00719a2c1
031c0f468
7dcc79600
03451e236
05178ddac
7b33c4de9
7d26ec5ac
7a0129eca
7a6dd9937
7bd4a00b1
077f7bcf7
7bdf281c5
7d0b1b94f
7e3b24154
04146f89f
022d203ac
0443bd31b
0012f3e94
78250449d
79fefd212
75892b8df
026b7650b
048a0018c
00cf26fda
7ee38ee8e
07211222b
7d21370ef
006f7fa3c
7e5c1f1aa
01e295d4a
02ed99b6f
05a9571c9
0a540cde9
7de7ee722
770a5842d
7a91950a5
05b709a99
053ac509c
7ea1dd347
028fb723b
7f8440a73
011faa425
0599a0e11
797cf5d5a
7e88230fe
763b8b351
7f1356716
05c82e48e
7919395ac
0298fee25
7f545f9c0
04cc95a47
7fa78f3eb
7e424c572
0041d205e
7ece34b9e
7e5071cd9
7d24d7688
79c196d2e
7fc472624
7dbf6e86d
06d8f5364
02f57c483
02f850811
0240ef986
7f61d2f8b
050213566
06ac0b479
7cc2fb9c5
7ea40d089
0a4e4ee2d
031033cc3
7ca09c2c9
790a29abd
0271c8327
03ba77640
7d5cfb3ec
7e6938206
012be7860
7b83bf2e5
7f2bc1b8f
7e619437e
7ec591a60
7af07299c
029f0e8a7
7b9ec5228
043082d90
0048d0f1c
0222cc997
7e70376f2
7c2515394
05a4e1a67
7fd5d3ab0
7d68b1b0c
038bc2b0b
03fe972f5
7a2509d5c
7e0dcd1c1
005897cd9
7e08592fa
7f41f4e96
0027ef12f
78f82b0a8
00a3ea7ea
7e8bc8fda
7bf158346
053e8f57d
7e09a3d87
013f3167b
03db47df7
7c2b02a16
7d9e85eae
0085787bd
7e13c0e61
7f8e88312
7d4f46aa6
799bc1039
7ae12ba3e
7f3ebb86a
055ccfb15
7cf8684b1
0401b9d2e
7cc7d8665
7c937055e
7eee08336
79a3c7485
7d0e0f062
00f226caa
01013f2dc
7f91fa064
00636a30b
7afc7888a
7e28b84fd
76feb26d3
7c4fd8602
03444baa5
7f1112a19
7e291b8b2
0188197ae
020a05ec3
00be35c51
040d88401
01e73f73b
0066d75d9
026fdd32c
7e4664c01
044b87150
093d9b5e9
02633499f
04389440d
04333202c
7c13754e5
7e0b89052
7dbd3799c
05d907902
084835f60
03db065ac
0597d709c
0928e2ddd
7bd1e67e3
7c9e4c4f7
024da3f59
7fc4d24d9
7dd01ec82
04998116e
7e73d3e1e
00eac6a26
02134e118
076ddcc28
03b635316
7f12a7ce7
7b2277be6
7fd98f9d1
7d2955688
048097d66
037b84105
7fa07db89
033f21ec8
7ea44140f
7cbba895d
7bea17c83
029b24d12
7f44b4732
00dba1287
012a47245
7f5b52641
7ec04eff2
063ab3d14
7ef2109bc
05dd5238e
031f717be
032bd2f03
02ce8ba64
79daaa1da
0197ee110
007e03f52
7beade904
7f7941029
074f789a1
0511d6126
0030a1377
7fd66a1fe
7ebc13547
02bf3abad
026f74406
021046d69
7e06fdee7
004186a93
00a3e7459
7fbc84291
7e1b34822
7dbdfaee9
7f3ee03e0
075277fea
0708cb7d9
03d2deefc
01287a4ca
7cdc619ca
03a4d1be0
7ee69eef9
057c260ee
7f361421f
79a5ab8ba
7d081994e
0201ef01f
0386bf970
00eed8470
7c9c960b3
01669995d
017a3a146
006ac78b9
7f201d1fe
7f6ef030e
7b974bf1b
7e45324d9
7d91fcaa0
7ddd0e289
01836ef10
7a229a752
7f4c5ecd6
07fc4489c
7f074e639
025f56c62
7c7929879
7fe2e6b20
02816ffdb
7e618c5f2
7f40c29d1
7ff34d17f
040f6edd4
0657e7cd1
7bc48ec25
04675ea7e
04070942a
7e9d4863b
04b372019
7f940822d
0267472f9
03fe98b0b
7dfd693a2
0355ed4e4
01ef7e9ed
7b0f06031
01c4d87e1
7d2bf50ed
7f3c8a4da
040ba7b39
7b8f3c912
7c7445bf0
037ea5ceb
06b8e2210
7b8606c2f
7d6ab4ed9
04c33f209
7a93f2269
7a8266240
7cc0515b7
02477ca4b
0050c7bc3
7fafeb73a
06a0fdcbd
014c71a43
7d88165d1
03bff59f2
032dcd0da
7d84a72c4
01145777b
04c4a5a29
7e5caf2e1
7ecbb49c6
00a5f0b38
01d7786d2
04704e48a
7e179375a
0172f3152
01c44567b
7f13c1fd7
008da91af
7f4275d36
029ea6f14
03be08260
799fb4ea6
05af962d5
06ae67b91
7fc079c6f
00815ce04
7a5c6ca39
7efe53672
0600c0923
7f96f25f3
7e7f291de
0357a63ca
001969ce3
7eba1d2ac
7e7671a6c
0479d6478
0002bc5e7
7e5137c9e
7e438accc
03461380e
7ab314ebb
7a6d7210b
7f4c84daa
7f2e73f52
7cf4ea2d9
7db32a520
02c97577a
0532beb3d
0450fedc3
7c840dcf0
7b7f4e78e
7f457c62a
7d5d61c54
015b44a80
7c05f9ae1
7a9cbe28f
7dbb282ef
7ed3092c1
02c8289da
03693c69e
03f96205e
034809316
7c6981f6c
015b472ad
7ac4e9d27
7f08437c5
009f7b419
035f57abc
7ea53b802
7e9e940d1
004a6ffc3
7d7c5910c
7cd3dc864
7d5e357be
7ea150a88
7c64b4fc5
01afabac3
7e9ca92d6
7e5d7ca77
79e226916
048bad57b
78877db71
7e5baffea
0027890cd
770fffad1
7a93cc3bf
7fa81cab5
7d01e5311
7f3591cdd
04d007f01
7599094f5
7e881506d
0698172e8
77a46ccdf
7f8e12f8b
008cc5614
7f640fd8c
005e3e8f5
7d7147446
015b767b1
01413c1a9
7d0c242b3
076c4f063
7a18db252
7871e0b16
7ea779867
7c60dee96
03ab98de7
7b5320354
0249cb305
7bb2c7d57
05f28932f
0128024bb
021db51af
7f0573cc0
04440f2b9
7d55c658a
016b902d5
016c282b8
0042705c6
7cdfa9bad
02a43701d
0091a51cb
76cbfd076
7af342d9b
7aa382fe1
78e9350c9
7ebba18d5
07f5e2c1b
7f75c38eb
7ae0cd6e5
093d8268b
01d0ec4f0
01fa7cbca
7f4c1f2e1
055f90262
7ca6d995b
03feee776
7f4c45995
06abecac9
038db48a5
01dc10277
015c52c8e
0098c3c45
00eacce5f
7a72ec69d
017444ea8
7eb52d2e3
02e182520
7fe910297
7d5085149
7df99f765
7b71a0918
7a6287f9d
7f9ba7b3c
033db6360
0b8c7baf9
79fd79749
022ef9fe6
7d3e9f092
767f9f15b
005e579fa
7f9459ef5
04ee2a032
008dd607f
009466d3c
7ead585fe
036147e41
012458a58
7d6727a25
7d9b89b23
7f607193a
01ed11f51
7dab72d73
016f6734d
7c4eae83b
7ac20927f
7d6e2f0de
04195edfb
006f88fad
7bcdc64e3
02926f0de
7ef87922f
01b4f059a
089f84230
7cb2b95bb
00a15d7fa
7f3e1909b
009e2ea91
7f0a1afe6
004e453bf
064da223b
025b87ff2
0d8b1c70e
7d08ef324
053a530ff
7fadd3fb4
02b0d9339
00b4ed6e6
013177412
02a82608e
7db5431aa
7cbee1497
00e6ce47f
78cef0eca
7b83b6b6e
009068928
7c7e41530
01470f09e
7b97891b1
028e9bee5
7f6c24f62
04faffd9a
078ad8106
7c36fccba
073c51bcd
7e374a699
009d18f28
7f8d595af
03ba336cd
0221aa6cf
7d78bdb9c
7f16f3587
03312d599
7fe4224ac
013043d07
7df19c54f
7f7b7de90
7c4bc7e62
7b43c2997
0490704aa
7b70bf6b6
04a9f39d0
0116cbe26
7f3308cf2
7783f6efe
791c72567
042f60047
009324547
0166d1808
7dc0a8866
7997b9258
067eff572
04d791399
01340713e
7e71245a7
77cc37eef
0181fe4e0
77b1c4d24
7a0f5c0ea
03a472905
0322ac49e
0285062fd
00bbc6b22
7e4e617c2
033b9c049
0330a4f91
078dfceeb
7d6a26ae3
7c57ddf01
7d7a004c9
02510a73d
00ad40f49
78bd7b2de
009f5d821
003a8385d
026e84ee3
7b1cf534d
011347e4c
04b227006
78a6cabda
7f3100db3
7c711f5ff
041fa1dc4
7f2f102d9
05502665d
032db330f
02e78f65d
7c50c4b91
7e588d671
7c20068c2
79b283d62
04e3c6830
009c8523b
04d2770b8
02d39438f
7d3ceba42
7fcc93077
7e57491bf
052a2a4aa
00fee9b96
009dd7d03
053d80420
065d8327d
7e7fa9a87
00078e931
7f786616a
01807277d
7ee5495cc
7df8284c7
7db9859fa
01fd15e92
7f5994b8d
7d2889f61
7c5f3f10d
0396ebdc9
7a38e9c9e
7febe296e
02908a426
00b41dac4
7fa682e1a
073389c81
07654e199
7db32a7cc
03284ffd1
7c8297cf8
7fc60ba6e
7c4e000fd
7e019b239
7a7148123
7a4d1989c
063ad0692
01947a42c
7e283cf7a
7f8dc6d16
7ee35c027
02362745c
7f50862dc
029cde948
051bc0a21
03a8bf43e
03e037656
025804617
03eff59e3
7bf48276d
7e36b9b74
7cd19c079
00b00917d
01b141e4b
019ab553e
7c9bb7d35
022989894
7c173dc6d
7d34295fb
7c1e4c0b7
010a3f967
7c164e334
017e75605
7e5993443
7d7bc564f
7d36f798e
0064a1b16
7aa56e2dd
01da4980c
7af72be61
0024a1d10
02b2cc9bc
00749a331
7f9f5e713
03636fc65
03ef4cf60
7862bf255
00ec994ee
07e0577bc
06bd3b2b4
7fbf5bfe9
7e0a1163d
7fa6cff1d
7d36a6801
004ee5d02
03bfc39c3
7f8cfc07c
01477e4b4
7d69a1175
7d83deda6
04d02f4b2
7d47c230d
05fa5105f
053b98eb0
7b892c6fe
7992a1f32
7f5078783
7ff2a8889
023af4841
04eee91cb
0602e79e6
00778eb1f
0230a5409
0260d3892
7e60d51c8
7f1f75571
7ed9021c0
02ef9df56
7ef2e3125
7eab95b79
7c6911157
7c50bc4a7
02526f4be
7e279290c
0556b76b0
014a00755
003f3b2ed
0004ce3d7
7d2aed28d
7f1493e99
0544f6a60
041d8b897
055bd955a
0059faa68
011c595c4
7ac4a7f26
7e1ac5085
03553ecdc
0054eea4a
7ff3c50b1
7e3392f16
04e395782
7e0485217
7fdecb459
7b968f57a
0087df671
0728a25c9
05b86f78a
01c749e3a
095971aed
002a85b96
794b95b8c
7a7c30420
003f961ca
07024a584
07ac9eccb
7f59e4cdf
08a7ee47c
0199d4a85
799a968a9
071b0d576
7ff74e88a
7cf2eee32
7b4e90248
7f2f747ce
0136ab9b8
01d4a6426
007fdcaf0
01e7326bc
7ab726eb2
7d1aa6790
7d936d256
78a020560
02ce00864
029ba1a0a
044db5340
001d60dfb
7b032f6e2
7c6bda30a
7ebb0a711
79e99f9c3
7d4f3f828
00b85ba4d
064547dd8
7d933b919
7d47ce368
015687230
00862aed7
00209a039
01f617a6a
01c383cfc
7f1477d4c
7f8e485b1
063b5966b
098641e83
7ba58cc45
00f553f92
038503c5b
7d079f808
0311f3a23
00f8365fa
0112df229
7abc46f21
7e26f55bb
7ffd428b7
0405a2032
7fde3309d
06ebf89d6
01a6bf407
02990a6c3
7d16b7ef2
7d91a40a9
7bbb9e0a8
7c90bdd44
00bd80d1e
03366255c
019f469fc
7fbb0ad16
006639181
7fb9e1339
7b4544322
0309ea947
7c934499a
01b2e5bd3
0368ef982
01b8c911f
7f8ec6754
027e3f237
005b3e1be
0797d1396
0201c18b1
021c6d110
7eb616d8e
7fc8d3b4e
7e6a11dfa
0468aedc4
7f0586b78
7ebf2b4f1
79481511b
0213288c2
0011c3610
0197905f6
05850c541
05984139b
002ecd47d
00fb4ceb1
00d579f42
7c9ba7edd
01abd2973
090b3f372
7cfc0c4be
7ec1942fa
7fa5b13a0
7c3abd319
01fddaadd
7f2bfa72c
7e51b3ae6
03359262e
7fdf774b1
027da5fa1
7f8914779
7fb5db405
02bcdd6d4
0383c9fd9
02c47afbd
0378cafd1
7f1c3928b
012fc2374
78d8a2a4f
7ce68710e
0350c2594
7ea461e40
02c6b5c80
032a5b72b
7f7c0c1a1
7fe67d6d0
7f5f7ee18
7dd48daa6
041654caa
005bbc726
0213ecba8
7fe46e08a
0441c5c22
7c3e893a4
781afb9e5
7ff6955d4
069e98c68
7c4d21945
041578c3b
7e2381b48
7cd33738c
039628ab2
042438e4e
7d0543e3d
7b748cf39
06615ca42
021689592
01402806f
01370b026
019fed77f
7aab20ff3
7f22beb81
05f53fc2f
000ea65c3
04bef1bdf
7f367c1e6
0114e1ac1
031695f13
79ea1867f
00d6312be
7fe6b555f
7ddeb3de5
79bb16191
7fc1ac4e1
7e218f6bc
015f8cc63
041e3bc46
7eb0af568
02e794a6b
7f5da7d22
7f94a7f03
7e8af3eb3
0643ee791
001567f4e
01e760051
7f6a59b88
00e9dd2c7
00ce4418b
09cdeeacc
7dd83982c
7d8e7ca21
01421e8ce
7d7e22b50
03b1ab080
7bfa3fc83
7b70fa24b
7f75c4b5c
06dff6fc9
012303a7b
04dbdc171
7ae107886
040c1a859
0170957fa
02650a8fa
7fbae78dd
03df51fdc
024c805ab
00a6518c9
7e38f1df7
012fa9f52
02df89f26
000323d13
004c2d42c
00b79e588
7ca2e3fbf
7efcdf3da
7c11ab803
000796bee
7d0fcad79
02d692059
7e28e07df
7c08e43c0
06b6dac5f
7bc1a085f
0311636df
7ef356a41
7f19416cc
03ff39fc6
01dc2851b
04859b8a9
017337757
054af1c45
7d03dba0e
027c21213
01b678f5b
7e16b80c4
7f267d265
7df5ade02
7e6086c60
7adf27e45
7b5150396
7fdd743b6
78a60dc2e
0275e4619
7e8e60ae5
0212b1f1a
013e129df
7f0b5304f
0006c14d6
7cc823204
01aba8e54
7a7773a96
7b8cf1229
080dc9931
0090fff63
7d5458e20
7a8a0e2cd
7f0fdbefe
79eac39dd
014aa7d15
03538320b
7d5a6a455
7d42cd5a8
01ee4947d
0356440c3
01ed614e1
0119d6dc7
0278f6751
7f31d1af2
7f3451d85
00e4302bc
7cee7238a
7aeffa861
02da155e9
7ace5a75b
7d2bc549d
061949346
7bf2411de
7e1005560
7e9e6351d
7e01cae3a
034deefdf
7f749a87d
7e499064f
01aa20a54
014d2a0dd
7b9f45d76
01a90772b
01fa0eb89
006dc1172
7b6ba12c4
7ed491012
0034cecab
05b556020
01795b53c
062373c73
014017bec
00ee65cbd
04bd853d4
7b3837d33
7f6988054
77db4ecb5
07fc00265
7faa807b3
7f0449131
01aa05680
7d4f988fb
01adc8190
0097cd012
7b653d1f7
034fadae0
04a7f5924
778abc107
7ae60a779
005c9dc6b
7be071065
0895b920b
0108d4517
7d4ede5f2
05026a3d9
7f9026b1a
7fc462b11
79ed8b8ad
0026e62ec
7da0bfb9a
03c18c0d6
7be027803
7f694b662
00a48b88e
7d76ed0c5
039378b09
020de526c
7e652a279
04c1677e2
7c67778d7
023003258
0588e29bf
7fbbbebb4
014f08d6a
000013984
79a3017e4
7b8ba3698
04e202dbb
0011f86fb
0371faed4
015b92017
7f75c7a66
0246ad58e
7ffa15ba3
7db9431db
0211cea76
7d83e42d0
7a1d6f463
7f2754e2b
0399edb04
01dde1810
037c2f663
0420fbe7a
7c29bb79c
0817ee965
0161a747e
7efd09e62
7ca41ddf3
7dacc5841
072a6e5d2
02d838c58
022b89949
00ea8ada3
7e22feda7
007c273aa
7ee2d7e00
02a2facb7
7d5021dc6
7905299e7
7fcdc8d23
00639dbbc
7cc2de2af
00113b776
05f87e937
7c3e71483
7ec987869
7a62137f2
7eac50378
7da25dd13
0072e2ba0
0173cd6a8
0455a044d
00c685773
7ef8abaf5
7e33cf85f
7d9721442
7fb0950e6
7ea746125
7ddc4d265
7f6a7cd68
027c1cc5d
06796b89e
7d7039f43
027bead5e
02575f52b
7f0d93aa1
0175f5101
026c982cd
7fac2bbae
0139e580f
03063e616
7ca7237a0
00fd85de9
7e5a88d97
02bc38e1d
7ae31d86f
7f7f5656e
00f5a1235
77a9d6d26
0145dcf23
07512fdf2
03a80cf84
7e4116acd
02dffcacd
799041915
025112d6f
03423f7f6
03e82865f
78876f557
7a4626db6
04423860e
0798f92a1
79e9e1ff8
0369be5c1
7b758b692
013d4cc00
789cc5f49
7fa358c24
7b5657a1f
04ffb9b20
0152989f6
7fff03e34
7e730195d
76db64f76
03aa1b7ae
01950d735
7a043146a
7f79a3509
001b04a32
7efce544f
03f94a3fc
080851cf1
7ea142e88
0022e87f6
08bca6589
7ffa5867a
7e6fdf302
0089c7d5c
7f1a5c3b2
7bd88381a
048a52ffb
7d37316e7
7c2cced93
0030a6306
021cf9665
046ae60df
79bbc4b77
07a9bc12e
7ab56292c
7be57e2da
7df2e1fd2
04c0c0dba
046fecf4d
7e20ba2cd
7f4b35820
7b430668b
05042eb79
7f8f6c371
7efece56b
7ca37e8be
02372c548
01adeaf16
02248f41f
030a1431a
7de5e2676
03b48f311
0464d36d5
028fda772
7c8bb60dd
7d752ea7e
7f657663f
7f33da1ef
07dfbafaa
7c641d6d1
7fd6c068a
7fb784cc9
7b64ee086
7b1c5b615
7b9a20f03
7974bf45b
7dcd44fa1
77ca19655
00d8096ae
079eac5ea
005290bce
0190845e3
7e9696ccd
7aafedf7b
06797b0f5
7f0685052
7c9683fc2
7e4954799
7a1b1efb7
0239aa1da
7fc015885
7e23e7bc3
78b08cde1
7e5ebd384
06027318a
0114fc66f
018ab1df4
05800ee9e
7fa9c64ff
771411178
00615b167
00beff362
039f38e3b
7e4cd0034
7880055a7
7f1a123d7
7a54a30de
002c27415
05e3c7b07
00549993b
7ad1daf0b
041a2c0ea
0069de88c
0960b0b64
76fadea2a
7b5a9e938
0844f3502
045758d14
7dc4ff4f4
03d868979
7b6e37632
7abce3dd5
7e56b6b5b
02c1adf70
7efe87c36
01629bf0a
040e98dc7
0241de7bc
08c37056c
00a0dbff2
7fac33773
7caafa1e1
015cdbd96
00ce68b12
7ea389972
7d02904cf
7d2900899
00a9d0f05
7dbccf991
7ee59aff6
7dbe9c16a
009db210c
7fd479181
0413621c9
7e7bc93cd
7cd4a4da5
7fa2c7b8d
7e70083ce
7e4052a19
7eb34bae7
00cabe53c
7eb81515e
0884e03f9
7ccf871ca
78afedf45
7927164be
006e5c6ec
02ae5ef9b
0428ce71e
7edcfd4c1
00fcc8586
05eabf82f
0195bb75e
05a3d5b3e
7dd2c3913
7b843a0f2
06dec37d0
01887baba
7d5a44f77
79f2e37b4
039bf4a9c
75b8d8d41
0196f22bf
01090836d
7880cbbbb
7a366c161
7eff48a94
0488aa0bb
79d47eb9f
7b2643a0b
7a09cd0e5
08d80fe19
7f72f575f
03b9aba4d
01a155f5b
026232a7f
00f94c08d
7fe08138a
7ad0cf007
010f22061
7dbe5279a
7d440c9d8
033a8ef0d
7f709690e
026f61f72
7d4ed4955
7eb209f80
7a558664a
7d38bf9b9
7b3a1637a
01682bb40
7ff119e86
072889b73
0503ec356
7dcc81135
0949652e6
7eecb05ea
01ef1c023
015f23888
0030640cd
7c1e5831d
7957baf96
00fe50d68
7a0f31b6c
7fa589075
7ff182d31
7f0ce8599
01fe02638
011e264b4
7db7858bd
7de459c20
038589f67
7f6559dfe
7f30831a7
02e4e81d9
083dcc080
7ec4e4930
7f205950a
00af79530
7a2461fd7
011b4ee21
010c248da
7cb0bb099
01c95fad9
017a0dcda
02d2385e0
7ba4e4f03
7dd20b6f4
02e95f75d
02542a978
7bf996cd1
7d984ceec
032bd4633
0008fbafb
7b52c42e7
0398140b0
05b8c8fab
790edaa58
03df6fb1c
7ef9705fa
01a0b9fd8
00df5c34f
7d0d24cb6
051437b06
7b9601076
019be5f2d
7cd948d0e
00d7b730b
05047357b
7c78ca63e
75e347b00
030369b72
001946118
7e336ff63
7f007c28f
004bf5ae9
0179fd11a
7f46ff8c3
7c4ca3602
7f5ecb04c
05696aa3b
7de135916
7e3963e81
07e3e6c25
00b348139
7cc59b08e
05ae0ea9b
0230f2ef6
7ce0bd32d
7f40f738b
04618bcdb
7cb1da235
7ce6027d4
07384adf6
016a6ca41
082930a56
03b060ee3
78a390382
00b320fe8
00dedbddc
7b8897e62
023ab600f
03ff0da44
02a1d325e
7bf2f14c2
008d8a842
03f189654
008700dfa
012c195b5
00588122f
000209c98
7f8b08f11
02cab7d89
7fcbfab50
7e7d3f8de
0163659a4
02f67bc86
7dc0668d6
7ff054e30
7cc17df8c
01a69d0b2
7f4dd1e4d
7fdf7229f
7d937917c
7c1edcf93
014bbc675
792d7ad9a
7e54e9abc
77b5c6a75
01ed4fe6f
02f041368
0139b52d6
02af3af65
0096d12f0
04a52a185
7f0d5fa7a
7f471d253
015d69d35
7f7d7a536
067bb8903
7e035a023
025ea7bb3
0279be164
05dc9087c
013f7ef8f
013c9f1f9
7c4942951
066cd1609
06ac4baa0
02a6ada45
05e923870
04a5fef50
01c7e3b06
01c8a107f
7eb274769
7e02fe9a5
7df9247ec
059d7955a
7dfc225f9
7ccad3a85
006b827a1
01ad85188
7b1bb3a2b
7cbb14aad
7ff7d453a
0701d7224
7cc27226e
7e534b4c9
7cdbdcccd
7dfbf44bc
027ca6468
7e3a2c58b
7a8331b1d
036d67fbd
7c4b22acb
02a4ae206
0048f8bae
029e76bd4
7d017b109
7c6c181b8
7fa5a961c
016fc7c0c
024b1c841
7fd3479c5
04db177f5
7bce0c8e6
7aed565d0
009c8d5b9
0195578ac
0026e3f9c
7f9e7d329
0524a6b63
04f2a039f
0093d25c3
7c1bddb40
79c251006
0052c9f72
7fc9a1cc9
7c7d61c57
039e151a4
05fd3f35b
7cbf376a7
7e81dadea
79521ecc1
0239b3f60
7d5bed823
01ab483dd
7e2712e54
01df00def
7d5934f59
7b6aeb005
7d7e264da
01608f275
03ab06c09
058652174
02f46000d
7c4026ce7
7e102d57f
077b14282
031ba0965
7d46a47f5
036a52029
7ab398b2f
0558746b8
7a1b25476
791f452ff
03213e07e
7a16e1b10
7ff9cc8de
7d1c3fe57
04d028a80
02a3ee612
7eca0c899
7e3a667ad
7fc46b1f8
01041d6c5
7b5f85ca7
066502698
7d3110ecd
0005a3486
7ba332935
028603c33
0136789f5
7c0642190
070562595
04200374a
04ba18cb9
7fb81fae8
7fea390f5
792b5e6c1
06e0fb299
7c2b7db5d
00618d7c2
7cb52867b
053bb6317
02daf0415
7f28a135c
7c3a02a4f
7ecbba950
7dc4e34e8
03f3fab05
7d9d6033c
00836cf82
7a4d0d164
08a5263b3
01a2900a3
7bdd28071
7d269f81c
038075a81
7dab4a9e0
7e384f023
0416b942f
016a6f691
008fc914f
014874c21
7e535385e
7bcc68442
7cf93b282
7ed5e6cfc
012b32d5d
7d00ca0d0
0215c03ac
79fcf0854
040d543ba
7a95e879c
09cfc9437
042790d62
01dd324fc
7a646cc48
7ddc36671
024ca0c9a
7fc6a9718
7ece00a52
7bcb9a1a1
7d6e0e6e0
7d6d3101e
05793af70
7b4045f75
7e7212aa4
010e5301f
7d40c4505
0410bd0a0
7e818ec62
7d6dbcedc
7cf4e03a9
021484e54
002108c46
7c90c9d5b
01d5fea66
7f625f2f2
7fe0e42e9
0036fc438
049a175c8
7f181fd97
008fb2529
01fa02c9d
788de26bc
044ea9676
02833c997
02f4057b7
772c3ac96
00bdea2a3
7b6581631
0150babe9
7cd5d1556
02cf2a0f9
7ba1ebeed
04e4954a2
77c48c12e
07e8c7c92
7f8eaf7d4
005eba254
77e1cdec5
7b2c34ad4
7b2646fb2
02592a245
04319617a
7dde33a79
7ac5e0a1e
7e87ecde9
767888262
7ffc98cba
770c6aad1
7b1a87877
0339e5fb0
7d072cdef
001fa7698
045dbd6d2
042c524ab
75111796d
0242e1b0c
032280875
040bd5e0e
059baf121
7aa607171
00a01b57b
071a018ea
005155c37
03a52e85d
7dfbc1ca2
02d418d71
02ddc21c9
7cd78a2b2
7a1e4f574
020b9ab12
03d00d1f2
7f4de1ae3
782695ee6
7f5fe8414
00dc52a10
03c3092d2
7ec968968
7aa2b245a
7fa81d2c8
7eb73b3d0
06fcc293f
01ec43edf
0171bf7d2
005c0757a
039e62d5b
7c534d120
7ec406e56
0026f8933
003de85fd
025b71e20
7e63a8aae
784c006b5
0245136b0
79a6f726b
0558083ea
7d957a8f7
7f625f358
02bfabac5
7d5098eb2
051fafa40
7e48f0937
00d5a2ec8
0458425ff
053f4abaf
05cbde897
7798120cb
7b06512c5
005767b42
00e630e69
7f1a9bc48
02069fce2
0464cf173
028536812
7f3a181bc
7f03e08a8
7f77e0013
00a886276
05b8bdaa0
7e734d013
7a1d8b06b
02bbe4786
03a6e0299
03a4f71ec
003efb7dc
011806673
7e370e2a5
01086984b
7e22f18cf
7ff37e0bc
002b40f72
034b70fb6
7ef311176
7954476da
7bfc356f6
7f5315873
021f4101c
01e2683b7
7bbc9c724
7f1daa4da
7c9cb9894
03d8d3947
7b07e6757
7cbf66320
7c47476fc
79cb56046
081e36d23
0798b2918
017b35b34
7d285c3eb
7d40608b6
7ae357ad1
0764f8f84
7c68fa157
7a7cba529
7d88d4f73
7c3d53a57
008f48edd
00b6720d6
047097f1f
0061024ab
01833db84
7f4f62299
7b4bb98c1
0056b0d2f
7c869b70f
7ded12e18
7e924a7fc
033a82c4b
7ffeeb57a
7d327d5d9
02bb806ec
03daa00ab
049286d92
006cc4228
00b7e4c28
7f4b6e891
025c13812
03d9938b2
7f7a49316
7ce21ce8b
06982e014
7e463022e
00aea2774
7ec3bbafd
7eb8e60ce
035a108a5
7ecf63cb5
7fd83e139
78b171240
001d4b47e
7dbed3487
000d05364
7fcdb2605
0166d93b6
0161ba78b
7f5fc116d
00f3729d5
7f451a360
0405c2520
7bcec92c9
008e27034
010665967
76d348fdc
7ca2c4d63
02a47a806
7dd4f8fc0
7d9b0e250
7e19ac2ab
7e2cd3221
087c464dc
00171ecfb
7de4c4b56
02796d625
7e3483fb0
01cc33abf
7bcffdf6d
7c588f472
052345f29
7d7268329
7f5b50f3b
7f20a8dd0
02b27fe3c
020faefce
02702c78a
76d4c9745
02e8d80e2
06a9ca744
06b0040bf
7fe830f3f
0084a4d49
0223a1533
7b7a32798
0119a6860
04f8a273a
7a139673a
0245da325
7c402125a
7b64fd26d
7e3ccbc8e
086586ef5
7ce1a3f58
0356babe5
7dcf463b9
0147724a9
02b5b6a06
0402b7235
02d9ac39f
7e9b28d51
7f3a5f796
01e8c0151
019930c77
7d9b7fe9c
0192f1604
7b00c4f85
7e0839c92
7c6912333
01be554d4
795e58f00
001463c4d
001293b51
04674eedc
7876d0f67
7c70e99cc
04445493a
7fec350d1
7d6435bde
0202c0b2f
7d30191fe
065e9e6fa
7e55298e6
7d1421af6
7c6460787
04e105d45
001fec967
03e1188fd
7a3a81d50
0a64b9712
7d9fff0eb
7dc6a38f1
0193baf63
01bcc03a6
7ac4ea8a0
010326d8c
7da56b748
7f7da073b
0558223ae
015a50506
7c687d3af
011b8675c
028b15e89
7f3bd36dd
7ee64b88c
05586539b
7dd9e943c
0195d277e
7e7a38763
02fe64bd7
7bd76e319
7ee9e554e
0026fd6a4
7f4131a5d
7d4d4d55d
026c5431b
7ada75c25
010858726
7e726fd17
7cb2422e2
0359d33e9
051260ea2
7fe03fc9b
7f2543d61
775fcd1f2
02e50e80b
7bfa8455a
7ffdb07de
01af1bb26
045664f73
02dfddc95
7da1f8055
013f01ec6
01f17aa9c
070d422e2
03c99fc3e
002a735f4
7dbdf1dc8
7dedefef4
0295efa97
030c75bc7
7ec124c72
7a42586cb
7e18fdeab
7d268db83
04806120d
7b47a3b2d
039c42ae0
77e569119
03ba90909
0320ffe30
7fb5a31cd
0433966b8
79afe6a12
7f79313f6
032d4da69
7f59e855e
7bf108df5
7adca9093
7b494e8f9
00c6ee8da
030c1ebd0
7d5cde72a
03fccde37
7f5759d6d
021d8ab59
034302c0b
797a942e5
081bb0d99
7d408203b
7c9220180
027af9dd1
05fa210f8
02a9a0a6a
045490a52
0437a6d52
01614ee4c
7ae7b6817
7c0aba41e
7d29ee6d3
032458a66
01672af6b
04cc7f931
011e85fbf
7d155b2b9
7b7a8f334
7a1011c39
7f717c369
0026bb37e
7c802161c
03aa709ed
01d49fd61
01d7b3844
7cfb4b849
7fe731b66
001181f64
00ee565bc
06cc76a44
015724403
0041ab8be
00ad15605
05697ff05
7ffdad9a9
038d1198e
7c61c965c
7b837b697
00057d71c
7ddfeb51c
7fb3f6b62
7a9244b49
012728e61
7c1d940f3
7cb93e137
742b51a79
795ecb940
04012ceb6
7d8e3b8fd
035ccb776
7fdac2a2c
7ebc2f28b
7d79ae78a
03834b015
03685df02
7de74cb7f
01c3a4eae
79d2e9c16
7c149057b
7f46aedee
7e9657958
7dec7cafa
019a6f999
04eb90475
0703613e2
03cb2ba33
04e396023
7bacaa7fd
7c2c02e78
027db7284
78edc199b
7aebb6f40
7df86ded5
0149114a5
7c7061958
02e129e0d
7c4a00697
7a1d846c4
7e17d6389
089067784
0005125e8
00b83e13f
007675355
013087e6a
7f19b28a1
04c6e9a3d
78331667c
7c53eeddb
001e4cd85
000bd0b90
7c84b00fe
02b6fdfa0
008b8dd9c
7df6e8272
02fc2b059
7c1cdc1cc
048cb0075
7fe888efe
76dc59c4e
05137fda6
7db49a633
79f68d6cd
05b3b02a5
0889f4ac2
03874fe82
7d9ff7738
02027c460
02aa19e1a
01d3e4885
7edd9d297
7f968e08c
03fb987b3
7d8edda70
005bc15e0
011c79bed
7daa21193
7f376cfff
05488404c
799532578
7a2e87818
00740767b
058511005
05da5c8b7
7cab0bd24
78c9887eb
7d3620598
7c687c632
014c253ce
79a0957a6
7b8274ba2
7a260340a
0179e6c02
7f9958b53
7afc4a87b
00223c4da
7c5e68c79
0036b7584
7bf433e8f
7bcb64979
055ad7b7a
7f7d74d23
7ddb9ef8a
7f6d92ecc
05261f44a
7e98730fe
7d764e247
7d74572a1
0105fe9fb
000204a03
7b7f77fb8
06188c5fe
7cb77202a
7bd9428d9
054216a90
7d1845079
7f0dcc358
00bc1fd07
7f01e88cb
7f70dbe94
0005c3a52
0331aa960
009c16464
0575cea9e
00664def1
7da654518
7c8174ecc
06eca797c
7b98f96c2
7d32759f7
78f2e22a6
7ca650a0a
7b687ac93
03bc23aee
7dc8c9c14
7d90b19ab
03691595c
00f89611a
0803c7329
7c2ff3dc2
022b8a79a
02d90d4ac
04fb6f273
00ac7a301
7f5c5c02d
7ec49b615
7db144016
7a836ddc2
075e96875
7c3673897
045692772
013aced10
04e36a7fc
7be5d00b1
00551ff3c
0190f2efb
7fb6b7ed9
7e253a9b9
00a82a6e1
7fda58dd2
021a34d1a
030cf6d69
797a6df90
0574f6bc5
7cfb7d52e
7dc4af673
006db1c82
0525bb7a3
7e847a863
7fb5ebafd
732f111d5
04f319996
7e9474577
00d068c04
07cd990c1
786fb94fa
7950143d4
7a7781df9
0228dca1e
78838608f
7f4b49172
010ed68b4
00bdea69f
012965cac
05953363e
7c488f3d2
037867a9e
7b7aed04b
0154d8665
03abd415b
773f7982a
057b7d1d1
059177b26
055e10192
75f168dcd
0533ba59b
78fb81908
791fd3390
0085544c2
02b97ccaf
032c5a84e
0237c7e1a
7f1332ff8
08b2c5122
02efbd1e8
7e17afb8e
7eabd2356
7d75d9d56
7cbb9418b
0695c0435
01871cb58
7cc56c7b8
014465cd7
00b70e954
0377f8b0c
7e019d554
0459eb57e
00433091e
00b545b55
002055903
016b6f99e
0070fe6b8
00a47fdad
0204e3d21
075459419
0120fadb5
0378c2a2b
7f7999af9
01d1dfdf2
03c4956cf
00185de54
044abc85b
08b620f8a
031200936
00b4f440a
7cd7a46d8
7ff49cd03
7d56af1cf
007b6b91d
7d5635984
7e4e18708
7e328e672
0137ba054
7e57be488
01b7574bb
7ae1d78ce
7c5026cac
00f93248c
00c8f5511
00efbb192
00d3880dd
7dec4f842
0258159a4
78c563fe2
000778e4e
7d43ece82
002d7d36e
0125c40c6
02040ae58
00995932a
01e8de5a2
06a96c5b9
01f2d5ed1
04e95b453
06776d138
0159b984e
019259921
033915c11
03111f8f0
7b333272d
04578e33d
001b4b399
0165fbf60
7ffc5ea5e
01a2da1f4
7fa2aa190
7ed58a148
7a9b6a5e3
7e75d82c5
7d232baeb
7dcc1a0ee
011cbb15c
076b12ed5
060746994
7ecf2526b
7c940fe89
7fbf45e18
0172576e1
7d002f89b
7c5c01526
7d17ca634
76118bffb
7ecc2d2db
00aefa3f6
02e342de5
04f709dc4
0422d68fc
04a53e5f4
7fe3bf438
07d58195a
016593e99
7fa6cb3a6
01bf5d85f
7d108a213
7f20ae320
7deee0b9c
7c4c9a343
7f05b6c56
0649c0a54
03afd12ef
7d31ec5f3
7e7a6cd7e
0110f18ee
7bfea014e
7e79b248e
7e9dfab7b
7fed1729e
04ab5220d
7a66d3ea5
7fc04c31e
035f32505
0396ec206
01892e073
021546730
7d3a18bc2
7bd687fc3
0410327f8
7ec8350d8
7acd5d771
7cd10e76e
7a3e97014
030f6512c
7e6806641
0699b73dc
7d213fa13
002a19230
015d46c70
07b673bc8
74ece3e00
0551d35cf
056ede867
034e38664
7de9f1049
74d274c85
79a8c5dff
006f5368c
7dda61900
7f03d51fc
7e5327301
7ec6d9d3b
02e646d55
7b41d747d
7f3937e3a
027e099c7
7c280aa93
7e1fe1cfc
02858ea27
00a775086
038327c56
00e6239fd
7d7f34f8d
7b1ee4f90
01ae97d29
799c232c8
7f00c0ca4
7cad80bab
7fd1aa6ab
7aa09c7df
001bffbfa
049bf6c20
019ea5d4c
00bad6191
7dc5558cb
7f62323e6
7d5df2470
03967fa20
01fc3b1e3
00b070e2b
7bc82d4cf
045d917be
02c0caede
061506956
7cf5dbbc0
01f5930a9
00947e3ff
7b4d45195
78ff0f29b
7de6403d2
7a1e156e8
7fd4ccee1
7ab1d454a
7d616ef4b
04ee6cc6d
7cbbdc654
03186b7fa
032da5163
027981023
03b387f6e
7c12a327a
00b23d558
7f6e09b6f
03c4f2da5
7e3b0b04b
0314d7d82
011c148fc
03c465b3c
7fa830000
7f9487df7
00c5cdc11
01c0b934b
7b87e0bb1
7e809fdd1
7e605703f
7983a2e89
7e609e05d
04ef754a4
039833942
04fb616ee
7d3305c3b
03dd8da90
7cb6b4afe
7babad041
03d4cf9a7
7b827601c
7e4e70fdc
034a32b6b
78361dac4
7ec83bfcd
01e3919d6
7ed242abb
05e691d62
7da336986
067526ad2
013e6c6f8
782b4a26e
0091532e7
01f226945
7fe5c7b52
03d981f87
024fe2166
0ceb5fefe
0205d1f5d
0251e1844
012d1f2a8
015aadc96
057fe97cf
02d565011
7d106470c
00763efaf
7cf5316d6
7f2370963
7c02cc881
7c7e477b0
7d85f445b
040e4f505
7e30717e9
04e1bc4be
04885eec9
00e0572b0
7f258101f
0000d9d3d
7f164e6d7
7ae1e1821
0675d9044
027dce362
7dd72335e
07571f944
7faf311cc
7fd56b8e5
042f82c8f
7c474729f
7fff0c611
7bf136e8f
7a849f1b6
0241ac81f
7f8b7e6a6
02c2e17fb
01b91666f
02ba011c7
005bb5747
01fc79d50
7bbe4b084
06425739b
00b9bea81
03bdd140a
00f5a0ba4
06e9b41c8
7b2db9989
050efd2de
7a7f7dfd7
028b7bc0d
7fd9b912e
036a323b5
0156c34ac
03afc1363
7c16dc1a5
7dcfcfc1c
7e5c0c75a
7f716da80
01f1ef285
027f5c39e
7c71f9f9c
7ee61c272
7ddcfa237
7d6336de6
7b06f8e54
7d4a4b2cb
7ba793be4
019874395
05beb1a6a
7b8eb3c48
081032b13
014270389
0344ad9e2
023f0e076
7b4ab058f
7af7a8433
7d72844d1
7fe80ab32
7d3e89fdb
025b2d08c
00dd0ad2a
7a6039312
7f52b74d0
05fa62d83
00932e155
7b3d2ae24
786452e9b
7c889ffac
050ba5773
0432ba957
7ce85e0f5
7fc00b114
7e762381e
7df134b46
7a4373116
03556fb85
03dbd00d5
7c59f3890
785e47048
00e625d9c
004a6bc76
01784a5c3
04c913176
04ad853e1
01e428341
7ae27eb4c
7e9ae6fb3
7c1de365e
0696e274b
7de84d0a5
7f1e47adf
01fd8edee
7ffc3645a
00ff2213b
05af42ec2
7e63fba7c
7b95d3600
7eb0e31bb
7f9f0e59e
7969dd409
0210e415b
0054578fd
02d50eedd
04756fbd3
7b8eff271
7d4b15265
7e0b10dd4
02a57ed67
00ee36ca5
7dd1838ba
00c7678f1
7d3cef2a7
7fdad47de
7c638a942
015c1afbb
02901e0ba
02c827bef
00020d2e2
04a0cff89
000652ad9
7f23ca4e6
7fed2c1da
7f96775f3
7f45e47ef
028bdf119
00c79a56e
069ba6b52
028d13c04
799796692
036cbc609
033bbc3f2
7d198362e
04e8db354
7f92899d9
7f6ed71ed
03e786a49
0454055e8
7f09d2fde
7baf28ffd
071df3b02
7b988d2eb
7dae2e744
01377177e
023410ff3
7d6527ae8
7e362ceeb
01938d73c
02c63be72
7f87fe8ec
00e59f226
02edf72e3
7d4ebbc94
7d55fdb92
005149fde
04db535ca
7d9f6742a
01a8b06a4
022a5f885
7ac117d43
7a4c58c7f
7fd494bbf
7ed3d6fd3
7ec64fdfb
7e24f8d8a
7b8de57fd
7f1fe9365
02852e68e
031a08940
0375d4c15
014c84052
7ac62881f
7d3343f77
789598bb2
7b738a294
020bdf283
047a939d8
055937270
00f7e756e
03db5eba3
025b41bfe
0752e8c52
0409d02cb
05c408504
04b26eb6f
7e18df3fc
7b2bd0fd1
0475888bb
00aed8667
006795b8c
7d2fcaf8b
00fb6b5a1
7ee01ee40
0354d5176
011dc88a8
00e0f19f3
7f3ab276f
7c6bdce7e
7e6c064be
03aec8230
027253655
00c848a53
03a65f9b7
7e1228b90
791c23a05
7e353512d
061de4299
047a8b782
03a187ac1
03cd2e6a8
7f973f4af
7b75468a0
033865b40
794f9abd0
01e02010c
77ee96cf2
7fbf308d9
022d74750
7c4b11a70
7f4e5ace6
7ab20319d
037a8ab7f
7f3d16121
7c09f303f
01e540461
0117c0ec6
00a2bff79
01c78f477
7c8f09d31
03a6170f6
0137a250e
7b38ec281
7d1662752
7dddfac46
7b07e75c4
7fd83778d
7f050185f
02c601c26
02e15dbba
01b80bb17
051b06639
7ed0ca8ca
06c401a4e
7e1980b9f
7d349345a
7b57e9449
033da7d97
7eab6b3c5
065574cac
01190479c
7c4efbcff
7abe19f81
01823de08
76993e1ef
01c12b429
01b4400b9
048ae1d37
0828f2db7
00e597966
02fd352e0
7a4b7717d
00c5173ac
7dcd7a22b
7eeffad5f
7f77de5e9
011e24dc3
03dd0a9e0
01b9b87cf
7b9283dd7
0322d0de0
0272a7b4e
7d71ce3bd
053663b5f
07d63d32d
0183d4a21
79ae05541
79ba6a5a7
7c5bbd493
03c17c01c
7eda68565
00efd1468
7e74b56ab
009a0e27c
02a10224f
02e260df2
0380c0e9a
7d5afe158
7e2b5a4df
7b66e4ec9
064a3d3c8
009385af6
006cceafe
7ef305c57
76b57a475
7e231144c
04fcc2b8c
7e4032dfd
047faac79
00b9c689c
7aae09678
79bdc427f
7a2cf478a
7e5ad9254
7b4500028
7e5bf2237
024fca127
7d8aad48c
7a61376b6
7be579041
7c4467a7b
7b0c87ad8
7f7da4d19
7efd1e7f4
7decdf198
7c5ce3729
78b53a514
7c0d8ef10
7e1fc2566
0113bb601
0227b3ffd
03db0af85
779ef3228
7d2649a4b
78b6b9ac9
7c3c65819
09eff6a3d
02fec3fbb
7b06706c0
7accebeb6
7ff8dabe7
793cd410a
7e6f2d091
0627d4eb4
7acf8bab1
7e4f8d69f
0261c43e9
7fa5c55f7
7fd18fa3f
0061616ff
00cd7e5a1
08440069d
04510807c
00090f0f1
0005711a7
040b65e15
7f62c201e
027448c8f
7bc042d6e
7f3334e18
049979c3e
7d5fa785b
7d16b39d0
014a2a695
031336718
00818abb8
00a040933
0254931ff
04bebeb17
7fbdd1493
012d740ec
044cffc25
7c62c6e96
7fcf540ae
7ac51b668
7cfb4785d
003d166bf
7e4ec4d64
03400f16e
7de9c988f
013cd624e
7dc9d8b7e
7b449e8c0
7d1a7b4df
79e59bacd
027eb15cf
0461d127b
7d6faa0b5
05606324e
03711afe7
7ca887f9d
039becf96
0058185f2
02cb4db2b
00b42e1c2
7bd0905db
02562c921
009bb6d22
02db0a8e1
010b13a78
7f3cc5340
00624d038
7e7460f9c
015e896aa
0090801d1
01f0b3f8f
03ef63e53
0109db720
7ab6cb349
0530c6be4
7fcc5892e
7fdfd281d
0710095b3
01b243690
7be2393cf
08ffded5c
05df1934f
7c1f9cb43
0151f7f2d
7e8e9af13
7dad3ecee
010413173
7f1ee79d8
7c44f1af8
7d318d5af
7a89c4bd3
7e126eb60
7b07cf0aa
03d692b98
03978ee32
003136dba
798b9fc9b
7eda6bf7b
001e79888
014456575
01477fe2b
0373d317e
7fb1f8e6f
01faf0ba2
0706453cb
000fe0c94
019ceb4ef
7d2507387
7f63c8c78
005cb8227
7ffd45883
76f929e32
05bf563d3
03feaa17e
029ba97d5
023af757e
7cffca57d
04a41d6d5
04413e2c6
7e9ef87b2
7e87671a4
04472b420
016914641
7d7027912
788f7d5d0
06e2e3a94
01cc10038
7efbe5ec1
7f1111452
02bbfe51b
7f1ccff0c
01967cadd
7ffbda398
00a9b5de5
028b05bd3
7e85bfe62
7f7b25ca2
01513efeb
7e03fba12
7e99eb01b
7ea1b1d25
034e67af2
02e3cf79d
7d3e0fe0e
023ddde40
7f23abef2
7de60d087
00942b2f6
7e73cdc42
03634ec5f
7f8c8fc9f
7f3ac4f9f
022d3f01f
7ed1813d8
024b2cb76
0576ac7e9
7bc9674c4
00404e478
0265aab6d
75621f884
7a08f93a6
7b303c9ec
04eb7d14b
7bbc80873
0c2c9c148
000e7c75e
7aba59072
025aec1e1
7e8daa3e5
09d30442d
7f188b4b0
7ef8112b7
028aae4fe
0085ee361
05e82abad
7bb770c36
01a8eea83
03b281e9f
00caf1998
01546561c
0000b17a0
7e5aa0fc1
0469e62b1
7d6a4585d
7ed5c1916
003e608a8
7a22a0587
05d3aa839
7471ddbfc
7a2d31462
08b06c82f
7b38ff5c6
02afd2c9b
794e0ffe8
02a9d26ed
7f9c84ccc
004603547
00d21dd1d
7ea003dd5
02a1035a2
7d2ab3f83
7dfd5e9db
00a41f209
00690a4dd
7fef42375
7edaa1f7c
03da891fc
015a3fc52
0083783f4
7cf9a8bfe
7e1530a78
7d150babb
0104ea1e7
077616988
7d1b654b9
7fa23e1ca
7f601922c
7dbff3a8f
7ddf0e0a0
7f6d643da
7e55a3cde
7ed55ae3c
7dcc9ee02
7dbb6f893
022bbe47c
033f857c4
7ac436e87
028613824
7d98cbe3a
02215d902
7d0b82f2a
02d562ab6
7c49df704
077b083c8
05da1a43f
00ed57b95
7d6d8c933
7fb94475c
01bf737fd
002f6a836
7e80285e3
7ea7bd530
03ecff18c
7d0c433f6
7b5304a87
037d76089
7fbb24764
7cb14730e
0156f28e0
7fa7f7a39
00f779073
7ea091ac4
047db4fdb
001f97b35
7e8f013f7
7ecc559a5
027502db5
7adf88745
02a2a9811
7ef3719ee
007484457
06c63dc80
00a5ce352
01a2e0651
7a8d06b78
7d4945ffb
7b85ac95c
04cf0e4c6
7f6ed8fce
01dce7e40
7d9a7549f
041edf86f
7f0eaa17f
7706fe5af
7fbed0f70
00ce9bafa
028cbf5a1
00a21d92e
064ec8abc
7b9374300
04f9bab22
006c9d758
7ae0b3f42
024d2fbf0
7928341d1
01b76a198
7bc18d47b
7bc6babfa
03c1fd93e
029eb0b73
75cd5e470
7ac5ba31b
78f88c5dd
7dd513323
7c56067c9
7fab24f30
7c8c0ee55
7f6fe5c31
7d014baa1
78ceb54f0
01ff58fc9
7d3a993e8
05b9eb4d4
02ae6a51e
7cf25a726
7bced6fb9
7dde94966
040d8c1b7
7de8b8e71
00d38ea0d
0018db6a8
7a9579b65
0596183c2
01f29c792
7aba16bcf
7c89de213
7d921fbab
7d360a6e3
01058554a
03041e052
7cebf5afd
7bdd2d328
76b71c3ef
7b238ea83
7cff4212d
7eb398565
7ec5801a0
0340b2fad
79086a474
7bdef42f6
7f774cc84
7a90812fd
7fb1e017d
022a571d7
01f90a2f2
7f759e19f
088027c91
7fce0bfa5
00be934ea
0119731b6
0187e2ee9
06516b6c3
7d801e085
791c40a23
0637b14c1
792d5b764
7e0133a26
019044325
7d0f32ac3
01e4107a2
79ea7eed4
78071ae67
00f114309
7d1d8674d
7cf91ca26
01494e540
7d683b68c
79f4c9b16
7df029263
02975d6ae
76c1bd2e6
03388541a
7aa6aeda7
7b4bbe931
7f8287ec3
010cbabc3
7e2376c8a
79d3110ef
056f69b65
7d16487d6
7f77675e2
0483ab24e
007c76f63
0220b693c
7f4e4798e
7e1382662
7ff054846
7996dc137
03c6b5158
02043a547
7c4441c06
00ef84557
7e7a70c28
7fbad07f9
01b73f0c1
7f6295ea5
0077c7979
03e02b451
024ca8ddb
7f44fa217
019dc4b6c
00939a3b8
7df1bab5c
012153577
7ee77c803
016be3cab
7f91a2305
03709bc4d
00112c708
016cb8304
7f5dc84e9
7f24c2bcb
7eec1dc46
033441fce
00da181f5
055b87bd9
0062ee1eb
7cc3d530c
7ba6a69de
00156176c
77b90eabb
77e627d14
7dff37ba3
02c6f5c4e
7c6d8edab
752587d13
7f2452ee3
7ff011ddc
7b9b3abe1
7da3de358
7c1f4e9a8
00d86ee69
7e0ef1476
7807b19ff
7efaa7035
7f5a3c6e8
01505bef4
7995e28ff
03c263a94
7dfcb2612
7db994380
7f7607283
7ea53784c
033e1ede4
7f8f0b60d
7dfe36617
7c554ec93
00aa69a2f
7bb41c544
7ba55f623
7b1a77789
0127ad83d
034d1eebd
7f95cb04b
00c8ce2c9
7bafdcd8f
071424484
02d928b8b
045b978b3
7c8e3d04b
02509488f
7c8c50c24
7baab073e
7bfc4fec4
034ef59d0
7a3933980
7d2ba98ad
7fb950d6a
02ce211aa
0086a4ea1
035382f69
01cd47f68
02796e458
01654d7da
7fcff62fe
7f581986a
7af9dc5f4
00ebfe5f7
038ee314b
03598e7f5
79533730d
7e4769544
003d4501c
0638bbdd6
79443166c
7e4813c64
7d9fcc180
7ebe5f9bc
7f2c93a23
7c0183759
050761dc6
05151d82c
7ea9f2aae
0069f00c5
005ac0a81
7fda30bb8
7e3e324e0
7f1780863
7f1607d5d
027498086
01ddca457
00d7f7f5e
05af74c5c
7dddf2cd5
0357a005f
025b7fcbd
7b51e56e8
7d226db00
7a7bf62f8
7e736672a
050cf9f1b
7b6a00187
7e2959823
04c2fa1cf
05191556a
04a54e1dc
07a9d34c9
01d56a4b1
7d22d7f54
0116cccc9
01eaa5d78
01d829819
7bfc10330
7a79bf606
7f678cdd9
0129d673f
7bfb77e81
0096d5c7e
006953541
00830f450
070c28b40
004d27f5e
7e8ffd763
7d5ac3caa
7f6a08e75
7c13dc8a6
785989e2b
029bf3c5e
03ac253d4
7ab46b638
0231e5be2
024cd7c2b
0173de9ba
7bbf74ebe
7b570cfdc
7f8a2f341
03ad0f6b1
7ff9f2f4a
788d2a16e
7d2098bcd
7aca43e5f
02dd0cef1
7feec7a52
038a0bcf1
040f0d21d
7a97f2dcf
00e076ea4
004ab9644
011eb53fc
010bb06d4
01c50eb9f
7e7873d40
7b9ff8013
00384aa79
027e93f5a
77600607d
0237cc645
7d55a28fe
7a9d382fc
7fed2be2b
7e142e830
065a15820
0600573fa
05e05f047
0318e6a3c
7b984b654
021f0aaa6
7f5203f73
00fefcadb
7c3925a10
0158367fd
088eb295a
001c36247
007e6b027
7fe8c1cdc
7ec0ce434
03ff1e001
79f85c64b
7954307d5
7f7985908
7ef1b6cfb
025e76fc5
06015fef7
00f08df28
7906121ac
02c95270c
02eac2da9
7f947f326
013f8a72c
7bf0ad1ce
065f3b366
021a89962
02bd60d0d
7cad095ad
00f05ca5c
01338891a
01043f520
7d3d8bf91
01930ed70
0007d07ca
011fd5d18
00053fff2
7b53916d3
7a4849a99
7e43e32dc
7a5c4e8cd
03316f344
7efb15fc0
00ff6a890
7f0b8fbcd
7be1c9dda
7cb9ca240
00d86b613
011d8da48
7fbbd45b0
045548444
03d778335
02b81bb32
7761124e0
7d2f341b8
7bf9ca962
022306d06
7e5df03f0
03b772270
7f0b958ce
016e1c7a4
01864e052
7dd75049e
7e8154a2d
79ceb4ff9
7f18900e3
7cedc296f
01449d399
01ec463b6
7f3b1eb7b
02ac9a5ab
7c8a453ba
7e5b13d00
014d0ad12
7ddbeb828
7c4deaa3f
7a8891561
00426adc2
01ecfdc4c
7af5d3d89
015b45628
7e5800638
0217e73cf
0079eb5fb
795d7f556
03f44d3dd
00a1cd4d9
7ce3ed41b
7ef300fb0
7ce598619
021b247e9
7c5f73a74
021d72144
7d2bb3c6f
7983da68f
086994767
7b81e9bb1
7f0c133eb
7d6a54419
7d8920281
00dd9f824
7bdf5c2c9
0242f1b6c
01b97a0f6
7f580ec40
0316cdaec
7e8765cd6
7f6d861c9
008a93fe7
7d653705f
7f9f0cc28
7ff422179
7d406ea44
7d51bb0f0
065f38e0a
7f4c6f362
7bedc9b66
03b0292ea
013d3df82
7d296cae7
00aa6b95c
7d5836160
00c3ae072
0147e6009
7f6a0268d
02a283b10
024d8914e
7c9bd5602
0322484b2
7fe41a477
01a2e041f
03f6f865b
7cd6abca0
027c9ce18
7b7490608
7c421aaa3
046ed3eb8
058e32966
7fbccd653
02cb6238f
06cafea37
059e659cf
06778e295
05f7bccdc
7f0b314b2
022b569d9
7e26768f2
7f0768886
01d5d9230
04ba837ab
7dcc68f45
059f2e275
007b1c486
7cd06a85b
7d2741859
7691dbadf
7f46a6b14
0221b0670
0127b0499
7caab575f
04a035f22
7d1b82b95
77c387c6c
7de6a3ca3
000f3e862
7c970cb6a
00c804a44
7f1a93c43
07a01b944
042b5b9b5
01785b3e9
793b01161
00b5e1055
00996d825
7dfd621e2
7f48a4d83
03ba295cc
7ef10bb57
7def22e10
7c13d2cea
7e4db2298
7dfa4f064
009aad570
07cfd4ab4
7e2aa30e6
0281f293c
02f74fb58
03ff09faf
7a1ca6eea
7db01979e
05f8f90aa
02979de1c
0417e4a1c
0522d8e6f
7886f8c3e
7bd032c04
7efddd598
09317981c
7dc6b958c
02406739a
7aefd9338
7b8f500c8
00d0e2edd
7ef9a6c62
06e66e47c
03df4561e
7aecb9512
025fcebc2
02b2e8bbc
7d040642f
7cfaaa03a
780353827
7e84d8499
001152b2f
01531af9f
7d22cea71
7cab56ba3
02e1317c7
7efcb2764
03551a35b
0028ca2f5
7bb40749d
7d01fcb8d
7d36a1991
0111443c1
79caaa6b2
034aadeea
01a9c2a82
005313afc
7af67b8f3
74cc90fde
0463bbedf
7a2e35463
79ae5b180
02caf858d
04a94f886
04a94c6c6
012e6f743
0256cb1bd
7e938dbb5
7d4dab4b5
7f0e60efd
7caefcc2e
01212f5b8
7c7fcf03f
04283a310
0377f45bd
7963fcd15
032c8baa5
044c4d072
7acf3b6ef
79f72ea46
7ee77627d
00612e486
01af7beee
7ed089031
012fd6a47
775888069
03f7aaf0d
0108c8734
7d35fb3e2
0111ef283
7d754a0f7
7f5cdf40d
01f29efb6
02cd021c5
7ae900bf4
7ab27887e
0172724dc
00b7c7218
7c4691c55
06465c782
093595848
7e4c4e299
022809e70
7dcdf6f73
024fed221
7d812c919
7f9edf3b8
026a531cc
0300ec5dc
004ae75d0
02454efe5
7e6ad1af7
7bbfbacf6
037d49226
0247a2f46
7cf518a17
003f51751
05586b2e6
0324374d1
024015b40
05470e6af
07d9d8d3f
0429f8855
7a43ac1b7
7fd9df577
7fca80d89
79c2762bb
77732c3cd
788dc7f3b
7f879493b
01ed348e4
7a0b7c52e
03081e6fa
7f2693714
7c90a9da7
02758db1a
011d66304
072690243
7ce4519a1
7fe1ccde6
7bd94be40
000ac116e
7d8087139
7dbb1f4d0
7eb17f157
7b58ef163
7b1ec1aac
041becc33
02ed23491
00f2ff6dc
04c70c2f3
0506bef45
01f7ee72d
7e552dc07
0303eef11
7d74f0faf
069ed335d
00696ba1d
7fa2043ec
01853881a
7c146a676
003bb6da3
017b5f8a1
78c5f28b6
7e77115a6
796ee0a5f
766b488b0
7db28f62e
7d71df857
03558cded
0520fac52
79518a50f
02f879a0a
7f06dd8ba
7a5b82fca
00d794d9b
08c22b7a0
09c499500
7c4267430
795c680e7
04796d3a7
005b1c948
0224adff8
7e5a4ecc2
0739510cd
77bbc5a44
03c32b443
0246d0ce8
7dfa0dda3
012ca990d
0289744db
02e34fb3d
0354cb767
02eb3afdf
00b187ade
7df3adcfa
7f8e5a98e
0075c271e
02e2fae07
0255dd399
065de642a
79ea804ba
7aa63d80b
0348a3b8c
7b97c2a25
7be749406
7c9142f09
79754a82a
7f6e6aa9e
06e88129c
0296e7c8b
7857fcdd1
0220638f6
03862b02c
026447424
05af22e46
08557eb74
7a60f8b2f
019fbb105
03615ca9c
7d0e6d982
037d73e34
00460b542
02152bcbe
77abe9f6b
05cf07c8a
7fbd6495c
7fcd7fb45
0abfdc7c4
7e3df8ef1
7ca081524
7784f059a
02fab631c
0047c74f9
7d6c8a66d
79a293f19
7d882eb83
002243394
05670d47d
7dbceeb15
0355352bd
75f2aa11b
002739ba6
7c4d9bb3e
002fbb0b4
01e7e4795
7f46c0ca2
79da0f107
7b2c322ca
7b6426e92
7fc1ec586
7b59d33b4
7d4d25e79
0327ee45d
03f67c247
798373d6e
7f4a937b9
00bccf9ba
7ad36e659
7ebc6bf78
7b9713563
000456ba2
7ec720158
01fd3d7da
0132fa2ec
7d3840a48
7f60def1f
79825d861
7c4ff3867
04e949252
02c8e720c
7f8ded42f
7d56a0265
0348e35c2
025933bb0
7f5676fd8
01e180d81
7de5ae3ec
7fb401254
024e4d927
02580e96f
7afe01860
0064371d0
025426b5d
01ceb4507
014966802
7ac798030
7fb3ca08b
7d0766f0b
7992fc82e
7c620c386
7da171508
040e85231
7e849d5d7
00911bab5
7a8641e42
02581cd87
7e8fb2450
7c20e704f
7cbaa9acf
0233a467f
04ab70e88
04e279e23
07deb4fd3
0a5e1cecb
09055ab8d
01e263f44
04229aee6
7bc9b91cc
7f2005b13
7d42777a0
7fea5b666
7fa1d6874
04be563de
7e206ebc4
7e6038a55
7d922f752
035cfbefd
7ca70563c
7e80e0a9b
03d320d46
00cbef380
07f9953ad
7f14818b2
0159e5dcf
7be7e9089
01d143fa6
043a508c0
7cd7c5b38
7a991b843
7b20ff27e
043a9eaa2
00857b21a
7ede78b45
008cd725e
7cb4bc221
7c5f701fd
7c4929ec4
035cd23f3
7a3e2b362
0875a4a8e
7b7a9371e
00fa7043a
7d6924904
7d89a61e2
7ed8e41db
06c4bfe63
7a780b272
05052b231
7ebac547e
02c44ac81
005f85e37
0014eadda
7d6a1b9ac
7c9b1a64c
00e2b6b0b
04d61f34f
024f70c42
01051bd46
7a72bcf04
020acd9e5
0405a3548
7c9acb52b
0654e0168
0468477e4
7d90ee2da
7e9786cfe
05bf1c950
02f9cb1ef
7b9c1327c
7fa28c766
0025ba406
7d19462de
09792235b
00aefec33
7ea26c669
01a10acab
7d36e9e30
035c6dd74
022929373
02c881d64
7ebe8e1e0
00477386e
03d06aafa
008861760
7e24b368e
7aae0a151
7f825e5d1
02be8c773
7d5ece0d7
7e07367ac
000a5fd7f
7d1a467a7
7cf373991
78f7ef93b
0284e7572
03e83542a
021aef714
7f60acbe2
02dfa32b4
7c7a25e4d
7a921c813
7ea763248
7d781de74
021ee20c2
7ee681b74
7ce690b14
00e6d223a
03d569408
00a16bd0d
7f11b6e0e
02732da6f
034b2cfe0
7e9f300c8
00f68f817
04144c393
016447b01
7f9c13622
0016fdfa1
019c145a1
034b08aae
7d5815d79
05b5c1a94
03a82bcc6
793b161b1
058f9d7b9
7b8e2b2f8
7f29e7083
00a6c7ca4
00c2352c1
798d4d6c9
01cc419a0
7e0f57a8f
000b1bb31
7e63cc61c
7e814957d
7da75867b
7eb0c4c17
7c67b885a
034cbee48
045e0b49d
7cd0b285b
7b7599f65
02eef3625
7cd18b939
00540762d
00fc2418b
7c2565387
7f36fdba7
0173f17d6
7b19de948
00fe7eef5
7e99c066d
034735959
7c8d752fe
7a822682f
04076a824
01de35cc2
7cc416ecf
7a834f9f7
7d2d15712
7c6921e5d
7fc8efa96
02e1c05fc
05a41b81f
010c07462
020ec71c1
7db97f13b
7d842c1ee
0010e1dc9
7d41b6fc6
035746b38
01d768ac9
7f2de8049
797cf1861
0629766af
7b9dc4e5d
0405f36ea
7b0531f3a
7a66bdab9
067c24ea7
7ab1f26ca
7fe00662e
7f7bcbf5f
7a71f3669
7ecaa4810
0049eab63
01ee00399
02b1d77ce
7f9c1cef5
7c94e28e8
0524564ed
049a2abf9
7efa46c8f
04f39cc63
7f3630164
02bd2c461
01f2c6d28
01c3a5efe
7da3f3fd9
7d4fbe673
7efc58b71
7dfba83ce
7ed4b975e
028157bef
7a125ff88
003858855
062c5265c
7f2b82d2d
034acb596
030bd331e
7d360eb71
7ea62e50b
013c01d22
033fcb7b6
0230d41d1
7c39c611c
013c2810b
7f485eccf
7e0e456cc
7f3c07363
07cf1ac91
0255ef26c
7ee60b8fa
01bff4285
77830cc96
01e81e94b
7b7e661c3
7f2a3abe4
0300767b1
01af38fb9
0140c1ab9
7fb637f90
7f7936d49
7d983362a
7c802865d
00ca161fe
795336da3
0022d1e5c
7dffeb8ff
7af4224a2
000281c8b
7f7c1a310
03b8ef87c
7fd7c7f3c
7c1098b41
7cbfc803f
78dca709a
7badd3cd6
7c09110b7
7c634c86b
068fd8eac
0163d5f3a
7e938c002
7c4e705ff
02cb207cd
020a32080
7e961d369
054bdacd0
7ea5ba295
04cfdab8a
7eb657f74
0361ad101
0174f866e
7e8ee7247
7f963aec9
7dc2ae617
7f66bacb5
7b0ab8c00
7bbbaa2f8
7d00ea5e0
005916728
7a859c19f
00fb15a51
7f9fa053c
7c0090738
000d06fdb
7b9b0d4e9
7f4d1d822
01d7e9d03
7e11052b6
7fd7850fd
02387c317
7d72a1430
00870c84a
7d321dfea
017617906
7f4bb1e32
024fc56a7
014bc6a36
0388b9917
7e6c49345
003612ce8
7affeeea3
036cbafa7
0634cc0b9
00cf384c8
02846a34a
09605e7a8
039321025
010b63472
037b4c24c
03259c222
7da9612d8
043b1eaa8
06319d70d
020508c44
06a8134e2
7e053fd27
7e9fbc0f7
0194ec661
0960f2c63
7e3eab2ca
7b5eebb7a
7fab4081e
7fdc22d66
7dd027aa6
7df2f9443
7f8785157
7e25f9b25
04532db4e
032ae91a4
7dd01236d
033a83aef
031de0d48
029e2d9e9
094dfcf9b
09459faa1
00da8e41a
7b822e791
7eb4a95e8
0175d1a55
7c9ee583f
7d7b28554
7cd9bac8a
7927292c4
7f3dfd6c2
7d97c1273
7f228f58d
7df0ce901
0434a52d3
7f9defe7b
7b782c127
025e15f82
7d4da1100
04b5f8dfe
029b5956e
008f68d24
7cf26e31f
00799e5a4
06d5077c7
067f061d8
7ec0a5dd3
7d1bd7d03
7fa808020
7b3471f39
7851f84b3
04a279b54
7c4b5f2e8
7c93f2c90
7fae7fd7e
01290909e
058bc0bf8
7ff066c92
78919869e
03dd72105
060dc1d55
01489fe1d
0368031cc
7c27ff754
00e6592eb
03bb880ee
04d1983aa
066192fb9
7e4b29eaf
7eca9c649
05bb5a74f
049178fbc
05f7b3470
09ee8366d
01cf70cda
055fc3902
0181ccaf0
7dba60a8b
03fd2bd94
7b4e42050
7b7323ffe
7cc3ff451
01814a2d6
7daf55dcc
03363909f
7d40c87d6
7924329c1
79adbb2e7
084400d86
0216da024
7deaa27d0
06a2ff9cb
026e16b01
7c8233fac
029ebccd0
7ac1e3388
01f75a403
7d7f3a57d
7d852a1aa
7e8bcf6a8
029a672f3
79bca3ffe
011816786
781d0c134
7c74263c7
7a43edeb6
7d1503abe
7bb2feab2
7b6051a9f
7ef77f447
7bf53670d
7f8f3bf6c
017b36e9a
7cb64f48f
7a7bb821f
7a63216d1
05308dc29
7eadb9e54
00c6fb9f3
7eee8d363
7d72e09af
03cedfb62
03c739e42
02d05c050
01a2f643f
04502c59d
01b2d0ac3
063fc2bc9
057ec8c20
01c8c9c95
7f7d30995
7f82229d9
01e3b233d
01b27b35e
08896f49f
037aed0a2
77cd21dd0
000559e7d
02d1aefd8
02bfb1026
7de76d00a
0008ec46c
7b7d0041a
78bce520e
7c64e31c8
7e945da87
049a2f24c
7c84a6c0b
7d53836ee
7f5fb09ae
7c9242df4
024ab9dc8
7df0262fc
7d2cb0362
011f18dc4
05491ed5a
04a659cd9
02ae4fadc
02a0b3bd1
79cea7311
00b7d2270
05f554589
7a6524020
0162a2c24
04fdc579c
040fae977
7fce2e8ca
7ebbd6e5e
024824a0c
0be23b3ed
7e89a6f5d
7c32bd96e
005895d90
7ff78d63d
011797e25
05a341b49
020fd2799
022380a79
7ffdd9a4a
7e89e261e
7dc4c6721
7f10e482e
79b195031
7e0055d6c
7b6474423
7e97d4b02
7d617fe28
7e160d669
092eb25e3
07468a38c
7d18a625d
7bcb83bda
7caef9637
053617128
03239de57
01bdd66b8
7f90cf68c
7e4e2b44f
7ca2f4e8c
79d2b475e
7eab987ef
7de20c7f3
037d02280
05ba6c484
7d62973cb
7bee75f77
0383baf7f
0336930d2
0220ae367
7fa997e68
7824687d5
7d9c95f5c
7c6085652
794aa62f5
7a4ccd013
019a0b0a2
07428c51e
7d65c5c80
0c1429240
02c4f2f8a
00ad9a42e
01219b7ea
7d3f06812
00262647b
798d9085b
038a6d689
7b323bce8
02d792f7d
7ecf11003
7eb1892e5
002fbb2ac
0314132e5
0365d4d02
7f09d60a1
0141befdf
7f5eff4c8
03c28464c
02c9093b4
01b218b72
7e846c02c
7c533d7a2
7e171ca95
7e1253b93
0136d3bcb
7dd3c1edf
00c1701ac
00f0dafa6
01b13fd36
06fad16db
7c83249ed
067bb8283
01babb2b2
008dc146b
0106253e3
03c52fff3
0128da902
038fffba9
7e9faddcd
7f8c78eba
038aeef5d
7dd629dff
001ebeeb5
03c3a2f0f
7fe5f2ef3
049bdebb4
7a751e1ea
002c9df89
7d565b9c4
7c5a5c935
023c3fccd
7fa823647
7d249d65e
00a5989ec
00d236042
7e49e4cfc
7ddf7ce07
7a7eb985d
7eb00638f
03f4baaea
00f2f2cef
036a80afe
7e3a467f3
7e99f2d2a
01fbeb65b
00b956a4d
0136b341f
01fd92b9d
00278cb4d
051a1a73f
0365fd097
7cb3f3b79
028a8970d
7e156de29
7cc9f75f4
7f18e8820
01d68a875
01ff73a16
00285fce7
01261a445
7f9115d0d
7e6a56a0a
7d95e5747
00505851e
7f03ae02d
7d1e1c8e7
7cf3271dc
7f5f6af44
7e72e918a
0215244cf
01afe55aa
019c652e9
7d7bf3698
7c1e4f6a6
7ee3e6eca
7a1cac7c3
01146b3ed
7ff9f3ed0
795c56856
0135ee4e5
7e450972b
016f31538
01678e92a
7b4f1fe3c
004db7b49
014451794
7f4a2b3f7
040f181ff
7988425b9
7f8412934
024c34749
782b33b05
02dcd9f83
7b9d71068
7fe3acfc1
00f0a3096
0624561ca
026e3d239
01ed7db41
03eff755c
7d8757920
02ced56f8
776335cf5
76f216ece
00b6da363
06c65eb2d
0378c4197
03758c0b2
01315c3fd
7ed8d6838
02684af2f
015fed1d1
01095ec22
7d5e13ea8
01681543b
0117a69be
7c909fd49
7da427263
7f68362bd
7e81bedc4
7ff99ba22
00f1283d1
0112c2aa5
01d5bf41f
0937b24ed
7a4be344c
03ac1c2f3
035726d40
00bf45fd8
01e897002
01c5903c3
03b533789
7eb4e0ceb
00bf9b8f7
01bbc014e
7ff0403ad
01a382629
047d96d3b
04b83dbd7
002ee9e39
00eb28499
7df486925
7db6d19aa
7740e961b
019a80e98
045e47e2a
0224ea73e
04aac3aab
7c483d890
7fe31a614
0111eb60a
7f7c494c8
03ba91b05
7d0fc061e
79ab9dfe3
79810e774
7f8879c0b
7e8760775
7a55f402d
024250812
79a20de7d
02551a8a3
01e424a81
03dbcd5de
030f237e7
07d00f968
0bca41100
7d1755a4b
05938ea21
7e80b3a7a
7e2da401d
010b862a1
7c654a921
7f4098ef1
00ea28715
7f86db927
02bdce2c0
7dfc8fa34
04c18b275
7d1df7039
7ab344e4e
7dacd4ac0
7b69b6dc5
018951b6a
0167c45fd
7b791c42b
016a5b57a
7e54e5966
7feedf4fc
7f4acdbb8
031fd374a
7ddd35def
053b3ca5a
7ffc76b7d
0179a6f8b
7c96f0977
7a80a295b
7f2f38822
7ec95ee75
7bcbbf6c8
05f32fae2
00341f31a
7e38fc2e8
7f1289faa
00639e03b
7c2fc1377
7b040b78a
7fda4a4ec
01c12aa1e
017e03304
7dc1cbd9d
0011a2078
7fda15e07
7c923db15
79af52365
01c79e8e9
7e24cac37
7ea41af4d
7de3b7d04
7fc9329bc
7a8f1e8a9
7f0b43c1a
7dd935d57
01cf05a84
7b062ff85
7be8b2a94
00f97c21c
024c0018c
0090989d1
7cd6cbf93
7ee7af77e
7bf0680f4
7c928cd0a
02897522d
7f1c752f1
002b35af1
7bfc2e41d
7a19aba65
7ccd571f8
009b925d2
7b0018fb4
7a365dead
7adce8641
05a08a15a
05ed97be5
00f4a5b17
7fc3b80b9
7d1909d14
0226a9a14
038366500
018f56d05
7ae7a3fd0
00f0ba1f2
7c6158e71
00f418407
7ed80e5b5
7c6e6f8e2
7efd0e477
00bb98786
002665dc5
04eebfd19
04b13517b
011f3930d
7f32bed9c
013d10224
045a1683a
7ee4341c0
7dede524b
0595c6dc0
03613e714
05776fdc4
7dcb23ac8
7efc270f4
7fe8ec089
03b0d8cb1
78d23ce44
7ff09ac7a
7fbcc47c8
7f09852c6
0140415ee
02a4a1bd2
7ea639859
7cd1b8afe
00cff09f2
00402e10e
7bc48e3d5
7d0b158c1
023775d1c
7ea6299cb
7f54b2ca7
77ed1cf85
7eaebbec3
7f01c1123
00a2c4940
7f298575d
01b8b34a9
7af87f793
001315da6
7bdf2a4fd
048850090
7ed230549
0657e0d7a
080b7e33f
7eba6d4fe
00eb4a0c1
02160e88a
7f66064d3
799c2fd78
7adc3a7d0
073415535
0609e0776
7b332c00f
7cc3adb3e
03be5abed
011f08872
7c46bd59e
034ad2dd4
7c7d6c049
7bb4767e4
7cba463f0
0153e1a81
7fa238225
0a692ec13
03fdf14e7
02c0c5498
7cf08daee
78e9442f3
02f5ef6ac
7bfafab57
7ccd77587
7fda3352b
07173867d
7b0e01dc9
01f65be1a
02df56aff
7f68f49de
7f46bcaa2
0179de6be
02cc04f14
031bf069a
0005d097a
04eab9cf3
0328e05c3
03397ae16
7cf7fe96d
7eaf54c1b
7e5679241
025454366
019be5a77
0123b1139
00763a1dd
0521d2e70
7f38898ec
7bc8ceeb7
7a1eef1e2
022c62dd1
7c1d66ee5
033c039c3
01225812e
01ca9bb5a
7e8b66490
03912e9af
7ec4e7d9c
7cc3b66e1
7d9f52090
7c91f6062
7fe8f6b47
7cf74366d
7fe7e83b5
024b2ad06
05730d88c
7e77cbee7
7e42bd1a8
048e93cad
012c8b632
032bc5f17
7c43f16a4
7bbae9e3d
0008bd659
08908cec8
063886864
7a0aed58a
7bd3f124c
78d2da8f3
028e05d8c
7adbc951e
7c9e019c0
039d21190
7e7e64dac
0020bb8ff
7dedb300f
77b6e530c
012964b9e
0295d3534
7cb573605
786313b6f
07b1195d0
7fdd541f3
7bef15feb
7ce443d18
02e31f4de
005a4d85b
7918da005
7c069fcf6
02a83c098
7f5bad906
7f2ed575a
00b80f9d1
017eeaf95
009d36088
7dc6a3e1b
0161b0d10
7dcafda29
7fea40bbf
01af6f5e1
7d681194f
0489cb0db
78c9cfdc1
05c1b2d28
00aa90d93
7bfa6ca59
007a9d9e2
7fdd1fc03
7bd872802
063e62bac
035c8252f
05aec2f99
040cd61b9
7e7493137
02c0fe8bf
7f020d6e4
7db95bb65
02163041d
015f6d7cf
028006a44
7f54be145
067d1bfff
776499b81
0290b8811
7cc833917
7f82df0ad
02429f23b
7bb7598f1
03b9a943d
7f0395920
79cf9f7c4
7edd99ee1
7b89f5072
7fd334bcc
0483da9d4
7fc42bcfa
028d6bacf
022c983ff
7f7a008e2
7e3d5fe42
032743ca2
01cfc2674
7f8bb8797
7cde3da51
00a2e6ecb
7c7dfb76a
7ccbcaac3
00f20fbae
014cdb68a
7f5d26a8f
08e0fb3c8
78cf6edba
0588e5264
7fe92f512
7aaa6682d
0461b6b55
7d773a651
0191fb187
7e8f1e13a
7c9763081
038662211
7fd467257
0299aea9b
7ca8c0a17
7bad6da16
01e7e4c9e
76736906c
7adc947f2
03bc6e8f3
7d0e23c7c
7f23b244a
003b4886f
01805ca14
7f78621ce
0418ef3c4
7e1e0611b
01a5804be
04063f82b
048c451b6
002a09fe2
7d1ca6bd7
7b0269757
784f85611
7c58895d0
035f5c620
7ca8e62ba
040f1a99c
04918d4c5
7dff2531a
7959d46c6
059461ae0
7acd1b2ce
7e8c31ec6
01c263c44
00944f4aa
0524926d2
0220288d8
7a354e64a
03a79fb53
7d5b746c0
7f18a6920
03287eefd
79d425aba
79a87d7a5
7f378513e
04938535d
00bc7a0c7
01ab9bf93
78a93d03f
0004507a8
056473ceb
7c5eccaec
010032f06
7f2487bc3
7b22c8d9b
0a67ca078
7ddd6ae05
7f25d7374
097adf00d
059eecc4c
7ed5b0164
7a91b5229
7c6abeeea
038b0dab5
019ff40b4
7ff0d32fd
01aebed3a
006e14cc8
0036e8ef0
7e270a85c
061a8babc
7f09baa72
7f938bbad
7beb8e8bc
012783d8a
012c8de71
026b7df0c
7ef9910fe
007fc704a
02772a056
7cad65f3c
0599ca60a
7b7e9c3b6
00020dc34
03b78051f
7f49f8336
012050cd5
01b9147c4
7d909eff3
0305ba6d5
7f3cbcc56
079e00b45
78b2efbcf
7aa4d655d
7e964b39d
7aa301d72
03e9c55e8
001e563bc
7b452c556
01fa0d3d8
00cbac08b
0244c4a87
7e9ef8209
7db04d353
7fab531ee
0662043bf
021e0dcee
77d1f6268
03bfcda88
019c02c7c
05fa5aae9
03a3165d7
7f6f8c310
7961f549f
043e3037d
7f3c2b8df
7ae7955f4
7e8a4724a
04b327202
7c7c9ab94
01dd78f81
02e90c684
7918f284a
0079d5dab
0328ecd96
001dcab39
03cd0fa3f
014ae44af
7d1a3218f
7cdc2f74f
0215f674a
7c7a7006d
7cc5726c2
7e575600c
7b607c384
79b50f27a
03819d25b
01154426c
02bdce7e5
7caece5ee
019a819fc
004a6fcc6
7d1f53dbc
7e29b00c3
043dda219
7cd30dfcb
015c09c65
7dc6ceed1
7ba963e39
0230efa40
7d6bcdbe8
796dcca16
0133043f2
7e6c62851
7d653f18e
0240b4a3c
7fb8d67b8
00ffaa85b
01057ed87
00ebde87f
7f3a32711
01453b7c9
037571cd0
7ae707c25
7efa023a0
018beabd5
7ebc9cdcd
0438f3067
7e928dd53
0378d43c0
7d7aa4e03
04de54129
01dc276f5
009a656c0
02c3ae390
7e80b56ba
03a0814fd
7ad61e206
7fc66c40f
7e9dba216
040fcb14e
0089c2817
7eb87a2d5
0419b5f14
7e6b233dc
0135b9d86
7d59d325a
075424c23
047d6559c
7ecf794c8
0450648d6
7f1516714
02259864c
02b1cb15b
7fb63ff75
7fa291f70
020aa5234
0277c4683
00dbcf579
04faf0b0a
031665e2f
014c05c70
7d00b1c3f
7fbcf16f9
03cb2d71f
7fb0740b6
7fda45af5
026c0bc1e
7cc2d77c3
7ceef303c
7cc47b02b
7f429bb10
7cced6c29
7c86419e5
7c7d49fc4
7e013cece
7fc176d48
7d786b479
0445cf5c1
041c0d765
799ba996a
038a68a9f
7bf5ebba8
7bdd68593
0315e0134
791783e3b
7a97b0556
7bda75143
7fc9ede8e
01981f226
00347e4ce
7ceed9f24
7e647115e
01b91ebd3
00794ce00
01b47f444
0271234ce
7c4cfe4c7
7e91842ba
7b9e5e017
7af148a2c
04b236c65
7c5a44dc3
7c2971954
7ff10f524
7b799181a
7c88d0cac
01f87ceba
7dac08fb2
010dc5766
0132456f0
7f4906b6b
7bac7627d
7a6c2abeb
7b41ddc51
7f1d09219
020c306f5
7f12952cb
7c3a71177
02e489711
00cce7be3
7ff2f13d0
02f918e53
7fd2f786d
7d28ae591
7ed6ae94b
004cf57e3
7f1526df2
03306bbde
03dfad91a
073b8eb81
02864b744
017f479c5
0451efba3
7d279754a
0258170d6
7c5c597be
7fe4a62e7
7dd40d202
7e8b03a03
78d01bed1
00fef5706
7ba1b2f01
00a287cc8
7eae76c43
01b34f039
7d0cc0fd2
01be5c72c
7c11c61c4
0391ecede
008b4dc1a
021839c0e
00bf72f73
7d661446c
0088f3eaf
7e754799a
7ea09e627
7d9fe8644
0204045a2
059ce3549
043fe4158
7c3467581
043628679
7b61f6979
7f334af2e
7eaafc4fb
01e858d52
7bdf1ca42
7dec2b73f
7ecddb4b6
7bc2a230f
00c29e34b
05f1a0095
7b4c62101
06be747fa
7e37521bd
7ee01ac55
045844077
7cf4587ff
7cb73c3cb
03018e710
05e6f3de7
034e391d7
7b38fbdce
034a6c09d
7f4b49a73
04475f7ce
015dee2d6
77e7c26b3
7a69beda8
7a2a2bf3b
03e118685
7baec4ee4
7b9687b96
7d3bf32a9
028d445c9
0192f2cbf
02af48e52
7df36e76b
01a350b16
7a1aec55a
00b878d1b
04fd3a191
7f2e070d2
010b2ff9c
7e05ad1c5
7f4f67283
7aed5c2e0
0130d047f
019cd4deb
00dda2158
0315cee5f
7cef3f598
7a41b9c87
7e766e89a
0084a54c4
7b2dc6f78
7ba1e3ab3
7c6e29e8c
7f50b8f47
057c268a7
7e74edcf8
043cce283
7bdeabaf7
08da3d4ac
0171f59af
7c0f3e314
043235366
7e037d0f5
078837f73
0257fe26e
7eddb5cdc
01366112d
7d676daf4
03a605fd8
011d4db28
799223073
7a0c53db7
7c470b7fe
001f64230
7ec5a6f57
7bbd40da0
00ba0892a
0180df7f2
7e58d71c5
05312c52d
06f834e08
7d83ce2d7
7ca61df39
76abf9b30
7fac4ff25
01d0b068c
7f1d698c0
012eb69f3
03664db69
7bc08382c
7fcb61330
79c0f9b1d
02d804ee6
7ff15c6b7
7bd196a27
7f0a99870
7d9cb5ccc
068cf1d8e
04452e700
06d74a440
0079d30f2
7fb474392
027c1c977
7f7759807
0775882e5
01565a1f6
7feee2240
020bd99f8
014894d78
04b781609
794f0e6f0
04624b61b
03d7a6578
0288ce13d
7fc80f831
0107935be
08063c6b6
006918d76
7c92eadb0
7e0242ed8
00540a0c7
7e52934ff
0240d4669
7d4df714c
7c296e306
004b9ae35
03acb19b4
7f1bf5035
7fb4429e9
7cfd65bae
0062bbf00
7e6e60a47
026406e4c
7ad4b209a
7bb258671
068bd0545
7dc076fa9
030d127c3
7c173d013
7f10c46aa
02301825b
00265fbe6
03a15ad8b
07106d4cf
7fb32ff8b
068d76c66
7e27ad44a
7eb497726
7f89aa483
026625f5c
0104d3931
0307a572d
01ecc0ba7
7e638479d
7e879315c
7f4958644
7f8cda63b
010a484ec
7bfc7be79
7fc979bff
7d3c33c74
039efec27
00eca0bf0
7d8068893
7c5376c7c
7e57b9a08
09445f658
0482c6faa
02348eeab
7f33a2299
7fc3a0888
01efc2014
7fa4101a0
0370d452c
7d4d26463
0a2593343
7d38508b6
7ebc1bb7f
029dcbb11
019e609eb
7a508920c
0576cc3a4
06697a5a0
038787212
7e657dd9e
7be8d2599
043ac36b9
0301a58f8
78fd9668e
016773eec
049a11592
7d535ac91
794d93605
0470dd47b
01bab3545
7f99d9a67
02ed1598f
7df2bf4f6
7e247dfd1
7e4dd0316
7f5925299
02d902363
035c6f3ad
012ba3e37
04afbf0e7
7babc8a06
7b5771c58
073062c3c
78d345648
7c651a3f7
05b2c58de
79f088c0e
020f8d286
04d49bc65
0513cebd3
04db3f564
7dcd37848
78a5ec0e1
06ff15192
7e7523a6c
000569d6d
04b6198a4
025730f6a
018c705ec
01a899b60
004f6bda1
0153484cc
0259b3391
7f6d183bb
7fb9196ae
7e23ebb48
01a804308
059e07fd2
0542fd1ab
7f9a69110
05f8b12ad
7c5c829e1
01364c8cc
7b95bba99
024e66226
7b9901b9d
7e4a3cc76
00acfa82e
7ea26308a
03f23445e
7c54adce2
010a60cce
03237c912
7e52dc6ec
7aac4e7d6
032633b40
7bf8d4a4e
7e557a362
7edabc87c
04b308fdb
067050a51
010ce8426
03410b2e0
05e8af675
7c0100fa0
7f0bbae9c
03bad52fe
7b5e05edc
01fbc8d96
7ddeffa4a
7e9d55242
02f7550da
7b88a1942
7f5b6145c
023ce0fd5
01a58e1b1
78a9b2b09
054013068
7b9a0b340
05e5ce0ee
020a3988d
0135de690
7b4871588
7f560f711
03f61a962
023380f4f
7df614edb
7cb79df86
7a26b56da
03ca5fffd
7bf23d331
7b6d4a46e
7fc3cfb92
7fc8c5fa4
7da75c29d
00ec13fa6
013b4fb7f
7908781cc
0056df992
0026df77b
0334863ab
7dff6b199
7ba9d1c34
7bb7516ee
793af94a4
7c49b5fc5
7aff05b9c
00aedcfcb
7c53cf963
05aae0c27
7d4823234
015fce0f6
7a9ba0796
7c1a1fe86
001802148
0528df951
7f2eb10c6
038a86783
026605d14
00c35b8b8
01acadfc3
7fd284bbe
0616743b0
00157233c
02f9a6758
7fdea1a55
02b916fbe
7ee384281
014b01cb6
7f363ca82
0318224bb
01b056774
7e9f72efd
06351603a
0436f24be
0251c0bf0
0391a110b
04bd57336
0132a1a6e
7d535f3f5
7f5ac7283
7c4deb79d
7ff2aadf2
0120ed076
7e36ecf7f
7cc24a701
018025551
7c3e5a8eb
7e3827b01
0099afe1d
050a500eb
084b7dd85
7dca29c28
7b89b1dfa
7a62c72b9
7d41f513d
0542a89e8
7f518e2c8
02049fb27
7b0709304
04fcfb57c
0041dc27c
7edc3a31f
054dab409
03b791eeb
03bd06dd6
00feb06d5
796930d1d
041a71401
7b5c1adc0
05e242b7d
046edfae7
01f382056
7e2421dce
7ccf2c17d
7b5009c43
00a09b624
022d5b876
077f5ac9b
00e5db371
015763d62
7ee645438
04f1e1136
7a65060fb
06ec4dd61
7d13bb13e
7f4e361bb
00fa2347e
01f62bc73
7b046b872
7db312f71
02ba4fc77
7d6c5cb4b
046f3487b
7afeb74a2
006bcac1d
073f5779b
7d3d78a8e
06b568a26
074c74c27
001a11b04
7adcff323
7ed839cd2
03af35150
7efb10b16
03caeacd0
0363b5f00
7f3e8cc4d
7bb1f2038
014748417
00585f65e
033abd982
7f17f08be
04b369298
01da4615b
00c216cea
7e11e6181
7e03f32ad
0250c9e21
0056e4861
7f2f26dbb
0223d1a29
7ba509eb5
7d12f287d
01c78da86
007484db1
7b53cba05
75c91760e
05bfc9cfd
038dff542
7f1bc9cfd
7e77484bd
7ca2bf4d7
79faecabb
7f29fb8c8
00a09d58e
7ea151886
02219b1dd
7a6c44164
014efa8d2
01af41a8a
042bf5890
7e0c6fa06
7a52621fe
00f49f496
7ec47cf1a
7e283e6f1
030ea72f6
01882d97e
037a568d9
7c5ec0454
7e5d366b5
02dd74caf
00716b026
01e0ead88
00cd73578
01b9b9629
7cf6595dd
7abaac2a4
7c90a24b1
7c292c38a
0586deaa7
7cfdba9c4
7d2317036
793e7cb38
0166af550
05cbecab8
03267d494
7e8cb248b
7c40dad63
01314f274
033c44ae0
01fcabcd8
7e5602263
03f6f13e4
034a1eeeb
00fee5263
00559ba55
7e05665fa
7c12c2dd5
7ed10e686
025cb3dff
7cc163666
7ac0fa9a3
04717ef32
05a964f78
01edf7814
025fe7a9a
0058c859c
003e0566a
7fa59cbc1
07e31297c
0425ae411
025fdbd05
050ea5fe0
0371225b6
7ee0ef033
79f1152dd
0115fb426
0369d4a7a
77b956402
77346daf0
7f8665dcd
033300ff3
014752167
034d9760d
01fd4e7c5
00ff13962
052239461
7ef9d63f8
03c314b64
79b4daeb3
01514b9dc
07d5f86ab
0271a103a
006dcc263
0080e4d41
7f7a6243b
0291a4e5f
01c08d15e
7997ceb07
7eb5f403a
788d157ee
7dc2da9bd
05b7cfe57
055734988
0058cf15e
028088c00
7f33141fa
77a4b51a6
009c16ee5
027bbbb74
7fa20d8ec
7a49692f1
05ae086b4
7fb3caf11
7cf1c57e7
0162f1f08
7a8f7db71
7b95e22fa
7de33aafe
7ed15c114
02fedc5f7
78f3bcf41
75fde3e42
7fba03cb8
7ab8f700c
7c7f1a41e
025423dca
7b69a9077
02e7ab427
7efe55fba
005f94083
7dff896e2
7d986893e
7f28a3cad
7e9e13403
02538e57c
01044b219
039b154c4
7d5a03bef
7fc37bf93
008cf24c2
04fb1e6f4
7f8026733
0029856a5
7b94014b2
032abf44a
001025142
068110ced
008125191
787312758
0002512fc
7b87bab0e
08645f3b7
7a9fc207d
7ba681866
7a2b0a780
000aa6175
7f5e173ab
062f7dab9
7bfe7a359
0477587ff
05a600f56
048c5c71f
7aeb45e5b
06e0a30cf
03c54b64d
7d82540ef
7eb094c69
0329e137b
00230b0eb
795e2f247
7f358f771
7ef716b96
7cb8946f4
7ec1df2a1
7acc405f4
0409d7951
795a0fe59
0498614a4
7bee00b2f
7e7574330
01d9b77ed
0073c02e4
7fd532af3
02879ce8d
02fb3ff55
7f1c4940a
7be7ec55f
7d48b0679
7bddca8fe
7da64e2b2
7e1e2cb25
00448d3a8
00e56d533
00306318b
7f08974aa
7e83af438
0366cba36
067d6d622
0353d5f1f
7aae8a730
021cb44ed
0115d490f
7db6ecad6
05282a5af
7b36b5909
7de3374c9
00cc3043f
7dbae10da
7b0d5a206
044b1b222
7cad41157
00b25c0fd
7f3d930e3
7e92f261d
7cbe9d82f
06c20bf81
055d14f21
02c76d39c
04b7fb1ca
768c1c4ad
0912db371
7fea57c74
017219ada
7b8d73745
7b366ed01
7fedab05c
00e3c135c
0782ec50b
7baf32ba1
7a1fd7c0e
7c77ca160
057a8cefe
04e20aeb3
7d611b31f
05c163fc7
7a670b6bd
058823dbe
00bd1cd94
0106e274a
016170840
7f7d6746d
7b06eb809
7dac320f3
7c260436e
0245f86d8
79c6dc5e9
7c074f3fd
7dbab72e6
06ab97897
7fa3a0145
795f783b9
02a12ff26
02876c80e
00209fee1
006c08e86
7b25b935b
06d5034df
7fbea410d
7ee350f0c
06caafad3
7c85b59ec
7c58da450
7df3e7499
7e9fb9b25
02007b45f
022585a35
7d35f4a63
00de35a4f
028385f61
7eab44a82
7fd2e6a90
048ae7fda
7bde838be
7e549da3c
012e8a93d
78ec58808
01194a40e
03c7cdd59
7ee7dcf5d
7b4ca264b
0012ddf2c
06026c585
039428bed
01852ca98
7d7cebd2a
7d7db8b81
7c52ada45
05bfc16cf
7afeab115
7f4f0a9aa
7b7cfe620
7fc335c56
019c758d9
76614d84b
7a905181f
7e206c912
04108fbc4
0368f9d86
7840ef7dc
05402483a
00587b405
05741a330
01dffbbc7
7e9125fce
7dd4e423e
7fe38f3d2
0459f4a17
7aa05fe69
014229bdf
0167ac409
7fc5a9c3a
016e772e6
794efc1ec
0228b9a05
029f65bcc
7e26a2545
044d9c753
79246efed
7f9605fb4
01e8c5829
00bab833e
7ca70bb8c
7a7c0effd
7fd12805d
7fc89e9c6
79b034954
01098ff55
7e63c1efa
7d711f89d
7c927bff5
7f0c45137
7c899c17f
7ebaf4aa1
7cb84ce87
7e9a5965d
035a3b4c9
7c47a444e
7b8c17803
01feac309
774080f59
0142b890a
007b9b04e
03132331f
7ce212275
04f457081
7ec7bae6d
7bccc9425
004429806
7cf0ec3c1
03e1a3601
003955710
047dc18b9
7e1c739f0
028f8d83b
04aa838fa
7cf7465b2
08b16395c
07e254b25
0143a0290
7ca306d85
7f2f8faec
0341c9092
02ed12e79
7c8ec8965
7f62a63ea
7ed7b0a3e
7fb943697
7c7d71785
008d3aa4f
03077d6b3
7c071d203
02dd66ec7
7e214f680
7866fb45f
0314f954f
030b76f8b
02fc108c6
7b1465cc6
7b6f18666
03105907e
0340ca6ed
792c36a56
05f4eba17
7e9741437
02b61e107
7a1ff57e0
7bdf5c380
07b776e36
01b8bedbc
7c8a55c90
001db74f4
02a2f8609
020a52e44
77a063aca
7ed0cdca9
03301c09b
7fc34450e
004d44e7e
0225ec9c5
78890f5b1
00bf1ebf3
02f31726a
7eb46180d
0196b4ff6
7e2dea347
001f1557b
7b76c6c66
01af6e7db
0347a9f06
023eaf63a
03ed92d4c
7f9472606
7bedcaf62
00f830640
018c67df6
03bb67f6a
7fae49a45
08ed08ec8
7a705ebce
7a4646b9f
06683b32a
002de0e53
7f9106b65
7f196198e
01254e5b8
7e993952e
7c976f19a
7fb86c418
7fcec7bce
053b962fa
7d0c3b4f3
7781a9e14
7a43911c1
04b9e5bf8
7d08b3b5b
7ca2beea1
7c7d54f2e
0181e6982
0747f7cf5
05cdfa528
7eafe9132
7fee65664
0014b084b
03a99f0bf
7bf7f6055
020556b15
7ffa1ddb5
7e1b0c013
7af9c1541
04dac35f0
7ecaca22a
013f7df07
7db57fa8e
0235586c7
7dba1e147
003edb9d4
04e0cbde8
7fd2be023
7b8f69df5
7e127f543
06cd02040
00a71fff9
7a24824d3
7e68ae853
02bdf290d
02a76ac7c
7f2815c6c
7f3da4a40
08d52df72
7fef4cec8
03a5d2f18
04e8f72cb
7c35602bb
056149ce7
7e4769e2c
0626f6572
7edb800d4
02b2fe060
7d094c936
7aad39310
021e873e2
026c66038
7f20edfb7
7c833fce4
7f8fe4c6c
073c26fe5
7e3da845c
78c26c6a6
049b97201
04dee5fed
78b747c29
76e70911b
7c282e529
0102495d9
0037f6578
01385689f
011b5905f
7d32434b9
7f1256785
001a08c23
7f9649240
05fea27af
783aa06fb
032374e3f
00a924ab3
047c81f7e
0040e7394
034a0d135
05b499791
7d2c1de35
7f828b646
0280851c6
05fb69cb9
0509be221
7de5ed618
7d6368cc2
7f68c21b8
00dbcec21
778ec8de3
0319fd07e
00257d16a
0b426bc9f
7fdf1ecbd
03acfc5ff
097d5ea07
7c3ccaaba
00d78bb02
01355aef1
7df4ae449
0302105ed
7f5df9d23
7ff119cb4
7fd1dec91
0083070c6
058a619bf
7fce00857
020d2099e
7abde4808
7bf86249c
7c119f86a
7b8ed415d
050744ce5
7f8a9bb09
03faf2bc6
0051c3d32
7d8ca70d8
7c0ade849
7dfc35b48
78da7c6c1
00e925d7b
062282e2d
01400123f
7b8b9c952
788f88702
7bedb1e5a
7f28e2dfa
76d01a4ea
017c259a5
7bac32814
7db527b36
79cc4035b
03afa1271
01c2ff084
009e3afc3
7e9e7128c
01b4cbe1c
7bd888689
00ce02110
7caa6c55c
0034394a8
7a1e16bc1
0a9cf3eef
7febb3055
7530c4156
78a077324
056a93872
7d75aacf5
0576165d1
7763ad85c
7ced6457b
08641cd32
000e070a7
014e14926
04546a2aa
00fdcd59e
029c487f0
0487e3b44
7bee255ae
7f7de1f6e
01c3603a1
0359fec4a
7a0d52cf9
7eb743d5f
7a93078d2
04968dc93
00f82b748
7ac761f43
797535ce1
7f25b8ef4
03a77155c
019f84e2d
00e4fad45
7ca53aa3e
028a2e94d
7ebd8043e
7c4b58067
7ef320e81
7c126bae2
020650ab2
01d6f6095
0306eede0
7c1fdf515
7e2a52cdf
795700a1c
7382eaf83
00e904491
7d318ab78
0644b7c49
7953e3060
03259f2f4
04b1711e6
7c4a9c937
00dbb67cf
7f9814873
0338df09c
7dd88c60c
7f1e8dc76
79a3e62a3
040b923aa
7e5f8361a
79dce2e28
0584fe085
7e7b852de
016a1e298
7c79eacdf
7e58c8870
012173922
7fdf71d0a
7da22be72
076b64c4b
02802e1db
7d4484b39
004339057
0242c63ef
7f079bfe4
019a184ce
00a970823
02f43e08d
00ce7e9b9
7aded6e9b
00c612fed
017c3449a
03872dc6a
04e73fd31
7dccaa615
006b033db
7c9b0d317
022fbfa98
7de0f2559
06b92064b
7c6a12ae9
01ebc72e6
7e7bf6e6a
000694e8b
7d6cb8ab6
039a60e75
00add3402
046a7bb35
7b67a572f
0158be5a1
7cc98dc9d
7d88e966c
7f70614e9
005c8848b
7c839a4f7
7d7117c3a
047e04802
027962a69
0323f8d44
7c6556035
00921d733
7f14b6b17
7f08e6ed2
02f6241b1
7ee4e1a6b
7eef6aa83
02348764a
06f1146ba
7c63be6c4
051ee1abe
7e2857be2
00874580b
0760d0775
043f2260c
01811a189
06d7ca55e
7f0b8b4d3
7e8ae9999
015da056b
05c6731b8
04afcdeae
7869cabf8
01bfe258b
7f9ada644
7975bbecf
7dfdadee8
79e6ebd20
7ea597182
03d735c3e
7a98a0d5b
0291c274e
7e3d9c7db
00bdd307e
084755fbd
0245471c9
7fb45745b
01dc521ab
7b671454b
0201696fb
7e9a73434
7f23de71c
011b665ff
020a0711a
058504dae
00d3c4386
778e94130
0387a98bc
7e9e8871f
7e2cb9776
06bf1290c
7ed65e813
03b1b148c
7f3c0c05b
7e0f61f27
028de073f
7f595aa17
7e5e66d93
7f5609577
7e941b46f
7de6ac29d
01d286ae5
7a0302111
001d539fa
7dee03dfc
7bb0c2f4d
021f87c73
00edb8755
00cb278bf
04bbf4428
7ea171ad5
7c61754dc
01fe55914
7d359142a
7ae3be682
01bef4e7b
7fc4dfd24
02a37a159
7e17d69ec
04a5c24a8
7a03c8a6a
09d5bc5fd
7f3287b1c
0035411a6
09e47070c
77e532263
7ef31f28d
0638d8e75
01986765f
031c159fe
0592f8b60
0006c007f
01cbd4954
7ea7fcb2d
033f5cd77
79593b73f
00460b81b
054c845c8
01bca4120
037a83bb6
0439ea015
01957b8fb
7ec1e2593
77e86a5c2
0105201d8
013f2b996
006ceee66
071b22757
7f7ca6436
7ee134b17
7ca2952ae
00f50a7f2
7f8c1beec
01f9608e4
7c2ab3ba2
004a0dda9
0537d10ee
7f2922af0
76f9f8398
0515e4089
7e6704ff1
034ecc94a
7e99f79a8
7d6413d11
7cece4ca0
03f36db7c
03c4327ae
065455941
00507953c
7ff74eece
03622a908
7e58235f6
03a561427
7b2d96faf
077f2dc13
7d404f6a1
7e27b4304
01ec48351
7f8cec305
7c76cf289
7b30ab696
7bfdfe323
0892bd699
032e633a2
7bca38e72
7dd1cbd73
00e49f2c5
79cf9ec12
7dfbbca49
00f02c1d1
077292562
7efc3911f
0067a77b1
7ebee43fd
0032e212c
7b63621a4
7e3053b5a
79873175f
006c98af9
7f42b6442
7e609b7c0
02177c9bf
0269bab35
7f71d0d9a
011490af9
7fdbf0adf
045e33227
7f953c58b
7e11824d2
7f185a3e1
7e7891b4f
7cdcf72e1
7da42d0d4
07123198a
011968e1d
7e7f6b81e
79dfe98d2
7c557172a
7f3cfb33b
02aee5495
7e8dcc7fe
7bda42f3c
7bddbe17e
0117b50cb
040f91071
7d15d8c58
001b5db73
024de50d6
023a8180a
7e9f0a0a4
7984c3774
7e1d59efd
7d1c54f33
02cdb2a2b
7fc52fbd8
0542f69dd
7f9fcaba4
070e28009
7ee1cfa39
0023ebe61
00ec8ca1b
04537e83d
0312e7aff
7e59f887e
014625c7b
013911773
029ffa1c3
059e05712
7e7ad4fa5
01b23b063
7cb0920c5
04135a086
036989fe7
0b52580a0
7cf64ac74
7ce21af9c
791277c27
046f045aa
04bb47e68
06ae8db2b
03f3a2c2c
00b29ed60
7e7e83e45
7dcfd7347
7998b3c58
02592850e
044158499
03870199b
04254254e
006e06708
7da30ca0d
03dbf96ff
02a4dea1a
7edfc3823
7d9e3a06f
7ae3126c2
7c90faf7f
7ef9e68ec
7bfe01609
01db2a7c7
7f97f7c93
03ba6e69d
0604b1c6a
7b40198b5
01bb411d0
02733b771
7fc4b28f8
7aecd7f14
03c8d37cd
010c22d40
06652b5d8
7d6128048
0343d8891
7a0300fa6
038f96298
7e068340a
04ec3c12a
05336d29d
7bb2c2b8f
7fc16d81f
7b15533f0
7ccfce279
7ef1d084a
7b8a33a39
009866aa4
79ad5c9c2
00bdd5ba8
7dc710ee7
02ac4d4bc
007923a97
7bd166c3d
7ffb8dbef
074eb98b7
05633b566
00411edf2
02397ed63
7ade0d38c
7b629e15a
7e9c260e2
02c8e423e
0449e1665
03154584c
03a838446
04cb46ff9
780a95d40
7f43d3ae5
7f8dde286
7f9e5372e
7ece19e66
01793e1c5
7e8dafe8e
7de072d86
04c271c93
00edc7948
014773c5e
014fe1ff9
7e8e683fd
01b30afb9
00809a68d
7c4dbc913
034c0058f
0125d9a73
7b31714a0
7ec892136
0145c1af7
0140aae63
001400c80
005f93529
021b42d23
018d4d429
7b4799fe5
7d102ce39
01f08a9c6
01f844ed4
02d5cf93e
01127c7f3
00c6e9c5f
7e150dad5
7f940c9ce
79e2e1172
020be7cbb
78700cdc6
01859d062
02196f908
7e890645c
7cfdfefc6
7c0bb3ebf
010751009
027e47a73
025b813f3
7c4b88824
038993a3d
0169f2bb2
7ee9f0663
00863a5f8
7a7257b77
0574ceb72
7c9aee470
7f80aab6d
7ba2f8ff5
7e253ab0e
082e2580d
7bd9edd05
031008a75
7da91d4d3
01e3a57ba
7ea49609d
7d4180228
7d9b3394e
7d331c865
7c3f4174f
05edfdb1c
02b9656e9
01d2c5c40
7ff8bb312
0084a1324
02b96de72
7dfd05158
7cdf482ad
0207b9d8c
00e177e7e
035ef1147
7f2826701
03882066c
01a3bebc5
7d6c5da93
7b6b12198
0321f48b0
06f5c14eb
00149a5aa
7df52468b
7f5ddfab0
03aef15e3
003cd9341
7ce6b28bf
04674c09c
7d7e86aab
042f13a57
7db0ec3bc
06c439745
0255f87a8
7a655ffc2
7cf265b85
050ad05dc
7d62a84c6
0243731d5
001326303
053144036
03e238feb
7bad8591f
7e82029c3
7fd6382d4
7fd77df53
00d5c38c0
7c8ac1e01
01eb32c4c
0104705ee
00ffb2c4e
7f54fe93f
03ba0c642
7db71d09f
7e61d35af
011da9e80
7f9484841
0290a9d58
7d6a43b95
769872977
059e4e32f
03845c7b8
7cb90b176
01f97ec49
01803b639
0016d59bd
7bfbdafc6
7d88051f5
7f6567c84
02ccd4049
01669b146
0022f235d
7d9c59ab0
7fa78e41f
02567c837
06be43110
78f34e75a
7c5c066f4
0158848fe
7d323bd9c
0124a5454
7dbba705e
7f22b0584
7819f9061
0550b1b80
7fbbe0e89
7dc90e710
7d784d95e
0708868f8
04401ba22
7e4f073d5
7e627fe59
021289ad0
7d17797ba
73f943023
0569ab6a5
7aa616f48
01f9c5ee0
79108c0d8
7e5276898
04f7d8c26
004b6349a
0252ff4b1
7e51e2714
040bfa79a
7ff10e0a9
7f25d62d8
7bd9c0349
0693bf302
7f61514bb
779cfe9ec
043f77dbe
7e18d3a2f
7c73cddbb
080a52fdf
04859eece
7a80cedb2
058a76c96
020c86649
7d8835fd7
03fc050ac
00b31022b
7502dc496
7d697642d
7b91c67b5
7fc850fe5
0425683c5
00524453c
015012761
0425cb5d7
0198ec4c6
7cc9cb01b
7cf5043eb
043a0cb79
00f9ee630
7fb456417
048fbdcc0
008ef7208
0040e8ac8
7c1836106
06a596a1a
052e6aaae
78279f143
76d05fe19
05bb23d9d
03120f93d
0929a07da
05b841612
7ed6f0ccc
7dbe0f383
03c39e960
7f8d5eccd
035c50aa4
02a3d28ae
7b25f1e31
7f743c112
05199231b
7f05c16b8
7d9006ac8
7b689924f
01fbe9349
001fa52db
04eca5339
7f2ffdc72
032213bf2
0030b351c
0024c3cbf
7e4a7946d
02039edf6
7a72bb255
7f3894c20
034eaadb4
052a4d6ae
0658fcd41
7ebb12669
7e256c455
7daa9ca7d
04a392e3f
7d5b4e8c8
06efe732b
0151ed774
00b815847
7ca361ef7
7aa2b5736
7c5a1692e
7f996a2e6
025a0c037
7f3916f9f
78ec2a250
01d9cf183
061c978d5
7ffa3be8a
7b84f94d1
02ff23663
00ef3f0d2
03e643d61
7b61af71c
7b943cc21
02821fe8a
7c8b95b6d
7d0f38aa8
79ce2d859
00e6c676e
020ca95a4
011d48086
00818bb04
7c720d3df
02e1ac200
7d7abcc7e
7d66b41e9
7f9632c6b
011c278ee
0105eca26
02afd5b27
00baba6fa
04d2cd590
79b4bb993
0065b08e2
7a73832fc
01c30e63b
7cd022830
7f0b7d233
06b0139e0
7e6d0cf25
7c464ef4d
05f00e93e
78e41858b
027c55c23
06d46e2c4
079ab552f
7aaca5423
7fd61248e
7ec478b87
7f68ae39f
01b449842
7d07ccde4
7d212ebd8
7eaadebb4
024515601
7a730811a
7f2075cdb
7a9275d08
005131d41
037635c82
00899b064
7fdda5c62
7b3e8b7d8
04a30d68d
06b6c2ef8
0869e313d
7e37a5100
7ed04ea3d
04a0d8ec7
05d2a8ba3
7bf89e03b
7e8b665ed
035e7a3d1
033e3a18c
7f130ab24
7d4ec8b61
01f0217da
04c10b777
79f81d4d2
7a181f4f2
07867e150
7cc95f5b7
7be161e94
7b919d341
7ece1cd0a
7f177b37e
038adfbb8
7f32b2a7d
7bb644afe
7c544b469
7f8a9e67c
7af794595
0624e23f3
02e6e41aa
7bdfc0a8a
02fba3337
0300198f3
7dc6dfc5f
77b411df2
0107973a5
7b96f6533
7ea457415
7e4048fce
7a2aecd0f
03676c416
7d85d746a
03148f785
7c09480df
7dc62e994
7f5120f48
060a8adf0
7b3349d5f
7bf9f600f
7e9d1b592
7fad8b039
001744a7c
7c23e550d
0127895dd
7f90e235d
030e15fae
03b1f1ea8
7f3af9994
7d7262fd9
004f53db3
05350710c
056f8ec0c
05d7e48cb
7ddb4033c
7d124ff90
7a29e8e11
01453230a
7f118f488
793843520
79dd2ffe8
7fcc4b1b4
0036b2422
057378dfc
02cc3a764
7985c6870
01c96730b
7bf5ea5bf
002c0bdff
7e6687222
7b9483fc4
7feebbe63
7a9215dff
02af85643
7fee7e70e
047a75dc6
05f6eabcb
04044cf24
00eead643
7d35b3dab
7cdd3d9c0
00cb9f6b0
7f98b95bc
046145e0d
058bb6b6c
058a34f52
7d84c9c8f
7d5b55891
7c2ea34d8
0242ac7be
01de7b794
046936574
04482288e
0430696e2
062770c58
013b48310
7c277a4ca
7b0e9af45
01f6b4ee8
062d074ae
081c0059e
0618be996
0161aed23
0271fc936
78794390a
09f41f90e
7fc59676d
7bacef96a
06eae07df
7ebfa9d00
0167d897a
0145b3e44
7c946fcda
7dd7edbd2
7bd3e2bb2
048bb8ffb
7ade7359c
7ee920ccc
05a77f0bf
01f5b2b82
07535520d
022150ee8
77a9b3c94
0718df6f8
7bcdb2d15
7c450dea2
047409de9
7f155712e
034f3563c
7ce7b3b3f
02f843b74
00156e046
01ab477fa
06b82c5e0
020ae55d9
04c1b747c
013172dea
030455b5c
05aa0361c
005ea31b6
7a8ebb62e
7decf1d6c
7cda9d030
79e750819
7a7e0af0b
7b5f53c1e
7ab716e1d
0779311dc
78e6e7261
7e350e4cf
03a8acba6
7f144f207
028644df0
7ca534df9
7ce9253fc
00eb49ba3
79f03639b
7cc63a69f
0a96530ef
0307aa39e
0db70f9ac
7faad058f
001e23d1e
7d8275d50
7fc7f02c7
05682cb4f
7ec384906
056968480
00f613174
0398247cb
05818d118
077729ff8
7ae48ee07
02b186af0
066382b1b
036fa3284
0070f4abf
035d98a30
7d5bbcddd
7e783e750
7ef6cab28
7ec9cf42f
00b2379b6
7cea04195
7ae4b711a
0000c451f
7f4b2d19a
042556a58
7f2bc0f11
00831d562
7d9e9071b
7f8f8a3f2
030e43ac9
7b25fe380
7e57eac5f
7b6a3cd3a
7d2414d23
7e09ac38d
7ec9d9367
7cd53845c
7d24230fa
003226a35
0211c592b
01375612f
02aabf46e
04763b9b7
7e28ecdc4
01b90fd7a
7ed632758
7fb51955a
030b724d8
7cb24094c
035ec0d81
7c694e592
7efff8551
0205f2684
031505d3b
086180513
04f2bae0f
00184a9ba
7eff00909
0440e165c
7ff77e98b
03197c649
00d8a7b60
026e481ce
028af2109
7e5e03e7c
7cf63af31
7b4d75a01
0500396ab
000f4d997
00f3707d3
08ac815ea
7d22c4ec9
7b0a9746d
7e15b43ba
79a6cf601
037991e62
013cb4a44
7cb89af66
7be596d04
0300e3293
7b8396fe6
7de3dcd13
7c296c7ba
7de553f51
049bfdcd7
7c1b5eb76
7e82495bf
7c2e231e2
00502556b
7e43e8c2a
0158fb7cb
7d8849684
7f26c0498
7e932757b
7ef249522
7e1b69b3d
7b56d50e7
78db3102f
7c54ba9d1
7e313751c
036dba9a2
7e3e2fae9
7c7c1af96
7d8f3c3b4
7e46a2d62
7fe5158d5
79c4580cc
00494611c
7653b2f31
004dbf23b
7e392398f
7a9ce9e48
068465f51
7eab4194b
04b088eac
049b9cc35
03327a3e4
035560893
057f972c8
7f1b32060
037be9f9e
00dea2376
05cdf96de
7b37a32c4
0099ef744
7f92da089
03b74339c
7ee762489
7c1be5d36
7a25c3f31
777daae9d
049bdc157
065ae8cea
7db83f47a
0050c0aa0
02029ca25
003f9e65a
0420b5fe7
7be5e159f
03b8f9045
00e5477c3
0065a95cf
03e8fdc0b
0391f8975
7954709ca
00a57465b
02beb8ae6
7fec08fdd
7f462f468
7f68f01be
010fad1ee
0032d8b21
7d4d4f4d4
7ddcf7ef9
049ea8d04
754d59381
7388ac0df
7f72db097
7d86a152d
01fd309f2
77ba8bede
7b8aeeaf5
7f57af832
7f1216d4c
01acdc6af
7fe063f7e
7fac736ff
7a45e1ecc
052c87692
7aa81e4da
7b6f79fd7
03cbf4a07
7fe0f8c78
00e19cc7e
0385b6934
7b168bab1
04ec9d956
00bee6ce2
00f23603d
0d9dc951a
0906016d6
7809020d5
04cdc904d
7ebbf1e17
001394698
03a13598a
03b984bd0
066d42fa1
7ef8d1021
7aac23da2
00801da32
046632ea3
7bc730460
01efee11f
7d7f5d3f5
7d5d0e93a
7944fe787
0770f55bf
7d3f931cb
00dca8e6d
003cbd5dd
029628882
7c6f3906f
7d057c359
03ed86c1d
7e0c70538
7fd50717e
062416ba6
7b7023ff8
7ab899353
7ffb5aaf5
0075f948a
7dcab66b2
02f9fc903
7b3834323
00e018ff7
7ed271429
7be02f823
7f32c6128
7f14398db
04f8274e7
01c253c27
7e88fefc7
7dd9737f0
00d5ca36f
053d16335
0044d5f08
015920ed5
7e7d01a10
7dd8d538a
02f7df16c
051b041fb
00a7b88ff
7d4b6a424
7da70f834
7ac053295
7d881c1b5
7ef65445a
7c69ddfad
7f53ca1e4
7c0972729
01b3d4e83
7e83f7cfc
7af6988ff
033a83c5a
00fb42c35
7e4982a45
009092db4
7f71824ce
0383e2197
05992cf9a
7c4bee3c7
06484afe9
037e8e0a9
0138ad0fb
7c93e4c8c
7fc077234
7f545ca66
7ddf23be3
7cb69d83e
025459c12
0005f9db3
7e3fd0c90
7f8df2b85
003fb5eb2
011aa1fd9
7e0b3ef4f
040167fe4
7d8dc35be
7c380631f
043811e6c
7eec4203d
057511dd8
7a200c9c4
02d132f5b
7c5a9297e
7bb4e7f0c
00583ba3d
7c602e151
0445540c0
7d4595a43
7fed7617a
7fdeb2696
049dd3530
013e9f45f
02931a15d
00e4919ec
01deefce7
78a162193
035ce88df
7f1117df5
0427f2e1c
02393be6c
7e8f68f8f
00b5db6ef
017085ef5
060c46b35
04c71bc5a
7aeafa272
7d1751880
7cbeb9b6b
0085f6abe
020fe35d0
7ac0bcc95
74ba0fbaf
0985ec0d4
00cf4d5fa
033930c02
7cc22b3a2
7ace0c402
7987f2d2b
7a6694617
75fad9df2
7e338dd8d
061854155
000fa160d
01878bd68
7c7684c3b
77b4a7672
031cf240f
044dbad0c
010d41b33
7dc0bd858
7d6052977
7e13a0dc1
05cad78af
7c481b440
7d0518692
050b2c069
0077aee40
7f15e7f48
7dc6d57f1
007b534f7
00a95703e
7a6ecca67
7d865db73
7b06e4036
01bd4fa3a
05e4ba1f0
01223dba2
7e8e9ab8c
7f2c0fb0c
038786a78
7f4b0570b
002a66ebc
0200867bc
7bb693ff8
032fe95fc
7f8c9ee86
7b651476e
7e6ef600b
003c6dd1e
053d34ae0
7d9465645
7fd7e66b9
0013c7767
019ee6b29
00643d42a
013cdaf6b
7c69fdf8a
008ec84d3
7e6d93742
7f91263ad
7cc7f3671
7cf859112
042ea4a4e
7d525a12e
7b9632820
7e778a1ba
7e28acfe9
0133b7e4b
0294b0b5f
77020936a
02e9b7ec0
063549a41
00376556a
7fd9d55c1
7c86bc44e
0171d33a1
7f14f8c89
7f2d2f345
034bc413a
045a277e1
027c37d67
028cc3093
7f88d4be4
7d7a840b0
04cd445cf
01093f3d8
7c19083c2
059d9454e
025bced20
01b0a7689
0155820c4
02ce52183
7dd1d4131
7fa8cbc28
017057e86
7d89fd500
7feab1e98
0a12fcba5
094962628
7af4870cb
7ff7592e3
01c57139f
7f08a51da
7adcf9739
79449fd85
02168bb55
015fbffdc
7def3a8c8
7d753868d
009bb3a0f
7e186fc36
06bd2c7f1
01387301f
7df8093f2
7b2f72fa9
08be28b87
7b019931a
7cc13b5e1
035f9dd3d
7e8782591
7d2fca6ae
0524ad6bc
05936cbb5
009c8e66e
7ee07039d
7db573027
7fb1940ab
01778ed5c
79af9a0f8
79f80551a
014768adb
75baa08da
0774071b0
061770bfb
7c3dd158d
050a26992
7e2ea2c8d
7e9669f39
7ad284fe3
0366c1e2b
7a6b449a0
03078dbb7
7eca270e4
0214d32e4
7facd8125
7e6fec846
7e68876d3
00e697647
7ec352508
7e96e3e18
021263e86
7fef8b6fa
7f2674640
00ba804f7
008992653
7f3987a6a
03bca5398
7f0c9024b
03033c97d
7d418e633
7c4108b0d
7a3362774
7b2931949
7c0880a6f
02a545e07
03b06fc46
780552c56
7fc50b9ce
027962f7b
02435085d
02a925b91
02b72fe6b
7bf14275a
0017830aa
03d03a2d4
7e83b8f1a
7c6ec2e35
061b7e622
7c619cf09
00fc10d8d
04eda9985
7695a7322
02fa04fa5
03687573e
05bad94a6
0146e28d2
016dfe258
7716c235f
02ce4fed2
03e3285ed
7fc757b1e
7fc2213bf
7972b3db0
00827e967
019ca4b14
06b82fc62
7d344a8a6
7c50acce9
023995935
05d007fc5
7d98a75a9
7bd7ae718
0398c46ba
0322029db
79fb4cb4f
03b9a4eab
00dd11f3d
008821f65
01f62133b
003ef58ef
7ef24df17
7bbf474fb
0130f344c
00a3dbf69
7e32bb46a
01269cf9d
77b6b0285
09afe982b
7a9e2a2df
00f708624
7c9894f26
048b96679
039c51fef
7ba535498
7d8309112
7d97b8d77
014231f01
7903d5dc3
7d574f13d
061eb693d
7888da369
7dd4db3e7
0244e5067
7a91f80e8
7ef55a6f0
011af4afd
00f51de23
071d3e4df
7d124714f
046e9f56a
029883f1d
7c51a3d5d
02384253d
7d0b99bea
0969161e8
7ebc0cbc2
034dd8a6f
7f1116027
0129dc6e4
7e923e739
7e9d2eb73
03f3fe77c
7f6fce3e0
75a064af8
012ece217
04863b9eb
756a6a802
01735c57d
7ad102003
0022186da
7d9a73109
7fec3bff9
0032a2c7e
01355399a
7d7363f50
01616f533
7bdb1e6c5
01ece1a84
0490af277
7bc8bde55
0576f9713
00ba6ba90
7ef89f1f6
001bcf410
7f1513752
0426f72f8
7a7f30b5a
002d9c0ff
0129c2cfe
00c112b00
7fad19728
7b9559b5b
7ad4ea78a
017243233
7f73b5ec9
7f7c06201
7c76a41ee
0298cce30
7e475282c
7ec556f6f
04b19e008
7c1dc9541
7e76a0a3d
0603ff21b
037480f90
7e0d524ed
01a4ebac6
027590e5f
013938ec2
04c622374
023df5a80
04f79dc3f
7f9d28acc
0041f4672
01e4907f8
7d051cbf4
7e875ea40
7e97a2db1
0112c8554
79ab81037
00b7a3e06
00717244e
02bb87827
7f992c046
048bfa3fe
00761b93d
026994073
027fb22e5
02f02976e
7a6bad541
01c71713c
7dd8864d2
77a445cc2
020d29840
7edcfd0c7
00cd7936e
7e2584c9a
027efbaa6
7f0ab0599
0939098ea
03de5b7ee
01d12fbc2
75726b668
06412ea81
0c6f03605
030df5a83
0401fc1ee
03e9f0ae5
7d54f1e88
02e8e9f1d
7ba45673c
02d18d179
03859fd41
00a05095c
7f1bb8b25
04782be99
044e41e07
00900749e
027b74346
7f3c72a08
7831e1fd9
7d8c2cf57
00e657f3b
06237366d
7fabdb111
00b84fae5
7f25ed79e
0443bec4f
01aa9fb7b
7858cd299
7d9aed2d6
7d42b1c41
01e72bd94
017ce3043
046055c7a
7dfbac07c
7ef2d571e
7bfe67f06
7cb0b5c52
01aa56ee9
00e39d87d
00b347e46
7adea0353
7e9843d71
059b2efe7
7ceebbd0f
02be11d15
7cf96be98
7e4b5cbd5
0514af974
080c2c901
7ecae5612
795dbb0df
0173c095a
7f2d54a65
04294d56c
03689aacb
027dd464b
7f1b83f29
00c7335b1
7ee482876
7f73fb6bf
7e50c1a55
7e9646cfd
7f2996a5f
00d20a020
0024e7ba7
7b87aa426
012289884
065ff84a9
02458a237
7f62ef0f4
01495a80f
7f0c95f6b
7e64f1baf
0295c168d
7d4fe6f22
040bfec9b
045c209bc
7fa04eb33
02a029ff9
7f643f707
794c9dee2
015ad342f
011c1d3fa
7e5d82da6
007120663
7cd416ff8
7e689a443
001715816
7e276f3c5
7f23f6590
042385a2d
7fbe5ad7c
7d953ecce
027a3358e
7f552643c
002fb25d3
09c022478
7ea49c3fa
7cb363977
7cfc05299
7e1e6d1e6
7a8a22428
03525e784
06d04965f
78ca13e48
7e9d58227
7c007f22c
05ebbac74
7ab4f8547
0364d959c
7a6f823a3
0212ef78e
040fddf63
773e7e7ba
7c83379f5
7fd6a9cd0
057ea3808
7fa2608cd
04b1c7833
796d9acd6
00f9e9f6e
052c60632
025375f3f
7ab7e1211
7dadb273a
0205b9001
7e2d2f945
7a55b4a7d
0366f7a5e
017c2a1af
0345d8a5e
009b3ab57
048a378a9
02ab71717
00e570d85
01a563edc
7bc1d96a6
043692c2f
7eb61a102
012f490e2
7628444e8
0168f0ee6
7c07fc44a
0379f1068
04804a3fd
79fe1d2ca
7b7cd4bd5
007a95bc4
0050be04b
00384d5d7
00b553ee6
01748194f
0225eb881
7e1704e8f
00eb0ed2b
010b6a893
7fee2165d
0392fcc3c
03be54429
7fbb9e4f6
01344882e
01e97a48a
01582febe
00ca6a0a8
7a54e62ae
02b529771
7f8ca1759
0294990ad
7baab1df5
7dc9140da
7cca14075
00a114a09
7eac5eb2a
7fe648e04
7f5f6a5be
01a364d20
05a85eb75
7d2d4b3d9
7fa62abc8
0357bc06c
009cb06b3
7e9e3dc52
7e7f14fe0
7c92fdd2b
036e24336
7f4714399
012ad3444
7b4cef279
7fbcc77b2
01d7593e2
7fe53525a
03f14028c
78f1bbb29
7eae74c03
7d8f9703f
7f0ad7342
7b885a60b
0095dc2e9
00e5897f0
7d99096e7
025b0d170
01255d175
0095b8771
02af12335
047427066
034017fc3
012e48757
7b1d43785
0267ae9f1
7bea87718
02299bedc
7d2c33105
7bb0d3fb1
0058ccf18
0260ee607
01aeb69a3
06c3b22ff
7b85ebdcb
7a650ad2e
7d1c2aa98
026c4c24f
7a83757bf
7f5f17b6f
0250acdbd
7c2e89384
03d6c8d37
0602af4bd
065acbc4e
00d9962d1
7d800d921
000aef942
7e55aea56
776fd914a
05fe4fab6
033b7853a
02fe74551
02290e046
085a164b1
045bf5bd6
7764359c9
7ab375f86
002dba308
7f3047702
78fee1e26
7a462bbf9
00bcc9362
02576b98a
049deee33
7cbacb298
032e9d691
7bed0f7fd
00e92ed4f
7c011d9b6
7e86dbc60
0162db096
01bed4b28
7e390e4d4
7e28cf61b
7fced921f
009b3f4c8
7dcd66760
03203dd69
7ff6c75ee
7e6f3570f
7f6c47312
01d439580
7a80f612b
7c9bc40e0
7c57810b9
029bc91e0
03a98cd40
023e10901
79d4c7b22
7f334d594
77f3b0345
78a35d714
7da2638b5
7e8f6ea4c
038c5e312
7de3d3c2e
7e3c5c518
01c81f958
06ca34bf1
7fab890cc
7f1897a7d
0563f0916
7f861142f
7f5e5b988
003c6f0eb
016ab0eab
7fe40f063
7ce7c991e
7fd6a7cea
00f721ad6
050be7102
7f93d5826
7daf607d6
7eaf03c86
7ff369847
7ded6dcca
00e7649b0
7f7b14e7b
0113694bb
041352540
016f3acac
7eff6ea2f
03af954c3
7baf10bf5
04b6adc49
02844f224
7e91e4f02
01beb7ff7
01a5e851e
03744a196
02ce38189
064247509
7c6f304e3
7ef04688b
7aff69e2f
7c0e812bd
01cb76b5d
7ec0aeb69
07cb8aabf
7d20ff158
7e1035410
0125c73ae
04217031b
7b2ee9e47
79c7d094f
0280f6181
04bba4a8a
7f6cc1229
00e996912
7eb0108a7
7b46bbfd1
7dad59ef9
7fd9dfb27
01324fbb7
7d67c7329
7e2a769e4
0029a889e
7e4b27cc7
06d2330ce
074143e7c
7aa86faaf
778fd54e9
7b44db1e8
05dcdaa6d
7dedecb7d
7f98a2554
00adc4acf
01e1ce0a3
7f9d8ff58
7df3e3e38
7b3875502
7e354efd4
7d95708ba
7ca89cdd8
054d502a9
085c667ac
7ed73cc75
7bcb50efd
7bc7977b0
06580d9e2
0382e1356
7fee0a25f
019c33200
0365b20ad
7fd80260d
7bb75a09e
0084fe2b9
0220935d7
7c9cbe9f3
7c9312ba5
7c705ccb5
7e690fe7e
7e76b58f2
0001203ac
7eeafd087
7ff39bb0a
007842490
032d34fca
7c1f8103f
797e00aae
03b786503
06974f811
017c6ce72
7c802cac4
010582155
0156b6956
7d0e0a215
7962a62d9
7e2207b0c
00919de88
0170141f2
7d38633ca
01062ec0a
7f39170e5
070604a1a
7bd4548e4
028d8488a
016dc103d
7c2ef1c3c
7a10989bc
7f050181e
0762cf2e4
022b8a82e
030b167d2
0027f9d6f
7a217395c
7daee99b0
7bde1c351
02a058c98
7f687b8f3
0554a4372
7fdf4a025
00c3dbcb4
015b72ef5
7fa4521fd
01878199e
7d250f096
004241a20
75a8723f6
04b804035
7f54f2eff
7e570cb45
03921a39c
03341124e
7f47d1bb7
777a28a93
7cc90a3b6
02a57b1ab
05c967c60
0015a589c
02a1b15cd
7e1df1574
7da466e2e
7be054158
7ad73c7b6
0200a3071
79241dbde
01508e5fe
7fc69a18d
027475e18
7de01ede6
015b93785
00a470129
027c69b89
01e0ef023
7c4831467
7f11ff8ba
7c29c021c
002584fe0
7cd449253
7a9cf3bb0
005e9612e
00b746965
00505f108
026a7953b
019d21c8f
7d1e2046d
7fd05c6a2
02702b812
0577b4c32
008146119
79a979551
7f1baf45b
7e542db98
034448674
022fb7ea6
7ce04be1f
02273c0ec
7f3888a93
04919f6fa
7c771b005
0a70abb5a
7f96ec3b0
02286ded5
7bac6e5cb
0146a8bec
7ba303960
03b719b89
7e6ee3311
06476f50b
7b1d19b2d
019cd6332
79754684e
02924e93e
01f00fb3f
7e7004cf6
7d49bd15f
7eecc9bb3
7b705e702
09152890e
041de7cf4
01649d3a4
06bb084c8
00e846f44
7fc369d51
74b8002e3
00eb3a1b5
01069500b
01087bbbd
7e8097b9e
03ecc6ecb
01c5ca1e5
01381ea17
7d1ce92b8
026f3d633
00ad24d31
0029ec025
0363e3a60
7edd14995
7d563f158
7de15d7f1
051c7bd5e
7e44201d0
0229e0cc3
7e653dafd
7e5d5641c
7cd0a036f
042445bdf
7ccceeee6
02c7cb295
043dc79aa
7e67288ba
01d060b89
7ae72f3a3
0595d03cf
7dd4e4fa4
0125a84d1
7d4c5fd4b
018ff4c3a
0556275b4
7de7a7554
7b19b47fb
009d7fdb3
7cb8a8289
04013365f
00cf8d904
7df04efe4
04919d62a
03b747571
05b72b13e
7fbd67ef7
01a781e59
034c6cd23
04561da52
7f466b842
050d2d6e8
0655f7790
01926b34b
7ffd03d49
7e19344e2
010cbb16f
03816ff80
789d5ea67
767cb37dc
7fce1a07f
7f09df26d
00cfc26af
01754a2fb
7ce86a751
078514c16
03b4be51a
7e1ec3bb9
7f55d1a60
7febe1f56
01cd0e75d
030c2131f
7b71e2f53
783df1bde
7d6d66d12
0245f2afc
7ceda737e
7c475765c
01f902146
0395d9531
0158d29e0
034ecb92a
7a2cebc14
7ee3b7939
7a8228b7d
04ac6181f
0134bafb6
07e6d7c2f
7b3f30e86
008a3b41d
021cd6c8e
02a8d8011
015cafc2b
04ffa7e4e
00f30755c
7ca596b45
754a834ab
7f5d1b010
0027db448
7a3274085
7e8f7d58e
7ee374208
022fac1cf
7ed034c68
07ddd5a47
7c83b7702
04d94f46d
75b498c62
008d3eabb
7f49eaab4
0020573ca
031a907f7
7cb698eb5
0306c2d1a
7ed214a5a
775f5d6e1
00e2289af
7f8815514
00a290246
005b4e9ca
7e3fc3cc7
022ff3b64
04f092fcd
7e3807b44
00ee9e3e4
00bfd785e
7f3a2648d
01fdaca7b
0367e6756
02ed3184d
7f954f506
7e6002dd8
01b0c74a0
036771187
02e0664e9
7ec0f844a
07eec5071
02e80d013
7d1d2b370
7cafb2f9b
00c95b15b
7fa3c893d
7f2426d48
7f894d9c6
7ab9ce6f0
005f3c80b
0586eb5cf
05c0f793b
00ec946c2
040e52dc6
7f16c9978
001f6d3fa
7e5c2918e
7d4155cf8
036cf6a23
7fdcee9ed
7df811b54
014535375
7f52b8f69
0418aecbf
7c5def265
028b66cce
01bfe2fc4
0968c4a57
7787bfd0d
06ca61ae8
00ca64938
7bcab8486
04c5d195a
7f96e6e9f
011dfce07
7a67ee777
02801ad13
7fcc66aa3
7f9426d72
011ecc7ea
7f1c7373c
7e46163ea
0991ea69e
0346629f3
7e5060592
0473a5e77
7a40ce172
02aaf2e68
067657887
061a75a79
7e7118172
01e9932e9
7ff2f0e07
7f4f99a33
7f9d9c0e7
00835f6fe
011d4220b
00327e23c
03f0fa625
7ffb339cc
06bb58bd8
7e915d378
7ef0f305b
01f2ccfb2
076d66e27
035616880
0572e3b30
7976084ff
048d33234
0192e9143
7831c7aad
047974e9b
048eed4ae
02847653f
7bf8f4bb2
7ca390ca5
7f54f94f4
7f2af38c2
7f7a0f72a
7f7d987ff
7dac3c610
7deb13baa
7db1da3dc
00db1f90d
019d4734d
7fee0d241
0195981a7
02d8293ac
06280f584
009d8d0f6
7d5b41c05
7b3ec9e70
7e97a83e5
040a850b1
007756905
7ed6835f8
00a0929df
7fe6a3084
06e192801
02b86d877
7ef9e24f8
7cd497f77
03db3bad5
7f684c24f
7febc52da
7ef13f7ce
018d1adbc
0106a8e7e
7c3ef7e1e
071fab80f
04576115a
7dffe86f6
7f1bd2bdb
7da62f3ed
02b0aa3f2
7ec42815f
7f506a2c9
792f5d21b
7f571bdf7
7edad02d0
021521ba2
7cdc73aed
7aee38012
7d83126e0
00c08c840
751c2e697
7cfb14635
032df1f1b
7fdb3bf7d
08c40031a
7e4b51322
06b4e4eb0
7d9237ea0
00ca5af9e
7e3398428
7f84bfd84
7e1dfa0ad
035fe9452
07e182da3
7c46dc7fc
7a1114ab6
0236bc7b8
01ea10a1b
7acafda98
7ac829f05
7e0b09579
01928c595
7d624aac7
7c3a19ec7
7f63127ad
7c80cd61a
055f64a0d
008d35d70
04b73ced9
7e72eb774
02ebdd976
008e79d89
028c75ff1
04029cbee
7ba52bbbf
7f9afd30d
7de4653ae
01ea53421
00b300565
04d61f524
7f82e3615
01effe775
7d886bdd9
036c7d578
7c9d4b273
7f2bbe522
050f3ba64
031c7442e
043586afb
7dc7dc973
77012152a
02b0f2716
027b0878b
078e55756
7868c8aa7
7fe3ae93f
7ca36bc1f
058117974
07d9e23e6
7d12f5f68
019a16d1c
7ad1d111d
02a20433c
7b0cdba0d
7cdc34469
0413b227e
7dbe9ecb5
7c5cd29c2
7d8610cfa
7d0a358be
04a9a2c0e
7e53f9a79
024899382
79a53fdc7
7a2c359ee
030781fcf
0305fb93e
00e343619
018c39e8f
7fe3e7bea
046a3e0c9
76be838e3
7e0794562
0571ce66f
01f016c8c
7c2210b97
018a6ba13
0271d3599
7d7e6c16a
03c25f03b
048916d93
001406621
7ca4335a5
03a8426f9
785b77b75
7d6cd9681
00afd4b33
0694a4128
04f08b163
023707970
021b31991
7f6788f94
00fc2f69e
7a3b08c0c
02c2b576f
7ed141309
7ded14759
04b875e9b
028d669fb
7f9b6a792
7faf878ab
7c13c361a
03b5508e0
7ce1c0695
015d2679f
7f6bff100
7b6c71bb1
7e1c1d432
039a7aacb
79adf0f44
01febc3b3
7e7164409
7ed39026e
052467d38
03a6f08a1
7efe06e4d
0259b98d0
7f806bc89
034e9ebc0
7b8b56632
7964f4f38
076030040
072fc7f2e
0246d8b49
7bd2cb5a0
0044e3b93
00e3c16f0
0122677d0
7ff6040cb
7f03ae1ec
0392eaef9
051f59995
7d63f2092
005f19849
0128ac04d
7f053eadf
7e5e7ad4c
00050c686
07784a1f6
0079315b7
7de8f87a9
0034e609d
0197702a1
0226ca52d
00edda9b8
7bbf1e0da
7bb88fb60
01f9bfe8d
7f37328b6
7b5a11837
0352651d8
02d0dd68e
7fa729033
048cb5337
06341460c
7ef35681c
7f9d8d42c
7d7dd9815
7c53ca176
7fd01f8eb
7f681d35e
018f36e2a
7f49616f6
01244ea86
7f3d3a109
0055412ac
00062e72c
7cb7a3867
7f5c40431
05cf60cd9
05b04f3d7
066612b5a
7d9de3cd9
024579e91
0292defa0
7e827e906
7ede2914a
03fb0e7c0
7f687f8e0
7d7b4e808
7e07e2848
7fddc619f
7c25417f7
0484b826b
7bb6ebb8a
7c042d017
7af5ca443
7de0fcb4d
7fc66dd01
7941f8529
7ee0b7c9d
02c6d841f
7e5fa98f4
021bbe9fd
0015ccf8e
7e9d95810
7bc8b087a
051d996c5
00867fc1c
7b59c6e24
7d423ea1b
7bb09ae61
7bc9d8d67
06f721cb0
08080bb34
7e4c3a3ca
7cdebdcd3
00dd0a35a
7c0626c50
019b046f6
057c682b3
7af32def6
02e23b01d
7d9e43099
7edde9a07
00ab207ad
792a0eab6
7f038760e
00df9788a
756c46cd3
7ce27fec6
03bf24791
007c720ed
034640877
7e5666ce4
76970cb43
7a9af72b2
02f5825f1
045c2226b
039349f16
7ddc1563a
7df0e6aa9
019b7884e
0169376d7
7f09b026e
7bcd5e4d3
0238da00c
7c9095092
7f7728c45
04c9be62f
78f6b5481
79faa69bb
7e3ab3d95
00aef0850
0625ec79a
7e8676dc1
7ce371116
7cf6434c3
79ddcd0c2
054e5b8e0
0684fcb29
005d83476
06ad492e6
7baf3b964
7bb339712
01b795465
7b59f1600
001e4fbb1
01765c812
031739f45
0077d08c2
008c98ab4
03248e481
7e02ea124
03aa06c17
001915129
00d46b62f
7e6b23e12
01e6492c9
06477cdc8
00aea8d5a
7a32f42c9
79e47d785
036d48c0f
7e560c804
7c6a803fd
7cd43fcb7
7a4bb3d94
0311c23a6
7fe44f984
00e62bedb
012e07af6
0689f12b0
7d445b0a4
780bac7d8
7cf51e75a
0073a17c7
01699bc99
01351e989
049261637
7eab080d3
7dc81734a
7dce5ac16
0185661e9
029eaf7d5
7fe9cc7c4
02e29d1a5
7db96b386
7e8816a09
0088f142d
0477da7e5
7ff5c95b9
7adc5f950
0373438f2
7fb3bb315
7f330299f
769f574b9
7ce0ebe36
7de6841db
006c08074
04da4a365
00b1798af
7d56562a4
7f1046e30
7f252bc49
03b7352d8
7f5404da6
00a199c4a
7f407be93
7de403736
0165c74de
7de5045a3
042e6d145
07684b15a
795f336ca
7f50c07f2
033b9d13b
040e2ad22
01f63e010
7cba28f5b
0645db639
000f8a037
0059051d9
0597997cf
03392653d
7ed3ec065
01db3b821
063a8dfcc
03a5ef39e
00fb1b301
02a286796
7bc52f7dd
006e72c6a
7e1fee307
7e2564d4e
7b3031a65
74e0c0652
77260011e
7e97b4924
00ffc988e
02d0dbb54
0538c14ab
7e2825aa5
00515ae64
07880765b
7fda7ba55
7fb6c07ca
7e0f87687
7e1b17f08
014263a42
018d98400
7b7572d46
02b3f4569
7ecefa728
018ec1a18
0253a9624
0475291ea
7f12c7a1a
7e5fa53ec
02e61f417
7aa1f2b6d
0345f57f8
01db8f5b8
7eafb53ef
7c7b8fe07
0192c810c
00494eef7
7e3ae53f3
7feb02306
77806dbe6
03d66d496
0276a6b77
0237b5705
09599cc82
7ac79abf7
7dafa0226
030219675
7fad3e3ea
00909bfdf
7cef82424
7c3d10b0f
06042fc1c
03983e71c
7f43005ba
06e590550
7c42f227c
7ae14a775
7e4a98eb1
7e1e987bd
036f009af
00f4c8f25
7f1d597ea
02227f319
01064b7f2
7c04482fd
7a8b36dcf
04e40549b
0133304ad
008832239
7d8796add
7a5d912f7
7e0887be2
7bc369750
7e0284a6d
0215296cb
7b6540e11
78527da8f
0260b0f85
793379a54
7e076a432
7dab07c8c
029c1b02a
034f31fcd
7ec76b643
02ed92cd8
7b41c427f
0180a7757
05124c4d9
01ed8ff58
01b4bb443
07fa9f284
7e00318db
7e380d86b
0212720e2
7e964ba1a
034e71046
05ad70770
7eb231334
07e0a6959
7f1e69338
02ec2cf56
7df076a2e
7e4cf3ff0
03f276ada
02d5a72c8
031b3cd18
04d9f8bad
01b8afc22
7e8a87574
7f7fe4fc1
7d97e8e4b
7fe3fe0a1
7eddba4d1
04e0f0fd8
7e5d24ac5
06bcc638c
023fd7eea
7a34a9d8b
0251c6ac4
072f9111a
782b3b1a0
7b7ab7ea1
7c43116a5
7d01c0df6
06090f3dd
7d7612ef8
059f5e356
045e2f81a
7c868f383
7b52669ef
7c50a754e
7f68381b6
00d34096a
02f7789d2
01c40262f
02cc1be39
7c9ff9b6a
7dee77a47
7f9a139c1
7ed422f22
019917929
7ac2b6a4b
03c148fd0
0544bc48b
7b7cb1e9d
7b17fe2ce
7ab4df838
7d6c8be48
010b60605
7ee2d1157
0526fb30b
049135d87
7ca172432
7c2cc7d01
0003220d5
014d6042c
7c1e8fda3
7b3d91b25
021bf8b6c
79db799e7
0247584a5
034c74479
0646de5e1
01b0866c0
04ebb7436
7d981183b
7d9a3b3c5
001b32f75
011fde974
015dc09e8
7fc44e42c
02f193727
01da5251d
0000e7936
01c4ec526
7e90ec485
01856cb4c
037573aa4
03ebbff83
0021f6de2
7eb80d926
7ca60ec4f
7abeacbd8
047a510fd
7c2d60967
028da3632
7efa5ddc8
0460438c0
7c9ee4669
7a743a4d6
7fb653b1b
039411e48
041afc686
7bf42f897
01d3c1b70
7ad1d0f6d
7eb81c6c6
7d960ac43
021917ec6
7ee29f649
77ebf203f
00dee2289
065649d62
015319325
0193a2a7a
02adfde63
02fd4642b
03266618b
02fe4d844
7a92ce509
7ef23ae4f
7ced6e1a9
018c51730
01f0bbb2b
7efe31cb9
7d78bcb69
78e14338b
0160448b5
09e8d980d
001fcf1e5
0024141be
038f830f6
7f9645975
008d03495
7b3e6a288
7da8d449b
7e0f390e3
0312091c7
01e4ea03f
00c66cf0b
027190689
01e633bdd
783ba6079
02ba6efba
044a8e73d
0407781cf
7f89d4baf
77b08743a
01237bd2a
7fe866c39
7be227490
02c4e0eae
012a39fa6
03bd80497
7e711fb63
00b2b6d28
7fb0029ba
01520e78a
7e9e8e202
7e8b40073
023b2ff71
7bfe435a2
7addd81c4
7f3167659
00f6e249a
02e1a0f5d
7e41738e8
7eae3b0fc
7b7d514ac
005055860
05edb7946
7f9ddddb1
03825a3c8
0063e93d9
0234b96e4
7d3da1fab
018f6c48e
7b17008bc
7a8a6b31b
05eae8d67
0385652a4
0039fa5e4
7c2e98857
0106a15d9
7a5a2ae51
04106b7ec
02932c6d9
04060b2e8
017b245c9
7ce795527
7b02fb63c
7e7bf23dc
04d95a9a1
0076c1c24
7f1b5ff9d
02aa52a01
7f9b523b5
019dbadd4
01112a122
02169ce59
783ffdef0
00b96f881
0743d31ea
7d2cdc0fd
01288f1db
01d70244c
7ee5ca978
00b137770
7e57625d6
01f216db3
02f5346f9
7c044027e
04c7ef5a2
0204c30e9
04a65367e
7ca3e0415
03c7564ab
7a3592e18
7c6882b0c
00ebeb1df
01dc6aae9
7744c72a4
784d9b8b9
7d7b33684
7f720fe37
7f6a739b6
7dcef79c9
7bb764be6
7a57dfadc
003522946
7e0a770b7
7f9d726b8
7a8edd1d0
02c249a5a
023dc5634
02b81638b
760298733
7f9fd47c4
03879c9ca
01ec7de1e
775931c7b
7edadbeff
00be53392
79683b60d
7e2deea4a
0595177e6
7dce55b2a
030c245ca
028cdef53
7aff769b6
7f8008053
03d38c0c3
7901ab2d5
7ae79ac51
7ef57d758
7b625fa4a
7f5e1f45c
04d5fd2dd
032035bd6
7c773cdf1
05d35123a
03dcc4dd6
05c113010
0292531ec
7ee2c6fb4
7e2b34f58
7cade7baa
00f039af2
006024f2c
7fea6502d
00538bfd1
03fdc5262
7a3004d54
7f69a055d
01c7953ef
7c491a2ea
7ad7ee183
7a887a232
7f24a17b3
7b691a3b3
00ce30c61
01d5c4f6f
003c225ad
7be96f060
07166cbe6
035fa3d45
7c3fcf9df
03cd39314
7ec11d4c0
012304097
7dea522ba
7c00445f6
7f2e837ad
7c85c902e
06ce36be8
7e0a4d51b
7d8a5ec5d
7caaad9bf
00f6f4774
048db0d36
7cd0b3e92
7f81dac95
762ca95e6
7e0fdd17d
009098e10
02f3d93ba
7beaa1619
78e7cbb58
046c8c3bf
7ec5ab208
02aa546e8
0387a6bd8
01a80b002
7f0538990
057edada6
04471b151
7cd88708e
0194ebb80
7ae73cc9c
006f73367
0563309e1
06c3e873e
0008514fe
7f228693b
004bae2fa
012d2cf26
06534c603
05ef0227c
7a1d20c45
7d42efb88
051566b80
00e96a8d7
7dee9c2b4
7f53e7a27
049312b3e
005a004c3
03dba95e4
7ffcde6e4
7ef00f1ab
01bb57f06
7e83e88f1
7d66bb08f
0538affe8
0142e63b8
7dbb84c0e
7c7ce9cfa
0189c2a63
01517e28e
7f1f6ccd5
013765822
0073082a3
7ebc92802
7bb19e489
000beaa93
7c8607348
01e55609d
001618fa8
022b78b86
7fdfe64d0
00a63dc01
7d81df9f6
023d4b39f
7d652b632
002a50722
0049bdc22
7b14ba0c0
0768fb005
02c67d8e4
7f0905b5e
7f2a0a31f
05acf0ed0
7d92e514a
060f20e87
7a1cf8ca1
7ce1a16a6
7db57de8d
7bffdfbe5
7ee7a042f
020af8b13
038e553b2
02385d57a
7de934496
7cfb7166a
7e03c047f
7ffe29f2c
025531783
799671d24
06f931be7
7bf1c4ad2
0628b5871
7e6eade67
00184ed50
049d2bae8
00c047f03
7fbe14933
7abb66282
7cf4fbce8
053a06551
0408637f4
069dab0f0
06d7bf09a
7f04a8f7e
0708c74ed
7ab5a6cc5
06edd79a5
7f73f851d
7bdadcb5f
090c93c77
05c8e1db8
050269c93
034794ab6
7e13da395
7f6b0f228
7e4401334
7fd10dd89
7ca3e0b4a
7ab71f95b
0156c0e5a
7dd4c1ce2
7fe47abbd
7ec62f01a
7e0e5f114
0135d83a9
7d0744649
79db876bc
01c8125fd
7d309b5b4
020f27b70
01423ddf6
0406455f6
06d4e1511
059cf4969
7fae5fcfb
7e708ddb5
0150a20e2
01010b1f2
7ef2e0abb
7f2e521dd
016b34079
00155ccbd
02064c8c2
7ccbc9fe7
049030a3c
016166d09
7f7d071d2
03ccac8a2
01eb3fbd6
0058c83dc
7e8cb75a9
7fb1325f6
0431d6307
00e746386
01b2bb21c
770e51b12
7dda80e4f
7f0f62eb7
02fec0ffc
7fd27eab9
7a18f70c7
056cee7c3
0389d0dea
083eec8e1
00b0250bc
00c01956d
7b88ccdb2
037aee999
005eab270
7e502a6a1
7f231b1ca
7fac07f38
027ac2f50
02439f033
7e9af5f13
7f70df6b7
7e1087fbb
7af06021c
00df4bd7f
03dc960ca
03c9ccc99
78ea1157f
7d5355a46
05f65a58e
03b24e5a6
7e445d545
7d0bf7048
7b3ccedc7
7f3fb964b
7b99330ac
02a4173b6
006f09db4
784e9763e
7a792c098
03596d7d4
7eb9cda30
03e9580a9
02615b200
7dc575fc6
055469c3a
016b3c0b9
0ad23527d
046d9ff30
01ddeb213
04cfec8c8
7f66c23cb
77a5ba318
7d03d2bfa
7f25d1caa
022e6b5e0
7f12ec4a9
0035d4c00
7dfe0ee37
7d6cb68b8
06198bff8
7eb90bd3c
016c03141
7d6cade0c
0385333e6
044d08b8d
01d9acff1
08413bd85
00d4958ea
7ca341c4c
079db1ff5
7eaa6e264
7bf6d8a75
03994cd0a
7ea49fc72
7d305c561
0071cc6cf
7cf73ee84
026f7b915
79c31f6ba
02fd87779
001bde428
0a926933c
086468a79
00b4931ed
7d75718be
01f1359d7
00431095c
7f48d4563
754e69796
76f1dfe9b
065a97a12
7f02e1ed8
7ba4aeaad
7f0052f54
7b1337a02
7edfd36d7
043538505
037b3e54b
7f927bfd9
7f33b9ad9
7ea21d348
00fdb6371
0280647c9
7f68c8b99
012b90623
018127a6d
01837ff9b
0534febde
0701068d6
0774eef0a
7d6556019
031ac9f64
7e864b81d
7dfba11d3
7df19bc2b
047a02acd
00f3f02e1
791b518ac
0158c298e
03e9c1443
032832877
01532192b
7df730f39
07c22c32a
071bad59b
7ac17d87c
00654d2a0
0403df9b1
7db46dfc3
7e8871a80
05613e931
79e59f1ae
7d37abcd6
0020bea4d
7a429569d
7d2ee3dce
00082fcf3
7ef6d22d7
06115f05f
03f3942a4
0697d0a78
01dc84157
7a75da792
7f4981205
7cc552a72
7b0f3a162
7f8761db1
02a8c286f
7e6b5bb69
01d488f26
7ffaa246b
03ac912ab
7de8e7eba
7b65066b7
06d55b438
7818e5b1c
0242b0df8
7c69c20f2
7b95b2ec6
7a35b499e
7b1896099
012268ab8
7cebd0281
0333048d0
783acbaac
7cade30d5
7b7c3ed20
7dd6e39eb
7e256cd3a
78f3735f2
08531f1b3
736ff2438
07bd2d088
7bcb3dddf
006682b76
7d5a4f99f
7b620b57d
7d031dfc5
047420fb7
786e79f0e
017f6ae1b
7ed4e3714
051cd7dc0
7ac29ad66
06a35bce1
02d6e9bf9
7ee541013
05999e4c5
052800473
071a82709
029407993
02b8fba3d
7788beadc
026baebc4
7dfeae9ec
7b4171198
7d8cc4998
7ff0ece05
0292b9f4f
04a5c1423
04bb22d88
7b64e68e7
00876ebe3
00c5afbde
00964f470
7fd0a0b9c
01d10cecd
7e46f1a0a
06893dd05
035b7b5e3
7d1dd1627
08b497044
027b9b456
023421512
7f513d48a
01318d778
7cb4dcf49
02c06345a
03a2b21b6
7d8bf357d
018e8ad9b
7b4c8373f
79bb80399
7ebdc7dcb
7a9ed886f
06bc04e82
7df5f33c0
7e28b4748
7ca5b167a
025f36a77
7958717ef
7ffbf4a0f
7dd84fb9d
01cc624f5
7f2bae8f5
7d24e740c
01bffaf93
02add843a
7b79b7a2b
7c79d5d77
7f7d5bc3d
7d4eaed86
7d9495f15
00fd6bb75
7f1d38c58
02f7691d1
005acc62b
018d501f5
0901f75cf
7fc91fcf2
07ae6f6c7
025b63b4a
7dbb10460
78a56ea71
02a413427
7819342d6
7f1a931a6
01f7288b6
00f147b74
7dca0253b
02479aa47
02724616a
7bcf44658
7c0d31276
7b9fee867
028a073d5
06ee8a1ba
7ff4a7984
00eb15430
795431275
7e4383f9d
02bda9828
7baf82786
7c541a57b
02c275244
7bca52f99
7cfb2f7b1
014c3c3b2
041e3d7f4
7f4126ddc
05d02e83e
7ef80f32b
795127267
79f28567a
00a7894bc
7ff48a9ab
7ebee7ed9
0568c6de0
77d42a813
019c019d5
03bc7865a
00a3f8e83
01073cc86
018099a0d
7f7778581
79d45773e
0a12e4e48
03cbcf2d9
03b471698
7f9c1bfbb
7fd3a551c
041cdcc1c
7f2bb399b
0277a0034
7cb87cb81
04b6d7eb4
049596a2b
03b053499
003a1eb8e
03f769907
02e747b18
7da57c53f
7dd893c99
7d9498e23
0673eb56c
09dbc2c3f
7f95a2100
7e068c81f
7db186d26
7ca08821b
057e7ce8c
7f729eb48
7acdb3a24
7aa2d142e
7acaadcea
025a97d75
04eb1af46
065c0552b
05da64592
7c215d028
7acd5fecd
7dc22cb78
7e5e96505
7d5914224
7eb1c639e
04c0ddf1f
010447419
00b6b6218
03cc010da
056619225
022259fa2
01d65f982
7e8922b1f
0084e4bb0
7b284bc88
0397fc7cf
05ebe7b49
006be1c85
7ec640b62
7d23f0073
035e90e67
7df8c0117
027ad7f42
7ea20a601
02c41188f
7efea7446
78d048e92
7ac5a92d7
7f58ccbe5
75c4ff415
045b94713
0390d3fad
7ee6f6414
03fe03e70
00e5c9717
7c5ae7074
7e7aa0db2
7b7fb0f1d
010342a3b
0704929ef
0458e7906
039a33695
008512900
006ebc0f8
7fdce37dc
010496220
018e8a8a8
00c9c2906
01a3a2fcf
011183b67
7cc2e9a25
7c3b58ddb
0228e7262
7b0f87a19
7ed0b3b18
7d9e945aa
02915cf80
7c629ce3b
7c59dcb15
7db19f430
7dd17c03e
7cb624e30
7cbca27c0
787ea2e1f
7931dbb01
7ca628c13
04e1aca69
0638508c0
7ce74e8ce
05c56346b
7d4323a73
0235f0422
07ebff77d
7fb8746d1
7bdbfb319
7e0b5b984
024c84c88
7fa47c899
0829c13f1
01d58ba3c
07e7f53b8
0967df77e
09b540827
049ba3879
000f0aef2
013751c97
7d6ee0b97
07462501d
07ec3efae
05ad48d5d
08e3db4d4
0355df849
04fd03a0b
00fee8067
7c7ecd53b
7b73e40f6
7eed35f03
7f647cf8d
062a8def7
0327ff06a
03cb524b4
05c0de865
7af41edde
787899aa0
79c487586
7d32117d9
028ffef7e
00ebc2669
0329f4e32
0721d466b
008406035
019abebb3
0307ff2bc
7f54e8219
7fa42a966
0237460b9
0025607dc
7c114c419
0181ce7e8
7e2adafd0
049f750ca
0117d1dd8
0420ba0dc
08851dbc2
00de4a099
78b6db521
032ba7aab
7d7002e59
02214f759
02d0d6d2c
056ce9f90
031a762fe
03956f48b
00fdc7572
023370fbf
770444058
78f89dadf
7e6ad6bbb
7fe8ef729
7f25b0350
7e11c377b
056ddd84e
0108ed9eb
0176b2eb5
7f87924bf
033254d15
00940fba2
02ba4e549
0284a8364
023a5426d
03a547114
024db615d
00144a6f2
028deb1d3
0207ccf01
7e89c4c2c
02dcab2e7
7e5b63f3c
7fcce06ea
0251dc7ef
7c4657dfc
069582128
0c6416804
7a00ba39a
7b27c69d6
7c3d2dec6
7b3f58002
7af9bd43e
00a8ecfaf
783747152
779102649
049117475
022302141
06076de21
0228be219
05b9548a1
02ece1a97
0538aa3db
0239bb94b
7ebd78397
7c6217c40
7d148afd5
7a135208a
7f0b05186
7e1d68e98
7e6a366bb
03651bf0f
7fc55f2f8
01cb2865d
03807212c
7fef80a7a
7b389c63a
7ee0fd1cd
7c0ee776c
7dd30f8b3
7ee5b0379
7d97359f3
7f4b8f7f4
001b73e94
017c44c0d
015156427
00a5ea996
06eb97cf6
7ea93bc19
002d28553
7c5c9bfd3
03903db3c
012c297a2
7c89c6f9d
7bbffed9b
7fe6c7cd7
7dbf849b5
7ac0747be
7af418cdf
7c21f544e
0563a0b71
7fe1c366b
0440cb5c5
00bfc8ee2
7e965b7ce
006ebad68
01ed288ab
7f7fb8ae2
055bf16a8
7c1316865
7a2108bde
036c8509f
7a4d3677b
7936bf808
7e02283b2
7f370747b
05346a8d7
0035034ad
7f3c44456
7ffa3d2db
7b4430ba8
7de394c45
02f93fba1
00d309d5a
7bade6a91
00905adb7
7cd7203d8
0219669c4
028a087cf
00b6eaffb
0080cc1c3
7fc0f3a0a
79fd51cc9
00153b2a8
7abe46a3b
7e90c1aa4
7e59e1b3b
7e75f4290
7f8483a4a
7ae49312f
7a03d937d
7bf679e6b
7d66c5112
7fc19de73
7d0c8ad71
0141c3f94
01f01001e
7aef4c72e
7e5f6e0f6
7f4c24b6a
02242ba2f
7dbdfc49b
7d81597ad
01b6e5758
01da26aed
07c99813b
015bba527
019b47b47
057efe413
7a4a18f4c
7d08040ac
7d77c20f6
023a64cc8
006b7aac4
7e8c4f2a3
7f86764e7
0197b5873
013d7948a
7cfac265b
01cf4106d
052601e8e
0184926d6
03ac768dd
7e2c2dfae
79eb714b2
02d65b05b
045774e14
0046234a0
011c085c8
7d93312c8
006f1db05
016a041be
00c75a085
7f3922262
05e3ad1c9
02f9d578a
7d794c3d2
7d6b3a410
00296a01c
79c78d46c
7f7219e95
007f28e42
0023c9b40
7e4dafbea
0037a7fbf
00e2113a3
04b3f487c
04f6c8243
02ad31575
7c6ff5a55
0283e805a
7d063f2e5
7b9dac217
7ee8d4a85
788098bad
00b6dffc7
7c1afa82c
7ec2eccd8
7dff89862
02ab10e74
01cbc37e1
7dae1a7e4
7ec987bcf
7fa579c56
011b38102
7b24ae37a
0ac30a421
7ed2350b6
01c0809ef
7fd0687e6
03554ee12
7d8f6aef2
7da0aaa83
067324e65
7f9c59525
7ef40c996
7f080e1cc
7d24d8ca1
08a381701
7ec9e43bb
0368ccdb5
03de2502c
0024094ba
7bf4f67d2
01825bf64
05d1d1c69
7de2fcbe9
7ec0ddbf8
02817d499
002671676
7e0c71639
025c20212
7e43c2336
7ab3666a4
0398e7335
01ce75aeb
001c44c8e
7ecb00bfe
03ac1be57
77a3e9f65
01a27fc35
7e10ef960
01d59f6a4
001a77a13
7d5a841a5
7ae6deaea
04d8753e5
00b951597
01086b3f2
799ff9e23
01bf9c7bb
7c7f38d6f
7daf5d1d7
7efd6958c
06ce2ad4d
00516479c
03db0f471
7d15c7a78
7c8223723
7d09400e2
7b41f5617
7e7c8bdfa
00d80f573
020e19a7e
0062db55e
7dd48219a
04b107a93
029e5dc8e
060cdbf21
7ca718d84
039ae4ce5
7b42adf2c
030aea858
7ea7d551e
01674c275
7aee9363e
006356694
7f7fcee39
07bfc777c
024787c2b
7fea69cb5
7a2f5b94e
7bbed859b
79bce5e36
7b0819b25
7d8c3c0c0
02caeb93c
7dc01ddd0
7c3225cd6
7e6b5372c
02590510b
7fbdfc18a
7c5298dc5
003f086bc
05defa652
7f33848f9
7f97c1b91
01cb5d4bb
064cfdb29
032179d1b
0400a4850
017b3f1f8
0269744fc
0432500be
06521fba8
004570e44
01690f003
0514898ff
7ba3a28c8
7e3fcffcd
7e71c2d5d
79043c7cc
7d197bf6d
00cdea424
027af96c2
001eb06ff
02ab28c88
7e765d02e
03e95f98f
7999405b8
01b3383d9
019d0afbd
0164bff73
03733fd8c
7f679794f
0532f2d27
0155de091
7ba8fd30e
002ab9283
7d3c91ca9
7f2d7e196
019f2c9be
7b959dfc5
7cb863975
006b49de6
0119fbc85
7e696fdef
7d430a91d
7c9e646a3
0259cc0a5
093a5cd8a
01bcc9a36
7d9d8a1e8
028c66445
0241f2853
7dc94fa80
7e2ac9a59
04db52ee2
027a16295
7acca0566
7e377ce3c
0209c5fd1
01147a5ad
013b4d07e
7e5caf3df
015dc285a
03b1b4bab
7d1edba57
7ccad71a2
009cf50cd
7ed88d1da
03a66052f
0127722e1
055f96686
024f7aaca
7f0a96a0c
7d202569b
035395345
7e543e160
77397d6ca
7bcd79623
7c942a036
7d21148c3
7e5b9059b
0649d5788
796b64c94
7fc6b35d1
01cca6b0e
7f9e6a8ea
0218f9f54
01ddc5f03
7f4e0eed7
7d33cd967
037aae998
050b440b5
7895f22fa
7f9be0d1e
7b5f00c22
7b3aa96e5
7b8fc0771
06bf6b4cf
783665e15
7b7b1f798
05811a0ac
048bbbaf7
7e8a1b53a
006d98787
007360183
7ba111c0b
045f3b033
0449bf662
02ba024fb
7e6b0d136
7f1b49ba3
021e5a2f6
7e0465168
0544c0242
0645887c3
7d191d642
7ec83edbd
7ec0707eb
7f543c2cd
7d3df89fa
055515ae2
7d88bc478
7d2ba5786
7b41b66ff
7f8e54e08
015487ef5
04a5516e6
02272d8df
7e7442ed2
01dc62dba
7f8d6c991
06996c19a
0050ae921
027e3a8c2
77df94124
01cf8d022
7ccf7e91d
00795d2bb
0599351e6
7ab85a840
7fdb96373
00976ca70
049223d92
01d941364
04dd5c6a3
7cebeeaa9
7ca9307d1
03e01c930
7e8cee3ef
7daf0bc79
0213756a5
06d2117ba
7e5db3902
02c079712
01b7ce519
04031c33e
03fc5ec09
071afdeda
01dc99641
774488bb5
7ffa250d5
7e84284f2
7e341ea8b
7d3470757
00c198a7c
01c8e81fb
7c91775f1
03c9dd4da
018965885
01466437f
042c508cd
7cd42f4f0
0235c35da
00883a191
7fcf8e477
7fee78e13
014c376aa
00251ea97
7f9a4d4b0
09f25103b
018ebe5c6
040190c74
7cfbc31a8
7ffb44de5
7f18c8fdb
00302c8e3
01ca91c30
032b53760
7d2fff5ea
014925261
02a892a29
79250a3c0
77a782497
7a3f57f86
05aa80a92
7ca67aafb
0192763d6
7ff272b04
021a35b48
0545788d0
05a9fff68
00df88132
012bac790
7c798363e
0831de4b5
06c6e9efc
7c90f1d30
06edadaaa
7e2e57fc6
7d44558c7
00aaffc9a
79e07f01f
033df13a3
7fa026d8e
00032e9be
002af6b99
018a9e825
00f201388
012816a8e
037fcc575
7b8133dfb
7fbd5a5c6
7bab18dd5
7f659417a
05d9cec1c
07ebd4fcc
79fd6ee53
0a96a8d07
00e03ff18
7e599035c
7f412b011
7f88dec1c
0098d1a64
00bb2879a
7aae4cb7f
0c1a629c0
054881816
7e1437545
056b215a9
02b1c756a
027de399c
7de1cdf08
000f23129
00b6462b9
7f240582e
7c91f270a
04838e344
0064db835
7f3b5d45a
7ce1d9f66
0000e421f
7b1143991
7e10f2574
04148f403
7f589eb42
7ba0f7b37
7ff0b1506
0251bf005
7d9daaf47
071cc138f
7f92b4b0b
7ec37eddf
0241cf4e7
0530c42d2
7ef5b43bb
7e37a917f
7da044432
7b8e940be
7dcec5827
098907d1f
7df2a2835
0007a1207
7e44d1456
01360bb5a
7af0ff956
028fd0727
792475bac
00b10529a
7be1b3888
048dd0dd5
77277e152
7f1d2878c
7c34cbc86
7fae353f8
7bee876b8
01c1f6744
7a18d0cf5
014665f9e
7cfa100ad
00e29b886
7ee72dcd1
0143bed52
0049b7918
00bcd7ee8
01bf4c532
04d659810
7ff3d88ea
7d836d2f9
7c1f515c5
00b4d81d5
02bb063b6
7d06ab106
088b103a9
7d9179b28
0485fec20
7da94a0ff
7f29bec32
7d925ec48
7c81b7a52
7cb82837b
092292d5a
7b0381eab
03feb2d5b
7ca262bf4
7fe19cd3d
028d0f70c
78910f42d
0382e27f2
0531acb36
7bf877aa6
02a15be44
7fdeaef34
7ecfc699f
04f448a71
02b57a0bf
7d7d97961
78e908a7f
04ccbf81e
7d6def7ca
015ada545
0027eb410
7c1747ed4
03105e6ea
7d4cdecb8
7fc692a60
7e47a3d0f
04b014e38
7e6ae6578
04dbf6e89
00fd1fdef
06055d82d
7d8cd8e3d
05062e299
064418fd1
041fea9c6
0346c088d
0220869d5
77a306307
03f63f0d1
7f7a72aa1
052236725
7ec9072a1
033ff5a81
795218a61
010964dda
7db64b55b
017477256
7f50dddee
7cdd34bb2
7f6a67981
7d82969fd
01cf634e5
7ac1f0141
00397ad56
7d67f138a
02d2e9f42
7f564b583
7f8eda25a
039c39971
7bf59c4d0
0315955f8
7d6fd6eee
788fb4f6a
01b736ca0
7cda60053
7e190b9fa
015b9f161
7d3810e12
7cc343c70
768a9860c
7fda61e76
0443c8adf
7eeb3ebcd
78bbe8f30
7e6340e43
020703af2
00849778c
01c396ab1
0647c70b2
7cc2690b0
011456310
0226dc0eb
79a9c3180
01d138946
02a592dc9
0015dc60d
02c067483
00ebf50a4
057e141b4
0057a1587
7874b7842
77e0a39db
04bbf17af
01e214af1
7bf0c61ba
048a333a7
7f8c84422
7ce6494d0
7fbf18bd9
7b54b4e9e
03bfedb47
025bbcd21
046296b3b
7bfc42436
0487accd1
06bc100ef
04c2c6808
7e0264f9f
03c94b77e
05f809ebf
7ea0c6fe1
008caad20
7d96bb778
7eec94acd
00b3d1919
06d10e941
7cbdbb8ea
7f32e72bd
7b0efe57e
7ddfdd103
7cdbbbfe4
7fe25fd2d
7d026530e
7d61e8489
02e2b0c63
7e793acbc
7bcb31157
7c3f82fcc
0931fae26
7cbf0d027
78ae476af
063a13413
01e932710
7f9ed34ed
7cd3eb855
7cf492506
7e6315773
0630e8121
7afb4e058
7ed055cf8
03b060536
7f0f950a6
05a1f9128
02172f12b
7bee1ca49
7d7be406a
03784b3f2
7c923e5a0
7b5cb3eac
019a0164a
05e05e6e0
044024ec2
03b59f74c
7d588b200
7df2f986c
7e84721f4
01bc1f08a
791703d4f
7f13ab949
02ccd445d
7dd727ae9
036cdada1
795dd8da8
7eca8d2d3
0005e7abf
7ffeafcc5
02e966b8a
042c7b238
7f9a70aec
051cd7d1b
7a3683042
02c375449
03742d450
7ebd49b7a
0518cf06e
7e98cb9b5
7f2de0987
7e01bea61
07fe40e5c
7fc2ed3ba
79e4ab748
027ff9280
0227830a9
7c105e3ed
7b97cdf33
02703ca55
7c338e138
7ed9604f4
795d1aad0
7cf4c9956
79c8bc1b5
7ec310f91
7fa31dc5c
0a337f504
7efc4bfa8
0113e529b
00b72fb4f
03e64ed09
7e412b317
02505d7ad
048d0a5b7
021e51bfe
03fb17bc5
7f44b27bc
7d6856ee0
019ee7f57
7aac2e14e
027944c00
05afae3a8
0409c8828
06174ff7d
7d1e7c718
0063630a3
00def765d
7ff6e1d96
032dc8d22
7d26c60e6
79056f3de
018cd0b29
0349ec7f9
002f5f4a5
06c2bd2bf
0396cda59
0145976e4
7e8349a85
0175c994c
01b8791a7
7eb998cd6
0035956d7
002be720e
7dcca99ac
7ea15529f
7b5b1d46a
01a90ba66
000eba7ee
7f334e175
7a8e75e19
02c5eb403
7c1ff2b01
0161b84b5
06b937119
7e1d0925a
0147da437
002ebc7d6
01e53c67c
7e4fe6abb
0254c31dd
7e37b4e07
0778da2c5
7c93d9979
02a6d7474
7ea66de62
03ccda976
7d3d04348
022ed95d9
76ee7cafc
7df645b8b
035ca5786
0014359f8
7f67aa7a4
7bc371665
011d4d1a3
0239d1ae8
7419a6402
7daade661
093037e84
7d8cb4ca8
00795a4e3
7f943c918
7fe4d23b9
7f6c92eec
052e0b6c7
7ed103d8a
7ab12bd3b
055c3397b
018c0eff3
04eb37d4a
038cf4f23
0309e6073
0176ba3c1
7cee4e089
0407cb80d
78d5d2c71
03dab0b3a
7d83b77d4
7bab83a5b
7fb9447de
7b447e5ab
02d967a3e
7e765784a
7e3c87d1d
7ecab32a5
00feaf4e2
01b469d5f
7f24a8cd0
01070d668
7a9e8957d
7e6774d05
782cc5f8d
0290bfd0d
7f4f4429e
7a7a28e87
0214d4b95
025482390
7e96c2cdd
7cb9f93b4
00e93f3f9
00e45e36b
011174d86
7e0a3d7ff
7fb112c4d
7a3c6538f
7d8600227
7f47de547
0444681e7
7d68c7862
7b19bc98b
020072693
00d52b2cf
0186f103d
015388def
7e294711e
0311c34d1
7f4b19f52
7ef0d5838
078b73eb6
018a31775
0067f61fe
7d823ec68
7cb6de997
7fd6d3aa8
0172e7496
007387ea7
7e81b19fc
013f47476
7c0565e66
071309117
7a9553aaf
7ba92bda2
7eebc6adf
0246232bb
02b3a0aa9
0301f8d3f
010bcb65a
00229fb15
01f6175f9
0213902ab
7be547a22
7ff0eb403
02b413556
024c4e698
7a4fe6166
01d191a50
009403849
7b8a00d9f
7f1b53f2a
7d2711864
7e45305bd
7d17e36ff
01fb98952
7d8aa1eb4
0021db951
092b9f05c
7e34831f0
7d9fabfb7
021d5f6f4
026214efc
01f24b24d
0266cef85
79c7891a9
7f4b90110
7dd484218
0311fd075
05dfca5ea
7dd9a1c14
02c7198b7
002d7ff86
7aea6c645
7f66af759
01d5af0dd
02756bc33
079655705
01e13cd19
0412ec955
050d4655d
7c84a0731
7dd11f947
00f4acc1f
76499b3ab
7e7a5edc7
7afa72ee7
065c82fc6
7f5b39a5a
026903691
78ad5a69e
7d01b1ec6
0138ca8d0
7ed7891ab
018b330dd
7fb4cc8b8
03842c0e2
7b4641bf4
0189a8239
7de87da34
01fab0ffb
025bfe0ba
78e585af7
03262f580
0312788d6
7d4accb30
00dca791c
7dcb0e0da
7c218b9e0
79856792c
01c54f9cc
072e75840
0274c494c
7c19c5d83
7def58dd8
7ef479e76
7c450e615
7fb751545
7e43bf433
0191b6414
7cd01bfd4
0618f8a75
7efc64474
02e298344
7f1a2668f
7cab55b2b
02021f2fb
008a7c222
008a00947
7afe4846b
7fb272d12
7f07f6b90
020b20107
058b50903
001aded1c
7f42e866b
7c2b3c26b
7b8fef49c
0365aa170
7b9f973f0
013c8800c
7cbbd76ca
796cce89c
7c70cfb1c
0404c3825
7f1f4d88b
7dc60ee72
7881716d0
0a922a47f
0146690d3
7de18333f
7f5cc9833
04f755abe
7fe50053f
00d99f035
052f2c26a
0530181b1
00ec50f05
0100467f2
7fd4a0c2c
7f1a908e2
7b5cd5390
7dbbc35cd
0410f92dc
7dd2db78c
01aeb5fa8
7ebb81916
016f2284d
028d65a1d
01a1dcf7c
7aed0315a
7b6bdd29a
00c96b479
0597723e1
008fe1aa0
019c5a41f
01df9e2e0
00e08c0c7
7f0910579
05abf9c4f
7fe03f68b
000842ee4
7de118850
79483e352
03d57a673
7b1819a11
009724f18
0361d05be
06c31403e
7f900b4ba
032cba922
0039785aa
7ef0df34c
7e2ca6256
7d8b752f8
0059db652
7dcbab167
0293155be
7b5e5ba04
7de8ccb79
02c213a5b
7a385178e
036d5df45
00804e3a0
7fda2b879
7a33380c7
7b83a87ef
04f5f28c5
04f74ae65
7d5c5b8f2
78b32b0dc
7d83eb976
79bbf98db
7cdfd7f9c
0210d17f3
04c5fcc4f
7e0ba48de
04183aa88
79e52e2b4
02dd4d941
7de874700
7c942a66b
7914e7295
7fa5be8f0
04f9a3aff
7cf6318a5
7e216d3e5
7be93f39a
7f88aa2c7
79834b0d6
7848b1aed
7f38815bd
0607558c9
7b4ce5925
7f76af7b7
7cc805031
7f0fdd56e
7da1e253a
7ac1c356f
7fddb7ca3
020f0ce9b
7b60fa94a
7fe73ff3c
01b3b79da
79030254b
7ae4fdc81
031679909
7cda51b3c
7ac1a5590
7fe5c886b
03318b239
084484d77
019e5a10a
7e18bc79c
7eae64119
7d73c16b9
009046a30
7e7b971e7
0285de37b
7eeb28b0b
01a0335a5
7e84ef38b
00cbaf566
79a5fc09c
04b8bff2d
03e8a3ad7
000c11a92
7eefa656e
00ada82cc
002339a25
00a627e80
07f2f5bea
79b887bf6
7f478bd30
7b38ea774
06221a3b9
01ecee02b
7cd971450
7cd97fca2
7bb9fdbd1
07dcf7da0
013605802
0060a7666
7951a120a
034ad41c0
03031d6e4
00f8aadd4
7f3ac0124
7e2d005b8
0356016e3
03144ecc7
0384bfb5f
7cd67efa5
04874e2d5
05bf0ac54
02fdf5cff
7e5d69228
009459bd4
7ce044b38
01ea6742b
7b58046ac
01f5f97d8
7cb8b5cee
030471518
00c6e0f27
7ba740d8a
7f93381e3
7b970f2b8
03e1c21ca
7eada9cec
7e79d7974
01700d9f3
7c1853386
0185df40a
7f64db0e4
055ce7d23
01faab593
7d7e32ca8
037916be9
0054ba352
03018afe9
02a42d5ed
01ab8a7ba
7e21d5976
7f4ae3d4c
06db404ca
79ea7c620
007ef6307
008475b7f
028ba9c3c
7efd133cb
7cd6366e9
7feb69013
03a2e1aae
0184a834a
7d73f6ad1
7d5013bf5
02e142f62
7ff1b64cb
7d3ff5ea6
7c019e0c0
04111c9e4
00e898962
7fbfd3708
000a0fa05
7ea38358b
0121103e9
016ad6c7c
7d9acbd1f
7f86d710b
7e7e15c86
01332b269
02b971c39
010133c85
7b9829c84
02433ce5c
0281e2027
7e521a9a0
00ecd825f
7f7790067
064bec4ae
028d21ae3
7f4312493
045c812e4
7e37e8603
00b1b8143
7966b9902
7ff92adcf
7df9e90bd
7f7783323
7f18f3a33
79f5770f9
008a9cf7c
04b849015
03fd82a00
7e65511a6
7e4897506
7f4fbbb62
0279f1ff2
00756dae1
7d6fce265
0119bf82e
7e7db9016
7ed7dd803
7a8314707
7e2a56f5b
7f92de70d
7ed75530d
7d3f66fec
7d194a89b
046e42e49
7f1460362
7cf097de5
7cc18900f
02508b20b
7872e2e13
035cf8d3f
7ce7a7b51
032f0e374
016a1614d
7c80c27cc
7cdc32ef3
7f24cc8dc
0017f0c8e
79c4cc613
7f81e4da3
7ee3c9f6b
789b95ed4
032127b9f
79ec8c641
05798caa0
0901d5d7e
0743be923
7e6ce55bd
7c59c270e
7953644a3
7f651a14b
7d04f9441
01823e5b3
099d95a10
03f74e7c0
012941b20
7cb165f3b
7d8c7b81d
00f150a7d
7c3e77255
7c5738281
02d6d5853
09364d23e
03905af13
7df6aacdb
79b1ea1da
7e94e5717
7cbc4a097
02547c58d
04047b183
0a1743029
00d0aa4bd
0332ad602
7df9d00ef
03642a23a
7b17a0a9f
01646d250
7f7f58340
0029d3cb1
7b28739e0
7fdf53736
7cccb5201
043ceb7b2
77e8327f9
7d8bf215d
03c264ec5
04ce53407
7f4b0c44e
08de3ea94
7fe4f0dad
7f8427fd6
041aa6b36
7aa7918fa
7a2b535e3
7f837e46d
78e8cab4a
7767ffa76
7ecf424cc
7f90f6762
035e18831
093ead7e7
017ecc6f8
02bc06065
072825127
02addd949
022626729
01767c0b2
7c72cc4b3
7d0d9118d
03b7a9f7b
047b64eee
003b9dcbc
78c4f1a54
7bc387992
7c0b6c1c3
0367cb94e
0491f47a0
7cfd35bfb
00d1b0fbc
0655e1c05
00a048379
7d42d6601
0421d3344
7f46038bd
7f9ab4827
0460eef99
039604f92
0285dd81f
7ca66e359
78d473ea7
05f8e832f
7c1af142d
01de99634
0d9ce59b6
7c6764335
043507a72
7d910ee84
02d8f2b12
043c7dc22
7ef413a42
0094a5382
7cc3c4448
063c40735
03165ae49
0161b5898
0609fe4ba
7b151a4c5
01f436383
0142797d2
7a53f6785
0172353c7
7d8462220
05bcadb19
037f7b8bc
0275a05d3
0309351ee
79f414a01
7fb58243a
791887a56
0708c25db
7cc7c36ec
033aa68bc
7f96a162e
032da8df0
054f5db77
7ffa26ba0
049e13b50
79f2793e9
00198b63a
0191de817
00541542c
7cf77c668
06343f94a
7a16dc6e1
06e14fd59
795c85c0a
7f5e86980
7a8c48735
00b7c156c
00361fd5d
7ffc5516b
7e9555fca
0191cd118
01f77e7ee
0aa72b7ba
092251dd9
7e0fd186d
7d45ab9b1
7ff38406c
7e27c3d1a
79dda182a
00259d3bc
7faa8bf9e
04eeda394
00e754034
03ac9ba91
7e6b7c8c0
7df1bcf72
7e1c6947a
7f06af6c5
03f537aff
7bccf2121
015ddd93a
7ea44e6e1
027993bc0
7eb21c1a2
02ab0966a
7f1e4f01a
7a755dce2
7d5b90eaf
7cddcf302
007add6a6
084a5ac40
02345a67e
0714867c6
79bc561f8
0048accdd
7baf83cf4
79515cb58
0220b344c
7eddc2c7a
0310a28e7
002d26eed
797db3b8d
029e0dd41
0694747ac
049975202
03ab6f219
0362e9468
0060e3098
7d814c64f
0213d8e43
048b3a347
00dfd991a
7c7c5ee92
062e5549a
023f2616e
02b77843f
7cc4d8053
00dfdd605
7d79eb45c
062fd936b
064a1d6c3
048a759ed
00114801f
7c8656e57
0509c58c2
0226a852d
0102d5af0
00f0bd04b
7d29dec9b
01659a1a6
009c78e46
7900467e0
0197ce379
07fed3598
0406ff600
7fceb82c8
7c0af6329
0135c5775
7b717ebfb
00c32daff
7a94231c5
7d8dec367
7e965a8ba
041d8a7df
7f2849473
02d62aaf6
00fe855bd
79dcbe0c2
03baef38c
7fad33453
0202fcc91
03ecd3d8e
02d88ef88
014b11842
039b0eca3
04475a68f
7adad871a
7e81f6d2e
0243a5bf6
7f5c10a15
02c7be84c
001400deb
012250a4d
7e51c103e
02cc84546
7f543db63
038cdd0c6
060a5e64e
7bf07fb48
02ce32f87
7d22fbe8d
781efb2a0
7ee5ed58e
7ed040bc4
7f9fb0133
7eddbc208
7f0df5c21
05d951f02
01131df62
01f56f453
7f719f28c
018b599ba
0147b6de8
7d4cf9585
7bbcfe5be
7ee7efaed
7fc00453c
02e80cdcf
77e3cf8b4
036995dd6
7b0f36a96
7d4d676d9
091907409
79d120666
7ce6a2f71
0696edd9e
082a76da3
7f8e7cd91
7c21296d0
7a6d3e1d8
7fdf7afb7
7ff01c3db
010cec602
7f86b001d
7f16722a8
007ffd20d
01e0644ae
79b2b3b04
000eb8f01
7b1a1d51c
009e8315c
013fb0f15
03bdf88ec
01260800d
00b8405b5
0724b8938
05de21ce3
01a90979f
050eb4d95
7c07689af
081e74b70
7a8c39080
045a9c92c
7fd7ca270
7ebf8138f
004b885a4
7ff6fc9c4
7c47d4dce
7c19acf1d
000f78712
7dbd05e5c
04458f97e
02f14d4cf
0036a23b4
7e479b2f6
03db5dcbb
7c2768e4b
04392263b
05caaeb44
7ffd7031c
7fc7f9f5f
77c1191fd
7f2a5ae10
042003295
01317dbdb
02ea02447
7ed5f2562
7fa4236ff
021e75c55
07b7e779f
026e38fe3
7c0fc5df0
7ecc5b699
7bed54314
7e39295ca
05a97cbdd
03454a67d
005f954c9
7ae1ebec6
7edef47ae
7bf0f6db7
7e5c098c5
7ced2e6bc
7f2d2bd08
034059213
7e9ca8fe0
02d2cf046
083c8a4a3
0423e62d3
038793829
7fc089884
7b022bbd3
7c30b4556
7bc4885d7
7f7a63d24
7e22032cd
03480a037
7c1490b38
053baa51c
7ed45715e
0023e8b4c
77ae6fc3b
7d13f5cde
00c7d5db6
7fa42cea7
00d41095b
7c5f06e6b
7f7fd1b62
02ad4f236
7c8c4212b
033ffc2c5
020ab6850
75d7b38a1
7e8f6ee77
7ef5f186b
014c0de1a
7e9d571bd
05abf943c
04254ddb6
01321ffbc
031cb5d8b
015c796ca
7e7b7ead6
7fe04653a
7bf4645e8
021a3934e
7873a0b15
010c11e4e
0538de863
7b086fb38
0269a0ef6
00fce82bb
7c958ee72
024ef3898
7d3e6b17a
7c814da45
0353e652f
7e6717be7
7d0a53ffb
004a6f1df
07edb02be
7d47ba0fe
7ed62d3f6
06793e8ba
7b5f719da
00b469b11
7e540f26b
02b4062e7
000efebcd
048fb924f
000988bce
02885f8c7
00b4694e2
7e2813940
018bd614b
7fba24a06
7add8c4f5
0172cc246
7b4e467f5
7c812f2a3
092e07c85
7fbb50361
7bd4b8e14
79bd22214
7e11a26bc
7af362a68
7ac03f8f6
7f980c6aa
0373f209a
0107f0e0a
7db0af3e3
7dacf3b40
0255607df
7aaebcf40
0528b8f56
7b6436185
7e9aa4d9d
07c5e4e20
7c3be4456
7d470f482
7df7a33fa
7d85a2bc0
7fcf8a605
7cc3d8c49
039fde9c5
7f55916ae
00ba80686
7cc44670b
7d9401451
7f630dd3d
02ebd7ff5
7cd1fa0c8
7efc24a43
00bc17406
008ccb2b6
057b4cc53
029c7f64d
78b3fb730
052f1b7bf
7f6310848
7993baa24
04481d646
05b41c87a
00e801d88
0183ce0d3
7e4b076ac
02968acf6
7dcb13de2
7d74133f2
028da0c58
7fd3c640b
028204b82
062b9085e
7c749ab02
7d40bf520
052394680
00adf3e60
07192d087
00f66648c
043f8443a
7de59a5d2
7df55ee69
05083c72b
7fff67602
7a5d426a9
7f76d25a9
042eb78ae
06421426e
04817c25c
7ad6bf909
0115e4485
0251c297d
7d9d3b6c5
06e77fe88
001d90f7e
07b1f52a4
7df73efab
7c3370af8
0215ae548
7e1130fa9
7e7bb7ec6
03d12e6b3
01b6a7a98
03ede2ca6
03680a5d2
7c5c2e5f3
0e0103676
0203738d2
7c7cf1d4f
0289805d0
7b4a650b9
043ca1464
026882a53
055389e7f
05733d5d3
00a3e7bac
7e14dc93c
028c3ec27
7cf9e1347
0541b14cf
002dc4664
7e7224694
79ce968d5
7c3423be7
7e097bc7f
7fb304a5d
0393eb6f7
03cd15926
018fe80f8
78916336f
0289f6261
7ca736eab
7b3f06bda
7ff459c0f
78f5909db
013ce7545
04d1d405b
0807d6e73
03a83be3f
02f778f3e
022914eb3
00954c39e
7bf532446
02436a415
01f3f7cc5
7c9d3a8cb
7dd575c9a
017dd0664
02b7d338b
0341b1ced
02b2e04be
7e16c8ae1
0496ee233
7e147e1a5
0572479ac
7f8f365a4
7f68875bb
01052b13a
7e3f19215
0223426aa
7bfb7c387
7f8387565
013f406f1
7b64a7a25
7d2b0ebd7
7d041a85f
03d881037
7fdbfb7d0
7d976494f
0889c0550
01ff439b4
018b00b6c
7e46f60eb
7cea4f631
775e0e681
01feaf0e7
7f985d2e2
7806efdc5
7db1023ba
0080eb5ef
7d9141351
7e65c4c88
7c8879b42
76bc7f70b
7f8a053f6
06be2c6e5
03d21c390
7b9f37410
77613f414
7e9ff679f
04542a5b1
7e7c79cf8
001fc2bf1
02035e4e4
0082aae25
7c114d979
0189d2908
7ec7e4434
09c205871
05793bb0a
011642c4a
019af8be4
7ef5850ae
0b35e6a49
06602c63a
7de47f2a1
075b2809a
05ed9b716
7d5e55b08
01c5f3f7d
013978913
7fca8e059
04e2445e7
025e5a268
04499f24d
08b84eb5c
7e626d519
7f14a4cab
7d9318024
02d3a6f20
069bd138e
010368e08
7b44cb5bb
020cfb101
03030abfd
02d9eda33
0477ab673
040be3f89
7eccce6ab
7f5f71f5c
03464a274
7d03f3a2f
04304e7d7
04fb265b7
7c20fde78
7abaeb492
7cb10d218
06f34a40a
0054fbfb9
7da879152
03830e356
041f69105
007c2cd1c
7943383ff
7d79df057
0423fced5
0495aaabd
0156053fe
7dc36601d
79dd02912
7f18fddec
7e086c17f
7c99bc474
01f48d13b
0634a12f6
02d55040d
7ad51cfca
7de352906
0088d7f08
04d2027f2
032819a13
01a99590d
7d16cb5c2
7f7c3402b
7fb2c3cc3
01d4182f9
047789629
034869fd2
01488f8eb
7e2f0a7f0
7f041a842
7db79a5a1
0127cc847
02a9a08de
02dcdfcde
7fb1294dc
7b5334a87
009fbebf1
018fcffc5
01dfde47e
7b8ce6508
7c44a7bd8
7fe1c4d5a
7fe08ede7
04a233146
7e53fc4b4
7f9739b8c
7ee602d08
7c5dc6c7b
7f1abdc2e
046753384
7f702e5f8
7e76049da
7f4ea2095
785cc05ac
7f1406b82
014af00f2
7ff5c5cd8
03782decb
042337941
0042cbb59
0197dbddf
7d8ecb784
7cab08fb7
7dee2cfd7
00536d2eb
78f772741
7f985acc0
00c05cf6d
01ffa614e
7f8959121
779c7aebe
00c5ab180
069e19f78
7dfcd26b2
057f546f4
01bf064b8
01c553b60
04c288c40
7bf251801
06bce26c5
01be711d5
045bc20d5
058b05331
00a646e18
763d3951c
7c181514c
03863347a
7705831c1
7fa8210fa
01cce393b
7cc6438f1
01f787a47
0070c3f2d
7b9cbf85c
7ef931929
04ad45f7e
7fa93cd03
0157932b3
021b45335
7dfa81eba
0364324e7
7912f7f55
0081fcd0c
7e32ebdb3
7ab53e068
02cfb1685
7d35bfa35
7be15de6d
017efbf43
7e1d12330
00978dcbe
795a0bf30
01c85970f
7b29487f1
05a182de7
7ba1b5fb1
04a7f4728
7b288ed71
7f5cbe39f
7a2acb8fe
0130342a9
7e3e37605
022dfe35f
7e7040060
01753aee6
004fdf3fe
7ebc6ae35
02341390b
7ae043be4
7b76177ae
7f67ab1cb
000bee4b4
03eb74a87
07196bdcb
004687aca
07dd33805
7ad46b227
032e8b73d
7c2ad71a8
054f06e42
7d96479cf
7a66f02cb
022ee84de
7a02e363d
7fa2f7813
7fda290e9
06c44bc89
77766a092
04f77dcd8
03349015a
7f15472b1
7f43b47c8
78b6f3163
7eb6c272f
7fd08ff07
7fbe7efb4
00615a03f
04a426644
02589602a
06c3a5390
78dbb6c8f
07150436d
7b3490158
0466f80c3
7c55520f1
7fe0295ae
013fc8dbf
044649fa4
02efe982a
07c6d5d84
79e329d34
033b398fb
787301cf8
04d33c051
7a76715c8
0399ee27d
023b2af51
7e47fe5be
7e8a16eaa
022f65d9e
7f7ea93fd
7bd2d4606
763e00572
7dc7a0ab6
03fbcdbef
00af8e4cb
7956cf6a3
7cfddd7f5
7c590611d
7f5ac40d3
7c9f79e5d
7f25ad3d1
031903775
7f1f8867f
7e355dc40
00333c381
7f4a88510
0193a131b
011c3f038
7eb48e236
7d8004a78
04ea9f9b2
0031bf4b9
03ad91843
7e5b5a3fb
07186e92f
036bf38de
031d58b24
7e1751788
7f6a9dc5f
7ed5095ed
053d95af8
00f6ad635
7e2166e6f
021842bbe
7dbe4655c
7f6e5e209
7e764262c
7fd7cb5c9
00733add9
7e90c4559
059052d78
7b46124f8
034ed9cd3
04c19943b
7d0b57afe
7e2048f13
00beaad57
7f042fbed
04a676f1c
04ad03c40
7ab0e90c1
7f3ab0d52
02293d8d4
785570a7d
05e72c688
7e34c02a0
0027a562a
7ef2ff07b
02c58221c
050a40050
7c2b44ee5
7c985d56c
03f00fc8d
7e1aa8c15
0116baa2d
0004b1923
7acb97e25
7ba8db753
7cd95e585
7cf548915
02e9a08aa
051b0ad41
025ebc9a5
792ecf077
7c73e8019
7ac87e3f1
7c8cbac8b
007dae959
01da50bf4
0384e9743
00d7b7544
7c1915bd5
7ae2d960d
7e2c52982
7984d7ae4
00198a048
7c01a6462
0306dc0dc
0259fc1a5
798c0c8c2
777697dbb
7a0c681be
794131b2e
7feb0991c
0348c767b
080091ef2
7fcc72df7
01260cdd5
016286497
7a0a14997
01ef57bbd
00d866411
00389846c
7e8842264
7b00ba711
08e5a79ad
06f52ddd6
071d325ca
019a37cc6
045fc3637
7cc00209f
7cda911ba
004504f9d
7f0ebd845
7990fb375
799b2f62b
7b5bd7928
0171ea155
7fb9806fc
0a654ad52
009d36364
7d685f598
0096b7805
03df121c1
021ed1dfa
05411e58c
06c4de2e0
008ae5e37
01080f148
01c65fd68
7ce5f227b
0153cf5d6
7b4032568
7f25e0d95
7ecb20f8d
7c732aa43
7b113e261
7fa0b59a4
7ec8cb72c
7fc6fab9b
7fc543423
7fed27bf9
7ef33c058
01b18392a
7d58f458d
025687a54
017b8a822
036ece3ff
7eddb5fbf
012b7b172
7f555f546
04691059b
7fb8455aa
7d0a72c5a
7f19cd81a
7cf1a3d2d
7ecbe56ce
7fac90c99
7df930c0e
7bef1b035
7b2b956ae
7c5a92e23
00df2c538
7ed63dd31
7de982ae2
021571af8
065db709c
01b807ae7
7e10bc8cc
00870506c
7e8ce477e
007116304
027d67aba
7e582a621
7c0288e9b
7f7b47792
7f752bbfb
01c109dde
7e586fd79
055fa1adc
7d747b82d
037aac377
00d24d927
7f04bdd30
7fb54a9e6
797f1670e
0255455e8
7f8a72756
0104c050f
02116ed31
7a6ec0a14
7b1978c8e
7df10a7af
01990b002
00daaaf9a
7ec31a13b
7d8a39b08
022b91017
7d1e9d612
00b5b23de
02c2881bb
7d86ee83f
03b468829
008aa7011
04e3bd070
7b53e1d10
016908b89
7e9d808d6
0187ab805
7fd2c6c19
7d8e07248
7da8010cb
0158da337
7d6380898
7ec793e0b
01c3b1f71
7c6c21066
00c21d10b
00460de5d
052c6c615
7b3102640
0730beee7
05a8fd879
7ce45ae9c
7d0f56ead
7f3dcca7a
09c2b3cb1
064cef0fc
7c8343278
06a905e4c
00784310e
7d2fcfaef
7e6a8111e
01400928f
7fd2667ce
046fac364
014136fcb
03e3e7a33
0155e9daf
7c57fd9ff
7b56a154e
012fdb38e
006ecbd5e
03b5f62ea
7b596bfe6
07aa047e5
00ba420fb
7cf56c0db
01392b865
7e655dacd
7b1967d5a
7e9f82487
7f5b40fe3
014b50b72
7db2e3aeb
79a4b4ae9
7c8cb68e9
0aa5fe797
038fd9501
05b7b5ce7
08d1931c6
04d07be3b
09f452af4
02334c306
7e9db3cf3
0b78c84e9
7e12c9b17
03e18f389
0392c5e56
00ce19734
041ef9e03
7e4c4e04a
00d8dbf93
029f2e985
7f72d48b8
0207c7b31
0261262ac
04d146837
7adde0cc0
029de5cc5
0147fb97a
7db947ec6
7e8a13b62
0166d6277
7a20b4bbf
7ec1e2cd3
7909e6d4b
0338e6d0d
7e7c869f9
7b05d636a
7f5fcfa4c
799145138
04e1aa3ca
7f66d1ff8
7a5f09f3e
0526afdcf
01d632a03
7e6efd0ec
03efbcdc7
0165aead6
7e37d38f1
0339b98fa
7cdcde381
046d9a3b7
00c51f242
7db12b70c
01350afa4
014f93cdb
7edbfe81a
7f9c4f7c4
0104de399
7b58180c8
019f75496
7cc0e358f
043d97c78
0013cf8bc
7b3101ea3
7e1564cdd
7af170a99
042e2b2ce
016b705cd
005457d0f
0bc0708ec
7e021e2e5
045b5656b
7d2c7e1e7
7f6e96876
00c007b8c
039056cb0
7c5fdee90
00e1e9e89
7dd626ef5
7957ae6dc
010be974a
7d852a871
7d2a44e6b
79444ea70
008f40f0a
7a6b75292
7fdc4380a
04ca82a92
04016cf1b
022ca87c5
034a77175
0236ad4e2
7ffd88a3f
0178e53b9
01c7ef7ef
7ebf378c8
03ff11b8b
7d54b73a9
7ffbce4fd
014e7d1aa
0239081c4
02e254f74
03a532f3a
039b1e38d
7ba40ae69
01c11a7fa
01583e653
030cf4074
003f2ed48
7f5666f9d
7d3bac671
7b4609430
7f53d1c06
7c26b2ff9
7bc5c8012
76de6ce2a
7c09915ac
7f47aee9e
7e919650d
7ec229aec
04303fff4
088485e7e
04e54c37c
030b5579d
7ccaec279
74b937d65
01b0bdd35
02a0ec766
7d291090c
06f22d3a9
7dc0b950a
7bc6466e1
7e5143ffa
7a53a66bf
7c18b03c8
7dc364723
78d9a43da
056071848
036a52ef5
7d053a881
0039741af
7e9ec7170
7cd607b7e
7f26d6650
7db870212
01f74e43e
00cb73aa7
7db0b05cc
010a57e9a
06d14539b
016129386
7b41aeb59
031a02a4a
7899445bb
00e60312f
03dfe39bf
7cc5b3efb
75e3d04b6
0813b697e
0790accfa
017d9e1f1
04697a22e
01db0385a
02acadf27
7f8e0482d
7ee6a4f50
09e437e42
03b718046
039e269ea
7d83b6736
049e2771f
007a2da01
7efe30353
02424602b
7b0c57faa
7ccf60c9b
7d157fb7d
00c7352ba
0066e0cb7
0245ae135
04674e86a
00e591b01
080a12d38
007459927
04a88cb35
7affa905d
7f39ba216
015c2887c
00b06619c
00a061308
7c9d51c3a
7d652abba
7ff663d19
7f44b62c0
7c6178245
7d44e51fd
7d7605fb9
05f5adcfe
7e43f4a28
02dc63f45
7fbd1448d
7db31f16c
039307115
011a830d0
03e7e8885
79f66dd19
04641086d
7cfea4181
00760076a
040356212
7a274fae9
01520860b
00c058260
7bff3d667
7db4586a2
7d3490709
03fba0114
7dcdf1d2d
7d72bf03f
033de63a9
7acbd8dff
05461ab9a
7ed937cc1
7f67bc1fc
7e0d987a5
02fbeeb44
03c1b4b0c
7ee7c6263
01e42f7c3
0132fa3c8
7ac4df910
03ac0b161
04353effe
799c3d374
031001550
7cde6f3cb
7ae663c29
0421a765a
07b6656a8
003a69f74
7bea52e25
0655a7521
02609c6b9
02c9f46d7
7d8b35b0c
02cbecd84
7e3f05fe8
026bd9a73
7c1bd8ea1
00084df9b
0658df11f
02241d63f
7d1efc512
003eac34e
7efec8569
05fb59019
7dd33647a
024c03d52
0245766b4
7ffa590f5
7edb74192
7e32fa83c
00a514c3d
7a855cbcf
7fc234349
007ef96ff
0005fe91c
7c7900008
7c514ea34
00ec18541
018fc5450
029493dbb
7e4104481
00bee67e4
7db475f3d
7e7cc249c
794eca1b0
00dd1fadc
7dbfc030b
7ed83b860
025e00622
03c1267a2
05b51f8e2
7a83bbe19
02bad3320
01c9118e7
0335cd84b
02fa5a168
037d0caf3
7ac200e06
789b0431f
07b3ad1b9
041728cf8
03036bbcd
7d7919237
7a97347f1
7f7610a4b
036ca68bb
023c9c459
037bb280d
0874ba87c
7f380cbe6
017cc7d7e
00ed11ab1
7d455e47a
7bd5bc7ae
769e547ba
01c5de6e7
7b5e440c0
00a7ff66a
7f2a882b4
0654c1357
7bc3ff7cc
0335ed80e
026c041eb
067a87c2f
7bc8df095
001733531
013793a64
7a369ebb0
000d80499
003e13334
04df967bb
7879a9e5a
050645d72
00d8b2ec8
00bf0be31
7e19db21e
00871ccf5
7d20c5758
7af36b239
7cad8c9d6
02b7440c3
794313ba0
7e0afd102
7f71b7c88
0221e7168
7da7e4390
018484c45
7c438ffab
7b51ac5a1
03b0697e2
7d7d81c19
7e8507c84
7d7bfd27e
07344907f
7e922d9ce
02787c859
086d9979c
7b7c7179a
03e810ce4
039ccb2b6
015d2112b
7d093e15d
0258ef7d0
7a4340eb0
7cab3bc16
7e2986e4d
7c6676148
7f1f43af6
00063f06f
0049e6fd9
7e96827c4
02c6399b7
7e56221ab
0622d1d3f
03fd87aa1
0150d7276
7b6362492
7ecf6c882
7fc83724e
7b843991a
7f5af5b64
7ec17a6b1
7f70a5ceb
00fb350dc
7b4849b64
7b5196b23
011ae7f95
7df4ec872
043d86c60
7e68e4d2c
00ad0ed00
022ccbeed
772ba18bd
7dc87a1b7
7d1739195
0551c333b
058daeb0d
7e0185f3f
7d8810a8d
7b3c2f847
7ec702733
7fd6eb4f4
79a5c9167
0198c0d8f
006daea85
021a3b1ff
0490aed8b
02b60f57c
7f1bb2fe4
00d86ff47
09f82143e
07c5db3d9
7f1413836
7e30fe1ad
008cc19b9
7adee6003
08612f449
793e041c2
7e8b66af4
03fef48dd
7e2e30e0f
78229e26a
047344385
7a4533c41
041dfa917
7eaa53848
7d82f5b1c
7fbd195fe
04b96233b
0291dd12c
018b136b6
0303ca2b7
7e3cd5db4
7e1ddb02b
7c5db0db4
7ebe97e7f
045056fa0
03838620d
7abac0cad
0211c353e
7b4f57dbc
03abaed1d
7eb2b78a5
7de2340c7
065bce318
041e6134c
016081970
04e6e8aea
79b051726
016dfdc62
01d0f47a6
00c366ca3
7c6a5fae6
00b7cbe1d
00f52c7fd
7daa99d04
00c13b6db
03ac372cb
7f608cd1f
7f7aead86
006837891
0025da854
7edf9eebf
7f7368123
00714ee84
00021e1a2
015cc4bc7
032792f20
0535c17a0
0610a1fc4
05aabb9f7
065a65752
7bd2b20f5
06a185790
0045e46cc
7d4460ee7
056562958
7d19bb225
068bfa622
04e099705
7cf71072e
7e281c08b
01ac366a9
7e1f7fa2f
00678911c
00b5e97e1
02a954792
02328dfc4
086008268
05c2266b5
022cd6c25
016c506f1
7d5691fe2
04212c3b5
01889e19b
0184f0c64
04e5ff361
04d2cd19a
7e9489e81
7cd382f28
7df50d313
0240f32d5
00a7f661f
029d461fe
09102cfd3
7aba7d87d
7fbd134d9
7ee74f5e7
7f3e44b33
7c192dd05
7f83d6279
7c53fde96
7d680c425
7c2e01d15
046544b42
04300e42b
00e56df6a
00c46aec7
006842b64
7d7bd9dfb
0005a5a5e
03319c76e
026e6ba8d
7c63826da
7d175afe8
7db97f64a
7de0d16bd
78dc657e3
7e98eea6b
7b8956ca1
7dba3e753
03390e7b2
02532a459
7ef3ea4e6
04799e74d
01791cca1
02135310c
7d90cbb0e
053fd56f0
7d93fcf2f
00e80dc5c
7eda2d128
7e28688aa
01a9a2779
00bd179db
7a31d8ba6
7d3753c1b
042693905
023fa52f4
00c16f6f0
012779162
01a7a8d74
013cef5fe
01cb8be0b
00724aae7
7f12e4c2e
00ab127a3
009370506
7eb1a1d87
7f260e326
0051c9952
7a9589662
777fdbdbc
021740da8
007547fd2
05e2128de
7f13e8aeb
00fbdd9e3
7fcec97cb
00d8a3f20
7d577a2e6
7b9ed2fc3
7ba6c41d8
7c7c95b74
7d62262a5
79179c53f
7cc51ee79
7f2c422f0
7f8cf497a
04eb50de0
7de591bda
7676c9a8a
7eee6b889
7f0c3fe60
0193b0d13
790ac8065
7db60e1e2
7e9a9d040
026250f4a
0361581b5
7a9ee1b4e
01edd8a60
07b4a076c
00036839a
7e02590ae
7e20a61f6
7f1cc7cd8
01bd81449
7e9b61ea9
7f90123b0
7a96b4323
7d18b762f
017cf40ad
03143d890
01ff3bf91
7a15e2b76
7fcbed211
7f9ed4286
014361899
00ed0a447
7f59e3e8f
008c52324
7ddd94f55
7ea3f41e0
03fc53aad
005b8c4aa
0279a7ff7
7f2bec163
025fd1e93
7fadd2e3e
7f0e63759
0d18152c3
05670d280
003d52b71
04dfd8114
7fabb77a0
7bb011855
7ed0b21a8
01b6056ce
7d4ed8fcc
7d6c04fd1
7ffcd8d3e
7c68dfb69
011ec268d
034bc327b
00d8b1e99
7c810623d
7eb0861ee
024e92f61
7fb4ec7f9
028fa69fa
7fca84106
7c44e0e3b
790c83baf
7fed9a3f5
010ff1472
00eaa98ae
0412140c1
7c081c8c0
7e28ce3f1
7c9c3c269
7e7e2bfa3
03d451e3b
0530acf3f
7eac0a49c
0326fa931
7c40935f9
7c392d3a5
01c90e868
03f81b05b
7b1ff845f
7b85a251c
7d3fb2c4c
7c0935500
04d8b56c0
0465f9631
7c9a07271
7b572187d
7e1af9293
01c18ff8f
06f0b7a5e
02454abb3
79690d3b5
7ccc1c4f7
7d63c90e0
0078a2448
00ee5d2d4
0179eed83
7f4ac908a
7ceed44e0
7d9aa1c4a
7499d51b8
037c021bf
02c3b9dd0
05e5e38c2
7ecfb2af0
02aa1c9ac
073c3b6cf
7fb8c0ee7
7b37272b4
06a1ff971
055e02f50
7e1a0de57
7e4557f96
7a98bb7d8
015b2fd5c
04e26efae
0441996e6
7f10c2bc4
7ecfc75ea
78aeb2ead
7cfda3eb2
015e328f4
78777dab3
037848ecf
05bfc66d8
7e1f23652
7f0d4cf4a
01e939c43
055c367ce
011df1f43
792651f9c
096394e9f
7ca0c9831
7780f65d4
013b7054e
7c325e6e2
0285dd1a4
7cddcd8ba
7f14aa88a
00ea437b1
7ab4ed68d
023e5e290
05b786436
7eff3c314
014263fc4
01abfa3c8
00449c4df
0506af2ab
7f3fd9f42
014a40dad
7fffd3bc0
7d12b1e16
0ca53102e
7c08fc377
7ef33644a
057581e1b
71e6a8c34
7c70b6e41
028589476
7f34b4abd
78eee2d46
00a888ebe
022754324
7bddb6d8b
06be3d997
04d84292e
01d2f420d
79c3c185c
073a49b6a
797a5d929
00e5c6bbf
034dcee5f
7709553d7
021bdaf86
7ca703eb7
7bd27ed3b
05d1583b3
7c208542b
7c74ae679
01eab6ef3
79afac9f1
7e91f774b
02d0bf72b
7f7230448
034e38205
7f7ef762d
7ef214ba7
0759a81fd
02e15a18f
7b5457b10
024a228aa
009444e98
000c9a1f2
7fce676fc
0190d413b
00fcaae52
7dd644bb1
7d0f91b7a
7e8520054
0312a4796
016ba2842
7ca2af064
7e01babeb
79fe609e4
00c3ffe1c
04689e19f
7444f619b
04f67d148
0233495ee
06cbe77b3
7ffb3d1db
03abfedad
065e74c93
00ee65317
007fedc03
021ba01d8
7dbb0ae7c
06269b61d
7a8a0ffa3
001c40a0f
0033fde38
0a622e3d0
01e6767e5
7dfc26750
02d128592
038397763
7e2014a56
7fa3a500a
7e6753f90
7e5927bf3
76702b3e8
7fbd0479e
7c63f2026
7fd93b52a
068e4b06c
05208c788
04e81e771
7d1d97506
7eef6c197
028f84e4c
7c4fa1f45
7e94fcbd4
7e066fa73
7d70a7214
00c788b4f
088e3dfdb
05d9088f4
763eb0405
7b26d630f
7c60ba72a
047e84b9e
033625355
7dcb416c2
7b9aea611
03a8a7c04
07da4144b
01d7d1062
00cf9e9e5
7ec270001
00cbb6a0f
7dc73aafb
0227d61d0
06cfe0729
057f5ded2
7eb1c6002
7c619ee85
7ecc035d7
7f3d02ddc
00662e5ec
0182d7427
7a4f02941
0022731af
010e9f850
00771796b
7c51c2774
00a97f222
04c747a9f
7ececaf74
0586c22fd
7d8a52832
7a200251e
78195b360
7e401578a
79b6d135c
00fea2294
002ccd6b8
7f4436159
07beb1cab
04b4ef18d
7ea390049
7b89b3a58
7cf2d5220
7e2722be7
03db1a4a2
024ef7f2d
05816d1ab
04904dee7
7fc3e9d39
02d4f0a12
7e4a6a540
016535d83
7b4b53212
7aa20d1c2
0671ed991
07b1b443c
0532befc3
02108bc89
035688d1b
02f1d5850
00c0c065d
051da721f
7beaffab1
7d486803a
79369bd87
7f933381e
76dc43c6c
7a87491fe
7e44f0001
7d0bd811c
7c510cda5
7e41fdfed
759d3b9c6
7a1b2616a
00dd98221
7daa107d6
05d69426f
793f46906
08f5a72fb
00ba12433
078cdc508
05f6a1659
03e93cb0d
7d63ccb35
013a40286
7f0d41a3f
7da15c5eb
7ca06ddee
798cd5c11
7d0997f54
7e6669276
0324b0b10
0246441b7
06091cf40
78bce2748
7f25dc218
012203856
005ef9360
75bf2f47a
024e6df50
02dfe7dc2
7e8bfde92
0282a565c
0269cf272
010b726aa
7e4939907
06522df1b
7c2010862
7be6304c1
015653b36
0259f02de
011d2e432
7f63721e6
00d202a73
015c45086
7d09a64c8
060c11c7e
035bed6b2
001e03995
05c794d14
026d069a4
02c4e368e
7d8de1ac7
01a64d610
0202d5144
02834878d
03d3d7cd0
7cc7af78d
00f4fcfd0
02b239f8b
008bec4e5
008d2e0bb
046e98521
050ef5f4b
7a0073d93
7ebb299d4
015f45f83
7d004a242
043dbbe79
7f3b8f3a7
7d4bdc394
7cd6e3e8a
001953258
01c39e5a7
7e7c2793f
04271ad7c
7d61fdcd3
02ecc1695
7dea02dc8
795ee2b8e
7ffd38796
00878c744
7e59de4a0
01c77866e
7df95d9fc
02ce8d92a
7c754ed0c
01ad24fff
008697ccd
7f89536e8
7cd09950c
7eb993b10
039194eb1
0075e36f0
7dc81e628
02b30eb62
06cb72018
7cfd83d0c
0000c64e1
02b1912f0
00f0a384b
7f5d6c4a8
022f0ecd3
00b3877d4
7fbb17957
7da0861ce
006d41ede
7ae5d0717
037507fdd
7d07c8ebf
7f338d3a5
7dfcebe30
7d43a4a12
00c2986db
7ee6615c6
7b074dffc
0379c6be0
7e89999d9
7f77185ae
7f4f18c4f
013a337ef
7e87a25fd
01e0c12ca
79c5ac7f2
7f2274b91
7b321f657
011bd68b5
7f2e79c56
00cfdcbf8
7f479a6f3
006ba8cd9
00a44da05
00eea84c3
0150b74f9
01d7f1328
7fa2c7d5d
01075afbf
0618bc4c1
79b8c5461
015373690
05fa85203
7eed15dfb
7b983fb6e
04bc42e7d
013bb0330
7bf446188
038995940
7f208c47b
7f8882e3a
7e53cef74
7cca235af
7e1fb701f
012e2fe43
0168e1ccd
7bfa485e6
00e8a5fc9
0333b1a1c
02453849a
7e2960d59
04c1ac652
7b3c3d74e
069bcf996
7ddd29c9f
0340ee76b
01136dfb2
7b5e8a6bc
00aba83f6
0334a291d
7e0411475
7ca6648c2
05ac22713
7f423ad12
7ac564907
7d921642c
0330dc657
014633148
7c7eb0d02
082d30cb3
7a016ba19
02bf26585
0345cd7a3
7e40e8a86
7f3230450
002aa98e8
7b95db23a
01f8c8205
01039cfb7
0117c10d1
7c8e3d67b
0036d1672
06162ccf8
04b5a8f56
0060f67bf
06ba2a487
7b627658f
7da3fd98b
7ca2dd75b
020262427
7ad837ff3
7cd3417b0
02892155f
7bbff32af
7bd36db11
7f6b1a723
05d3a58d4
01d674079
076c378f7
7f2933667
7e3b1712b
7f9ceae62
026b5fbe0
7c1ccc8b9
010c0e559
0409458fa
03f2bfeee
01f7c7594
7d0d64db8
01adde1f6
021818f6b
7ee9fc717
7f726f204
7bb460d01
7c0ec4f75
7a0f5dfa2
02047a969
78f85cb68
001453c32
7f4c34415
020adb2b7
0173aae32
7f335d65f
7dc34899f
7f7420a29
7e6cbafbb
7c6182ca3
00c241d91
02e0aa402
7943fa6a1
7b7f90c4c
010444310
03af1e160
7fd60e98e
7b5da8593
02fe7a5cb
023b44c8b
026b91373
7e89710f5
7f35f96de
005553bb5
00e1a83fa
7bd0b278c
031703af3
006c0456e
7aa510a70
7ff86c6e4
057e9aecb
077f02d36
00a2ac3d0
032ee0ec0
01c20b41e
01c3486cc
7dc7c7794
032282e47
0296c88e1
013e09eb7
7ee5a82ad
7ac9a778c
7ebbeaf62
7dc065de5
7e90ee263
0672fe4ae
7eb23ed6b
01530a83e
047be1ad5
7c3a93edb
7d85b2769
032ed6923
00c598ae3
7630e0f6b
011708e36
7dd5f313a
7d6afe9d5
7f9c5a21a
7df971d0b
0235d6ff5
00b24b920
0500c8897
03e0e38ab
060d97b25
030f229ae
79837b3f9
7f6c4146a
006ce0453
7a9e5fde5
7d51525f2
7be5f43e1
7d45f231b
01528d754
7f0b0b9d5
01145a06a
7b5d9650e
01d600836
00a917d54
794d14522
00a783f80
7fc08849b
7e3a72e4d
7fe121755
000640972
055ebda0a
7e576eb16
00f31f636
0221f72f4
0652b0657
7b826f48a
009375770
79d432ab3
7ce57c222
00e6c7087
063b2055a
7cd8b77e1
7f10883b8
020a3fa10
04195a7b8
7da5fbe4e
0088accb7
7c865d8c9
007fdbbb0
03de72acc
7cde17fdc
010fddef2
7c6cfc555
027e208bb
03954b30f
021e50fcb
020815e40
7bf44bbb6
017f6e17f
0294e331f
0bb92de75
7e7942b56
084125214
039afc653
79d23a37a
01d0a1353
040ffaf8b
7d26969a3
7c528c459
7d847ee85
7c570aaa8
03b6b4ccd
05ed7b7f7
02b8c3d0a
065dc5305
0271800ec
7c992854f
7b2df8b9f
7dd2b32f1
7f6283e51
7f53aff4f
7b8e1a3bf
04695e2f0
7e915bac9
01a233db3
7dec758e0
77a89cc63
7ad93fcda
01c40d976
04589edcd
7e8fcbc1e
7d4fba12a
75a367711
7ee0be214
7a071f9da
7d43cf506
02b73346f
7bec82a08
01065e508
0045409ae
7ed9ef022
7fb9a9cbe
77939890e
78683d555
04445c141
787d1094c
029665f2e
7b32e68be
04793e009
075772c4d
066c6958a
00e331474
039ad9b4f
05d1528a6
018136024
00fd26438
776d63f15
7d486bf85
01cf0fbca
7b505a616
78c403e3e
01d67e897
7bfed092e
7d2914fb5
016504638
7fdc88051
007fd97e5
7f33c10f1
031675728
0372b4986
017f2243f
00a958d40
7cd7f324d
7e3f264b6
01604d9d8
00f21a3c7
059ea2d55
7cc594524
0536de16b
7f882ea7f
020dac152
05e878704
016704c22
7d805e81e
748c8dc37
7d68e936c
79cd06daa
7eb715d90
06cba8e40
00ba95388
7b6b16bc5
02a65fa5e
022f170d8
7fece5e13
05c323879
7a8cc67e4
7d78f6178
037d2fcdf
7e734059d
7b11bb234
77bb90f54
799bdb94a
7bf72de3a
799407657
0457717d9
7eed160be
7d7fb9b8f
0154ca8e9
7cc292e9f
027b35b01
7edc5ba03
79c1b4d01
03b9a385c
7ce44eeb3
027db6c5c
046733fe5
039a2634c
7ea5350b7
0184666fa
02d694c0f
003c05a5d
7f8deccad
016930a31
022ffc55c
7fd5bdcca
7f978f8a8
7d9c902a8
7d0654b8d
79f9444a2
7e693e73b
01484c7a3
7f8bd9df4
7f4a694e2
7f820d288
7feae37b8
02c0ecaef
7ab28ba79
7b403f146
0059a216e
7c1d83b29
7a299f84e
7d0974870
03425d6de
7e6a3fa2f
7ed53dbd4
76f10fce5
03067cfb1
7dac9476e
0198987fa
03ee95f1e
7fc5a2fa9
064f5f675
7f597ad71
035995600
02071f962
0046d3c7a
7cd64aa91
7f0e110fb
03823a780
7f0425923
03ae034d7
7cb2b6ba6
7fb41798e
7fd27d1bc
079714920
790b113fb
051f56cc9
044c533e6
03751b2d0
00acaaf7c
01093b536
7955beb27
00428f2a2
7e843deff
02da91ac6
015cf8ea8
00a715a5c
00815b6b6
7db40fd23
7e406bb0a
78b04fefe
04498f4fd
7d9673332
02efcafda
006977598
7e6d89e7a
019538057
7a384e706
04ea9408c
001bc4d01
03263f5a6
0089938b8
02e57775c
04916807b
7d6d37701
00954115d
046c277f3
02575b891
7ab762485
03a9f11c9
78c030bf2
7d89fce74
022eafbe3
000be3801
052c113b4
035f2ae34
04ebfe560
045e05f73
05b7128a3
0845e1fdf
77ff57827
7df6096f7
0421bec91
00e222f0c
01fd9b2df
7ed118258
03bf992dc
03650be73
7c20685fa
01b4eb0bf
7e556761a
7e01e09f9
7c40a8c59
7eaf38e4d
7a469fb98
79cf28eab
050f87a34
00fc2bb84
7be0f54a5
00788562c
059ceddff
05d4c6d63
7eb5c9e37
0005d6bb1
7b31eac47
7cf9e4daf
7b432b00b
03c77303d
7c5eb1812
02c60b8b2
023c562c6
05a3a54f2
7eb071875
7fe81ffd0
00f459c9b
7becf97ff
0018536b9
7924d0cf6
7ab8b4adb
05f32d59a
7d12dec4f
7e25f2225
03d429edf
00284c0f0
01a9fa478
7eea1daac
7b24a560c
7a327c351
02d72c45a
7c0e7b07a
020a4029f
0025161be
01e92020a
0381e6a60
0506ab0b5
7e5f94d11
7ef7235ac
03d18f0e5
7cde7fdbd
7c26b52f2
047d7fb71
7b7887b9d
7a3076769
025c25629
0075e45de
01813d64b
7e621142c
7cd306772
028bf6c04
7fbe0b7b6
00aacea6d
03ce58f46
7d24536e8
0552317f8
03f0d214c
005f41453
039f4b403
04dce7b43
02b1736f2
007985e27
7c1ebc80d
01b3a4c91
78ddd023e
7efc0dd63
7fa83fb95
042629d41
0349cb6d5
06046c2e0
7f062759c
08c81a26f
065a924d0
7e7290bfd
7eb6872fa
02b48bfa3
026226fe0
7f7f26208
047c9edd0
7d5e94d26
7d2b15245
7a5557bc3
03c8d9930
051794eaf
01bbf6017
00bc78a6c
770c706c5
059f7d703
79c9ca83b
03de469ab
7f9c47aca
7cde9d6a3
7ea280942
008fca5ca
7acb36a9c
02a7382da
7b9f3f96d
7f0e3f610
0855f15ea
036233dd8
78a0e1af3
07c6629d0
7f82552fa
00bdbe0a2
051e19ffc
7ff3df869
7c3607600
796e0bf9b
00f116037
7aaddd7aa
03d8a7ea0
7c5164abf
7d5c0d424
02dd4eeba
021e9d9e0
03e7ee242
7dbb03cdc
075315853
7fa0758b4
026f8c236
02a6eb1af
7d62e657b
7c4c84844
04837e1ad
063ca0a92
78f0db7a0
7cda59e3c
7f6d55168
03f2d53f3
7b32f7702
7f9f0db61
7e52987c0
01b180477
7ee651303
02ddaf639
00aeb23a1
7bd46391c
025f89bf3
00e35bcc5
02f157214
7d6d33a24
001b9f6b0
7edf32f5e
7926c6b92
7e73020cb
001fa84f2
025fa90bb
02f3b3ba6
007b67382
02810b292
0235864f6
7f9bc3cf2
7c78df4cf
0021cab99
00a5ea04e
060631461
06334f49f
061a3bc98
05edb2d6b
014569306
01495355e
7ce0a691d
7d357cf19
7c82577f8
02c09f32e
7cebf5a19
009eca793
02771e3bf
04134fb58
00655d31e
00260a293
7d3f5659f
01795c99b
7eabf2f47
7f81521fa
023c36819
031e91f13
00010e231
7f953e170
7cf6383ec
7f4e416c4
7fca0bf20
04d4c7ecb
0002b5d2b
06752c0c3
7e42540ee
02d3a568e
7f7fdcddc
7b3a4e610
7f14b3beb
0264474cd
0068f6c1b
00748683c
7a1122988
7e405782a
0275e94c5
029abfa87
7fb25f889
036937eb1
026f031b3
7ae9970c9
7ee2a095d
7fbcc5c0e
7b6757b49
7c01a9d68
03a269e85
018888cc7
016e8e2cb
7f2a7795a
05f48154d
08e12a69c
08b87a664
7e2e28b3a
0377ff219
03768a7a3
7c69cd146
0923d0185
05248de7e
010eb15eb
7f84f419b
7defe9813
04b5ef3d2
00f9102a4
7be8d173f
7b257c83b
7e2282123
00624e581
0072ae7f8
7e32826aa
006546c03
7ea6f0ff5
7f4af0f96
793f72f6e
043c2b0c9
03719af18
0560b5312
0159406db
7e16659cd
7f42c82ef
7fb0759bc
03321eb0a
7a377fc18
7c4cac603
78038c3bc
7f199de5c
01744a3db
7e1459125
7d6fa4d88
7ce0a51e2
0167b4b76
7f43bff5a
7f4b4bb3f
7fdd1baaa
00e6429d7
059a6768a
01bac4684
7ca3e1972
7afbe83a6
7b87e3f0b
7ad0f835e
02c667e7a
7cf3146ee
7d5ed544c
7fb3b7cfe
09ee962cb
7d52de77a
01c17f764
0153ad783
099aa43a5
7f928e847
00f44dce5
7ddd305b1
09551f98e
7dd148d96
01e83a4ed
7ee3a0b96
082c4b7ce
7eb9efe9e
0469c4b05
00e73a852
07bff1853
007276a77
029021327
005daca56
01e8e695e
05aa175e3
7d866fbd5
01d6c4ecc
788ea8d3e
01ae64e8c
7e3c44111
7fe8c99f0
7a4bf3887
0136212a4
7d9aa88bc
7f75cdeb8
0428ce690
7fc470632
0280e1a84
7c3e8a988
04f6c6e72
7ee2d5a6f
03687484c
02b947e36
098df716c
7fb6f8920
03164c32a
029188317
080a73fbb
01c13953b
7f2d73e96
7fa510626
05c991753
057135e2e
08d95892e
7ebbf1c30
05d29d781
021397270
7f0fafbe8
04d281c5f
05ca4853c
7d822a03d
006482f33
00296b676
042ebb9e8
7d35d34a0
7ee803238
0023b2ed1
7e79a989d
014ce471a
01326b2e8
008075321
7b63e6520
7dd5ceb3d
03c6547d5
035b50da4
068497fbe
0459ae7b2
017d52039
089374246
0987a743d
7ee86cb64
046fdd042
79bd2e034
0168fd927
0738407fc
7c9e7ad68
0029e6258
02c749721
01336a27a
784ccf14c
01e93a4f3
01f85c8fd
01d162703
02b8a0569
029c2ba7b
05a9ac805
0089ae5f6
00470ab34
7cf971322
7d7c8852c
7e6a29658
0452325dd
7ead2ead4
7ac1a0947
7f158caf2
02a557394
0048e38c6
027385985
004464b32
7cdca61ff
023389f46
7b6113863
028cfcd74
7fbb1825d
01dc71055
002b01641
01029be0c
013282011
7f48d711f
7d484adf9
7df8d3ae6
7c6e15a7b
050725bc8
7e26cf141
006134ad6
030a95b3b
7ec4cf65e
00c761bc4
7a00d3047
7f06a0464
058737369
00ab375cb
7dbf1e55f
01da0110f
030c23045
023b9504e
7f213206b
00d138fea
029622961
014adefbf
7cc27ee96
027d3d9ef
7dd65c1f2
7e37d45fc
018c7f123
7934e9b69
7fe87b3c4
025ee3465
7cd16ea82
7e968d477
04d66cae0
016f72d59
0071ece29
01ed72c4f
7bdc69a0c
7cb87b9a5
009651904
0359e2ae7
7db2754cd
0108ab46f
012571258
7a854cbdd
7dd23808a
00d257fdc
032ede4f9
011ff9f01
7fcf65bc0
07729d50d
009b913d0
09f86b5b8
7e2e4f4ea
7e0a75a72
7f1397359
7c26b5473
0608f582c
7f1795ccd
7ecc8bbee
00ce9b710
7b286199f
7eb45ec2b
7e9a5fff0
7d2959acc
010e454d9
7b7a3170f
00e585247
7cade1ec0
7b9ee4d14
00c9d2a84
7af69a2b2
7acb2b218
047dec0e1
0076138c2
7d0c34a93
00855dda0
78e472949
039e22009
00d425a08
0030dd6c8
001e1b687
7cced40b3
7b981c059
7dde124f7
0743c0696
05a9b88b6
7f3187963
01d43c051
00ff9bf95
03ec3780b
04646ec3a
054d3be62
01c025cbf
7cecf8777
00a717680
7e9c817b7
00b63b58a
77b74b3e6
7ae2f28fd
7d9ec68a6
03b41d654
00801e617
7cc7d23e3
7d0ff87d6
7931261f0
09f3f9e60
0d2288d6f
08ec2eed7
79ebca89b
02ca777b0
7ee44a503
7cd1484d1
01fb718b2
7bc80e222
03994fb7a
033a2d89d
02e1d3c73
7c2663314
05bfe4429
02a265ca6
01062c1d9
032df764c
7faf9fe09
017045abb
01a61a2a2
7f9b3880a
78d3d5239
7f1125697
030adac65
7aecb784d
7cf17dc30
02f15f540
7ce58434f
7bfb3fa5f
0a471c017
0348abd4a
7aefd0def
0793b0381
02325978d
7c1075b9a
7f8167fe6
01160218e
7e54795be
7e2e3c8cc
0787d942d
03ecf453a
7e43e0a53
77b7ad630
79eae5e30
7b11c58b5
7c834303b
7c1632fe1
01e8e3811
7fec7527a
02a0ad2a2
7ee56a80d
7fa8b31a6
0293e35de
04e4c9aa5
7a2149b36
78527e31c
7d6b6da7d
7c419e032
0901490e4
056ddd74e
7ea4d0b46
7dd9ec0e4
7e789f73c
051a46b40
00104b711
0320300f9
0318110f8
7cb0faacd
00b546087
03a90dc8a
7e710ff83
7f0c74007
0237929e7
7b00e8d0e
7f2150eed
7f1017227
0056771fe
76b0d80a4
7c04585eb
07582e114
7f747ea3f
059f8f823
0312a1778
7ea60bf42
7d027d406
7f54695ba
078aef6e6
01b7746eb
7cebb2f1b
039d94a51
7fc483826
7fa5600ae
7d2253ecd
048f30e0b
08a816181
027d86e27
00bf59fb8
053a26f84
7ddd783b1
7b7922651
05a2be3a2
7effd3045
00013705e
032af5f44
00ea27b8a
02a6a243c
7ffed4b48
7db70ea3c
79d3d5888
7d2380607
0169f0184
02119e933
01d6cd927
019174095
0409b0816
7ad0212ad
7d61a8cfb
7faa8e164
06ae3716c
0141e37fc
7d92347ef
00d364011
0140744fe
7b932a0c2
0290af36e
7f9ec4dac
7f43783ef
026822baa
01de9dcb1
015ee06cf
0104b3fab
7c234f0a9
7e36325a4
00a48def3
008c59210
001346637
7e0fa3d80
009000940
7eb368455
0105c5b27
7faf223c4
026d6949e
091ea3fa3
7fc2db587
047898798
7b822e3b9
03a236e53
7a18ea615
776d9e29d
7db4e131e
058eac5f6
7eeed277a
0495eb420
7c8d96dd9
054122bc6
7ad67f78d
067642523
0016ac283
0505e58a2
7d0942c66
01e9ca0d2
7c4b587ee
010617677
7eae81aa0
01f8393b3
040f06e27
788a26d6c
087b70b62
7d5b23ef5
038b8d8e4
7ec8c6da6
00c272c08
02a56d2c6
04384dc6d
7ceddb36a
7ec009e8c
00b381773
7c9b4ae48
79df0cf29
7ddb6ff53
03c9d81bf
7f2bdc779
7ed3a28dc
7d9d849e7
7e34d1600
011f9d40e
020b4a3d4
03b0d81d9
0567124a2
015c8ef3c
792276863
02be139ee
76ba36118
7be6862d4
038d3558d
040288377
01cc9c5db
0810f484f
786801eb0
05327cf47
79cfefa9d
7fb42ed28
7e19a5993
7ef47d1b8
7bf36dd58
7cef874a8
0259061d7
7ebd0de13
793f0c9a3
7965e30de
02636919f
7bdedec4e
7ec19d603
04190506f
7b7e7db30
07ef3bdf7
00eac4593
07f5c516d
7e6bc7d21
7ac7f633f
00fc464ca
7de2b8f33
064bc6b91
7a28083dd
04d3e9d6d
7f5bc2725
7dfa296c8
7bd069165
7c8556208
7d2772e07
0217fbfd7
02ef8aafc
01bf8a607
7d0b7632d
7d7f288c5
7f0eaccd1
7f7db16b6
7d627f1ea
7f4b5afdf
02bc453de
04c26f534
7dc153c2c
7fc31b856
0139e1be9
060139d9c
004ed4e65
012cf4f76
011841aae
04d334e71
00d7bb62b
00ed462ed
01bc9c244
7ff2ab811
7de0d4275
00ffefc35
7d99276ff
02caefef4
7a308431e
7c8007139
7da40ef23
7e97250f8
7b868ef49
7dbf42ea7
050c6dcf8
01f480cbd
7c37c521b
012bb9268
7c2e8187d
034ec2e9b
023d38716
7ea665617
7c25e4fe1
7cba02349
066d698ec
0315ea4d9
04bb27310
09c9c6b94
04cb7d524
766373ba6
7fb5ec171
781f07522
06110821f
057c38b75
045347084
027dfc67f
05660c7fc
7d18f1332
7e6e71bfe
780332b6d
03dd758f7
7ec0e668b
0470bc329
7cba4bf9d
05a28a858
7f0c60a7b
033fd588b
7f9d1579c
02ba449b5
006548756
7c2eaa561
0151ee247
7757084ac
030a43db1
7efd50b7e
01c1427c0
7ab173c44
01be18472
0101910a8
066588d46
03e23d164
7dfce2510
7d63bce59
7bed25b24
03a494ae9
7d422a8ac
020c26137
088be9faf
020eaab92
7e2754514
014133caf
7da7ceb1b
7f543a110
7b078c9d2
038d8dc4d
7827dca4d
7be49668d
016907ff3
7d4783f08
03382c32b
7f2cbcd57
0788102c0
7d9c4c877
7ca11eda7
01923b5c4
013bc89fb
7ca33bc64
7fbe21245
02060b71b
00c529f1c
021fdb055
077266b44
781c631bf
7bba3e038
7fb51481d
019f093ca
7c2060b89
0388c5c73
002498e40
79cc0e266
0436cbdf6
7e5f0d7f4
7cd5b6b80
0109a6e5f
002f708e3
001bcea57
00faf9872
06cb897aa
0135cffae
069cc19e2
7cf87ee64
7d9dba9dd
7ead0cee1
00f411151
05fc1643b
7e4e59453
7ea7704db
00fe8659f
01a71221b
001114420
02fd50c99
7e3321f59
000075c23
00fc15ace
7edf72c58
7df866e5e
00f3a933a
7eeae82dc
041663e97
7d14ad7e5
78d850ef4
7e0081dff
04396cb32
009c71980
035014f6c
00780f09c
7b90a2280
009a7e07a
07bce202f
044ef2c97
0271664da
0486facca
7f6d500bf
7ca52dd72
019582304
7fbdd2ba8
056e03327
04b7854c5
798fd9501
04dffbbdf
7f6c66cd5
7bcf0d883
079db4509
7c8c82826
7f3fb2321
7ba232f86
06f944592
01a3c30b5
02f768962
00424fe34
7d91e72a0
7de672f34
0301c6c64
01fb420e8
05e628452
06a525f73
7db692e64
7f1e9e002
7eb5b17a6
7d5f92025
0268b2d65
07e0172f0
05ba3aa82
7f067fabb
7b70b01d0
01b30d0cc
7e776af74
795e2d2a0
003f99538
7e870376c
7e6a2b8e0
01ad09d89
0a3f7f673
7f272d831
7c4955664
7ebc72b1e
003992702
03ebd3fc3
7ee4fe116
7f10648c1
7bf212745
03b4f1097
017e5bf72
7e612c5ee
7efc38ef7
0430fcd45
0267797a3
7ef242c0f
7cd60e693
078a8f5de
0502dc5ef
02b989af0
01d118dc0
7e8455cfd
01e097b53
7b2807bf7
7e7f6b850
7fbae753f
009612f6c
7f2334bf3
7be8c4aaf
7e2ba003d
7bcd41fa1
00920c910
0200f14e3
7faa2a3d4
7c9866be7
000867275
7dc101141
7ed7c246e
7fbadad37
7f7e493b0
7bc0ae4a4
035e00b17
7daa48f40
05d55fb39
054c39b2c
7dff84826
7c7c1d0c2
032982200
04361cf6e
025f0395c
7e34eeb31
03ebe2fdc
01ecbac72
003f1a960
01dcdccce
009b90db9
0104617f3
033213632
005eda6a4
7fe3ccd94
0471d3971
0024011b0
047a2b2fb
7b9f5dbdb
0108ace96
0384b724e
7c6d5a995
7fc9fefd2
007eac4f7
0050bf2d0
7957b06b3
01be5ab17
009885163
7d41e390b
7e83ee215
019a07880
7ed65e5ea
7f68b5827
79918c2f0
04e3ebbc0
7e14b0196
7aeae4590
0128e6b9c
02c489666
782128dd2
0432dd78e
013a71635
782b2850c
00516ed20
00cb0b4da
7b0013e6d
033f07dbb
08daa76e3
7bd864dd9
03e526b7c
7d6fcaa6d
00a783beb
7d9f523c1
053237010
02f123589
052830bb7
0059e0e6b
06fd35cac
7cdfac900
049604430
05cdd0cda
06377a07e
01607cf58
089a14894
03bd3c47a
77f3cafbd
0020185da
7d021ef76
7b9a0ee10
7b24c96e6
7ab894901
011ac78d5
7f7a6d0d4
014a99687
7b67776bf
7c11409e0
7c9c6ccfd
04964e769
7fe07ef20
02b7db804
7f5e724ce
0332e8498
05e64acd9
7918170b7
7d4274ec3
795cdbc1c
7dec19442
02cb19d6b
7bf6262aa
01502ab52
035ffd650
79e42a73a
00e32eb62
7e1c0efce
7d81e4ce8
05b072b6f
013d39878
015c2e23b
040c5d197
03b160e6d
7e733319b
7d2a743ec
005d734d0
7e1b31c7f
7e064aaa6
7f9a8e09e
07dd6868a
7b61684da
7b48aee87
7ad743b8f
7cf4b0ac5
01235c4e1
7ea34994e
7eec21332
005be133e
7df800aac
04b78dc59
7d8dc9af2
79bae0327
014658b11
7fcb48b92
7c5279f1d
0722d1550
07ec8c2a8
7c7825945
7bb860ee7
7d2dca8c3
76b364b22
032a22fce
01ebefeec
7dcbda294
01e936fc2
0353ae0ef
7dfe952f0
05e5822f7
7fcd52625
086f8b267
030696cb0
7930ad8b9
7ef609f29
7db196b50
0725fdbb2
7ff8e0ed3
0855b43ac
7f14b8255
7e6bd26b0
02ed1144e
065963055
08aac4063
7ef6ca71d
001555e1a
0117e39d9
7dcbd3195
05acdf39a
02ad733c6
06a35c7e3
7e988b880
01053cbf3
7e3eb9f8e
78fc9987f
77bdf9e59
0366307a9
074e60aa2
00ca5644f
7dfa3c4ef
7e15c5420
06a7caa60
7e7b57e0b
033fff88c
7fe81ed79
006f82527
0169ca01b
05ea271e0
7dc0b5830
05743d3b9
08bf85083
076f64878
7dfa6f6fc
74ea1b7ac
7ff530389
7fe0214bc
07004ec0a
7763e6337
07720800c
7c54ce8f6
79acd03cc
03e76fd45
7f00bd211
04d825d10
7d37f9d15
7fa1ed1fd
7cfc4d419
02632eba4
7f2eeb65d
04695aba5
0176c53d6
000d20d80
7cb4924f6
01aef149a
7d8de8a93
7f1945696
7f429b9b8
002733c0a
7d551dad5
00e5831da
7f9246f49
7fcf24285
0220a7f7f
03911583b
04afec597
7f418fa04
002ee42e7
7f6b69b64
044223904
018ac51d8
0349700d9
7e4cd4e20
030c49c61
0081edbe8
02cc41302
7d47166d1
02e538d33
7fdb93bbb
7ca47e7f6
7d303fbc6
7e3f5299f
7fdcbf4d8
02676c4ad
7dbae657b
7fd5115a3
7fe608889
79fb3cad5
7f188b687
043395e3e
01582a3d4
055ef6263
7e498383e
00e605041
7ef4b06a0
7f0d52fc2
7e8e3e754
049b1a128
043e0518b
0464ef8f3
7de69ec7b
7f207a402
7d0966bf6
000c9bdcd
753e4815c
7b91266c7
08c20ab80
03f4a5765
05585abe5
7dea9b319
07834bd87
02a569481
7e19c4519
7f1656808
05b568b6c
7d42b7745
007015387
7afd81ab9
7fa338259
02f0ddf72
065e743aa
7aaecda73
0042c8dd0
7bb1876d0
7d9ca46b3
003a4ca12
052019c7c
7e7f8cd11
0498d4307
79ed4d943
7a507b912
06afb6acd
7f11c6662
00544a755
7c7e13fe6
014eae064
06186cd71
00db656eb
7c64d41d8
0029d682e
7d27f47ef
7ca506f2f
05f870924
7b17f8e14
04226dbef
018471a8c
04a6e4f80
7f24769f3
7d6a4a6ce
7d1ab24db
05182653d
029a2d146
7e5af2f68
03a8a8658
7c3e75c59
02884b97a
0042382ff
7e8f0e674
7d210a434
7b740541e
7da530ff5
7d132c07a
7f3dd164e
7d672bb2c
09e1a4468
01d93d47d
7d04c7318
7b3adb16e
0734ff5f6
7dce3b880
01503f995
7dfe1315e
0134ace7e
000ab17df
0416554b1
035f51269
027910dac
776ce7378
76d6250c0
7e2034296
0358d7814
04a0521f4
7a3fb7073
79691e84a
7f7396ad1
035e79000
000b99441
7e7677a12
7cb4a2660
7ef597d76
7e1355c21
015a04a09
7f5545c27
058c0e5a4
7c8db0f3a
06f1ad53f
01887e7ed
79e60791b
05c115825
031d82a86
7f1a16c54
793d3ac7b
7b5cba2e9
02431f337
015a19291
049ad1141
7f7326bc5
00d5f9bb6
7d070cc2a
7f6575d14
036a91f94
01c0c24e5
00f813624
7cbd42103
7f9003cb9
7b885fd75
051a72ede
036cb37a8
034402942
7e85cc509
0321bf78a
7f6285f9f
01031a9a3
001dcb74f
0040a07cc
7ebf407cf
7dc774b0d
01a855172
00d86b1ea
0096d2a8c
7f5ba322c
0574d91e5
7cdedfb27
7fa3b46a5
7fc51b612
7f58f5942
7f6d8b93b
00da2e9df
7da8b8f60
7f4188e0a
7c587654a
045c75735
7e761ebc8
072ef5230
0346cd362
7b3af2971
04e8b3e64
7d5f8b42f
03fd11687
7eda4ab5d
7a7623791
00c1b0c0b
7efa2bebb
0a507a86e
08fcc7007
00e8b93c6
7c28d0ae3
79fdf4f5e
01069f1e2
7faf121dc
055a39535
7850ee392
0185986ec
002d36ea1
7d3ad466d
04561937b
07748f85a
7fadd87db
009c3f40b
7e63978cf
7a251cfab
0132b92a4
76fa2c112
00de7b051
05c5162c2
7df2f9177
7dda5edbe
7b7c487bd
7f60669a6
79e5c2cc0
07f2e99e5
01dd94040
069bd8811
7b9961ad0
00858e6d1
03dcaafd9
75988bb75
01c346886
7f8ecca08
043a0c1ec
0141e3bb0
015bd25a0
7bc9b228b
035c113e7
7f2153835
004d26b2b
7dcb1e621
7da5b4acf
06d392aa3
003fee983
00b280c10
775beeef1
7767bacfc
020692969
0323d3b42
7de8eceb9
79aa4c050
7e26b0ec3
7eb6e4ced
00b09c4f1
021cf265a
7c4365dda
005d2ac79
7ef91a13a
02831278d
7d42cebf0
7dd0fe862
7fa445a20
7d4904169
03c5108b1
0178334f0
01d4fa290
7dc97f0d2
7d0c450e2
02cff5760
06d560606
0518994a4
7b72f3f1c
00a21930f
03ff8551e
7ef9c2770
7e4a1bfde
7ec9afc12
7eba9a6e8
7b1948191
7dd9de5d8
017320d51
051c6f77e
01575dacb
04cb4b280
02e2c8f0e
05be8a1b9
000622a16
7d3d0067c
7a3b0f595
798b6033c
0468c93de
0162e3d55
014ce7bf7
7fd653646
03be64711
7d5a5eeb9
03e1de0fe
0a5638380
7f0fd8340
025884a17
00d0f89f0
035b22d44
7c0e366b1
7f0502ddd
002db1c9c
7d21bbc77
7c097ef64
030e572f0
03c75517c
01de44755
03c0d70eb
01dafaa36
7a5650b3e
7835df122
0215b8a54
7e714db6e
011d9ba9e
7dc59d0ea
05391dfbd
7fb429962
7b4663024
0099ed196
7dc556d5e
78f57b48e
053623094
7c83bf702
03a9eeb72
7d276f9d0
7e01be3e7
7eaba19b0
7e848ca27
7781dc155
0689c4ad1
0184be54a
00696676c
7fb9d258f
006a2f04f
0071d848f
7f871fdeb
7ef9e7c33
09294c936
7db17b056
01d978c88
786c27f23
0176f15a4
7be4e9a6b
0271d9889
7edcd015a
7dbf956e5
7f31f7be5
7c4a097d7
018fea717
7ef4c7f04
01f3420a4
7e81f568c
7b2fb8315
03c95b9b8
003777e32
0052114c3
7775f9506
041a4f713
0564dafbb
7ef6ff272
04092b144
7e4f65509
7f7c84b09
0310c6f51
7ee000db7
79954372d
7b5fe1433
03ba1f871
780659dc6
0073fb330
7c54a4f62
7eec5e8b3
04417a542
0406eba66
044d52459
7e2b11436
7784df1be
7eec04150
05ba9845a
02772c943
7e1598c89
03d34dd51
047ffa102
7c18db52f
006dbe56a
0078fbe79
00fecf71a
02f2f1f46
7d9d554e1
7d1746872
7d669acf9
00f2443ea
010bea9b2
0047048f1
7f783e882
7f3d4f9b5
013fcc851
7aad70015
7e3ca5aa7
03022496d
075591d81
017c1a668
78476bbb3
012dea7a1
011ec7d03
76ae1ee4a
7bd2d2803
064566185
0545a671a
039f9d874
7f4f056c9
7d7660a7d
001bb38cd
05e17d9e6
019d1928b
00e232dc3
7e0c60e15
00496c5e2
7a745cb3f
02cfe46bd
7f6fa6f9a
7fb96eaa3
7c9dc51f4
04d4e59a4
7ac70c25a
7f9fcb21e
032601026
7e6901abd
0101c51fa
032b8d60b
02cf27ea9
7ed02b4ad
7f5233777
7d8cb68cc
7d50ef2e4
004c74e37
7fa70cc3f
7cc813900
7cb53e429
7e02e2ee6
7c6341a46
7c5293a83
01fc05d30
7ac4b4b2e
029cff332
7c2e1cc28
00a95cad7
764f3fa45
099ca76b6
0356ffedf
7d66c9fdc
067ea65b2
7e90e1283
0195a6f29
0382cb553
03080b888
7ed797ac4
7e05b7bfb
036b21d6c
0117958c7
03b20ef6d
0104e2731
02cd2728d
01b0bdf34
01cc6f653
774118f27
7e33d46e0
7bc0d6d69
7882645a4
78904acdf
7b61acbf2
7d76d0906
02314f1da
071be1639
0561bf61a
09c981023
7f2696860
7ceda25f0
01058538e
027a4523d
7c35a0bf4
7d1a9e06b
01b534fac
7ddb6241c
0126db61e
7d9601ccf
7dc28cc37
7ee2949c7
048afe2f0
027412b5f
01c30b866
0521ae919
7d50ecfde
01af93600
026f32eac
043c8387b
0159b465c
7b425e7d8
081c5f7d6
7de9eecbe
7e51e46ef
032f692c7
0126f5c80
0569a1198
75ca32db9
7f78b6622
07decbb1c
7f0256464
0345012ae
7bdeb8286
02d28859f
007c5b026
7f6870084
7be6d2f15
7cfa81f71
7c5abf3bb
7f0e31a11
03397c854
0183366a2
00edfd1b8
03075fbe2
019947aef
02024e123
7eb5c7926
0085445a5
013d1b0ea
7ed03075b
00efcda06
7c9522e32
7da7923b8
79da24a9e
0122ba321
7c263e500
7b2848190
7db95875a
7916ac068
78da8cf74
7fe2440c8
037df3250
01383bb4c
00a3844ce
008672147
01c3a5252
0283b02a3
064a4e9f4
0290abd4b
04b9606bf
7e293ea4e
01bd0c42f
7b1ff5a27
7e33aa201
003939946
011b36651
0196550f2
06633339e
7f25eabe6
7fb3c343f
02b1ce14d
00b862f11
000ee4c24
01ef583d4
0128e94e1
7d704ff73
7f6537aa5
7d42018ef
7a983f5a4
7c2d9e60d
019136044
0025fbc3b
7be988f24
7f65231c7
7b87b8393
7cf451319
042a02f58
04fdf0004
7ee3ca49d
047c0a04a
7ef509507
0292965e5
011f947ac
7d203d039
7d4d0ae28
042fefac9
010ef7c80
7c9caf41f
036ec7d94
0240b19a9
0aa45797e
7829ba303
7c13594d5
7fd7743bb
019edbc61
7d2563efe
7fc6e05d1
782aa525d
7cec00f1e
7e1ef2cc4
02339e4db
014dad7fc
04a8bfeab
04ec6e9c7
77f371486
0487d4bb5
00057dad8
0027b4c37
0038ed06d
0362efc1f
7e48df207
026000bf8
7fbb212ed
00433ac33
01c07b686
7e802e1de
041460988
00f963bfc
7edbd9228
0604c166b
7d679d8e8
7d65644b3
7c46ee30b
002760fce
012899ee8
02909b6c8
040cfe4df
080ad2c3f
7a30621f0
0417f4140
039222c81
7da20c7c5
00b00b334
7d880c150
792588c1c
793ffa553
04b84bfed
7b3cc4077
7bbb55071
056d6103b
770df0c17
7cf3420cf
7d6689470
7bb450bad
7cd1cd4ad
7aa4be350
0608e5aa7
038cc231b
05498e55f
7dc8cdc83
7cecd6c0e
7ecde4727
03921aacc
036ba61c6
020f64b81
7f324e1a2
780e74dc1
7b4bd7e15
7e7892bb1
7e652aab3
7a93bf3af
79aa8bad1
03cd60e79
0233a37e8
017deca0e
06d7990c1
7f8d3b8dd
04d82cab9
03bcf0f3c
0282744d1
7e19104e5
051876f78
7ef94e9c0
0707241b6
007b7b82c
049407d49
7e597613e
7e2f39a3d
7d5f77316
044bf00b1
7fcf99271
7e9ef9c0f
7ea0bb43b
7f401d4f2
7fe516058
7d65c8be3
032f9ac3b
02d1d1014
7a858557c
03868b9ce
00eac6d8c
7d03c93ef
7c0cdb27d
7fa47854a
00f869218
0395ef8be
02cfc20b5
7b0651f82
7ce3b5cf5
00054692c
01623e11b
7f0364b16
041494732
7de4eb507
028c8744a
004f8c06b
7ecb40cf1
78739230d
79910719a
7f930d3d1
07927bea3
79184e706
03e71988b
7f3f72b32
7e5f1c330
0805f7a0c
03086aebd
04f6df528
7c3aee70f
7b998a258
01a579197
00d74a3bb
00098e4f7
038cef1a5
05f098c1d
7fccc616e
7e678e200
028a7131a
7fcc1f636
04044b1aa
7c5614bfe
7aced9966
7a52b0e40
04c7a3f6a
7fc931ecb
7e88e5a43
0260cac62
7d6221585
7df5bdbd7
06f67b57f
01f3778e1
03b94e686
7bb63ecc9
7cd645bdd
0409c8aa3
0858a152b
7b0a9448c
7afcd991e
7df27341d
7d1a36901
05555bad4
7ac1cbf64
01a516ce8
7f2cac596
039d6a6a7
7f3780f48
7c8d713f5
7f1fe8625
059135866
798500538
7c43084f8
06ebb6aac
03826e3c3
7cd02c601
001e9660e
00b94246b
7f53f5799
010dc6e91
02d728cd4
7b48f725b
7f797e8c9
044c9f443
7bfedf784
7e4ac7f3f
015f02671
02025e205
0391d5469
032e7c198
7dd79bc95
7c4d74b6a
7d1b7a5bb
01f9c1b66
7cb0a78d5
7d642b7dc
02609b9dd
010193e08
011db643d
7d30ab93c
7e5d826b2
7c7ca3db8
012c65664
7c9b0849e
004977aac
7bfdc2c5c
7eeb0b6b7
02d375e39
7d3b0d4fb
0039830a3
7f1c000c4
00267266c
7cc86b02e
03b378588
7e9c9603c
024992771
0249943da
043f857eb
0227fd7e1
7a2c92d9e
7beb715d9
0464e7d97
7fffe01c7
056f09acc
010ddf137
04c1ab83d
05c157649
761f73fc2
09002bd03
045e3f06d
7ee0a1e67
76ecb8bc7
7d2e178f0
7cbab3440
7acbab1f0
003ebe4eb
010adb9d7
0451d7258
04e45dbf0
0530d18b9
7f3c14ed2
04c3e523e
048836206
7d7e64d22
05395837f
00a61582d
01d07d1d8
01ba3d398
7a3ba7239
011179675
0451f6d17
034c07a46
7eb74f9aa
00b307f28
7d3df4bf2
7ac890f39
00b1cbf41
009d96748
047f4b5a5
7eb6393ef
7dd5b6302
02992266b
7fafd6195
027fe050e
7eb39fbec
00e826be7
7932bdbfc
06ce5fd6a
7e60342ab
0332b4820
7cdc76390
00ce2a1a7
0394d70ed
7db4fa263
7ce6c18d7
011169dde
013a4a56f
7a053fa26
0323bbd28
7de985e04
0312e5e47
7d1f0c82f
02add84fa
79cf974b9
04db01eb0
03a39318f
7d6a0e04a
0127c446b
7f7a4249e
7e6bf2a50
7fbf6ba5a
035b5027c
7b691332b
034e8d5c2
7f19eaa73
06d33d717
00d3dc501
030537d6e
7a7312320
7d74ad606
7f2603d8d
0047b4e84
7fb4b5c36
008ccec21
7f9db0823
02d2fb693
7ebd02012
7fc095b84
7b1529793
78195fd24
04f8ba8c0
05653e2e1
7c036bf04
7bbac26ca
78d271384
00cb4687b
01ba9b59a
02f344366
046814dea
021d5613e
78999e968
7736c9234
06188cfc8
7afe530e4
7a81b8afa
7ea88a0fb
01c4d61be
78c643dd9
035de3e0e
01c90ef2a
7d3206285
7e8fa814e
0081d728f
7ccbb24d0
0276f1f6a
03783c10d
075665685
0274919e4
008cd566d
00e7c68e0
004519653
048c023f1
02e1e8964
78a51887a
00ff00a33
007271b7c
07b254398
7f1d6c19f
03fdc9729
044c9c696
01227dabe
0095fe079
7dfcfd191
7aa774988
0cee82d35
7ac3ec762
05ce6005a
011383e79
0202db046
7fa79df6f
7d2940395
7a496efde
052a14e8c
7c3b5e783
7d4b803ce
03e1b412d
018315cda
7d1fe2e61
795b778f1
7b93ef134
01fd9a2f8
7cc5dc06e
038e4393b
037d6c853
7a79e4623
7bf1ee13a
7f80dc791
7f0347d6e
083044f2a
0473fd516
02ef1e09b
7ca2b81f2
047070f09
7cbffa3a7
7d1ee4a04
7fe99d957
044aab2a0
07eb06713
7edafd2f5
036b9718b
01cf3c618
00549f1ee
7fa1e8ee7
0174deaf8
7ec8db5a7
0071220a4
785286652
069d5faeb
78fd0347f
0944ba7b8
01749f01a
00a7f42ab
00245f2f2
7d5c1ae9a
7ac458e20
7f71a734d
7d814fcc8
01468c6b1
7f7a01e61
7bde164eb
032756483
7dd991ddc
00fad5131
7ccbbbe62
03b0b4198
0079653aa
7fc6daf17
0028fc2fd
79e819020
7b7bfb816
09f578357
79f9859e9
03c7ecc0f
79df972e7
7e678bab5
02aa1ade1
0444dd0a0
0058d064b
02e1fb6e6
7adc617cd
083bccb17
7c6e3c4cd
7d21614d1
010d98f17
0206bc5a8
053bd2f72
7c90b9966
0611a19d5
7fd229680
7fe5afedf
7d4d9661b
7af1c2f33
01442ef4b
7c796d27e
7f6d7aa7b
0b6545656
7f406f089
02b804af4
7b53755d3
032ac1ffa
01204e163
7faa0fa1e
0375ff23a
00094feb6
0249861d3
0280c640f
053ec63d8
06c3af8fc
02e6fdc18
03d5cc67c
7f3a1f9b9
0059bb647
7fef6e9f4
7e41d951b
0abd0d8a9
7c0f93edd
043323380
000518010
078516a2f
0368aa7c7
7e60f62d1
02966be4c
037db87a1
04630f8b8
032daa9ae
034b44c0c
053c73e71
7d6745e15
0197890c9
05b284271
04c96beb1
7e8885a4c
01f373aa5
00320bdfd
7fc1c483b
040946274
7dc67bfd5
015fbe2b2
003114057
7b0c396a4
036a72278
7eb75c0d3
7c26f78da
7ccca66b6
00c9a535e
7d8352b4d
7ff66acde
78774f126
7cbe40b56
7c4046cc1
7cbc5cae9
02070826c
02ab34914
013c03843
014608a1f
7cebb0453
02c6de528
7f2bb6320
0258d048d
7e54e015b
7b95fa6c0
01e7b5822
02a9264bc
7e5020f62
001126d56
006c243af
00bd75a43
7e4b3ace1
02363df8e
0420a4840
0607ba404
7cb7505c3
0171f365e
7ee5e75c3
0017a0758
05bdd373f
074e39d90
7fb885d57
03de47338
7b59efcf1
00e8fca38
7fdfcb768
002b4e75c
03f4fedff
7737b6bdd
006663e4c
7ecead7f9
04d055a43
7f00743df
00816184b
7cec85b50
7a4438f4b
7e06f1238
0563bcb41
02540c756
016b3a2ee
016f820a8
7f980a10c
03efecc18
004d53564
7d4673b46
7f244c8ff
0040247d3
7ff6f485a
7dfedd447
7f5095faf
0011f44c0
7b6414b7c
017fdf2d0
001bd2420
7c0f551db
7e9482129
03892bda8
7e6bed4f1
7cac64b2e
7ff0a0ded
008e103ac
7f889076a
7e14300f7
7d2855fa5
7fd2221b7
7ed5843e6
7a3a15e10
7e63d8783
7b48857f1
784343918
00b2d6d63
005b4ee92
052117dcd
009f5cdb8
7ca53e9a6
7d549e857
7e66ef96c
7bfc81680
00d36d241
01d836fd6
053352247
7fb488537
7f719f78f
7f68bd98f
0123d4cf6
003186107
7b6581f9b
7ccf4a4be
7de5a7b5a
7d8b76d90
05af0c24f
020926afb
7cb6fd710
008158589
036cb9625
0430970d6
01a057503
7ed99b0d2
02b16217e
7ff015f32
0154c49f8
01ac982eb
7ece27b9f
7fc9db37e
7ca22eff2
0047118e0
7fbf52a64
7fe235611
097ba3575
093bcf47c
003175375
7cfa31e9c
7589f7be7
7fa9df130
7fa5abc4a
006232d01
7b2e5e931
7a6e56a2f
077bb96e7
04adf5211
0768dc49b
0080c456e
7a87d2a61
086b6f7ce
019933c09
7d605c5dc
039065129
7dd786149
01e098e32
006225213
7cbbfd412
070d8f904
010dff923
7af8763f8
0354b2d9f
7f924126c
7d1a2da5e
7ef0e1f65
01ebf2520
7aa708ed1
01bedeaa4
7dc2dd83e
7c19f9987
05312dc54
7822f5d61
009fc6cde
7d659e5cb
7d9d7ad9c
7ca124e69
004044488
017235605
7a15737c4
019428c0c
7e952055c
00a630dd8
02358469e
0048f56a5
7ca111c6c
03781b3bf
007e83f60
7d84c797c
00c8e783e
7e5be9d9b
00bb5bd89
7f2ff8f34
02cea3c38
03b29e90a
00f5f6c4f
009afd494
763b2cad1
01d17d8bc
04640e74a
022ac5d17
7f1a37a32
018597df9
01f076f83
7eaf7d1f3
7e6c50eda
7b6f2f5f3
04f3c7fc4
7d779dd6b
7b0a181a8
02d553f00
7ba8fd49f
7f825d9df
00d84bcfa
7c8e5b21c
7fd13601b
0543f374b
02c3c3040
012209a1f
7f83f8fa2
00864f34f
0076edad3
7e0765915
7bfb96f89
7842d8427
024a4aafd
7c82338a9
057ebfad4
013e2b663
02bde8ad1
00bc9d4d0
7c5ae64c7
04f9934a2
7c35416db
0906bff57
02bb462bb
7ae139329
7e5e9f678
7faa13223
7a9c83ed3
7f0fe2424
7ebeab335
041b48445
04214e717
7e17adcec
001a700ce
7a4e4dda2
7d384d7e5
7e0a442be
05d25e605
7d7255b21
0426088ad
00c88d50d
0648b58d0
7c8d4e91f
7caa3e234
7d0e42af8
07c9d5a99
7a9bf2c7a
7da7876d2
7fbe52895
00c58c81e
7afeb8d04
03eae4f01
7f915e40e
074cd3734
7d0fc633c
00d074521
039a0240a
7e8a39ae9
0006108b9
7cc98332f
0093cfdf9
7db09570f
051a17628
015e7f568
7bb4c1b18
015f34929
7f9f9b5f1
7c588e030
01507d8ff
7e9820f54
7cca1fe1c
7fae29e73
7d89d1189
7f1346ac7
05b877ee2
7e15303cd
7be070327
7d97835ff
7f987c18d
022ad3850
7baaa70e3
7f2dc0596
74e5e13ba
7a443767b
019d51c6e
008ee60dd
0460498b9
7d2f0690b
006b1a78e
011e0f8b4
0167c62e7
799e71097
03e55a203
00e1fe9db
000f60f35
7aec01eba
7efae9473
02b39e089
03f4473c5
0065896c5
7cb4cdfe2
7fa50f32a
7b7b3fdbb
028c93e86
7c39dbb2b
025f7eb8c
0605612c9
7f0e009b1
7dfc4eaf2
7c9adb796
05305a4a3
0798fe1e0
7c9e6d49e
7b1455752
79308d4ac
7cc719fe3
024f9a16d
011514146
007cc9e6b
7b9994df1
014f4887c
0297649ae
04d8350fb
03f852348
79d49ad61
79238552b
7c6478092
03800892e
03d742fc7
7fde226dd
7e0578687
00dfce088
00619785c
01820c3d3
03c7aaf27
01999882a
03cfbf19d
7e7e39e3c
7f4899612
7e61c3926
7bb4874e1
7f19662a4
01ed33085
7ce201685
02aaedd54
0436e465f
020efcf7a
01f3de845
7edb82f5d
05ad67889
0272615ab
00794cd74
06d4ffcfd
7d65cb5c8
04ebbc910
02fd66533
7adfb7a44
7dbb74004
7dbd9e3b7
03f1e7aaa
0247aa9a5
03c58e401
7c76a3b1b
014bc195b
7f2d59151
0163aa252
0764411ae
051e523c3
03f320230
7d34d582e
02c3f8f9b
01ac87370
7f0f85a6a
7e33e3ed0
7da66eacc
005a1b82d
7fc3fa2a0
0176fd601
0267c5361
7add8849b
00f3459cf
07e973889
010dcf491
76fd8e5b0
029b23d9a
03644a85e
7e4ab181c
7d59378c4
7e0218420
7a045ed7d
7e6be92e8
00b0fba25
7afa4809f
7ec67c619
020526270
75b2cc623
00fb80ef8
7a0ec49ea
7d27ca17f
020f36005
7efe64d7b
051886c13
005d773c8
7e6dde67a
77d59b709
0000d62c8
7ce5b1c16
011e90501
7dbc8fe8f
7ffaea393
0249fa0e9
7ba63c6af
006f42f46
7aea2a344
00de538eb
7bf5866a5
7d675dd58
0413b290f
7f7f752d4
031deaee1
7fcb4952d
7d873f0b6
7ed82554e
7f755586b
79b187b19
02b77016c
04c83feda
01d7ab446
0315dd356
7f58c9e31
7956ba98e
08eabb4c6
008e02cba
7a69cf7f0
7fc97853e
75f55888d
7d34c01d0
7f25e4eb0
02ca812a6
7e00f6d63
00df4ab5a
04ea700a2
00b523f28
0c0e88a46
7cf59945f
7ffaf163d
757ed211c
0ad949217
01afeccb3
7979acd33
7cbd14399
0496b484c
013d0af0d
0056b984c
02cd06e9f
7b54ad0b6
0107ca895
0181b6d3b
7f20bcd35
7d8b0f3d7
7ec7d0253
7bed16988
006ed2de6
02e7fa761
0347465be
7f496353c
7e8ba78b8
7edf09c53
7b209edd8
7cd424ead
7b941a5da
02b3bf48a
05c84d1f6
024c49a9b
028e7558d
7da4fea63
7a48d3e09
7c9851143
04e51d99b
01a2a8dbd
01928fa3f
032132b78
0218f1b3b
05f83966f
004dbd466
013ef98ba
7fe61df8d
7f059b348
7c2b4abab
041dfc5c9
0231f20b1
0339ff3ff
05a5fe248
000befc61
025026fdc
7d70cc5c8
03a1ea255
0093bd0c9
0431092ce
7be1aafe2
7c3805d7f
023450994
02d5d6c8a
0183da4cf
7f1beea5c
7ead31c52
014e3443b
049098872
7e753733b
7be4fd836
011533f89
017cdb2b3
05aefdcc4
0463abeef
7eef491ce
00d48558e
7fce0e171
02f73b2ac
7f6ba84ac
005601a73
7dac44cc9
7e69f0845
7df9117be
0033359bb
00f8f6d14
7ce63d49c
04e6a47ce
031d55563
04c1cbc1a
0095e608a
06cbe7d4a
0029858fb
04a740eee
7d761ced8
7c795c001
7b2be826b
0039e617f
0676e20f7
7980e864b
02de3afb0
795350563
7fc197795
0597ca589
06d8f9c01
7f64687e3
7b6056bcf
7f949de26
7f7763090
7dcd5b73f
7f8dfe91a
0072ecda2
050064c8b
7ef8f4bfe
7dbedc38a
02dd57c50
7ef051a1a
0695effa9
7a05e2376
7dd9de90c
00a921711
06cac5271
7bee2c646
0765d51ca
02f5c4683
02afb65db
7b7610367
7a8b95115
00e041b36
00e7cdb49
7f55f3ec7
0033819e4
7e0f297a0
011d6535d
7ee098edc
7dfd9c6c7
7fa4f1055
7d4808bbe
7c4b296e3
7fdfa2043
7ebf173a9
01b6d685e
00b517e27
004589513
01556f1a2
0447143b6
7f9230690
047cb541a
7ee28227f
04260bd62
00a36e05f
025c58fd0
0206a03c2
0737f08f2
0221a6fca
01c1d426f
7adba854d
0277f45a1
038466e28
031115162
01afa170c
01387fbdf
7f71bdd35
7f60fac50
02d943dc1
7a0aa4d98
019e52f7f
7f5707aae
7afee1b31
79d5b35d7
7b85905d8
7dbfa3ec2
7dcf9c173
7df80f3e5
04b713400
7c6b71a7f
7e26c9cf3
7e45eb3c1
7d83b547e
766337807
0864da0cb
7e5e2273c
7d0e7db74
7b3470e85
7e8fb1e54
7c8d36e31
7e0039233
0067335d0
7e72f869d
000bbde9d
0110f0856
019f26369
01aa0d57f
0157abfd1
035f8a21e
7c5e81c86
0139158fe
7e190cf94
048f3d09e
00517b5c3
7e27a9185
7e0bfe71c
79706d08c
00bf8b1c7
7e833a1ef
034335955
7ebe4c786
7a907132c
7dddbacce
7dae8c4a3
7cc812b39
79f83f9f7
006393a0d
7a6899531
04f276620
79c85fbc8
006efa02f
00d9e0bc5
7efe55116
7e6df94e0
7b682a233
7ec83cd66
037d46b99
0898fd7b6
7c13691fd
7f0b7f4b8
018d414e6
02e3d7517
022a016be
074409633
7cbc4e536
7f637faa3
7f6b0ffd7
7be78817c
0183d7fb9
7cc9ca146
7b6d3c45e
7fb9b8b8c
02f9ce966
7d27bd997
013eb6e09
006ff5d29
0122d80b1
7f959cf41
00d03226b
7cd0631d7
028dd1c42
7f01b2695
7f564b558
7e5799a43
7da6230e5
7a601b58d
038cb320f
7ac498f13
06156d4e9
029b39b1c
056917637
7b5f66e65
7f64f01b3
049c43bfb
7d3cfa13d
059812680
7c1be31c5
7f9070f8d
7a27073e2
002dba32d
01562c721
79b395cf6
7c105c4a4
008270111
01ff41851
05291cc65
79effb6c3
0256c027c
00280432d
7e03ad518
02ecfaa6b
03f2f78e5
0521bd1aa
02a989a06
7d9a1a478
0098c2d25
7c10ed3db
7fdc439eb
0396ac982
7cccee0c0
076951bcb
0578a1649
005b19bbe
00343b894
7a7e41fc9
0010d6491
01cbf0344
00fad2ea5
7a6fedcca
02023ccfd
7e9e8c613
7d32c9725
050e5d335
0059a425e
7cba50245
03506c9d6
7b029ebec
7fbe30f98
0568fa999
7d70d2deb
7e73000bf
02c140012
0298a7ce0
06d7e78be
7e3195cca
7aabcf926
79b41f3a9
00e01e4f1
7f3cca48f
01ac668cc
7f32d6d83
0578d41dd
7420fc67f
7dca8c26d
0067c0fae
7ad8a396e
0522fd02f
7addfe15e
06b3afb6b
015c3775f
0877868b0
05dfe977f
78f6651e4
7a731ce24
777db6aa8
7cd79aca0
78d2a0530
001e73dfe
04623984c
02a952567
0357325e9
08d5ccbd6
0169647c5
7cfce37a2
7fb3131f2
7eeb295c3
7a1ab767e
009c248ec
05255b375
0012ed7c0
034e74fc8
77fbd2522
06f07ed73
797f9f5d1
00b506c32
7e5b7e1f6
7d153bece
7b3fb37c0
7e4e7eb0b
01d75c252
7b0c648ef
02c06d7ec
0059da993
028e9aa2c
006aeb633
7acd1e3f1
00e9fd8a8
7fdfe4d0e
036a8d4f9
7d4131cdb
00d19958c
00b7058cf
7f6339e26
7c7649842
041700442
04d9785a0
7c3f02dfc
7fe7fe091
7e1fd8e11
030ffe1d1
037c0d5bb
7fd531687
04380de30
009ce50de
0390b2834
03f7ceb8c
055a2dd62
7e39b17d1
7b49164f6
01edb3637
7b4704a0c
7e39096f6
05b395953
7cfab1bdc
7d8de09e1
7d11fec6b
01ed35da6
025b09f67
7fd2d3824
01752a04a
7a1446f81
0707d8df8
0133a5fea
00119c941
7e9c17308
7bebf4cad
017710c09
7a9c78f94
049df6a60
7bf6b0a79
003651591
795006d7f
033134003
039039341
01450dbb8
7cdc50855
019b35e0d
7f28e11d6
00727a8c9
7d10e2034
039234a44
7d5f2f8a4
7d74ddc51
7e3c05f88
00a847ad0
006246967
045b6ffba
7d39c9a84
023273c28
04c27b7c2
7ddec5bdc
7b8b2066b
00c74f827
00a63b73a
7fcead440
7d5230a22
7af526a77
02b9d0134
7f2df38cb
7de0fd3b6
00eff1ca6
7a5720700
7d26d96da
7b278be6e
0380f1685
7ef0e88e3
7c10b80e2
7dff1ac0f
0442d1e79
03cf37f54
013d889e8
7f018b27f
001646a36
005aa7723
024efdf84
7c00b2e96
036ee7d66
02f3adea2
7d91a2bae
7d765359a
7f722bc02
7f6aa4d04
029e793be
7f1fe66d1
00c08e0a2
7ffcc5bce
011297df1
002b10234
02e0dcec9
7b411d4ac
7ed3e4130
07346f14b
7a3a70596
7fc59ddf8
7fc98bdcd
01ea310aa
02216c44e
79ab6e306
7d909ddac
7bf9ce5c2
00c57ca93
7fc78791a
018ddec4e
01fdf0eba
7b8dce40d
03f3c8fcf
02b6b6fc7
0174db0ff
7ff5a39cd
02f14dc2c
058b63716
7e741e9e5
7df26c89c
7f76ecb4c
0076a3285
7e671359a
08665c8b3
01aade20c
05540fbde
036231404
7ebb12097
7f4e6c697
05847aedd
0214a786e
010b15865
7e3cb887a
002c58558
001e3fca8
007001329
028e2936f
7f4dc0b13
026f1bda2
005951bf7
7bfb8dc52
7d520dda7
7e34070bb
008ebf1b9
7e7654a4d
7a9fa1e07
7d477fcd4
7f8b1fb42
7f857ff31
78e5c407f
7ad0783d5
04f2e9dbb
04722b1b1
7d9cf18b1
0203a3c52
7f1d633d7
04dfe1894
0606e904d
002c022b5
7f5caeb71
7f0954bdd
0395b2de5
7de0e5b87
04938a7c5
032c7b19b
012597651
018fc9824
01f6f6cdc
7d4aa265b
7ea7d5fe8
0141968b5
005f58b06
0297f422d
78f99c31e
03c4cc33c
02dc1d7bb
7c7c8380b
7cd42ab04
7cd228ea5
0011a8107
02273118e
7f67eb6e9
7de068707
7ddc30fb8
01dff2943
0555562fd
7a91f293e
7f579a3a5
00b69827f
7e0217163
74e2513ef
7a3344217
7d932fd32
00d1aff41
045ba3df1
7e18db061
7c6fa84fd
7fc4f2257
7fb5f3600
7d6378a58
039f39bb0
7ffd60a7d
01cac325a
7ec1f7c6b
7cd03d244
0b2956e38
7f4eb02f6
7e2ee607f
03c14d36f
0287a139e
04c2f0122
7cbb44d7d
7d68d6287
7ccd223af
7d1f79b39
7e8ae7bcf
7d59c94b7
7dc2006e2
7ce08517b
7e9684fb5
7e8a909fd
7cf56b885
01496589a
00bce5fe5
03d633c79
7f185ecad
00ebccda8
7e1e18ba5
025e29d7e
7c282f5df
7ef3b3326
7fa21fa26
7af2b300b
003415dbf
03815cc83
0b0750b85
7c5dd2aad
07e5ab985
7712a290c
7c03c350b
7b18f1371
00c329e99
00f651c6d
7c7cfdd22
7dc1f9f23
7b067b56a
7d204fc1d
7c176abeb
7e36f939f
7b30ed136
00e14ecf5
7c2cf1225
02e9239f3
78f0de6c2
7ec1f5b82
7a6a0a274
7876fa16a
02c3eeccf
01ba0b84f
7e7220dde
0243b3464
7f95c7970
7f7cbd652
0120c0b1a
7c5273368
7efddfd22
7c9a48519
7de111f31
03939d32a
7bcd5c48e
012110f98
066785ecb
02ae824a0
7cc21727d
0237cdbe6
066c66001
7e6607212
06906f24e
7b39eff54
78e40aa95
7c01be2c5
0783e187a
7ddfb2fac
02ee626f8
03ea9bc4e
05b0aa208
016251a98
00c1dc1f2
05dba8a51
005996f25
0283b7385
79eb65fcd
000f2ee8b
7f027b143
791ddf006
7bbe7d9f9
7cff3cede
7dc450479
023688d1a
7d66db449
7b2159f34
026f40abd
001414975
063e31307
02ef9742e
7c5137ccf
7fbc06404
01465929d
7eb388b4e
7e3252e6b
7f16d3fc8
045255b17
079d27eca
0419339d3
02d9f811a
010a62ddd
01e6ce582
00781a082
012601c1d
02587e6ac
047b819f2
01b8b3396
7f9e6dfb7
023279b6a
7bda6655e
7c76f899b
7e0d60e63
0389bd0c8
7f18113e7
7bace1188
0143bc36d
00a51f217
03253710b
043b98532
04327141c
7db5eb32c
7fd866353
03b14b527
014e225c0
79f8d8058
01ee2d527
0299f7250
7f40f3755
7dfcd57e9
7d5f093c0
7dcf9a290
7f34ebeed
00f032c6a
7e1f85812
00291c45e
04f2d469a
088b32dee
04b1ba838
7ae5c00a6
0237a70d2
055b746e6
7f2755a25
014234b51
7e92a1831
798b335dc
01fc409a5
7d2baab49
0057c54d1
7a7539e4b
011d80c9a
7ae0707b1
07a1abeae
0469514ab
7fd87154b
7ccea6cc2
7fab41ca4
0463fd81c
01823b462
7b1c92bf3
7f697000e
7d205b784
01a85b392
7bcc80b63
01788b3f3
7b4cd0e20
028334cb3
07b15e162
7e9278c33
05eb227e6
7b77f0889
02d193d77
0558a1358
05a7f8d27
7d50a1198
7f3be8735
7c233809a
7a66e6296
022f06d09
0139cbb1a
0268e311e
7ff900f49
01638093d
032c870f1
7cf190241
7f7e460e7
7ec800ff6
04fa295f0
7d21071fa
00d634271
0104437ba
7e1a31bf9
04a1b0441
03f82a27e
7fb9d10ce
7f97d5e02
064774376
780d44a51
014dcc2fd
02b7695be
00f7259ce
012944527
7d4bd531b
7b309b98b
01032d5fd
7c86f4a50
7e5d47645
7c1cfe121
065c612e8
7e6d15ebc
7c4c5ad71
04e026991
03c5dc20c
00e14801d
7eaae1e7e
02f80ed1d
7d2247ac2
7ad562c8c
044038f71
7d3e9ee28
7f718f4f0
013472cd1
7f82106b6
7e4551fd1
7edb1bae5
7bc436b24
02ea3315c
7f03fd8af
7c54e6ead
032515ef0
7fa1f704b
00d205fad
7c17fb730
7fafc41c6
05656cf67
7dfd7620b
03cfcf3c0
0150080d5
7f305322b
0157f242e
7ba612b33
028a6f55e
02c2bb02e
7baeee4e2
007dbcdda
019c337b8
026bb24ec
04de3d92a
03d7023a7
013c64e48
7a7d50e31
046320231
7b8f11868
00eb74ce9
031ec5704
073c786bb
05ca0434b
7f78129d4
7a004f9bc
0722ef5d7
0314cc2df
00ca9c075
7b6807cdf
030722742
005c37d75
7db1612f8
010f369d4
02dbcdc01
01687f1ed
02478b79c
7811710e3
05d1dd359
05a97bfcf
7edc11ef2
02e964503
06167dbc8
03441ecd1
7c6b0a4fc
7a0faaabc
027e14f64
0350fae04
001c4eb6f
7b089c505
03a8b8bfc
03b49eb92
7d3b699f2
7d707ec91
0067403b6
0502fa506
7bb4bed4b
7fcf245ee
7fa9234cf
7e8e783f6
0124a4bc5
028a0f5c2
7bca073a1
7faaf9407
7d72b375a
02a3e8ba4
7e5ca4f74
075f620b2
76c9a4267
0052f438a
00cb9a209
03328f0aa
088b22b8f
0208f5e86
7e8dfad91
7e03554d1
015aa18e6
02b14012b
7cd576903
7d279e3e5
7f9c035ec
7ff945b27
7f428b7a0
7bea7a22b
7b5d1435e
027792ea6
7edaa4584
03074306c
059f311c7
0502330ab
7ee86c088
034398a17
027ecfba1
01afecc66
7cc105ec6
7db7ad8c9
77b515a06
7ab7b591a
7b6d307fa
7d6cca37b
790a3d5ef
011cee4f4
055795b64
7b87b1ed6
03b4cd26b
0191bab00
0bda04b46
009f9dacb
7d0741726
01fd15a72
7faf1cb52
7c7052563
02b310fef
01cadcc30
060f7dd30
7c59d40aa
033008389
7cdc87789
7f2c8912b
7f6dd79f7
7e34b2ba4
009d4a56a
7daedf898
7bff4c224
000e561d1
03d904158
78666ea0b
02f63b556
04c92597a
04f6193e6
03f85f292
7dbaa963a
7b1d1dfd8
0412ed589
7ff1a88a5
7818d912d
041b33c44
7a9f4ee14
7f44e3317
7f94e8e60
06c8073ff
7e230e0a2
78598fa4f
00cf54a8d
7df348305
02504d954
7ce12c7c4
04209bfff
03a290a03
7dcb81a9f
014627c8f
014cd814c
7c5c8bc61
7e3666c4c
78b7739a2
7ec693aa7
025c223ab
7fecd54af
796ac6318
7f89ab529
010d2db3c
0286993e8
05cb876eb
7923f5f45
001e36fc8
053ac4d72
033ae8977
0102d3ff4
0106ba247
057dc4f61
04426b2e4
7ca8f9302
0227fc021
0576da27d
7e8b64010
7b2973ea7
015dcf54f
0103b0ace
7ee86cb33
0577b66f3
00c2a78a1
77ae33621
0347d6116
07c7b324e
7fe6cea4a
7bd7e9f6d
7f728cfad
7d9b501eb
0099f7db7
021a74b40
7f1819df8
7f4b87490
0180972dc
04c54ebc5
7fabd23b2
7a3a81a15
03d5875db
7dc5a70a3
7ec87828e
7b513b75a
03bae1009
04ce3f2a2
03a98ddcc
7d77ba6a4
0772e478d
767d7b242
7e6e8565d
7ed6201ad
06371e69f
7d68387bd
07554b210
01515a785
01cf79a29
796e562e8
7f2320fca
05db6e177
7e1f7fb00
004823164
7d907f8d9
7f3efcb8f
01173586e
001b17708
7ca7d0802
7d184deb1
0091414ec
7f779a29e
019564bfe
05368b7e1
005285713
0026733e6
7f02de7a4
7d1b3cf93
7c48daa50
7e37e7ff1
03b353169
7e4cfb82b
7c924f078
7f35ca549
777006c1b
7c1b60f08
00e38e340
799654336
0052198f0
04faa801f
07fdf62e9
0241faba5
7eda9c6a2
055400497
7f579c970
0962076a9
02c5ef3cb
7f1eb3bd8
00d1e6611
0077fcb9c
7b4b836a0
007421361
0309ac10e
00711afae
018ba101d
7d5611bf2
064ff0ec6
7c2f50995
7549d5509
006706ca7
78adf35ca
013cf91dd
007fd2275
01d32b514
0210df1b4
04336584a
018a67c5f
048430da5
7c765b56e
029bac925
018523369
01d9bd74a
7f5da19a9
004e57d4e
73dfc6694
7d8f44eb3
7e12b0030
7dce3d76c
01593cde3
01b67b671
79c43b162
0650b579d
0623b05cd
03159426b
06cd1378a
007082894
7e257759f
7d07bd1c0
7b682b02c
07935ed95
03de5adef
7b5d505bd
03a3e26f2
055cb5b3d
041e5a8fb
011b6e511
7f773dc24
016d6c600
03be0cd7f
006417686
7c7d3a220
7ad002b0d
7cc629097
00c6d3aae
7f5090ef5
7fe828cf2
04096790e
04277778f
7e6c67ff1
7d1dc00b8
7d26faea2
0235b5610
020114aa0
0603a5451
043399fc7
00c1cd146
06e8bc042
040ccc21a
00e671334
00a33e24b
00ebd841c
0202957eb
01c1e3651
7f76da822
010a88dff
7edfdf71d
027a27df3
7f4ad81f4
799bd69b5
00922b946
04f9bffa2
7c5f86704
7fe36065b
00be82fbb
053428173
7cde45624
7e8026034
7e4ecd972
003cbe99a
7bff29e4b
010e02daf
00a161e2f
0664e66be
7f477d097
7d9d89e96
02cb51894
00e26b730
01d3a915e
7ceeec426
7c1a0f601
7e32240fe
7c0e1ab93
7e925c5c7
00d858e82
033f45fb8
785e21b86
039db1278
02bd3f161
048e14a21
7dc710aba
7dca92bdb
014760d2e
7fcbf1a69
7f6bb8b21
7c80b8ed4
7eaa8e409
0102c1dbd
021a411aa
7f8101c02
01aa2e58c
04a650f4a
03c54888f
0414bbe93
00579b2ae
79bd28a16
00535fbbe
01dfe73e3
0056dc190
7e22540c6
056eaaa4c
7f192b2a5
7cda428ea
7c14b5054
7b66377a0
7e7693ea3
01a5a4a76
08c1185ca
7c5976b0c
7cb1af00e
7b12e1cfa
0332c0dbf
05e58e093
7e12cf2d2
7d61eedf6
7a0eeed07
0227ed625
7a2bc8f02
02b613020
03437c8a2
0125e6360
0042c1cdd
7f1643fcd
79036ec50
03a2213ac
7d455adb4
7f8144da0
7e6b378ac
7a84fce2f
7fbc71f24
024bf0aff
02c3e26e3
0109f260f
7e2bea946
79b9a6382
7d8fd91f3
7dd627610
7eba2d2b1
051cfbb2d
03b170f16
7b66c6888
01136706a
7afa21ec8
7f3713595
7fa93d0bd
7c33f2022
7ee4f27e7
00a0478f0
7ae938fa1
036a87ad7
7fc05b522
07c70eadb
7cb871832
7dd436514
7fb08ac94
03cc3de9e
039adb32d
0219a1701
7e547ae57
020775ae1
01ef29cab
7edecb67e
0058b81fc
039ea075d
7983c9305
05eefd2e5
7ba079cf4
076705b10
76fca5fe5
7ec131516
03d510d4f
041b2dd34
7d83d5489
7cc5ac2e6
0083af54b
7dee10442
020c54ac8
7fe21fee3
7b4aec6fe
02afe1a81
0287da5c3
0518972de
7fce767d3
78dd600bf
7e5124ff1
7f71b1c03
7e6680a2a
7bd62198b
0332c2951
7ac85bc7f
05b1c9e50
7e1a24a75
0474a1803
012cfa476
7cc44967a
03c2f32a3
0563462e4
0373609c9
7a1b6a7df
7faba76fe
7c183f6ed
000eee31f
03d45b185
04bca9d58
7b274dc09
7ff0a1a7e
7fd450d8b
78f2d30c8
7feb4ffe0
7fe545c56
782c968c1
02e2fb6d3
015ab981e
0454e8dbb
02219aaae
09ae186a3
008399642
0049af296
7ab76a175
01ebeda9a
0299edca6
04324e034
02fd2ba15
094c87e97
04b1cc22c
7c173e0b4
7d7d90322
00e53678d
7ebcc5b88
02f144b73
01d2facfc
07b0d01dd
05b0230ee
00b6b60c5
01f858e09
785f3f5af
0184d5b5a
02c4ddd90
036de844a
00484235a
77aa1df94
7ff4d415e
7e4e33a97
02ffb99ae
026c466b5
7c3b898d0
7e315a32c
7e9c1f763
7fefc412e
7eb5029bf
04baed682
7e68a6b87
7d45c68b7
7ed5bfea3
00669a376
78cdf9293
7b94f5d03
7d08b229e
7d02a45d3
0287ae036
7f20d395d
000843629
7fdeba1c6
7fb111d04
7ef6247e9
00a717674
792d51f9b
03c4f791e
011f956bb
7f0706388
7d83c0cb4
7cedd548e
04751a925
7f9ae6b87
7f312d2c3
0163c8434
013e07862
01f199282
7f038652b
7f405b5fe
7ec0f29a4
0040d0994
7b88c98f3
00e0ea096
7dfbe74fa
7b05e13eb
7e0382ef4
02aad4d3f
02ff1ec90
000351363
794976008
7f428e5de
7e38b1bb9
7b7675d4c
7d6eee84d
00c0d9a70
7b85ffaf4
7bbda38b6
7e761c877
7c8536555
78a55c648
781188e84
7dd7af22e
0159f4072
003d579c1
02e7c63cd
7a3b282a6
05d269525
033588b32
7dd9dec86
7c7c15e49
0104a9108
004e67530
01850d2f7
04fad9e80
7e07306c4
01e8aae9f
05ef15584
03744925f
7de6eec46
039a2bcff
7ff51f031
046127ff1
7e6b41ff6
7df31a862
7f448b326
0136d70ef
0378fc5fe
04a299244
02c3b4b87
0b4f98a44
7f05a3fce
7e614578c
003fa7f71
06ba36ce7
09b2c8a9f
77a90e011
7eeb9ebdd
024853b04
7fc0cba04
04e1aec08
0686c686e
7cad2dafe
77677d183
7e3787dcc
0112ca970
08a317633
7e7afcccc
7e1af080b
7c3377ad1
03ab1cff7
7f7787e50
7d3f08d70
7e84fe303
7d1215bef
022af6446
030575215
09b277fb5
7badbc6fd
7dafff7d0
03401b0f4
0101b770a
7d55a713f
7bf5d15fa
7fc78f297
7dfe89813
7eb3f96b5
003c5b380
7fd122631
7f57704e9
7809f70f5
7e013f3cf
0319fa6a8
7c72003d8
7a331e4c0
0316bd20f
7a908ab82
7f1b0342d
79474e81c
01de978b9
02408402e
02fa2e88f
784209d71
7e9d7bc94
03b6ee18d
00ceb051c
7d72eedb8
7b0ec6365
0081a5846
7e438e35f
7efa9d627
7fe78d55b
040d88de7
02c7928e3
068fe2748
7a76b6dd0
085eb4489
081d38ea0
02023b563
009318eb3
7cff2db03
7ba48aa2a
0148b8840
7b437cacf
03640040b
78eb9b842
7a068432c
7f24f93e2
03075e370
03b266e4f
03f4de162
7fab2600d
7fdfecb0b
02665ee6f
053137a66
7dad9391e
7df560761
00e2ca941
7c4bdcc8b
01d403b62
7e776e2e9
00f0d6b3e
0142ec2e9
02f1ce0df
02fccdbf4
05c05cdfe
0475a9d52
7f86c74a3
7fc6d1e76
7d88ddc27
7ff64a6b3
7e645fa23
7ece18e9e
7f9ab3c57
7de900219
042d7aff9
78a0184aa
7c6142232
054b7d6b3
7d65cc392
01b8ce790
034e3a400
7e79a43af
0369bae16
7e1c96703
04072cc88
7f69f80f2
01cfbf0c7
0147be7b8
03eec63e4
7e8547861
02dc11838
7df9e59bb
04cd24709
04a3749b6
0217811e2
06941d3d5
04360cdbf
7fc5e3bf5
7ee41687a
7d59dae47
7ccae790e
00fcd0da1
7ddd8a795
06e8fce4b
7f65172d8
06451782e
7d83d2b4e
7d511914a
7fba01569
0188bac29
042c90292
081b87c55
01194d857
01e8a933b
02f22274e
02080e34f
76f3a762e
05536c2be
7bb179e17
7faadabb2
7f6d3e6b6
7d53a2db2
03df5b76a
7bb81702d
02a1c8fd1
7ecada9f5
79479a2d8
7a932ca12
7fbee443f
7cd2df460
7ce8607fd
018ca23c8
01e77cbea
7ff9d7ca6
02b976747
7c8ab35b4
073c7a4dc
7aa8b52da
01115a679
7f4d25773
7cddfceaa
00601c34e
7fe5d0ecf
7e38584ad
78037f255
02b4e1226
7e643be10
7cdaeb14f
0b1b17991
7b053fb3c
7f2ebb13c
79d2d760f
7e49511f3
7d655ed6e
006915291
7d3cdd097
06c72a414
7d4acf04b
7fbf76dbd
7fbec91d7
0139a7801
068c09b38
7b1aaba58
7fd3ec395
7eecdf8de
7cfe965a8
7d2dc333b
020812b96
0004fec86
006f3d705
7d5aefb3f
7de4d7508
7dcc2d29a
00c573dd2
00046bb8e
02cad88e3
7cb891169
7e63e8609
046749bb3
035ed7e2f
7c6ebe078
7cd0ca104
7f730b003
7828cd8b2
05f30dfb1
008f1f17c
7df12efa9
7e9336389
00cead445
01a189ad9
7d878dcfb
77c8b65a5
05b5809c6
7f3b81d02
7d6b223e6
027be04ad
03d11c35e
7f01ac303
021922c42
7d168dafa
0013347d3
05c65246e
0382ab773
011bf8e40
03ec1f153
783d55e11
7b10c5ab0
0084dcbc3
0244afe87
7c9a962d1
7ed055f31
7be45d3ba
7d7620176
0070fe50c
7f72235d8
05eb6ceea
7a1abffb7
06908e021
020512113
019eb3971
007173e59
7ceb68039
7a5ac1e8d
7f3292883
02bac0bc9
02cebe44a
01235f5d5
7e61bdbfb
05db61da1
00280858b
7db9e65b4
029357140
00592a6e7
05ebd212e
00dead4b0
7ea3d7905
7ece5734a
0013cacab
78cbf687f
7e3669c2f
02725b3a5
015ffd55b
03ab8ee40
7bdf4195a
04f86aee0
7cf7a4d66
020ec8ece
0287b4c6f
0022e0acc
01d45dbe2
7d5f4bafd
02f72a602
7f3752168
00a290205
7bdc84931
02fdfd183
00369058c
00069d758
7f1b710e8
04e1497ab
7f054b339
7d9225d90
7d0e3b5bb
02a311b7e
7cb92b039
03811f923
032848783
7ab1def09
7d323ae74
02c8d0d88
03d3d7afe
01b03b708
7ebcbca74
059eb0f3a
02ffb19f9
78ef5cbf4
7f5f5a034
0153b762b
000b5ccd1
01b4e1acf
041ea6b94
01f262417
7f5ca4f18
045dd1318
7f84b6a1a
7a25c9522
7f1a3980d
01250e75c
01f846344
7d7cb548e
00ff8c358
7d796eea5
7eeb2a4e5
7ffeb4582
7d6604aac
7cff450e5
04d936177
7bcdc67d1
01d83b86b
04e54217e
04314d6af
00008ad8e
76652a83d
7cd00526e
016524149
7a14fdeef
008b42a43
02d44eb5f
009766cf4
7bc6e670f
7a65397b7
7ebd448b1
7f658cea0
7f6cbe86a
7cfd87133
017293643
003f974aa
7ed4f9c06
01872f04e
02e5a871b
03197ca54
02f28b0a9
7b7bbd380
02d5e022a
059d2bef0
7c959d7f5
7e2197461
0058e3dbd
7e6272918
01f53e576
061320b4e
7d6788ee9
7cf7c6996
02539624b
05fde8c1f
00f94d33a
7d8ce8414
065edd08c
02bd0d750
02159e983
014697cd6
7e5d08936
074518f9d
7f96fe9f1
7f8d524c0
05295af81
0531e8c81
035ecd0f9
023bba198
030c86f83
01aec924a
7a72a3138
015846cde
0375c3a04
0626f983b
7e21eb7f6
755d924b3
0412942fb
04c9c6552
059f87afa
7a15f1cf3
02856c562
030828ad0
017f79f21
7a96efaa3
004ac23a8
07c8fcc24
07188c15c
79347b691
7a92c32df
7a5ce91e3
0050ace5f
7ec79fbb5
03643653f
0359d55a3
7eff9c5c1
7f553777c
00b74b1ce
006baecd3
7fbeec541
7bb8c7951
04e112fe2
7f999c394
0893276ea
78af539c2
7b9c8bd91
7ec67a71b
0683f1a6f
7a7f9f97e
0a0a5f837
04f4df963
0115d5a82
7e94a5c1e
002eaac9e
0263f54ba
0425a538d
7aa58dcff
00b4df4c7
07ab3418e
053e104ef
7c6ce6776
030696308
01d858969
01fb4df3f
76e0a3729
02063130d
053cb89a5
00a9e004e
0135ebaba
7ce2f9aa2
7a5fcc507
01ff06141
0461d4191
022a582aa
7992f50ed
004d6bead
034d45a45
00f175d14
0191a190d
042a6a25d
7cdac4f8e
01e7b3c18
7e22c4e51
7d55b05a8
03e0d04b4
0261575d7
018507c88
0700a24ba
7b180e033
079bf58b4
7fdb0f477
022e86889
7f1a7c46f
7d81478c4
7f0d0b732
7f7a23231
02b9b7759
7e2d3e591
008c4a862
7bb26e01d
78c7b0029
7f7345ec5
0591d0110
03604c243
75e7fe52e
024f69f22
03fa263d0
7f45fbbc9
0378efabb
03a75a473
7c5caacb8
7d96e9fa2
049b0d002
01dd56d3f
7edda8a53
025c7acb6
7621f371c
79d35e762
0156a5740
78db1e233
03afd8649
78308495f
0434d6eec
79dae109a
00c92b2a2
7e2a6c8d2
7f4077983
7cd0c18e1
003cd7846
02a4edc5e
0077ae659
7fc51fe20
7c2167c84
0077daa69
004537f6e
7deff7664
00892c7e9
03c82413a
7ebab1d2d
04aba2710
015da7ff9
018acbc8d
7fa4e3f7d
03242f491
7d62f4c19
7d45a1bd7
799b3f216
01b19818e
7b081fdc7
7fb13fbaf
0145662bb
02c56facb
0061128be
01f5f7db6
79db5f201
7d657cfa3
7c669eea3
7bcfa7239
036ac6ee0
01104efb1
02ae9b7ab
7de78b59e
026ace19e
784e38876
064dad894
023040e3b
7d4ef404f
7ad8154dd
011c73c5c
7aecf8c87
02d11c386
03d220f74
7b88385e0
7eb750c45
7f5f59690
032b07a44
00eea8d8b
085f0db7a
0223a7188
7e8f4e0f2
7fb8aa403
7c2a256a1
02b6d7940
7dd189869
03c8cbf83
7f79f9b94
05a9c5d4d
01caf3a80
7c1963db3
770909c5d
068a1d350
02d5c4d55
01dcf9290
7da871a10
054c75cb7
00036a2ed
7f18f05c0
7933061e9
03c555730
7dedf9b2b
00d6ef685
0358217c9
06db3ed07
01d0a5b96
7c4e6b51c
7f718c3d2
7e21a5134
0028aed95
048dfb410
7e4455c1c
7f9bf5333
01063b6c7
0031d9ca3
04a5d0808
7ba8be9c0
03690137d
7e34a82b8
7d5d7b911
0231da514
7d70a4b63
0029e1422
7e2e45551
01e53735b
7d5a1764c
0284a4b40
012cb7cae
00439d0f6
03d84ab7f
034f95ada
7e0d55e69
05a34a067
7ca9856f8
028dc440d
068742ad1
7e3dcb955
0b786467c
031ec8fed
064057de0
0177aa200
06b9d1ed1
7a07e83e1
7d8284bcd
7dea2623a
7df0be3da
02d940620
00853356e
7f08f1cdd
7c913520e
7b96e61d6
7c7d765e8
7c535ca01
7d2c67294
03dfac90a
7e53b5f9b
016f7fbae
7995a90a7
7de7c75e7
7ddb8f8a1
7ceac62ed
7ed7bb952
7e7858902
010b3720d
01055d3be
7cfbd2b16
7dcaddb38
7a7b1e110
7a5f290cd
764fc8f31
0414ff579
7b0be8786
03c7739dd
064c71f78
03c7551f5
012b9ea92
02c645693
08b278fa4
7f666eaef
066debba7
7e62f14ed
7ab62b74a
7b89e8c48
7f436959f
7f361362f
021e21717
785b506ce
7e80f33d2
79b1e4f14
77a4a0aef
7e8df434e
7da114286
009b6c9e7
793d738db
03e0675da
7b16fd46e
00ba8036b
7f972e53a
03f7726b4
7c5ebd13b
004bfbe9f
7de37b138
038e5fe69
01e9dc6a2
0106f0397
7de7b2bb6
7fb72650e
0031e1ee1
0166b92bf
7db4f8eec
7b83fdfbb
0298edcbd
7f54736c4
0811eea3b
7eb939ef4
0771f3f92
022136029
793ef63a0
02a87c639
7b26a7a37
030f9235f
077dcb0c9
03f79e53a
00daef46f
7fb5f4b2d
7a564700b
7fc3db8f5
7c6103535
0056f44e9
018c755ce
01edfd051
009701ac4
00bff4ea8
03f05c086
7eb2eda90
025987dc9
01d4cd3a9
036a7d9dd
0510686bb
7c6922fb2
011a39ac1
7c31a059d
7cbebc96f
069406782
7dfd6564b
7ae13b11e
0073cf04e
7a74e6cc1
7bdb30cc7
01e12d463
0370aa445
7d18f4145
00392c603
7f9c20e08
07eab4eea
0864d69da
077aa7577
7ff13c60a
01ce0c7a4
005ca830f
02882e431
7af525945
7bbd2a414
03f9331b7
00fb49a64
7d25fb0f9
7cb0b44cb
7b04e9560
7f1f2cbf6
7fc1bc907
7ad929de7
7f5d863fc
7c4f74324
07858c26a
7b25639c4
76fb65d44
08cbe192a
7df3446c3
7fe093563
041168313
00e2696e2
7314f9090
09539fe4f
058ca211b
7ca751484
7cc3db4dc
03f9e61d8
7c6f28020
7f7e45786
7a6f7916f
7eb73cbef
7d3c530d1
02d9f9fdd
78398954d
01a1a7185
008e95794
7e304f56c
7e670462f
7e31ed3e3
7fc654baa
085722714
068bf76d7
7e2ba86e4
78f14817a
02463e756
00969f4b8
000cbb9ea
7fe243b57
7f2872c1a
00b94b0bf
7daa3ed24
00ba32fe3
7f5e2ea44
7e557ce6b
03b99ab56
7ef4d9c4d
03befda8f
08b863110
0657fc0cf
7a3fc0c93
0226c7d76
7f6b7f705
790770d8e
788feee39
0388d8af3
009fd5624
7c3b95a50
7c1946c10
7c9bd9ad2
7ebe2ff39
7cadbfe0c
002129255
02904f030
00d20e4da
7e54e7ac2
02044a204
06b229f6b
009b3d5db
77dc98601
7f480565e
01a213373
79131afac
7d2469ce3
7e85598d9
01359af90
7854a8448
78e8f6918
008c3325c
02f0ce163
7c82e337c
7d64199cc
019818139
038f0995b
7c339d745
7dd8fda06
03a89c9bf
01d841958
7ca607be6
7ebf557ee
7f7437322
009cda3d5
0280611f6
77f20799b
02004200a
05b2a7d8c
7ce057eb4
7f64b6b5f
0335c160d
021991b66
01df48236
7d25f6827
044493e81
05195b838
000b88d02
041d3023f
768a800b5
78c7051fb
0263d95c4
050aa6035
016d9553e
012c8b0f7
069cadcea
7ad9f55a3
0164fdf3e
7f6a73ff8
7e8b5bddc
75920636f
005dee5f6
0257241a0
7acdabbe6
07f38595d
03be2a179
0646fbb72
7d91c4438
02455cc9e
7da60f960
003337237
013fbddf5
034fbacb0
7cd36728a
0555da0be
0180b95bd
02915be4a
7f845db8a
7d9ca9c44
02b5781fb
00331cd53
0337d0aa4
77ea567c6
0162f3936
7fe2ef629
7b4bd59ea
00a4f9496
7d04ff95c
082652f38
75ebad1d4
0052d2f46
7b1b52c68
7aeb55cce
7d456e9f4
7b4546a1f
7989e8d7d
0134d17d5
063faf667
01d39305e
0614aa853
7e7bc846b
02629f115
7ee0c6d79
019ec9138
7c00c430f
7c70abef2
020c2caad
033e8bcae
78c4ad71d
0295faf8f
00faa84e1
00c909e9c
007ba9fcd
02a345341
7ee70110a
05208768a
7fc776f41
79a9b4249
7fb138330
028856d53
7c92feadd
7a8d07e5d
06fd6446c
77fbfdf4d
0964d6a80
7cb59c3e2
7f8d242d1
034ade8d4
074d146d2
02b31e8c7
7f591bf80
02fc9bbdc
01a3f1775
00af6baf1
79c4df266
01605892f
7d607ffc2
00d041e13
0363f26ed
7e922ed93
02cbf0ca6
04f7fc381
79c523a4f
03485d8a1
068b3443f
034a4fe93
7fc266ac8
7a6c6d7f9
7e13c87db
7d5666c44
0078128a4
080913d74
055b4e191
7f8c016bf
055dd98f3
78816594a
7fde41387
042cfbebc
003ba5689
7ea94ca1f
047a15cee
033cb2b03
7ccfb134c
00cdfc1ce
0b3438f13
7ad2a09d2
7b3e6ddf9
7c333dea9
753acdc54
7c49dc397
05bd475f4
7f92e7f1e
074d0f48f
02127f64a
7e8ff4de2
01494df65
75823f1f9
7bc835f87
7ea92b7d1
02e62d887
7d50ba94d
7d298d2ef
78b1a0c59
0192cacae
7f5b12d52
079149dd4
012c92113
00e149bef
7bd89b296
0b0f9a63f
7f79d6dfe
052ca8ce0
7ec238aef
0451e580b
78f1eba76
7dc20ddc8
7f88cd027
7f0fd4332
0561f5fb9
00f0b6ce0
030136b0b
7c8dded9d
7fb76b013
7d7efea17
00ccba60a
07cf06581
7db924f81
7eb991788
7c4b5771e
7c92bbcc7
7c024ddc0
7df6fadf0
0913be12a
7aa550cbd
7bbdf76a1
7ec20f2ca
78bf63ca9
7db11eb04
00dcec872
7c3d95b20
00ee017f6
08c71c048
0136dd247
7b649cfaf
00e3255f8
7ae3915ab
7c9be1e6e
02323b659
7e71e260e
001e922a6
02128fa8b
02405c86a
7d3e7595d
04abe415f
015d423ac
0249481d2
7f861a1fb
03093f8cc
7be552a2f
018723bf9
0007f4fa9
02721676c
7906b535a
006b5c36f
01a9fd58f
02302f5fe
7cbf574d0
03cfba2c1
0201f97e8
7ced9f4a2
78eec1e37
7f4df774a
7ca6fa3d8
00756b462
03e9006ba
0665b30b4
00b6db419
7e16b387e
016c500d7
7fea5033d
7c4f9f4f9
03af9d548
7bb5a89f4
049fce6f4
00514ade4
026fbd79b
779779a00
00ed70e52
7ab30619b
00c739bdb
7ad9a5f93
7dc8725bb
7b115bc42
04f30690f
019565349
00ec2720f
00143b847
01d102b46
7c64e72f2
7bf953b79
7db7f78ce
0267b8ef1
03b1ccd2c
057e17bd1
79fe57920
7f76f921e
016cff641
027be209b
7eb33a3af
00a7fe2a9
7d569b51f
0401f6310
0219caeb8
7cc00d889
006edae10
77922f9d2
01f4170d9
01baa6664
7bf00c9a5
7bd29d848
7f32300dc
7d0eb74fd
0264fdb72
02c033194
7d02fa6eb
00696c62b
003909381
0324e8fb2
012c9ba53
7d32e5674
0076744e8
7992373bb
7fbc89c47
0175808d8
7bdbdb7be
7d6c774c1
7fab2cb1f
01ff761db
7aa61d05e
01fbe3e60
7c314a244
00c674ca5
01efd793b
7d7c5d07d
010f0aaaa
0137c369c
7ec6af9ee
7e0526e63
017a43092
7c55d7cd5
7d4adb6fd
0185dd1a0
02a1205b1
7f00d9429
008f06d5b
03c416c15
002e9ddc5
7e99b8d2f
01860406d
00a417c41
7e5143a51
7da4f9ccd
028324cc1
05c2cb6dc
7f426a765
01a08199a
0347f1fa0
7fd2748dd
00229f72e
7c67ca343
037b2f33e
021472f3b
797f639b5
7fbf658af
7ebabedd2
7fc704ba3
7d789bae2
7b358193d
7f09a15df
0089cd34e
7a39fa84f
7f1735780
7f47d40a3
00a5e6cc9
03d4805a8
7c25008d3
02efca183
023f3a16f
7faa0c62e
79c0c09e9
0267206cd
03a1941c0
030b5ca26
0672dea81
03c9bc3f7
7db8d5c80
08328f194
000e3d36e
7e2ffd4f6
7e6d3b5c9
7c7924925
081af4f6d
7fc160f84
7e43b06a8
054248a1c
0a5a76ffa
7a1fb1a6e
7d5808037
7fdc05138
042910dd5
006083480
04894f4d9
003985bc0
04c5593f9
7d2d7f3c9
7f09701b4
020b1a7fe
0138159cc
01185266c
01d9c6c8e
013ce550e
0199c7daf
7dbddc73d
021d5ff4e
0310f4b4d
014b0256f
7e083ee8b
7f2402573
01c8f63c8
7d8d7d98b
03c8d926f
7d5b67e86
7ad6befeb
020e157db
02944a698
7c6d3be13
7f9a48c31
03d842e96
793e34fd7
039b2b8e7
7bdd23f07
03ffcab58
7ca01ad4c
7c302b9af
041772544
7b522e5ce
7c6684d6c
7d8649796
7f71ec9fe
00512d0ff
007ac0e7d
0164741d9
011b210ff
0032166bb
06341d56d
021be0e53
7f14558c8
761c3c855
029806bdf
7bb572eda
765006abc
047b40214
009efa8a7
7f5b3c42c
024a71d00
7b41d0869
03238ebef
7e7d857e3
7b9960e2c
01193dacf
05651923c
7c3e48011
7ff0092c2
03c430a8a
04103119a
7fcb9c471
02ea9f454
008acd62c
7dd5ec6ef
00072f0b7
78e91fd33
7c6a3a0aa
7e8622551
7f612da44
7e74121ba
04846c103
025e974ce
0397d8657
070c0fb25
7e20c7d29
094f094ae
7e0c9ec8d
7ed31ceb8
7c6f55191
7cfb13808
070a06959
04f8dfae9
7a88f116c
772bf259f
7ffd84779
79e3e1339
7dd8c9a95
02154e138
001be9e2b
036d6d631
7fd079cfa
03c66702b
01b311665
0174ad438
04fae0b99
01aeca7a8
7ff589d62
00fe11de2
7bbad5576
01073a53c
00fdc0a1e
025a8f94b
058ad2928
0084d607e
7e04805a9
00b543837
0133e797b
03277875b
00ba8ef0f
0627fc268
05b418477
7ddc09c5e
00fe870b1
7e6fc2d70
7e95a01bf
7f4d170cf
0018e4148
02732af50
00e431fcd
01ab474d6
7e5327261
7d1d7b9f2
00b13ca82
7b971d6a7
00c37266c
7f29968bc
7e4392bb1
7b83b1f72
02e5d5868
7d595e010
7b7a2139d
7b6f6096b
7a9bd0c5b
02b014f76
7b54f7f60
01a2c454f
7c69ef880
7dfbe7d7c
7f9424461
7bdb2e6cf
0062416b4
0091dc2ba
7ef533043
0417bfa4c
7ee398c92
7e3b7270f
7fc468b05
7ded83efe
000179692
05a27136b
033be7f76
7c1c17721
036d9cc69
01994c797
7b00a2793
7f825d944
01c4bce70
00c4ce0aa
00f251a55
00341db83
7ce0f76b7
020290327
7d0fe7eb7
79568c35e
7ed83971d
78f5837b2
0078f707c
7fca5e568
0006bca0e
0427047e7
041ef68f3
0018b2267
7ad4974d5
0180660f1
00def836e
00701fcef
02d9c78a6
00b85d036
7fce5fbdf
021d99261
03f118fb0
04e0d2781
01b89c322
00b787ca9
7964baffc
02af1b674
0300e7d0d
7dd9abf5f
04dc0c6c6
7ff6445fb
03a2422ec
034bc4265
730a3c084
7fcdaf0df
7f6329821
7f73e0f5f
09a6286c0
7f979878f
07fd164ff
08352066d
0716ae217
7e431bbd4
039020ae4
7d8348bfe
7b614c099
7c3474ec3
7a1d078bf
78ed98ae1
00d1d3f7a
7c37df9cc
00f46ff07
7ee7dd651
7ee32945d
7b01bc005
7d1665615
7de7ffc11
790a4f8be
7e9a8283f
044c79671
7dea70494
7d6ef9977
790533fbe
029874866
7807d3593
7a5da3e52
0627833a2
7ecd644db
00d559158
7ad9baa70
7f6d89a84
7f0e1f39b
7df9fc575
7ef91fc1a
7cdc4a46d
057721f1f
7edce788c
03b75a71f
7f08f0a58
0148c34c5
016ad651e
7236a7930
052a8c3e2
7d750cc82
009c8cbd2
01c9d0416
06a4a70ed
7fcf83535
7ead393a3
7ccfaab44
0394f4094
037c39ee7
7a056e7f3
7a16ef231
7ee443326
070bd0a14
7ff48d0d5
7f44593bc
7f96de6d9
7a0b0f264
7e819f1d1
7914e99f2
0559947f0
008a9826e
7f4448edb
7df56ce88
06d6d4854
7d0889826
02c664f73
78bc3a540
7eb405155
7c6727345
7ffbd18cc
038e48f9a
7de4e0ed2
7fd32f4de
031e9796f
036d1ab41
7f39c0e4f
7aba8b05e
7e44e810f
7ee9a3472
00a810c41
7fa9fc89c
7dcbbe4d9
7e9cdac47
7d2c7aefb
7fc0b7781
7e8928e0b
7fe37bfeb
7fec4fbc8
7fb8a1b17
7b4264c54
7b4a20fbf
7f1e4d901
006f4a8aa
7ceada943
7c509808d
00758d543
7ddee920c
7eee78ae8
0190c8b35
012d1b962
006072508
016c54fd3
7cacfb1d2
7d47c6442
041138f96
7b97b1d6e
7c90e8c75
02ece8d68
7ed17cba0
7c733b43f
0653bbf99
7ba500862
03a119bd1
0043f8d7c
7d356633e
78e1e431f
036867936
78d4dea42
7a24d4c1b
7d964563b
064afe3e8
7cb8ba6bb
7c8082e14
7dd183fcc
03a22941e
014b7f3e6
7f87b248c
02745e3c0
7dd9d773a
7d9744118
7e60a3dd0
00e0f2730
00b6800f0
0149a9e2c
7ff1355f1
7c5345a89
02af41db8
7c1c23dca
7b2b733fc
04781558b
7d052d6e1
7ecc2e1b4
7e3ee8c84
09fb3d45b
01aa93b39
7e70429ee
037e6f055
7d57e462e
01510ac50
7d8bb12e7
7d80a0a83
7aea902c4
7fb42356b
031590908
787aad885
7cd1c47f6
7e512939d
7e6c44e35
0598fd777
078c5b6c1
01fbdf0ab
7e9a2c520
0729d6e11
08bf4939a
7fcd4100a
7c9a2eb3e
00479dfad
0727b0722
7e608a807
7dabbd78e
047d19f7e
7ed2ce8d0
0525c4b35
000d2b9bb
7dbd249a6
0353bf12f
01bf706a5
79c7dec54
0046a859b
7b6b693b3
7d8808aef
071db38e4
7ef39a7a9
057de0180
7d1264dfe
7f3f62eab
7fa81a068
7fa4b530a
00cd7f71d
7d91ab335
0630723d4
7cd537cbf
0673cf485
0101d283d
010fee480
7f699284d
02c45f62c
01e32ee61
02859bdbd
05455b58f
7d710d285
086b24cff
06642e729
03224dc55
7db34027c
7f37a248b
7f3b98d4d
0184307c4
7d2070c76
7bde6687d
03e77ffa7
7eadbe0df
7bcd3afa6
7c35a0782
7bc6f296b
7f4f92733
015d01344
031756fdd
7daab9479
01917b442
02f0ebf8d
018cf2120
01e885277
7f244e745
00d306504
01e02cee2
7cdc01939
7cd287061
042e5bb14
024494235
0405d7222
066bc3412
75fbd1144
7b18b2b88
02ae1898f
77956eadc
7febd1c65
76e718369
02aba8718
7974504b1
063771728
00dd4b5cd
7c90193a7
035b7222b
030e6bfcf
04c0add69
03fd97117
03be03dbb
7a5fa6a23
006e84577
7fd05a88a
792456679
044bad6a5
7aa0b27c1
002a61bd0
013db9aeb
7ce8253b1
7bee21a55
03da6cf90
7fbd53644
01ecba2f7
7f040ad9c
04bd61a37
7e24bf545
01b10a924
7fdfcae2e
01888ddb7
7b1660c68
7e7035477
7e3479088
7fb33fe20
0177abfb5
7eecbbca0
7ff5608e6
7f51c110c
0285d2539
7f7631457
7f402e27c
02e1716f2
04c7e1ff7
7e0760c69
7be888726
002062acb
7a4e83e7e
7db149e88
05879f844
7fbe01114
01e929f07
01ed8ce37
0000f33d6
00d333a9f
79603edbf
7aa921fe2
038220879
006301768
04ad2055f
0095d195d
04766d644
0412b3e24
01b53725d
7d8538f89
01a29cfb2
7fe8ee52c
00ef143c5
79a76f017
7be563519
7f1d021aa
7eb88c3f7
011e3c286
7e4996ae8
0383522f8
036a7e1ab
7b67fccf4
7df37e947
7ec89671e
0310a1111
03a6899a5
01c113dd2
7ec168ff4
7f86441e5
7fc26e822
005d72999
7d6da7880
7beec5cf7
0228e0c84
7f25856ec
7d26d7823
7aa232b5c
039d633ec
03c691c25
01610d47f
05a1ebe09
01dfffbc8
7b51f3645
7c27f22cf
037e48c98
7d0b488a5
7e619c667
0341b4aa3
006ef6ba1
7b7f555ec
061792043
0553d41de
7d267f500
01deb9102
027903628
7cbc45c18
7fa262cac
02dbe520c
7929cd01c
7589c003d
7ba324fde
7fdcc9466
7cd0ef790
7ffa192b0
009e84b54
07ac2d608
002a9843a
7d3c0b30d
780227491
7e22c5fc6
7dfaaa236
01ba8a9ca
06b7db6bb
067747e97
785c0e50e
7986f79fb
79762351d
7ae41997e
7856dbcb9
03692c2d9
033680c34
7feb0ebbf
7d5b01361
7cb639c3b
022abac08
02be147ae
01b3194b8
0206ab454
0595b6a35
02956e410
000822571
7e9edc190
07b3aec9f
053435e7f
05ce93db9
7e30ad23f
7df4e2d04
015a029be
07b341e40
7d77331f9
7d47c6078
7f93fc724
7fb5d445f
7f1fea18a
0784e9e0a
039d04551
78bd534c1
773174458
08cc71ffe
7e0b91bc0
08302f299
7fc2ad831
7d3287e2b
01983937b
7d9b52b04
01a4eb0a0
014e16061
7a8542709
7a5f25ae8
01ea04b28
041d0699e
002571ae9
7f8aed468
7d1f871a9
0093cb0ac
7f5ac60d6
7ddc7cc19
023e38567
043e291fc
0087c0c18
7fac50b14
7868af306
014718dfd
0309d95ed
08ce36836
7d5daae26
7c3fec8fd
075a43fe7
7a62a4549
0151345f2
7e0d9caee
7f56f181b
7fc4cf7a8
7f7537530
7cfbcc47c
799470026
04d50924a
049c7ed67
7c85bd776
7eca113c2
7eb609de0
7e298865a
0207845b3
7cc7f641c
051a54fc8
7d050704d
75a3a76ca
7eb2f8a77
7889e05a4
0360fdb08
02eebb8e8
7e098c51b
0833f2a57
07ebc0d4d
7baedabac
004b86052
7adc326eb
7f2237008
7caa0c2b4
7e9bf5628
00dafe33d
778b2d588
7ea1ab2a9
012013b8f
78c2ef4d4
790e62fa9
7e5071f95
7daa1bd97
790426008
7f6c99886
7faf9fb3f
7e53a32c3
01cc1b3e4
7d692e5eb
01fd24f32
003291cf8
01c7da070
7b5a0c215
035170254
01c21baf0
000449bae
76b55234c
0373420d7
7c66136e3
7e071bb10
7b7ee2fe9
7fb640a82
7d46c2c65
7eb6ab951
76b21bece
0263cca32
7d37e44d7
7c747bcfa
7c89b221f
0aa8bdc7d
7b95041c0
00d794750
068a7384e
7f1d861d7
773cb90c1
03f97aa5f
05617e3d7
033eb0c1c
01ad90457
0638dd1b6
7f9b682ef
0121c86b6
007ad8351
0253d26ce
024a3ceff
0664162ef
7f52a6bed
03a7babdb
002440b7d
7f4feef11
7d1c8ca18
00654f55f
004dc523b
01ce7b3cd
0568725a4
7d683c8a4
7d7895159
7cc6fceb3
0096ebf0f
7a83d0360
01772cecf
04276edc9
7cf05ed9b
7a612b7f1
00986eec0
052fc0bb4
7d47485b0
78dfc717f
7f7ca0fd3
0436a24a9
04c16a640
7dea35852
7ad7771d3
00ff148d3
04674560f
01e6299a7
032c8ae63
00d4e2788
016361915
0159ac0c9
7cb08faba
7d71198d4
7f3a59941
7f915034f
0739b1f82
09577843f
7a36f8903
7852d6b1a
04698cb11
034c9a15f
7faf4b5e9
7bbca4ec7
7dea90c6a
002c15664
7aad80c4b
7deee398a
03d0e4cd5
7d9363410
7f270b2d2
00cc440e2
7cf59409b
7ca63bf5f
0360ef0a1
7c8832bdf
023a3484c
7e8905012
7b05a4d3c
7b0a262e9
03878650a
041ccf3ba
7fb134b8e
7da5e537f
06ecc493d
06a264d77
055f28a59
020d08219
7d53de646
7d3d5deba
024da6d76
00382f99e
7b835e375
77fe50b88
7e58bc384
7c20a704b
7fdd7dc64
06b118d3b
7a7c421db
7fb039bc3
7fc9d1739
04795e856
00fe93326
02f93a07d
071a061e5
7f7585ae3
7ef0107a0
06ce93002
05d1aafee
761ae3c38
076b879bd
041501c6d
7db94bac2
030c84b7e
7f99aa924
7c598d007
01fcc00c3
097b46811
7ad49f0fd
021be9313
7ed033b74
7fe1b6bd8
7fc334342
7f7d1ad7b
01f233632
063057003
7c11d88fd
7f5c1f7e7
7d51a683f
7d36691a7
0139f37f4
7ea46184c
7fc65f420
7ecb4fe53
02dc18afb
7be1aa4da
7d4953899
7cbeedf30
021c382b8
7d4e26876
0119633b0
7f782513f
04b126bd2
7a4757e64
7bc818e93
7d153575a
04bc73bca
7afa15cbd
7d34d54cb
05f77b0b9
77aa1af9d
7b88d03b5
7ebb2a8b5
03e041ea8
7e96432fa
7e5220ea0
02388f635
02f416934
7e1c41709
7ccf73c6f
7b4609ce5
7d80a970c
7f98b4607
7f2b50ecf
7d1f0e6d7
05452240a
02ec73b73
7bf2f2820
7d90a5544
7eb517904
018bcb97d
0530b9def
7ce268eb8
001807f34
7ed9c8a4b
00813d12f
7d5ea8ce8
7fcbab24c
02f0ded63
05b7f59d1
0035bc604
0491956b9
7dd0c5ede
7c744fec9
76476f80a
7af0365c5
773d1cef1
7dfa2b304
7d7fa6a2e
7a5adbd30
7aabba1e6
79698b6c6
7e478a0b0
7f291aaf4
04f250704
02ca6bcf1
053ea54b7
77570a0fa
7e9978453
7d388576d
763c23411
7ee8c1412
776895c3c
00d3065f4
7b447dcac
7fafa2d4a
7c155e3ef
77f1daca7
7e550ff9f
7a014c023
7ef283e83
772a64464
798f24a8f
00d749093
026ce5f6b
7b4752531
7e175c210
7be157146
7e953cec2
01f3ef6c7
036ef9dc4
01e767f22
7dd61a0c2
021ba1c34
001334453
071cd6cf1
7b32a62fc
08abeb27d
7f549d45c
005dea28b
033c209fc
02d5f2ca6
01967c1c5
7f1bbaa60
00b26bfb5
7b320a7d2
0104144fb
7c488f11b
0149ce0df
065b80ca7
00b34292e
015eb53ef
03a385f1b
7ed4caec4
7f65cd805
7b996aace
00fc2388d
085ca4618
01ee228ab
0118351ea
09dfa34ee
04bbf12f6
0057963f0
01a53e20b
01962677d
0439ce702
7b59a56af
00042be5f
03c12dc65
02814e1bd
015c36f48
7c435fb2d
013534169
001fdc64d
7cd4b7f88
024e75b15
7a220a741
07632dbc2
01a44d0ff
7d8d06958
0373b5471
03fe24fc3
7ecbfacd5
02add7c87
07e1d4a0c
79d5f9b27
0269afa39
798bc25c8
012af60f0
013ea6080
0592cb1cb
01f02ebee
7f1ae2ff4
7f79291b3
0105bc6d0
033d8147c
7fad4025e
0147797c3
7d1c4ecde
057ae53c7
7cc80d3cf
0336cee24
0519ae5f2
7e96330de
7cd405327
0266c9eda
7f1c3579a
7e6511de3
7f93689f3
02f1e845e
7be98a5a7
042edbeae
7dd3cd363
7c4b399da
028308283
01f63a404
7c89985af
7ff219c48
078e4f5d9
7c63ef26e
7cdd70aaf
7e8ade177
032efeeff
01fa5dcee
032a6f717
049a5f87d
7cb1000ab
7eab1d95a
001de0ec4
0318abff2
0156d1e32
7ca71768b
7e84d877b
7c8143152
7b99b795f
0558ef727
013c9f317
7a31b30a3
01173e11c
046e3a53e
7c8db4bfe
03a04610e
097c4ed91
7f2666918
7b55b91c5
008990027
7dd8608da
7f2a0a260
7ec182479
7bb580ce5
7febaa315
032a9ba90
7ef7ddb45
7e4e95d3c
002addd38
7eb30a999
7e07e3dcc
0209c21ad
0089d9923
02aec8899
7dbd674dc
7c408f4ff
01e5ec893
7e9635668
7dc5e77fc
0438188dd
08624c316
7d15a0093
097604532
000f483dd
000f84e33
0112d2567
01135a998
78e12d292
758447939
025faacba
74911f0d6
0711e2170
7f07918f5
0035825f0
7e590db05
05bba5d4b
04bd73a92
002115b00
05e6a74a7
7abb3fd5c
022e8b8f5
01fb2cb81
7cf2eb38e
7dfd79b4b
7ac1e627d
7f73c4d3d
7b8b87adf
0409a2b5e
0234f692e
027220f57
7eb2d064b
0295d3b1b
7e9d54996
7f770cb81
7e4917482
03df029cb
01190f83f
7fd92ed28
009fc4d33
04930160e
03d5519a8
7e2615dc0
052d0a6cb
00e12e5bd
032166699
7f562245f
7db77346c
7ebbf4ade
01135a7c2
7c667e2e0
01ab3ac42
03a75c837
7f9a2c6c7
0462f195e
010fda880
7e791f5f6
7d8e18867
029278fe7
7ddd029d6
058eae432
7c54d9201
038bc4743
0547e38d5
0190542c5
7fbdd4777
7d5c2f360
028b992a9
0263006d6
7da5e7f2f
04b55ae0f
042589fdd
7edc95594
77521768e
003ca26fc
7cf74760a
7e965a052
7b7c31018
7e1c8a1ae
7f05c269e
0337f11a6
7c3fa3c82
01c8f8618
7d6d13eda
7f8df8906
0458735f9
7ed76b86d
7f1fbcc84
00bb7c429
01038e5c4
7c230a38b
7d6543e15
01a6678c6
001386688
01993a429
08230b006
010de8811
7cc68129f
08c4b9a80
7e3ae21b6
022df1796
7f954696c
003121756
03708d03d
01f6ec314
78c4004d5
019d7a957
7e3a5f60b
02394beca
7c9f590be
7eec929d3
7a705da60
7e6d4e746
0236307c6
7f27dde8c
0261b321e
7f4a199b2
006de28a5
7b0153464
7e5fa1b87
04712e486
03d923da0
025bfc2dd
7f46f395d
02fb95a75
7d46107b1
7fe19dd97
7eea6db02
043ee0fb3
03016350b
7f7bcfc88
01e0319c3
7bfb3af1f
052a0a246
01aa4f9a4
03afd689b
01e64a57f
01caff95f
00b798338
07ce2ca5c
00265e763
7ffe767e0
7fe21017d
7deb7faba
7fdf84a27
7c4d1965d
7f0474387
03e097513
04e3df543
05555b50c
7b76720d5
00459d177
7d19cccea
02b1d218f
7fb5f03d2
7f4f14663
03a633ced
04580dd03
02817cb83
0373d6e9f
7e432f017
073b9d4b3
03eb7d94e
7e7d9a2f3
7e632de53
05995e02d
01392cc78
0015eb480
020d3a334
03ee9b777
7b49f7a24
023a733e3
0275a0da1
7ec48db4b
7b42dd1d7
7eb1a677d
7bb0eda36
7cfcc8721
037157182
7b4a3155b
7d992cd25
7adca30db
06bdbe892
00b7c32c6
04e1ecb93
799d762a3
7e5a0aa9d
04a3512d1
7fb965273
7e3287953
02436ade7
7e42f707e
0087b422f
017cbe01e
7cc99fe7f
7fcc36333
013fecaaf
01fc731d1
7db1e966f
037c75cd8
7df9e892c
00d7b117d
04854ea8d
7cf1a8246
7c64ee463
027219c98
03cb071b7
0325fc379
7b2b37a79
7c89000db
058bcb72f
7eef3f643
7c975d9e2
79503ee91
75d2cbf29
011f1e3d1
7cf07a03a
7a96ab01c
7d1922bcc
7f8736046
7fdd8d813
01213ca08
051ea6424
0051c1a0c
7ef5417ea
7d8d089e7
01f218d1d
00d950a4e
7d87bab16
001754be6
012ce5aae
01ef937a2
7f04d4a65
02706dee6
7e78c6eaf
7d60ccf27
01dc1de86
066884e53
03595907e
0231429b9
03480bca3
08bcafae7
02e9eb42e
7b7cc4e73
7cdaadcc7
03679ca6a
04dbc5cae
02f31e904
7c3d3ac2b
0565eff39
02e38eab9
7e3484461
01c0b8bef
00d3b9490
003aa4629
7b03c8f5d
061705317
0276e9e9d
00fc99cca
7d4cffe2c
7c0a61b38
02d09230c
0083565ba
00da04bde
7af48684d
03804875d
01999ac96
026fc42f4
7f90e743e
7bba16b73
7e866c69f
01525fb80
7d82147f2
06c0a3ff4
052bd5d96
792c415fa
02dff9edc
7fda9ca3f
02c0cae92
7f1b91010
01e957f88
03772d7e8
7ebbe7b47
0398d0261
7eaba21d7
7d2bb8c17
7cc7f9224
7fd7ef482
7e9070de5
09aa167c5
01daba44b
7f2e27073
7c88c7807
0137d2bfe
0a973fdc6
0034509a8
0a8cea0f3
751a797b7
01e969806
043af9254
01572fdfa
07277a4f6
00b0a201a
7e655ddc1
7e3a982e3
7d76d92c2
7bcffb40e
0792249a1
7d235c8b8
01f5a9914
044f8d021
00cd71f2a
0194ebf4a
7ab0b0d8f
7fa186381
039f6c692
01f99ce9a
00e57e5b2
02597871c
7f15e59fd
0269603d0
7dee09e30
01f87c606
7c15316fe
77a7e70e4
0321bcf61
01941d294
7eb5e4368
7b77c46f4
04161655c
05caf13f1
06cdb37ef
028748d2a
025580bf3
03c9e72f2
00047aa15
021952ac6
04082f18b
044e1fb62
00b80c46f
0082dccea
0059faa77
02275fead
7f18c5c49
7d253315e
03d46fea8
05987870f
04a253857
7f0c3b443
056bb885a
7d9327258
039718b4c
00663a3ff
7fa4d5bec
7d54fe1f7
7ea52ba11
02a5e1a78
01bddcd73
7ce8836a2
7be8a0eb7
7e301a6ec
00acfd770
7ed4d13f1
0365ec01d
03f8b1d07
0628aed25
7cfeec771
06180971e
001770468
7e191dad9
7a89d96bc
7e6028a35
085f7d6e9
7ab4f05a5
000e95360
7df0edfb9
7ac8d4bd6
01fdf0428
01b6be79c
0539f59fb
7fe10efba
0320ed9b4
7de6095aa
7ba27b7b5
7f26543c8
7ba30aa70
7db0eb480
7f90146a3
04aa0a4d4
001774f68
03faee17c
0602846dc
0193bb136
0068beba7
0151581e0
00c9d86f3
7f2d529fb
7f54b0b45
7bfd53b96
01dcb4fd7
7bbff81eb
006a842d5
7ebc93228
79b00c1d2
023e5b431
049f7643a
054ba96a6
068b18735
00e717318
08a3da4c3
00cb55529
7be613ee3
012df2305
075e5ab71
040eb6b04
7d66f238f
7f3689d56
02a89e9e6
055dd1f2f
02dfc90c9
037f46a21
04b3d4125
0125fd03f
7df667983
7eb33fcb7
012135d0b
043b41040
02ada35d8
7d7a89c8a
79ca17ef2
7e286df9d
018310af5
00cf7ea67
033e406f4
7df79015c
7dbe85c92
7bd13cf1c
7f70fa16f
7c927f893
7f6b41b89
7be2b4243
7db52b1ff
028846744
7e9a37516
04a0681fe
7fba6cfaf
02a19c583
014de716c
7feba57ad
02583dea2
7b610fa7a
7add6c90a
7bfcb771d
7f35987b1
7d0124718
7c69a00c4
7d41d14bc
7a4e67a2b
016c88e2e
035a861c7
0209bf6c3
7b1a1252e
7c45ae8e2
78a6ca03c
00cadd5a6
7d6298198
04aa2114d
03b91fd98
02d7af45f
7dc79c604
7c5f80b6a
7c80dd73c
009c57d85
7c2a10ef1
046800596
03efc6139
03023b9d1
7f8197630
055635f53
007557c40
04386ca45
00d7fcd72
7df1be958
0247cd5d1
7b6d05f10
7dbcb66de
73815b54a
007d01f4a
01703c68e
7c9badd0d
098296240
0356085c3
06323874e
7ae30450b
7b14ddb45
77d68615c
7ffaaa91e
7c523b46a
0418d647f
7ffc4385e
01b207d43
7ddc8a268
093a56b92
7e8e0e5db
03ba584ae
02eaad93a
788d9a9f6
7b1e939a1
763ccfddf
7fe68c519
7fffaccd4
014cbd17d
7d02843cd
7ed8163f4
7f2a48597
7edfafa67
7fd3b7a5d
00742015e
7cf037a0a
7b7529c01
02b6a97fd
04bbe2232
7d2ba3d18
780607073
7fd0f55d4
7e4ba98b1
7fd004a48
00b8ba260
7f4eac640
08550c9b9
79e4c7a41
7d63b0358
7e8c54ea6
035f28f8c
78ab2ce44
7b80f6cb5
7c529b29f
7b0d7c656
0686bd07b
790528a14
03a426c62
009c427e6
7ea92495c
014eb1ea2
7d0ce3788
7c8610618
0716179e9
029125d0d
7c5e23c48
0697cca25
78d3b0311
00e61ac40
7ce3f333a
7f9c8d834
01c8060e6
7afb37ce3
001a91e70
7f4707175
7b6169bf0
7e1886c54
7f6f2eec9
7b14d495b
06dcbd5d4
027af111d
02cacc507
01f2992aa
00da9cb7e
02f761ba1
7df9754b6
01b796a84
764c5c301
7a5eb0cd8
02a8ecacb
06a5421cb
7ac65aeb0
7b97a0e78
019e2fcb9
053f85b15
005cb7d02
01302a70f
0425179a7
024706b2c
0391dc951
019c1a65d
757be8a9c
028079447
06bab55f4
06bd0e296
05a69c8eb
03a74226d
7e4299b78
00223e81e
0244c18e3
04a25ad63
7b23c2682
7b3274489
7bfa7fe94
053568f02
008782e15
7eea1ebbf
00e4cf3ce
01ee638b6
797930c0d
03097e331
05cae364c
0aaa15c1a
04999c9b6
7e8c4143e
011a7d6f5
0a0935e82
7fa6a46c6
00545ba2a
07b72eeba
042ed4de3
79c9c0139
78a9bf7a1
03f8fcbaa
022509e6b
7b466a535
00f4ef8aa
02effb57c
05210e937
7e9b702eb
7c962753d
7fb7e4b99
03235825b
7d5cf9dbe
035459f2c
053e5d5e8
7f939173d
7d893f61d
7d18d8889
7e7120f8a
7fe5d638c
02efb4761
7d181a245
7e4fa890f
7dbdf6c2b
7ee0c2628
041a7e4e5
07189b844
7f8118750
077376c32
7acb67724
7e85b0ac6
7d21483ff
00d925725
7c0bab322
78dfc26a7
06fca7903
7fadcfbb9
03febbef3
04cc21eec
7ec307b7c
00aebfcbb
7ee7d0bcb
7ad77b3b9
01aab4604
0103e8747
7e4c26f3e
7bbf317ab
7f1aff711
7ec9f4b62
7c4addf89
76e447938
05e3d1c3a
7f2ca9df5
00f29f3d5
7c1a80d1e
7b0a814c2
7cb979448
0322f8e34
0206b568e
7eb4270f0
0225baabf
03c46acf7
027aa4c4e
05b72e00b
7ec83821a
7ec9bcf9f
7eabb1238
7adb2a46a
7b96cc544
7e11ddbf7
7e229a306
7e90f62d5
054018a67
7fa1693fc
7f552a031
0089ab7d4
061c57b92
0806d1988
7e45634dd
7e4924246
7f89de9a0
012d846c2
011f85808
7d9e417f7
016f52983
7fe3c6831
058cc7e67
7a475d14b
7a430c2ee
031871b54
7bd94df78
0940eea6d
088012f81
7d176322f
001e73ee9
010c5d251
0429b2652
01acc5e2f
00505daef
0008a71f3
0638dc00f
022b27fe9
01e99ad8c
797b20ea6
003e56dd8
7b8708b3f
7cf9efe08
7c26bfa01
776c8d91a
01f9185fd
7822a1478
0019d63a7
7e9e2b5a3
05aa3b7d5
03342d612
06b18e741
0a9b38dfc
794e260df
03c37b493
04d888945
01d089196
01385e7da
0292240a4
038b89866
0553858f4
01297524c
02da831a9
7ab62bbf1
7f25cf582
7fa9f4fd2
0323e7283
7c35a6172
790cc9297
7cf5c8602
7b5507c98
00202ffae
7d46b3235
7b48b16c2
7ae1c976b
7cbb5204e
787d40fa9
068bbc60c
7f2fd114b
79de7f2fe
04ff11712
04862989d
060202001
002ba8eb8
03e47224a
799338903
7e52e29a1
7f9ef824c
797a756c4
77dca174f
024f63306
7e2574e63
06cb7f16a
0149ea576
03ad8f4eb
7d995b507
030e8537d
7cf098aec
7e6b5a1ec
7eba302fe
7e97b5d1a
00b98d637
072fc97b3
003c631aa
02c922804
7eaa9267c
7cb526e60
06e6a4932
7cab65f17
01fd194a5
01e8b4b14
7ecac2e4b
7eb7827e1
02bac0ddd
7cf1af196
778a0c860
019cc2b9b
7d592d728
054fdf144
028aa2972
7ddaccb5c
7f175b618
7f6ac362e
77cf3f5ad
037374025
7b5a71b57
058a30865
7d8ed3f95
7d822c71f
038921646
7a7f108ba
00f094797
7b2f8bae3
7fbdd5f11
01c5ba6ff
7abbc7722
7f6985db8
001705eea
7cfc68b30
079bb67de
7d9985ee6
00dd7f5df
7c7bc0897
00fb101e4
7b440aff2
7edd95e94
7dc3676aa
0196d04f7
7f6432429
03cf0653f
02eeac4f3
7c6cce67d
7ae5113fb
7ec27cf24
003460082
76e4a2401
7acd7d9fa
7b0490636
04d4d0696
0009abd4c
7f6d72b30
028afaf4c
7c991c528
7f314a355
7b7eca2ee
7cef41181
038139b85
03622721f
7c0dddece
06ac6b941
03e07ab70
03538a0ad
045dbf33d
00df8a70d
7d6c18e06
00a8f1a60
7df554d80
09363cb33
00885044d
015cb0e58
7c4c76732
7c8e79027
7c3886038
7f1aa309a
044c7c3fb
7ba698205
785dd3ab0
01319d39d
006564a83
066794ce0
7c9fb604b
7f27c9ac6
7d529946f
034c0f7dd
0167fce7b
7a8b4bb01
796fa1470
7ccf20c0e
058d7500c
7d12e121a
7903bb6b6
04bc1e000
013517c04
7d23c9d8d
7fb0b22b5
7ddaa821c
7d5c55cad
7eaf27482
7de3842b8
03b0034e9
0092bc93b
0390a794a
7e9f55715
7ed63f624
05e438c93
05acc7416
035460ff7
7b8d614af
77fb7cc4d
79d747d55
7e787fdb7
7e2bbda7b
7f2eb0b0c
00b4f8e75
7fba8094a
069d2ed36
7c44f1fc7
0604920e6
7e40e02b3
7df945497
7bdd3cbbc
7e5712652
7f356e130
0002ef0da
0276494ab
00bd28725
03c5e4aa0
7ba380e9b
02777d1da
00db33acf
004169be8
002b0f40b
7d2472399
7c979b984
791378ac1
05d49d9a4
7cf64b561
0778c2bd4
03c5c3dd4
00de9fb44
02eae805b
00b1b5697
7d0f62251
044309c58
7de1a8c57
7df1e3128
059941c67
793029b7e
7fd225865
7c0fa68cd
0482479d4
027fe80a0
01ff25f83
7ec89d221
00ca5b68b
7ececcdcd
7f86d9c44
7f83e7124
7dbae13f3
0079d1238
0159b1064
7b6d7e955
7fd20e285
009163b7e
06bb76da8
04d642ff7
034ca0715
0183e3597
02b5d5016
017ea8d6d
7d5bb0d2f
7d1d4710a
015a3c93d
013ada5c5
0781e27ed
03816224e
7fb32cdbc
7b8b20ea8
7e84caaf4
7f0dcf209
02b0fac0e
7c2c9d2f1
04467e8a0
7fd5d17e5
7cf58d963
023bbc4aa
027dfb699
77ff777da
04a744ae4
015d504ad
039a806f0
7c5ad656d
7946c57c3
7ec2f89fe
7d82d142c
7f66fbea0
0167dcf23
0024ad105
79511e860
04dc1ac83
0816a1096
7c162ca82
04a2e8846
7f3e7d7cc
02f256ca9
00ffd5c31
0237689bc
7ae4af4b2
00f29f467
7f8d47437
7bdda43a8
019614ceb
0041733e0
7e8cac78a
02c236ad1
01c5d94ba
002fd756d
02481f6c8
03a9b3d1e
02747199c
7a8912164
054f924a2
044303d1a
78f713e61
7dd443f64
01994ed6a
7f8b1352f
045e6f49c
7a4972119
05b896f8a
7d8b8c6b6
046aa5d1b
0a2d8e1d0
0b1d8129b
073b20cad
7de782add
7974a441a
7e2a705be
7e89c930e
788353741
03559a1e6
7579da035
7acf75db6
05e34e2f5
7f85874e9
0249d6025
024adcaa4
0398c1013
0159c0c01
7c6e60c3d
7f9c2c45b
7ff86ea5b
7f8b1086f
035a0b2a1
039dc0f4b
052c596d2
7fef23347
7fce3ea5d
7d11ff14b
7b97b8fea
7d4cca94e
0440c5152
0695592b5
033e010d2
0200bd285
78c960f01
7e901bc14
06aae3bd6
00575c835
03dfb4f60
057ae6c11
029303831
7f86406b2
7e47a4fa2
03729d4bd
0413f1025
00aec1679
098d31531
020cd193b
034913c61
7b24ce7dc
77e646f04
7a1c91e64
01840f41e
7f7238f4e
089f70878
7ee5492f5
04d3cf6f7
7d7e7aa0c
7d9aabf6a
7b8728361
7f405f270
01e4f2f2b
7a5d008e3
064ff343b
03ab49ec5
00df36f5b
02b2584b1
007fb8495
7c8b23988
7dc52b715
7c8702215
7c3c7fe1a
022a4b943
039072f70
7c3e5aaa5
7fd7cfd0f
7eebd46c4
084f13a21
077c0731a
7f45f03dd
01659863d
7f4b05e7a
02b1e144c
7e2bce33b
001771eac
004743ea6
05a345535
03398b38f
7f06e8ddf
7ed5c7bdf
001358015
7e0062d80
00d6f401d
7fac357db
01c3e636e
7c8a76e3a
79bfd9f5c
7b2ba4894
00ea573ae
00c301da5
07726c107
7fddcd2da
017ebc36e
7f500852e
786f2a26e
7d6f41913
00a368b8d
03aecdbcb
009180206
06f730dd9
7e91e6882
7c1e7c8f0
7c86fd808
00cac3139
7ced52291
7a6767692
7c85dcb83
7ffd168ac
0226548a6
00935cb78
03fe1587f
7f27338a0
013fa08e3
7ebbed72e
7c8dfc98f
060b5a814
03a17a645
7e1634007
0427ccbeb
04873a465
7deebd964
017b2e0d2
037bd5719
7c8329adf
7a3a8f186
01260ace4
7f7b1fc87
0472d0d8f
7830db2fb
790c8f34c
0122bb634
7ab0dd211
01205c936
07157b383
00468877a
098750b63
7ad74af59
7b094ecc9
017043589
79ac995ee
7dafa5c76
01c332e07
00a4ca133
03ae221f3
05e88e62b
01e4e10a1
7eb505d20
029f63350
015f3db66
00b2d205f
7e3c3ca00
7f143da9c
0328bf8ad
7d51c602e
7f6ee0afb
7c1345173
78d42c1fa
7eed11dc6
02da82024
00a10d13b
05b518292
04cee9e28
0441f9049
019bf9017
0574e61ec
0040c824c
01ed6b6b1
78fe96de9
0244b1e7d
7ff6232e5
01cc6782b
014d47cbb
05b294624
032b72c81
7ed4167f9
7fdfd1e8a
7fd491f0b
7bad3c697
04acf54dc
7cf3c9188
01002926a
05ebdcb3e
02f978d89
025671c97
022ab5e61
7a96c0c80
7f39cef1e
7b6e53ca3
7f1d5b6d5
005e490a5
7eda127c9
7e8bfb7c3
7f14551d9
7d180483b
016b7f9f5
7ab0d95e4
0343d07e6
04638b900
002aa3a5c
77c216a5d
0418a35ce
7e7cade4c
78ac46427
7c9461582
7e1712690
7f7929d58
07dfdbbeb
004388a6e
7de042d27
7f8931639
00b849703
02428e530
041d04059
026e74c2d
01cacb337
7bb4d8353
008df5627
0237bf4bd
043ee9fac
06d955b21
045c033b4
0398b1da8
7e8c56946
7d1242b1a
05fb7888b
007bbdafa
018c09c41
7bc6e0034
005a1c431
7fba468f6
7d9f38bfc
7e6de8a8d
7d1af6519
006e51423
0167c6f40
0015b6909
05400059e
055f307ea
7c1ca64ec
79c6ccb9a
002ede276
7aa892b8f
7ad5f6055
7dbc0d8d7
7e4e7a9f1
0185dcb51
7e3f8f083
00da6683c
03c722a1e
7ee33274e
07b62b1d7
00f678367
7f523a039
7afc42e9c
05488bd94
00b2e67ed
7ccaf968c
085c962ba
7d855e1ed
0125a0fe5
79cf8ceaf
01d133274
7de1413a6
76fc9e319
01dc77da6
09bbcbf52
01e476335
7a27c0a4e
7f972b1a1
0036afaef
001be03a1
7f9cd7270
7b4e1aba6
7cfbf708c
7edbde936
01e58375d
78b212cad
7f07789ab
7f4736c4c
7ba14be93
00fc31a7e
7ae0078c0
01c6bb43f
069072601
029b6a3c7
01f511a26
7ce04d07e
7dba6de69
02d4e5eb9
07e6c7eff
02a788c6d
7c37c5edf
7d333bbff
7e4039e06
02fcee9f8
7d0c53753
01978a1da
7c8ae57b1
0031288b8
0237ac03a
03925d6f3
02580089f
7dd28ee54
0360f85d6
7a263e98f
7c65c06b3
7afd6194e
049078454
79254b365
7fe5fa95a
7f475c883
7abfb6106
7e40fe26c
01ecf3053
046473cb5
036e9e24c
7b75879e7
04c16f26d
7d9e6e1da
7e4037bee
036eac7f7
7b87c3d9e
7995abb53
7efda91b1
0275ea120
01880ea12
7f131512f
7feeeea43
7f3108a01
7b6bfbe3c
0414faec9
0385cec57
7bb0bd656
05d0f249c
01657d4c6
7ecd37866
00eff4c32
7d3c1efad
049b1aa7d
08d42809c
0001544b7
0290d4ffd
04ea33cb8
006b7d1c0
02ca04467
004f57f5a
79e4840e1
77dace03b
007671620
005562bec
7cb514a11
00fe52bb1
044f88fc6
7a90e934b
79e70e770
7f2b8e2b5
00673b675
7cfc77ad0
7f895e026
7c1e7307f
03d005652
7c50d106b
7e4c86568
08544bbc1
00661c1bb
7b63b78d0
028eb6841
045441f64
02164d23e
7cd5ab10a
7e1980b4e
7fd88359e
02f1f4872
022636b0e
0120e4595
7c147f5c9
0917bb3c9
08966be40
0321ffe68
7f5fc0807
0836519a4
00ce8a53d
77df23241
0400b3e41
7c756f5ad
7a581bbea
7d2e83684
7f822390f
782ebb34a
07056f188
001fbe1fa
7ea1fe49e
014627d1d
06b218f6f
01c8ed005
001abdb2a
7f5f5f183
76f02e976
09b7a7af3
7b9657d7a
7b5782171
023c1c7bd
7b5650921
054d6a17b
03fee3b1d
7bda5eb7b
7cad8b87e
03a071e9b
7eb712374
7da67d396
02847f453
7d3dc3e1d
7f9506102
05c97c9a9
7d6a65292
7c7f81ccf
7ef79b8cb
0247167b9
04d3b8171
020642923
009f5fb6b
7f178a405
7ffbea43d
7a13c8a08
7606acdff
7f475bfa9
79f94dc2a
06de71e2a
79e8690cd
033566aac
7ff797d89
7be6f9e2d
7cd46d3eb
774bfeb1c
7f8a3fae5
7da42c8b3
7ff229b78
052b24de3
7f7093597
025e9d9a8
0311975e7
04061fac8
07c267bb0
7cc0bb652
7ee710e8b
0568f1040
011d0e19a
0572fd655
75db2ddbb
784fb431b
05099f922
7cca239e6
7df8ce55c
7f63df98f
04cd46808
7e711ed56
027bd0959
067fc27b2
046841ee3
7e92c2c49
04b313084
06060d455
7e0601abd
01bfb6935
7edc7a4f6
77d6ab46d
7ad25f7d9
006b7a5a2
01938b147
7d5db4db1
035bd6ca1
0247c891e
05eaa4012
070538c8d
03b2e561b
032914ad3
7bf6dd615
7bca3f7a0
7f46fa004
7ab4f7d9e
7c1c86e04
7b9b1c5c0
028aa3433
79c9d59d9
7ad641bf0
7e59f745f
0257e776e
020a6ba9f
7e1db970e
016f4f674
7e78b380f
01fec8fd3
7b164a9ae
7e2ff0626
0263e3790
00c264f1f
043dff2d1
7dd19f5a0
7b7988307
0281ce914
0a145344c
0392f35bc
7a52083d0
000fd8579
01f21f7f9
041ca72ad
7d56abff0
00dee1553
7cb5da50a
0101a1d4d
06eede6c5
7e4aa7058
7bde5283c
002941415
7cf1d144b
7ed637d7b
7d794e13d
7e5e4c616
057e6eacf
7c836bfbb
7e066c498
0002a59c1
0011abfb7
7a965676b
013e4409d
00a9edde1
02e9e620f
0212ec0b0
7e8ad6bc2
01df2ecc0
7dee95bc6
06472c62f
005679500
7f39b64e1
7e94c5f92
035e01071
7f2309710
7d0accb1b
02a0c7c8c
7c00a22e0
02bfa9c24
01488105c
7bb12115e
038f43a95
7cc8e2e5b
7c1280bce
7d15e8f94
012e4f57b
7c01d913e
01efe4341
03078a78c
7d7357db1
04d3ea999
00ffabf59
042581ac6
7c8f8eb87
037ce88a0
7d8fc68f2
7b8cfaf66
7f669faaa
7d32e2004
7f5ad0a12
7dba9dcea
7e57e7148
7d9131938
7f30a180d
02658d0a5
7da95a7ee
00c6e3b02
01be3aa0c
00bb41fe9
7faf8229e
7fb270df0
7f298fda9
0000552d5
7f55126ea
03c6e5ade
7e5b93f98
03d26efcc
01def15e4
026e25a3b
030a82317
01d18319d
7b330b80a
7a4590f58
7ebf5b306
7e8ac3a92
009b1de99
7be779454
7e1876739
7de424fb7
7e8a35699
7af4cae3f
7c7c4bbb8
7f124ffe9
7b0599ca2
79b4864fd
0172f0931
7ba1d74bf
7bfced0da
7d93354e0
7c66865e8
035ba4266
0316ce164
7e3831746
03af8ae8b
7f60da3a9
7a13be9e7
01e5987bd
01c864b2c
7d9fe59f7
7bbc54337
01158d88c
7f1e0f432
001db5e33
02d208221
04bba0d6f
00d2a660d
7f5763236
00e11ca85
7d843a1de
015d6920c
03d19ad80
064499b4a
7adf25e38
7d8416626
01dccc41a
019b8b87b
7c1caa280
02c17a814
7e1242290
7ba99b800
7d5a0466a
7dc7976a0
02c8f22c2
012ac78de
7d1a606d4
053864150
04adddfb1
7e901de2c
00e84d33d
7c4a1c02a
079a48d6d
7a9e4eced
7e7e2a4fb
7f51bb9dc
00b99c7bf
7ee3cc013
7e10a2397
7f5e9066f
0186ce6f6
7b4d9a685
7d3fd20eb
7f8b34f73
7c8f06802
02d4b9f78
03253c58f
7df48ab4d
04d9eae02
7b08edf9e
7ef2b36de
7de579063
7e8c4372e
02636062e
7b4286dfe
7d842ab04
7d890a2f4
7d6a0bbc1
7d6099350
02823b9f1
0498959ef
7fb7e329f
7698bb975
7f6e3a9f5
7c3d8360e
79c666241
029da2602
0108b86fa
7c302c9eb
7b35637c7
7f87ae675
024bbb81c
04d334d41
7ee3eede3
779e38641
799468ec1
01919fe6c
0707f9239
7fb788d35
7fa93aab2
7f62876aa
791bd064b
02cc707fd
796ff64b7
000962eb6
0070667a0
02f9557c5
7ae38dd73
7d953c108
04626e77a
7b82bb859
002a11818
033da3dba
0539c9797
07a528f95
79ffc7087
7cdbee66d
0164051b0
7dd4bf89a
7c2a4aa6e
0133bab7a
06a8ce63b
7eca9e4f8
0007c9157
0823fb763
7a41898e2
01352e3a9
7ba9041b9
7da1ffe5c
7ca1083dd
7ac138940
027d8f12f
03024649a
7e562d0db
00bbe7b54
7dddb8361
02aa02cea
7e5339d5e
05538eed5
7dae505c0
7df168f1b
7df6e958f
0033c788d
7e643bf8a
028685c61
010205ac6
7f19bd4a5
01d505fcf
05d9ff847
7ba316fcd
00026e155
7cbf8c857
7f6ea74d2
7deb81623
7a03dc153
01bcfea61
03601c37d
7ef2b7462
7f9bccded
7e37b659c
010069989
7f1e13d00
030a1d599
7e8f270f9
000d839ec
7d5013442
00378ba19
7cfd94ce0
7d9ffe063
01acb7520
78b6bc661
7fe995444
00440472a
00b98f008
7d922ef9b
7859f5576
7f955d0a7
7e689085a
7c32dbe9b
055083eb0
018c325a2
01ddf7a82
7c3deed41
01a6ad46d
7da6ece79
00d1a341d
7df18e99f
03d187ae7
7fd8bd722
7eb86639e
7bbe91d6b
015a132b9
7e2797539
03977ac65
7f3a702b4
00cdc1394
034f587ad
7c73eba77
03d80bd45
7d66fe51a
00156d769
7e78f1b96
03d9e8aa0
7f8657de4
7b1a490c1
7ea16bfe7
7c97c1609
007d18946
026bc11ee
7bf5e50c8
080e721fb
7ff28d10c
7e37945f0
00c9914ca
001046541
084473a55
0481a9d51
7eeeb3d79
7d1538b96
01f69d594
07001df4c
05591c281
7ea682418
047df2b9f
0469cc22e
7d13023fe
05cbd297c
0171dfdf0
7f00fe80f
7b91044ac
0423ff301
031621d42
7e3e54aed
00f06fa10
003999d28
002e891a3
7ca49ca53
7e9f1ca16
7e371d1dd
02c61a7dc
7e8f3d2ee
05cf0bf9a
06fdc3462
01cd97a89
015349ca7
041c41a29
02a58f704
0118b8010
014977d9f
7bf9df1f0
03ea87ea9
0390736a6
7bb31058b
013907eae
000b49adb
7c7f55cea
02008f661
03937a478
7ebd8d06e
7d06fb72d
04909cf35
7b149ab32
7a1cefd4b
067da47e9
04cdb8e08
7fe8312b3
03291ecd6
7ecf060f2
01d5445e3
0682608ee
071d710b2
02037fe33
7cd0f5e6b
78ca0f323
7fa3a5817
0639bb050
7fec378b0
00f46b891
058c8714b
03599e627
7bf8eef25
7b6f7cc55
04220c524
7ea6ef934
7f0fe9d42
7dec21d01
7b5dbe657
7c95f8b90
0400804f0
063ec78d6
793c24454
0021ac859
7b1a2a533
7b77b2194
7c5964922
7f01a9ac8
7f54bd66e
00c1e8c08
7802ff2dd
7ba00c6ac
7f58f3ef6
7c2d6ce9e
00e34dde0
06c494168
7e11f7d46
7f413d03d
7a789093b
7734c3b5a
00ef889c1
059437277
0109c0ed5
05f7ec534
08aa1c51f
019699285
003987310
04ae64ecc
7e528a64e
02cd87ec0
0837ef4c0
00617ff2e
7d9365b8a
7e73597c2
0146594ce
00d36cc87
033c3b8d2
7e0befc0a
01b5a97c3
7ce8ad551
798b38f0d
7fb680538
7735b02f6
7de8d8a12
02909505e
000f06db6
04ab3a0a4
02eb33b80
7d56ee847
02ea8a230
7fb189b49
04558cf7f
015bd88cd
7928baa71
05b6c1624
7f29bb614
7a7bc319c
04420febd
7f32bfcb6
00614622c
7e8eadf1e
7c50544b4
7e0aa5662
01bcea38a
7a3a87251
7d1f9a3b4
791984ed7
7aa920ce9
03b627434
047701280
05812344f
7dfa3b4b5
026be82fa
047139c75
7cc6d47af
04e417f61
7c39a9fd5
7eab5d4f3
0b001ac2f
00c7a4fed
7f6878ca5
7d840ebc5
7886677d5
080513eb7
7fe5e3d87
7f2dafd67
0649dc10f
7bfa494af
7f9aa9331
7ecabb082
79eb7231b
7f901cf0e
0201855b6
781fb91b6
0100b519a
7b99252d7
041e3c6b7
76c1a102d
035fdff77
002f4815b
05f19a528
075e91a9f
798e1997c
7f2919075
7ca838c86
064679c66
0464e5b70
7a461e529
7e310fb01
7f913d646
7d5f63905
7be48fb24
05fcf4611
009b30145
0099bd23b
7ebe84f4e
7c7b14dca
030d15507
018a7684f
048ed46ef
7df0a4004
025c64db2
7e5b7ce4b
7b0e8d7c1
7eb54fc19
00e7bc6d9
01122d086
7f34143ab
04afb5c55
7cba9ffe3
02f90d783
03d8cd839
04588e2d9
0305ed7c2
7f8d0c280
7f7f1b278
7b6504cd3
03f2a0f57
0640d2605
7d9ed43c3
7c78acecc
7ff7595e3
00a3e57b1
00393201b
00db15cdc
01a0059fa
7f68612b9
7d9e8dc93
025504a61
7edbdea70
7f53817f5
7ef3879a5
7fd0837e5
046a8231d
7e3554ce2
01823f549
7b301d6d3
00fbb1cb7
7eb824e60
02f184be3
020d20c20
7e307b878
05ebf8db0
7e6dd9804
7bbeca3d3
001a926fd
086c65acf
01429400a
0347e5264
7e19809fb
01de29dc6
7e96a58f9
7f530ef32
014e456af
006b136db
7e07e6b34
7d7067b36
7d8e0f39e
0248e7141
0d02cdbe7
7d99560cf
7de0a3079
05fad2da4
05c1e2f1c
0886d7862
048f6b39c
76dd23be7
009f3fee4
7cd035335
017ade2a9
7fcf313e5
7ffd224af
7f3dc6450
78dbe8cd5
7de2be3b7
7edf4c28b
7e44c30f8
005777a36
7fc0924c7
013d5f3c5
00a882722
7dc91ee18
03a67c7dd
7d2e392ee
0721e3a34
034c8ae59
019579099
04c847c05
7d2ee3b86
7d41da76f
037e89d67
01add1c78
008d6dee6
070caa281
0459b80d8
030ded72b
039bc1890
790fcb51c
018340e81
7a7b63ed4
00e2b9d47
01b581fe4
7fe0b34e3
030298304
0208f4d0e
7e2e09bd0
01df6f312
00d47668a
06683ce01
7e703af71
7fb506516
01487838f
79487821a
03735260e
7a8526428
7e2c3acc1
7dd62aa49
7d722ffac
7d8005fd1
7eb915818
013755fc6
7b79b1758
7dd7a15ce
7eaf0be89
04004ffa8
023687eee
038641a02
7cbd6a846
0192d681b
7e102743a
02067e0b2
7c32a1968
7fc5f96d3
044752b0a
047069f06
01c6d9015
06311a5f0
7b727b711
01cd3df05
04818bdca
00326f140
7c572780b
7ce3d81b8
049352d55
78ed2a312
7e6421ad7
7d7475fe7
00796a163
027936795
7c01ec609
7d29a795f
7f02ee889
7b21af4ae
7a4bbbe21
012446464
7da2067c5
02576ed54
7f6011610
7f486faec
01de98752
054bb4444
006dc22a2
7fad9bb83
7cff50cf3
046b65c0c
7ef5012ba
7d7176626
0726030f4
00bd69e44
0715721bd
06d7c1edd
007e965c6
77b32becf
00982ff8a
7dbd3b47c
006504a12
0063ba3ec
0482a375d
0449836f9
7d998ff3a
7a980bc4a
7f4591c9b
7d3cb989b
7df4c39db
7f5db449e
030eab461
00539e8e7
79e63ae2b
02ad471db
7a2027c68
7a5bd5fb9
7f2552524
7fc0cae0f
7ca37732e
7f409a6f4
015bf5d54
7bc2d5f86
7d73090d6
7dfceb91c
7b7fb3b19
769e1e0d5
7e4e2801c
057357ea9
7cab32b01
7cd82b6f1
03104db9b
7cf7a2605
03d7c2c4a
028a209f6
0625b99c6
7f455970e
7e456cd89
025ee6ef8
7f622d77e
7cc975615
7ed93691d
04998b7bb
07d01fa19
7d36297f7
7fe33f69c
7db1a0521
7edccef47
03bbeedde
79ad3d7ae
038127c10
7ee03e85a
0318dd1f7
031ee41d1
0314885d7
7a1548852
79fbf5c81
067d2d258
7c1dc4871
069db2e20
0407bfe48
025a783e9
7ed797039
0ab845949
04478fcb2
7c1c24bda
00149d308
7cdf1a5d8
066c03993
0676e9429
7baf789a6
043765793
7e5042227
02af2fe14
7d7b40f05
01c014b53
0130b86d4
0152510db
03dcc4ca5
021bd34dd
01d3d300e
01b4ba816
7fb684c62
008dd500c
7ea68f68d
02badd210
7f3260b2a
7b2cad404
0110244f4
00fb9d8b0
00122c67e
019c04e83
7c3af8e31
7bfa11cbe
7e497f748
7e72866f4
0006bd4a2
7b8cb0494
7e0cd252a
7aef5086d
7e74601f2
7a966de96
7fc369c51
7b731f0d7
050561542
7ffe80ab5
7e182a1a3
03d868724
7b3714932
00d0b406f
7e5f79bc1
7a64d2d46
7ef73d3d2
0044f34c9
7c7661a76
002d698cb
020816682
001c31b05
0641730ec
7f8756b5a
00daed89c
7f2c6358c
7abcf586f
00a051089
014706126
0062d6a22
039e4d7c4
7f5b78a68
7ffee1aa6
00d93ff24
7c9646a0b
02c5d04e9
7e7a65ed8
068359367
7bf290740
047e51439
7b8b1ebcd
02d5ef242
0154c3408
00a0b4f4c
7d06a495b
05d967408
7fb194696
7e85fe9ee
7e2322010
0177d9fee
7b35d6b10
0126508e8
019da62b5
00f5afd03
7ec2e8e4b
009599ac3
017ba9dc3
05b2c26db
7d4e73043
03a5a1bde
033f0c45a
7c36dad84
03e18677d
7b7a7c9a4
006015526
7e9dbd802
00676c192
009ae6695
7be17836d
0826a9c4c
7e57f70cb
7d8efb582
011fc8c74
7ff551c4d
7eacd538b
038e038b0
02a884d3e
7b53979a8
0175a2ac0
037406b1a
7cb583fd8
7c94f5bda
7e02187e8
01bb10a95
02d7b2d39
01a42bfdb
7b42ec443
7a82d57ed
7e770e872
791de27bb
7ce8297e9
7fdf2634e
7d9ce0e6f
071218395
7afb035f5
7cc29d0ed
058eae14c
018da2077
7cebebc18
7be427d72
7df88df41
7cd5879db
0155c6965
01d5ee781
060085560
0707aa7af
7ee9aead1
779bce033
01b4031e1
7ef7ed1fc
01e0dc531
7ec885883
01c1e56e1
7d4dec0b4
7f5cf48d4
7c985bb4a
7b09ab915
7d823af17
0346cf7f9
078b75851
7ba0b015f
03c5dc0b5
7f39e4a8f
06ad07aad
020d54e90
085805b43
7d16f2c67
7ff04af68
0647cca29
0400154e5
00d30a532
7e83d6768
036a402c8
0a1fc545c
7b9d17064
7c9169e59
7ee46a6bc
7a096fcc5
0874b4713
093f75dab
040c9488a
7a87a3f28
03f5bb494
786e31eea
7ec510018
7b651213f
046715ad3
018300a06
7ecd82d1c
7da63afd9
7dc7cc092
001bc6239
7e71f5945
03f705cea
011e2162e
0204e59fd
00e4c0986
7ff652b6b
7f7d2e6ab
7f48b31d0
7f15219e1
01d374714
02965499f
078da8759
04d69400f
06964c9cd
7a5828b4f
7dd2ea0e1
7b4e6ac00
79ecf3d59
08f08e86b
025cb8ee7
01f179359
7f4152463
7e6d1902b
7ac312ca4
01c111a20
017d55d36
7fed65b88
058ac6ef1
00ac5f6d8
7d16f86ef
7fb970fe2
00715656c
7a8bc95d8
7cb92e78d
042c219e4
7893b2cb5
03d94ab77
09b72bbc8
7733df513
7e54832d5
016f06462
7dc6f341f
7f342da51
027d31f53
7f2cddc30
7f2643a83
7c84dd2d1
047f7e555
7f2393882
7e8d5985d
011dce320
037c929f7
00b822e0a
7b1c6e034
7b9d3295f
7d9dc5f8f
7f80a6cae
030f7c05b
02487e8bd
047ff2ad9
0122a5f0b
7a2931296
7e3efa066
7e7670fc0
7ff750f11
00a61e455
03aaafdbc
009e5a246
03edfec63
78707c151
7b2da4eec
7bf1be839
041337840
009342c36
058da20e6
002e3e3af
0336d27c7
7d37591ad
7e26ca03e
004234c57
0169a1f4a
018ba21b8
02030a7ad
7ff51e57b
7f6628fd2
7d62408ea
7dd791984
7b243a4fb
00a5849eb
0551e3104
01ab9bc5c
04d5fdfa2
7c02c97f2
7a0219a4f
797c61007
7fb42b08a
7f3481f80
00aa5afed
00eeb6be7
042cba7a9
7be65547f
06aa7f1dc
080c42dc0
0586bd754
7c5a5d9cb
7e94ecd3f
7c8726715
7dbc80718
7d5be59c0
7c799f180
02b7b106a
7cac32b5a
03f7a6a8f
0556d5d96
7edde1c31
087f8b729
79e3df57a
746c8c94d
76e80358d
07cf7adb2
768b91865
7f7703d3d
01a9b144e
7d88ea751
7eca0c1c5
00577f8f7
7e0391872
7fdf2f3c4
0031a29ea
7a21a79ff
7c0d4a4c1
01b268152
04248ca63
004def3bc
00ed62934
0052e87f3
7fa264d73
020d2157d
7c813ee9f
7f74bdd00
0179b2560
004022d6a
7d0eb1c9e
030105306
01c5ebc8a
7c9adab38
7e9464854
7d2fbd9c9
06aaa6c50
0114134bd
021ff485c
7ef57a761
02e8e1ba6
025b2b770
7c7a8edeb
008c0ef15
7d3dfd19c
79d976760
7b9bfe6bc
04de8f038
794407252
01532f464
00bbc2dd2
7dbff3388
03920e2d5
7f543272e
7c89d0c9d
03bd1aa0f
7e4d27fd9
7fbd65b57
006d220a5
7a3fc029a
7b53cb8b4
0184db233
7bf05651c
7f7ff13ab
7eb43e411
020f3a923
0043b26b4
05bad999f
0712896c0
795824457
039f20663
7f1ad3b7f
0420e740a
01ddc3cc0
008680f1c
7f4d9a902
7eabe648c
04de8bcbe
7decd3594
019be8f45
01f8ff263
00752c5ac
036b86ae2
03897304b
03103237d
0453fe7af
010584633
01e2666a3
044687251
05484df18
044d100c0
01a375b93
0681855df
03b056839
7f69d0dec
02e0ed43e
7e6ea869e
036137cd8
7fc411a87
030c967e8
03342cef2
7d78d4fb1
0142abff3
7d73fae26
7b40bac51
7e7763b73
7dd148134
7ca321abb
7e3d9f511
067362a0c
7f9123483
01ae46d2e
7a903e563
7ef7653f6
7d69303a0
02d9c3da0
0596d88c2
03c9c15d2
03997288c
7c5d7501e
7cfc4f179
7e26b7e0b
79869b344
040abaf4b
7f8605fde
7cbe745fa
7cf001e99
04fd33646
03aeca262
7fc49e5c1
7b72dbf37
00e539546
0263e34e5
7d0ac1815
7f8b53ceb
0182091fb
02f6d76ac
7f12973ea
7d79bd27a
017919dfc
7e7b4f161
027bdd4ea
7c5e9f7a3
06ebf80be
7d3db77dc
7bf048a4b
7dc7ef072
011bbfc78
023f8612d
7cc061f2d
044f5278a
7b8f24443
7b67209d0
036861e1d
00c9afb98
7f8262533
06b75672e
77d19c3ee
029d398ae
7f1ae756f
7f3dc0192
043015934
02e1082e5
00908de15
0575fadad
014ae28f7
7efcf8de9
7b1c7b3d3
7f8922c4d
0496bfaf1
01f2c8589
7c8dddd4b
7813e0687
0166e90a5
79dfc823d
03b02b63f
034f9afd2
7fc5a458d
7d992b54b
050496301
027147f00
7d155b6a8
0628b5cbd
7b85347a8
7fe6f0275
01e20ea66
054df1304
7f5b97a73
02ed6614c
006f1d9a0
0388a4e9f
7c452acd9
78fb843c8
053e916fb
01182f44c
04bceb3ff
79f90e79c
7d2760679
025698445
7cde67280
01fa972f3
06740685e
7e4148c49
7beb60875
00f934c85
015862b2a
7a2086082
04d375f9a
0319f5618
7d4c9d335
010ba4f76
02a9b4c45
035e3c28d
02aeef76d
05822d287
7f84d7c7f
7c5e11f1a
7a9535782
7d0b5dbfc
03c4cd6ba
7e05adf82
7e9501a1d
78d2b82e2
040fa62e1
06623ce3b
017793bbe
02ba8d7e5
7c5636b29
0059b7889
7e4408796
079c5291b
77e12b758
0242453dc
7f19ba658
79853d54a
004b6bb28
7e02d25e2
7e9c92966
04e6b2801
7e221f95f
015fa1180
7b97718aa
7a3d7e96b
79bf68ea9
009af85a7
000e19632
012005996
7f47e2048
0105f9bb4
7e7b64916
7c2a20585
01535101b
7d162f9bc
7f44dea8c
09baf164a
7c2545920
77b497a6d
7ffc5e496
0520fa5b1
7d1d2a5ae
00c9865dd
7fd8b7021
017107366
7c7569d08
78e47844f
00261c420
0045e613f
7ce8d440f
024812312
7c4804896
7c0889dc0
7e4244665
7a97aa3dd
02dc41359
7d1bce8b6
7cdd9b13a
040036ed6
024ddafa5
7e69b4070
00fd14f51
7d111dd9d
7f67e7dbe
04c553812
7d6a9ad69
040482743
7e9cfadb3
7d9653c57
036d46ad7
7b006b475
00e6c275b
01037488d
7e0a7d814
7da83c794
0326e0bf3
08835a8ea
7eb570196
7ea5afd58
7dd01896f
02f55141c
7f8d63f01
7a20422fe
064bfdd8b
7f34f1738
79a915fb5
02881378a
7e8b940d5
7ceaaef5b
7c9362ae0
009a9aca0
069e8f2f9
05d7a994a
79dccb87b
7dade2034
028d9e8d0
007806597
7ac8e55a7
025ee0a7e
005fbe94f
7c7550bcb
05dfc7d66
7a8962dfb
03b57fa0c
7a7eed275
796e65c66
0200fd3e3
7e2683730
7be72dfe9
0050e07a1
03bb1cc3d
7e53fde6f
057247e05
7f2255d5e
7f5630685
7caebee0c
04ebb5b86
00fdea7a1
04943445d
7c22719a2
030695347
0068742fa
055ce5caf
7fe452dd8
7cd542fda
02f8b6713
7d770b983
01054abaf
7f467a978
78090ae5a
7cbd98fc9
0381882ca
7d85d83de
7ce7edfc6
7fcdb1eb9
7e13e9871
00c18d5e6
05c627142
7b99b1e67
0bb773108
009d599ac
76de362b3
7c7097b8c
7eb81a310
7e8474fb1
012882b5d
7ba3e0d4c
04dbde995
03081ca5d
00b3eef2b
7b3d0b244
030fcb98c
7aff5d3ef
00566da03
7cc5cc82e
7bf2e345a
7be24c860
02c82f2b2
7f089dbf6
004f9b8e5
0081cdf68
091f7169e
7debe4d1a
07269c28f
7e2538741
05655d2c5
01b594f20
0240ed629
09a2be07f
04222f3c7
065e8cdab
7b294239f
037efa39b
7d9f2130b
7bfed4bcb
0187e9fc3
7c5a9f25c
7e197183c
7c8895713
02293b0d1
7eb2a3ba5
022536821
07e45ae05
0013414ae
7e7ea1c12
7deca67d1
018a8a39c
07a0396b9
0a3b8581f
01f0d14ef
00a94a8ce
7f742eebf
089afcc8f
7fb5af54d
012404a58
7ff2cd5ef
7fe3df1a2
01738d9a4
02d4f063d
7fcf7a783
03125a879
038155293
03f5570bd
7d09be3c9
05834729c
7d782e146
7e1d1c8be
042785ae8
004530a44
7f5ba0fa4
7fd7c0eb9
06ef719a0
7d2988162
04201ba97
7f6009d8e
00449adec
027980f90
004fc0689
7dc7718f5
02a3d554b
05743cebf
7fc4e34be
7fe24822a
7fc7b10e5
7fcbb2bd9
7faa2d00f
7df7f95d6
061741d9c
049662400
00b2aae51
04b043753
00c9232ea
7d99563c1
7db6ffa5f
7baf6be1e
7b831d552
0176df880
7aba8c697
7b68bb57b
011cda9a8
7cfe6d122
0031ba125
00b946ff1
064120e76
03c3fd403
040626dc9
06433bf2a
02b529dff
791900139
7ecd8460f
7d58deb5f
7e05efa38
7c9dccb05
023c9de4c
072b719e5
7d093d110
7f3a734cd
068a3f08c
000aeb403
005fa73d3
02014a66b
01ed34ea6
7f0acfa09
01801a4a9
7664fa4c5
7b978a9cc
7a42620ee
7d67df588
7e7f04895
7d873659c
7e54eb38f
79733906d
013c4856b
070880b51
05ef2c063
008cc838e
7c2bc1a44
0408ff7c1
7d0284991
016420fb6
7fdbda917
0398d7372
087e22684
01fb6f68c
7e55feac7
02d2343b3
7e7c70bff
087d9532c
7c486d7e3
7db90e82d
04dac8431
7f04abdfb
00887e054
7dace89f9
0190e6e73
7dce9cffa
7c81438a4
7d173d7d7
7e28e5c7d
7e6bbb0e9
01bc0a966
7dc6c7e36
00d6d9de1
7ec40f230
01669b093
02a1bf62c
7b9f2bf3e
03c8d2df9
027318d66
02bb1c019
062add764
7ee470f55
02707bc38
7e2cfcc74
0298d3080
7b0754ccc
7e1adb730
7c18dab9d
011788eb2
7fa318732
7e72c2d84
7bb5be765
03b833e1c
02e6fb987
0346729ff
7b0b30fc7
7a931f33e
02bdda48e
7b781c570
058e64373
7c4236536
7d1dafed1
03b58a8f4
7b89c3bb5
7e87e07ca
7d18a2f4e
7965276a5
7f80319c5
788ed1f98
035bf20fd
08522e80a
0287718a3
03dd1cacd
7615e6157
028302aff
76991f3c2
7ee4265bd
7a0c1b1b5
7a0c70406
01ef086d7
02471183a
014744979
04c66a4c7
00d867c7a
029ee0145
03657ad40
7dec644de
7cbf69d97
7ebaca0f1
796fc94f0
7c918dfb3
78ec10f41
05fba615f
03085963c
02d66e078
02c880597
00525f414
7f2e08757
7b23ba9d7
74e803c1f
011a1a5dc
0557d2bcd
00b02c6f9
036905be5
0726b32a4
01b49407e
7b684831c
7afff2495
7ff826770
00666ac95
008566ee3
7651c0331
7fe51c1f0
0125d77ab
0144f6dcb
7f5ed97bd
01e0e98ed
017cd7e51
03e7cb2c9
01d5a231c
019a7c183
02d450b34
045dec1fd
7ed0cc762
00cb21ac4
049a1a7e5
033985286
79cd1bc81
0008e0e15
064597819
0575c9ea5
04cfc9819
7fa4ceca1
7fa6d421f
7d7e3f5c9
0243f69c0
0075d7f55
7d77b62be
7e60d37be
005679ebc
01a01cb30
7d705570a
7dcf8b5a6
06ff727d4
7d0c68fca
7ea9dfc2d
7a1f8c0ba
7ebd00268
078852ad6
7f6a2d7d1
01c5a2fa5
7fdbbd801
03798589c
7b5ad08d4
0097a8159
033821ffe
7a710e0ab
7e6eeb158
08890b54c
08efd12bb
7fe89d268
02ac6dfb2
0524ae935
0116f6b00
01daea9b4
7d6740a77
04236550c
7c4b4b57d
00fe4bba8
00a17ea7c
7cacaa90b
05a4155fe
01153009e
0470ad3a4
7f1c8d9a6
7a8cd51aa
001a1119c
039fc6012
0208eb1d0
0231eb1f7
7ff35229a
79ee9e5e0
0531425a6
01c0ab03b
005ec8cfa
02858f115
7e5bca9a9
019685aba
78eac2fd6
7eaf968bc
05c69a354
054f2b9aa
7ec9752c1
7d88de2d5
7d7b35e9c
056d9399b
7da5096f2
7877a0ac0
02e414efb
0325ef3e1
7c194c3c5
7e016ca5e
0264b9c99
02e42fd40
008d7cb97
0164b25a3
7f03454d8
7dfe06ad9
7ef392d2a
7d6c6b449
0130c23a3
00f1e914e
00c9fe650
0215022ac
7ead1868a
02b3048fd
7ef17d4fc
01860a84b
7ecc31fef
031828f5d
019316de0
03ef71807
00271c8c9
089e7dda3
7d0d6ca2d
7feb1f864
040b25c8b
01dd7f78a
032f8c216
7d5609afc
7be70e473
7d888909b
01e9808e9
0179c01d7
047c73036
7641685d8
7fd22c3ad
01df97c8e
03cb19b47
7f9fa9518
7ce9645f0
7dd1bb3ca
78f7ecc36
028258f3f
016ea505c
04994a179
7f15cdb4a
048a100a9
0004d7804
7d8b4217d
7aa0ef37e
004c13ccf
0044fb17d
79fab6de5
0026e9ced
7d4ea9f2c
02577a99d
7bba91c51
02e881820
7d1732426
0001c9dcd
7ebb5a2ea
0238429fa
04493c714
7f1d7d827
0214ed866
06a1d8867
0433b83d8
7be2478a1
796e5a030
0431ac45d
7c42dcc6b
7ee9891d2
7e25c03cd
0a67c48d9
001bc2d72
7f5374fc5
78bcbe984
014f7c151
0400f5705
013d802f4
026460b56
7de32a323
01b1d6b75
03add02b1
0105e7bf0
7cca70ed9
7d402da03
7e6cdd35b
7c112b040
028ef454c
7e31b961f
7dd9da4ef
00d009248
7f32e60cb
7d04a64ac
013f4407d
05be26d9d
7d2dd824f
041a8c899
7e763478f
06ca4a587
00ec547d0
7fee3f2fc
7ea88ffdb
7e55350fa
046661b56
7e8a84e20
7a3629e7f
7d02ab525
0680f337b
060683569
00888db7b
00771c5d1
7ceed2b64
02bfa11df
7ebd8fc09
069527951
7e67cd1da
7c4cbdc9e
7efe26e11
02d12f0d0
03692a908
00bebe6c2
0b0638111
7a1092c91
7649bb7dd
7c793be1b
0021dcf7c
797f94c00
0403d4902
78b53450a
7fcbfeed2
76a2298cb
7fbfbd4d4
0436e6f86
7a4be685b
7d3589102
7bf965709
0456a6128
7be7890f9
020ccb8ec
050278bbb
002dd731f
087e20621
066eb00fb
0210364e6
02b6aa70e
7c30f9e9a
003ebce21
02869da4f
7c3da4479
04d51a7e6
048bd69c7
01db84fb1
070c9da90
7fe3a3626
0292cd8c0
7e4376376
7a8d650b2
03a01e07a
00e3e198d
7ef8ff859
7ed270b24
7f290243c
7bf670f0a
0865e18f7
03d4dd3e7
00ee7123d
7c84efb19
046025a26
7da4a82e4
7d8dc759d
00309cb6d
02187a40e
7bbfb1546
0abfc2062
051a776cd
0136f3a4f
7bf60cd27
7fafc33bc
00f2a8134
05be97dba
7f4a6251f
7f569cc8b
002b738a0
7f1345d83
014b8c824
03ec933bb
7eba09a8a
05fc6565d
7bc7c7d63
00149df17
007cff06d
038a44ee4
04f39582c
0492923cd
012caa79b
0354b1f80
7d9c5e69d
7b425f576
7f6adb92f
79d10dbd4
00defd4a2
032ec99f5
74af6ddeb
017f77c2a
02faf0134
7b4f63cb9
00775dede
7cb33acc3
7bd087799
01c31bb69
02e952c95
0371e164d
0390ffefc
7d3189437
7af6aa701
7dfaddb45
7eac933fd
032d6e0aa
0ab6fddef
03e10724c
0238527b8
0144a3564
7e263cbd7
793e15983
042025415
0171a8110
7bd5da9c0
7d040d3e7
7ec4c1e76
031c10236
0330d158c
006c63afa
7e4d74e20
000b9dbdc
00c5be701
7e911d6fd
04d256c32
7cf073767
0020dd8ce
03a1b651e
7ef139aea
7be3a4aff
7e65d54bf
7f3b1737d
7d8bb35bd
007ad7479
03cb35e6c
03574520d
013f5abaa
04aaff8c1
01874ee12
7e45672cd
080d3b7fe
7a6f18a90
7ee96a36f
01b5bc620
001f364cf
03d3b9f26
019affe09
014734984
04f571f88
7f3458940
7d656edb4
78024c483
7d31c639f
7cec88570
791481d81
7bafce2ea
7e4f8344e
75ab0c8e9
7a56092fe
7a1ed8fc9
7e215ac42
7f6719de3
7f23db2d8
0329afdf1
011ae20a7
7f466e482
04a3f2b18
007c79bfe
08191164a
7e068a2a2
04e1e509e
0999e4057
7d4602435
077f30389
0133a1df6
01f7b11bf
013defa0a
05d7a23c1
7f675954e
0321804c4
02aaabb82
7f666c697
7cf428230
7e2508b69
79d6ece25
7c0949edd
029ccf0bb
7fdd7951f
7d8d61635
7ede10b74
7e9d109b7
0484c795c
7f2200eaa
02222c0ea
7bbfbe5d5
7fbf5023a
79132144e
7d9edeaaf
7e823f234
0012422f0
06a4efdc0
0212e461c
00ac25088
048da9fef
048445a5e
023e3a122
07544e0a9
0239e7a20
0386af87a
7fd051549
08b5251b7
04755fd95
010086ec5
051dacccf
7de7960a6
05391f9ec
769e1ea5e
7da382cf7
7c506efcd
01b4157ea
02994a47b
7b3203f92
06d47ce60
7d972bada
000b863b7
06ad8434c
0c930a7f1
00d5bfcf6
763cfed83
075a990c9
7cdd4ea0c
04ae20452
0262055c3
7bca3526f
030e99d96
024da6f88
0378fa6fc
0189f2c7c
7f5ec1395
01b84c605
0612994d7
7afa3d306
7a9fc2ed3
04d1fc891
02ed9e05c
7f9426f3c
02fe33181
781cf0a23
00c29406b
034c822de
7d2efd7ed
7a4a1af7f
7c0d86f2b
03866f296
7d686961b
7d02186af
7d92d2be1
02d313d2e
0546aea8d
7913f7400
7d60731ce
03f1e3c0b
7cbdb2415
02e904016
01cd94f4b
7a563a2b5
01afead17
00c3b0c0d
090117025
00a3ccbb2
0243235db
7d3e04810
0352b034f
02500a73a
7c10faae5
77f4f8f78
0158d4e5a
7be631046
01db3c6af
7a32508c5
7a5364d7e
07d89448e
7d2409468
05170026b
04dacde4b
7dae6d234
02e36dbc8
03bccf9d5
01633cc95
039b2140d
7dcfd58a2
05ea92767
019081201
7a59ac264
7f36626e3
00a774bdb
7e8d8a565
7f373890b
02cf7f8b8
7fbcc5a09
7e6929df9
00a567d96
7f20c4dea
7fce8e3e7
007f33815
7eb87b190
0167c5b0d
024343ae3
030e05430
7dfa99c8c
012257118
0062db45d
0290c5951
7fce0ab00
7e04965b8
7c9286c14
7e7c368fa
7b541cdbb
7fa659484
791db800a
7c26608ec
7a7cc1951
00d892443
7e40846ec
01271bedd
0300dca34
7e90ed3b5
02023bdf9
03bf63932
010ef5c5a
0337be048
023a70532
016125ebb
74c5ac5f8
7dfc99816
7c9a2da2c
00e340699
02d5bff15
7fcc864a8
7bbdc3af5
7b35cedc0
014eb63bf
013df40ed
7d80d970c
7cca8480e
0192c4295
04b0d367f
7df33dea2
01438ef9c
00d00bd65
022c88ac6
7f8ee3838
7d0a09408
7a9c80e7e
7dad606c0
01ecbab23
7dc971d7a
7d3c4a53b
008337925
7e950b6f0
01346ebaf
7fb97824a
06f94952e
7e4ce22ec
0346d6427
7cef13a0d
752e0e80e
075b17006
00f92c04e
7f91e8c62
7ba76001b
01769c845
7b99b0bb7
7fb07a68f
034ae0cdf
7afbc1eac
01dd08656
00de04fc6
7ce9ddeed
7e773e74a
793a96f04
03a0e85bd
009a53cb4
7f81b6e2c
05093ba74
04253eb89
03b3d3c9a
7c2767108
0485c3ae7
02b708eb6
7a5da7556
058658139
7e8f19202
7b1757bf8
079857e5c
7efc08baa
7f7deec32
758284ca5
76945a558
00e89dc7b
04760114d
7eb36f49a
7dd5ff3d0
0190a11dd
00ab1a6ff
7e4fa06f8
7cfd30431
01bff23f4
048220641
7eeef6116
7712d1fe6
7f0831b2c
7c91e45dc
7c6c7ac96
08d6f74ba
09a6a10ca
7bc47a5d4
7eb902322
0325d3d57
03dbd5d21
7eb725872
011ed4dc1
7cd1339c4
01ec36cc3
7d443a7ba
7b7b1a8fb
04102b799
08375ccd5
793b6a1ec
7cd58c912
79d36a66c
033988e0f
7dfae15df
7f0321f04
7af4d923d
7ef3c1faf
094806e6f
7d48e1e8c
033a19bf1
7deebf6f0
7d0c4b60b
003d608bc
01b96a8d9
04ea0d092
76a7cc8d2
7e0f70155
7ef3e2992
080df382c
012a2bb4a
002b3c822
7c451ce54
7da1bbbc4
7f92281a7
7d82e5d0d
050837491
05296e155
00a6347fe
7b42451cc
02ac729ff
0558e6229
7def78299
0053624da
7992f4e83
7fe76ba73
7fdae4bef
018d19b3d
7c07630c2
7bc35a10c
79c26bb7d
023687d5c
047633d09
034ff6523
021e7a70c
01ede3611
7faaed624
7bec93fb7
7b36795cc
061b4d040
7f7ea9c34
00b333461
012ae6493
014553180
7f85b2290
7a64212db
7b8ce81b3
032543d47
01dcfa9af
048cc1d80
7ec6a705c
02501c5c6
05717029d
7f1609aad
7f0933d04
7bc24bd38
7f4fab53d
012d752e0
7f59c7228
01928de3e
0445c7e76
022c12386
06981eeed
7ac585e38
7dda37315
7c2e84870
7de8f6373
0272addb7
0797797e8
7db26683f
0abf671ab
7b33d98ce
7a02f9d7a
7ee3b7e25
00c9107ae
03a11d52b
038db196f
7ec789cb9
7ee7bde5d
00ea4a2b0
7e4b0c837
02968e054
7d6c75f76
7ae4d74f5
014f2a87b
00d93aa69
08d1a537f
7e41338f5
76f782ab6
7f3f631ce
02a63961a
018548f3f
050cd7d63
7d0a35459
075a13e5f
76d5e359c
015bec535
7fef231f6
7ccf37ee3
7eace6f57
7fc5d2296
7d9c47427
045b94650
01225747b
7ff485a37
7e148ee67
7ea527f8e
7a59a70da
0358ee4a8
7c8bc8af5
7d67eeb31
038f2ecd0
022b685bc
7cb371977
02259c03b
0020ed62d
7cd1edfff
796a37476
77201ba4f
799864f67
07940e44f
0187b3fdf
0243c69c2
02486aa92
7e2d111fa
080e8e01f
03faedf0f
013e4001e
78fab65a7
7f6954bc2
7a3fbfc63
7b672a0e4
0035b1bce
779853618
7575e0f1e
7b9af689f
03830ac9f
7d5d1d709
044161169
00e74862d
7c1f1f12c
07f0a4b4f
0a3b97b46
03ac2a626
7855b2e0e
0141e3fc0
7b04762cd
79ef93225
0026e95cc
7a9297f47
7f67dfd13
00f286439
06cfd9a16
7ec76037c
7e62fe3d0
04be8bef9
7ffcb4269
02b6415e5
7b61c2491
7abc8455d
7801d3ef8
7c9467603
004668fe9
7824049b5
7ccf2b359
01e974f05
02df39a9b
7af83556c
7b8e8c516
7b16690be
002f31e0f
01ef23687
7c53506fd
7b731aabb
05677e313
7f3f32777
7cac18d57
7b72323e6
02f5ba2ec
04f9463d2
00990c285
046867898
7e984eeed
7f7dc08d3
7e9a9ddda
01362f0fe
7f8265985
7ca3707b2
7d5696363
7a2b9d338
04a6d21b8
0103d53f6
02e10f0d4
79dbc58c4
017398dc0
0392265e1
03a32c97e
7a4efeb8a
01754ed67
0213f64c3
7f8f7810b
7fc212bc7
042cd8f2c
03bfa224f
7e926ac1b
016421a71
7e8a6b8bc
02f84a413
00e7bcd7a
0197eabe8
023b5c424
7f29c875e
7fa1f93e3
035b17953
0274c52cf
7d9c340d6
7ca4b22b6
0215b6f78
7c1afe44e
02c5203b0
00622a6e5
7f2c7adef
7a46e5a18
00a6a5761
0981e0183
01d1c9c0d
795e4ba4d
035c73a3b
7e39dd80d
7ea6ec158
0556b77ea
7f6a726a3
7ffa647c5
007838e70
08a79870e
7f8a58869
0677c635c
03962e78b
022da12ed
7c916bad5
7e8ddb189
7f64e5014
055173098
00be89deb
006db7f70
014e93fb9
02ba11a77
7e110195a
7c78388c8
049779dbf
7e5d7a7a1
7f7c5d0cf
7eceedca9
7df4396d8
01f66eb39
7e61e3cff
7f925d7d5
7cd8e6442
06a067d17
7e8b5e569
08721d07f
08f508846
027e29863
78d7ecee0
01d286add
0228139b9
095026cd4
7c2910801
028318a44
7f4ab49a3
7ccae9f43
0096ed61d
01c6b6f0e
7f4e5f1f8
7cc0b4224
0144090e5
7bbeaa2df
7d6628e44
7f96ba168
0294a7a88
042479a0b
7fee7d1fc
015fe95bd
07de4527d
7b90fc119
7957fa69f
021af0139
07ba7aa25
7f98442db
023af386b
7a30004a6
79cb01a94
7c0220f40
7cbe42326
00fc5c5af
00c2d6f1b
05a885efc
05cbc91f5
7a42010c6
029ff3256
00885aa8a
7fa83459d
7fbcbea32
7dc0fa114
03bc65201
0123c649e
7f97a30aa
7fd7f3adf
73dbf45ee
77f39ef75
0290dce1c
03fffa8d9
7b18b0760
797e54179
7c8b3e556
0176c1c5b
7bd77147f
7fc9a80b2
04cd4f4dd
7dc89bea3
03c233291
7cbf0fd47
7ccbb5a21
7b4e7a765
04178ce1c
04d0cf8c4
03dcef41d
7c1d2409f
03e8be349
7e6b87ad0
064edbb11
7f9325ceb
793bd33d2
7b7b358a5
009628414
04e62dda9
7c78b236b
79a447262
7f520372c
01146a945
7d93ea947
7c605aa63
7e7e0e186
0212f539f
7f4af8fcc
01782e2e8
7fbf32160
7cd036877
7c37622e9
7ca3799a4
05e0a14f2
7d26b0fe2
7d5d679ef
7de214bd5
009a9ceb2
7b840b017
7af6632e6
047b2c97d
039d35f2d
052c79c46
7be0ed231
7a2b660ed
0180c940e
7bc5630eb
04ad8bb0d
7c63c7215
7c129de78
007bbcaec
7e81b2394
01c725fa9
01b59c177
7d14dffde
7e086ab48
02586cace
0394d7be1
01600ee31
7f224b5bc
02c4afebb
044548a9a
00913fc23
0079b31d8
7f2a71e7a
7e7fc24b5
00738669f
7efa20d0d
79b1af34c
7ab725eef
7e3bdab96
7d82a3229
00a490058
7fb71b8ab
0047995b7
0518636ca
7fe146495
041ea2a69
05fd2fca5
7f59a9449
00a7957ac
01b4bb760
7bca3db6a
017dcece4
011fb5450
7c396bd0f
0a99aac1b
7d64353ce
036a40dfb
023b91a52
7e601cfdb
7de5910f6
0223331c5
7a9efd1f2
057af2450
7f64aca42
01b2d0eed
0130164ad
7fbb97b16
7d455ee04
018fa9a12
7cfce4cf6
7b17702aa
04086a7df
7ef3d4b28
7cb570710
7f6ca8d21
7f7f62c58
7f8ca9a61
0156cbbb0
022617bc2
048b3df05
7b4cbf2be
7c763fc3c
0091aabf7
7bcd5ce79
00d56e4b1
7daae84ce
7cc7d3684
00d9ceb56
004d9593c
00be2f8a0
01d5015f6
7df39ba2e
04088aa99
00d425109
76e031e71
7d0b8ec7d
7c1f55eec
7c87fa37e
00c5b4f85
064c78e6b
7a02608d3
0601c6c99
7a3782f55
022a81905
00092777b
7e4102a7e
02670cd7a
0440c7eca
7cce38d45
7ff0fa198
7fb86453e
06e02ccd3
7c8b11106
0173a1e40
029a94f9a
784ccc8b8
05d7cc484
7e11d2ab9
7e3b7fd27
02763919c
01cc09f3f
7fd1ca884
78deaec9d
7d2c672b5
03038f013
064190e65
000f153c2
09652b321
7d1011d4f
00106cc52
0115ddc4c
784b61385
08c6ab476
7f07467c6
03a33767c
060fd0eb6
7ccca7638
00145c4c4
78b8689c7
0668317e6
011e08d81
7ddcd24e0
7d425ff12
01af7a59f
025ecdb75
7953cebf9
00005a564
06ef56102
7dcbf0371
78180699a
03ad41e97
799a82537
05ae6d358
7e656752b
03e84cdbd
7fb14a474
0080d9726
77ddeacd5
02822a305
7359d3daa
0524a2e61
01218a6be
7fff56dda
0324d4ea0
0b289d6d0
015701b30
79bd3f96c
7fb9eb311
04636a654
7d0c8d113
012db7f9a
7ec5eb228
78b45abfe
7c2729854
7b9d58318
7a07f1849
055e92cba
020471dae
7c07107a2
01d01e591
0082ef812
02b0e005b
004ef9fc4
03865926e
7ecb49704
00522778b
7de2c5213
027f30971
7dc3049fd
00fc90b8f
7daa59c2b
7cd880b2d
0285b76bc
7f7f9458b
7a6fd5492
03e7e84e6
00941b0fe
027ce0af8
7f2b37df7
008e9e87b
00a4286ce
7fb81e107
7cd474878
7b3e478ba
025d4266b
0423edc7f
7cc573a24
00b0a21f2
0da9d9885
7feaadbc2
0387cab59
7cd9b58a1
054346e27
7817449e0
07443bdf0
7e9e49629
00db28353
03fa481f9
056838b8d
7cce739e7
01df76616
04ab8b7d8
0323a4a29
7b262da06
7ee718f93
02fb2b387
002e23259
040d22090
0c0be1eea
06333737a
7df211f16
7eab77f07
79c0c7566
7c48ee799
7cf00822c
089ae7273
031ce9c29
031e771db
778a4b334
7f2d8afc1
035d33245
7c02d9047
7a0a9a5a7
05d6fdae5
046d4f97b
7d4500025
01792d8f6
7d814a252
0778ce117
012ae44b3
075186142
7de8f81c7
07f1b0991
7b8bdee69
01b63bfbe
7fde6889f
003abe1c0
01b9230d3
7d71e485c
03c3c3c9c
040ab7efb
7e6c8e78e
01dc16be5
7f1ae1eb1
7b85986ef
7f6be9456
0294868d5
7e3e58bd5
7be7f3c99
004b3c4b0
7bc1d4dc0
7fb918300
0236b034a
062d1b2f9
00e3a87f5
7d8e0dd8e
06e89704c
7ffaef8e5
7d72ab679
791f624bb
7bf71dbc5
09b597295
7e4724ad5
76317ca36
053c92703
01175edee
7a76c64d1
7d86b1fed
7f3945e4d
7dc996484
06b73e0de
7db7e46a8
7a6965ed3
792d0c6c0
00b6520b5
7f1c9d876
7e89c98a2
019d71334
79c11ea80
7daa95b06
039a0d5a4
7fd09ea85
7930be457
778ebb168
7a64c8581
0053da749
7d9295a5f
7e37dd65e
00dac142d
7b0ba07ff
03fef15af
0316c56f5
7dbbb40f4
00518a5c1
015f711f1
7f848b8ca
7fbeffe66
7e2633e20
78dd1e284
7feb5c789
07e8176be
000e7e3b1
002f297c6
7fbfecfab
7f703d060
7aefe647e
027d70665
7cbb89b36
053b78fbd
02ba17892
7c70e47dc
791b69157
00085ed50
7ac97c3c3
044529be6
77d112f1a
01f150517
00b4e299c
7ca65a962
7c6c931e8
01d1693dd
7c9e4577d
00d42fbee
016770d8e
7fc5e56d9
7e52375bc
7dc1e9267
03c84a8bf
0254c3969
05f068468
79f10f5c4
7e7dc4070
00d56b3fb
7f0f80c13
7e2b411dc
7d7713fea
7fad4c826
7a530c14c
7c51b0003
7fb808529
05e120de6
7df41e213
7b8f2500a
76892c74c
7cad2ab6d
77ff61c30
0040da169
0384432f6
005dbe1cf
7e9075c95
7eb8bca4a
7c0b79ba1
07446fe7f
7e68ac06e
7db96acec
01fa77580
00f25a0b4
023018be9
7b119c47b
01eb9a4ee
0054b3dff
033aebf33
7fa9c76e6
003c11772
7c9ac5d77
7d387763d
00dabce73
00aa753ef
036252f4a
004b61a03
039091b50
7c5ffd7c6
7c5a54924
06816b475
7ed3a664c
01df12116
019e3ed71
7e9adee93
7fb602338
7e0bb760c
7bed7620a
7f9ff5541
00c911c3a
7cd9c38b2
010a4ddd2
7ce06c9dc
03485c160
0016a3384
7a8e9d68c
02034d724
7f159eab6
01b5c0dd8
796c9f030
7c365ee96
7e063a28a
7f5273487
07b3cb952
7efddb461
7e5906330
067df46e3
7ae0fb841
0169d543e
04768136e
7cd8062a4
7d70cb52f
7f2f737e2
0070b6e23
009784f41
7f7507c2b
7ba8e53d2
02d3091c9
01a7a34ac
02742b0d5
7e4ef471f
02ceaa64d
7ec475d36
7cd0694fc
0735a8ced
7dca4884d
05d64354d
04a5edc4c
79e53a40b
042b18e0a
7ef01f2dc
06d4cdf43
0db2d4ada
7c4409c57
011096f0a
07131dd80
7a1efa3f7
01813d88a
091334b19
77d7a27b2
0166892ca
7ff503ad0
026cefcba
7e1fbb980
03e76fdda
7f83ad5b3
020cef1d5
0416d0284
00ad65628
7e62e9b4f
7f15ad29e
7c7b4f505
7e680f7ae
7ce038484
0226e4e50
0040b412a
7e86f05f7
02d66752b
00a3c5c80
03d57caa4
7ea36fa10
7e3a98bd9
7c88776f0
7d1250a7f
05d065055
015578b49
02008cf11
7c0770784
0119ace02
7c41d4245
027da335b
04075af21
02eea57eb
7f3f8005b
004c64c00
018f2c5c5
7c8e84e3e
0073479ca
7cfcde640
001bd27ba
008506e05
7f0f8025f
04924a9fa
7cd082cd2
01caea799
048de3bcd
0873a5139
7ec8635a0
7b5004ae4
02b491baa
004924e01
0399dd7a9
7cc258e83
015103fef
7d4eb11a7
7dc749f6a
037261ac9
0104d9d9d
0534bd63f
7a0b9bd2f
033cd3263
7fcec4c26
0b051d6c5
7fdef7417
7fb35f686
7c8fe26ce
79ae76e06
78178c98c
077cd5c5a
009c3cea8
02dd18793
7b6cb4222
7eba20119
7f59fa716
016892919
7bdbf7ab7
0487c1384
7e59324ea
020db3951
0000d7ced
7ce6a0b2f
03ce977aa
7f6fde665
0286178f1
7bf477ff7
7ecf13789
028e9b119
02bc03bed
7d15c1d3c
007e0dde9
7ff5fa69d
00d82a371
01fa93d47
0540b70c6
029b0b7db
7d0ae9a66
024d351d0
033ff75a6
7da3008aa
0130d9bb0
7bf458d64
016bcc9a2
7cd954bb2
7e6eb6a62
7fc8c9cac
04de7db3b
7f7b596dd
7be57461c
045c38f16
00cb30736
025c12b78
02788360d
7bfa799c2
04d399f5c
7d66a4036
01bbf51cf
7c838eb16
7d3f26d6b
08e6730ec
05dc2c89f
00e47ac26
0441a9dc7
7e44636ff
04098ba08
7bd69494f
0190d436d
08b12fc48
025934db9
05a1b07d5
0093ce01e
7acd24faa
799f94216
7bd1aa134
7d9353340
7e429bce7
796cc9aba
064fc6282
7f7de89b4
011a816fd
0478312f2
039ceaa9d
7ff9e13a5
7f13053ea
05856c3ce
76496f1f5
03198e14e
7e802067b
7c5c00cac
05c78df29
7d40f6aa0
0197d8ab5
0189a5e63
01e9d1b1d
7b5dd3cf2
05708bd1f
0287f722e
7ce67ae01
7e28590ce
7bcf09aeb
06476974e
783179175
027dfd780
0025bdf26
7b0e8d19a
7f2518c78
011b1aac7
7d23941bc
7f8ff6284
0348a4310
0435cbbcb
7f9cfb383
013a0129b
0342ccd4a
7dfc760c8
04fd94afb
00abc9658
7ec44b78a
05b792fdf
7cc95185d
7caa9bd9b
039093d93
7b66dc6f7
02c230748
7ce5dd7f5
06fd1cada
08c945d99
7e4e2893a
7bbb56b45
7c1de695c
7825ce913
7fb2c1ef0
7fbdff142
0568fe231
0110c6ef9
7e1cf9978
782c90d12
7effda3c6
7b2fbd07c
7d488e754
05bcca5c1
0269c1c22
7f951c6cf
7cdd12a94
00e675dfc
7a7341ada
04ce7e402
05bd17df5
0920fa2c3
7bbcb17b2
77e6e2fc2
7ff2a6b37
021a01f3c
7d094a612
016164ade
7ea2ddc11
7c8da65b4
7d8714db8
7eba43b15
7f38df6f1
065eecd22
7f4a5468e
7f057279a
048d98f7a
79abc291c
7eaf68e96
79623ccef
7f0549871
06e266a44
002ea8506
0484312b0
01dbdb561
7d57ee448
7ceade1f6
0615c1fb0
06f4a2e9d
7bc2fdb82
020ce45ae
00800c708
7acaf8293
05cdf7670
0337d3e8a
01dd7e52d
7e5517362
030f14ab4
0526a60f7
018c99bf5
7ffa7bd57
7bc1d1717
037c03be4
7d7278c83
01355fcbf
7f26c4baf
05f5dd1b2
023d3621b
7e135f224
0101b71a6
7c0bb9c6d
7c2dd4480
02f3849e2
02ebdde72
7a6d28e77
7f4553026
0090b05a2
011a1979a
7b2d1d5e6
00e9015b1
022c78b06
01d6549e0
09110bf34
76fc8faad
05c1f51e7
7e3e9741a
03310f3c7
7e364c987
04d63e82b
04db2fed7
7a5544c06
7b1b3a890
064ca9176
004558376
028235d35
7dfafa5e8
01beb8d90
03d26e62d
097244afe
75d486fc3
070e468e6
002ed2190
055bfef81
7b23b7452
7c78ccaac
0286bba03
02bd7997f
7fd1fb6a1
02173f3b5
016867cf1
040d4c145
79f7b5b49
01d75f39b
7f7ec4b9c
79ad0f793
035dae28a
7d3da15a5
7b32e28dd
7cda30bc9
04e70e66c
01c4f9778
7f724487c
04528d997
7d09d1128
057ba3624
00b8c2bd5
7fd5596fd
7797f2d57
7fb81ed7c
06fdc9ad2
79e19757a
7f351d962
047b16200
0473caa83
02155fcf7
0695592df
01fce6306
055236480
03452eb80
7d99af0c4
0212d1ccb
02e55c3ba
7a7e11529
7ddda5aaf
7e1e0a2d2
7c7001d1e
0260b282e
7cc334f8b
7dfab8885
79ab085cf
0017c922d
04df3c3cb
7fc5371a9
0239f708c
074358227
7b5acb33e
027eecc3c
0002c12cf
7ce8aa93b
009de5b8c
7ee3d93e9
05ce7350a
7be6a028d
7da9445f3
0179a3919
0072120b1
00f7d8abd
00381c2b7
7c8e7af40
7f0b17df1
04be02fc9
7b1265a6b
7de1a4368
0084fdebe
017b65e03
7ed9cee91
7a10e0083
7b855f282
7b220a7d3
008131d8c
7c4fca53b
7f72e22a0
0182d57fe
7fa4a0f82
00a1be2e8
7fb94184a
7cb163aea
7cf81db29
011fdd272
792044aef
04edba3c4
02b0833aa
7fb76b152
047b33999
7fae363c3
7e4636520
01ac45e50
01aed61ae
7ff3aa061
03ab5489c
04003123a
7b0ffd6ff
7d87ab064
04271a36f
0004d3e2d
7f340a0a6
033b5ce65
025924ec2
797fe8169
01bf8a582
068235af4
7c8f9ef8f
03231b745
011d03d04
7f9114dbe
799fe7e36
7cf87c434
01a4d46d5
7e485480c
7b241c16c
7fc97f511
075e7c8bd
0688cd79f
014e90441
025aacf12
050aaac39
00cb9019a
01fc98d2c
7f34cab7a
79a403760
03df64b97
7d5619014
7fa233e1f
04262fa02
7b2d7f179
02085f7bd
019c3d434
00c31314f
7cca0be2d
038666c38
7ef993d16
01c99ed3b
7fbd7c8cd
0457d8127
03297c53b
7dc73ab29
7e515dce9
7f0dc14f9
7ed794d88
05be1e95f
7db8efb4f
00f0a4664
03a59e721
00f320b9b
7e8591709
097fc2e7b
04d725fe5
005a6753e
031f5cc25
7ffb642be
066795e95
7c5989d19
04875ed69
05dd7bc95
0513b5f46
0a8901dde
7aaaac96f
0568c0561
011e6d380
7f972058f
78b56ed18
05234639f
7f5519032
021879e0c
7f0855ba1
00c08b6e3
0373ea8f3
7de978c19
035f45281
7be1728bb
7c15ce768
7ab9da63b
00e047482
7dc47aa58
001a65124
023e1072a
7f4fbb282
02ba5686e
007dd9625
0138e571c
062065b2a
001005ed0
7f56deacb
7f617211c
00f842445
0276964d3
7b5d81da0
7dc70dc5d
02adb054a
021b154cf
015c0e810
0115eb940
043e92f4e
077a5734c
7d3a81069
7d94aa3e3
7e6a1f1ee
79eba0127
05e575501
7e23567a3
0381c097d
7f11f629f
7e43da31b
7a0578e7a
7df77a97e
016a30858
7b241fd0e
0452f2edd
016af5ca0
7e5b31999
7c10ee158
7b44746d9
0517aa356
7b3a37c80
025d8f370
7e7ef9154
06d50578c
01593bc00
7a4f8b1e9
7ed8d8276
7ed4ba162
014a62cdd
7cfa97a61
0024b1e88
7cc8bb983
01cce66ca
010dd36db
79fa8b279
00fc62257
03871ef58
021e3ec87
7e4909fc4
00a720436
7ebe051d4
015f92a87
0375cb4b7
0187ad741
7d4803284
016310c23
7e9732348
7d93a4a49
019f4cdb7
025f31eac
7bde55517
070f5bcea
019fec393
06d50dc94
00d30b996
011230ede
7d7ee7dc7
007612e80
7da9f4c5c
7d2c5ee84
7d355b0ee
00b4fb8a9
7b61251d8
79b071493
7eb74f19c
02c02cea9
01ca1f20c
7a07d8690
02bf439ef
7b616795e
7e8bd4c0e
01bee4da1
0036453a9
7b3fa728c
0394ccb48
76efdb869
7fa92bf84
75bf701a8
03519cb4a
014d9789b
03470520d
008ca8746
7e65da1cf
7c13e1ace
052006c4b
7b4a84c3c
00b914807
05d204db6
7aabe99ab
00aed857b
00db57b6d
7eaf28606
025ffa988
008e7eb54
00e80bd86
7d8fadf62
7d40ec831
7856ce27e
011913c24
764fd2d48
02cc1eab7
7caed8a65
0490339f0
01ab64ac8
7c6c20c30
02d600e72
7e538d9eb
7ecdc700f
04092ddaa
79e6cd14b
036f2c75b
7e4257184
00accaf49
045373275
02201b802
03f38413a
01339b959
7d7088d26
053bfc2c1
7a560e9b3
0209d899c
7f39446cc
006878b6e
063bdc120
7e4fc4780
062a01d4b
7bb25c257
02249f361
7fa96ed77
7d582953d
044885b50
7ed71b3b4
02d2283af
0370f31b3
00a17d6e9
051a50caa
04f048b0f
7f7978cb4
001606c2a
03a7d62f6
7c87578c6
00714d1d9
7df389efa
7e62797ac
7f3a13317
028f22011
020838ae6
009497120
7e40de14e
00d6cb019
01598318e
7a2ef9731
7d7df452d
7faaecbef
030e63758
7cea23d72
7a1928d4f
7cd733a41
041f73ebe
00434582a
0440dcb40
7fdb72941
7cde44d91
7d1d56d78
0264d38b7
7e890b6d0
00a77bdb8
013b9bf7c
035625d15
7fb4f39a1
7c3f55458
02723cc00
00f610ef0
7ecc09467
03d3c4726
05041ae94
7c236e19a
7e166671d
02c50955d
7c6704e04
7cc92d375
7f4090e08
00cf436d4
7e637432a
7eff543dd
00f10783a
76cc5cf71
7d12ea0bf
7eec96972
00a71c64b
04d9068db
7ffbf5f0a
7f2809cee
03b04fa2f
017381654
04519cce8
7cc8a6d41
7fa60e5af
02ded85cc
79d05b362
020a6a8a2
02347128b
7c31cd74e
7d81268af
006529fee
7be7a7f06
02778b4e2
02b403436
0338e4fcd
7e7bad410
049e193fd
7e877b018
04e1e733c
7e87cf4e7
7a158340d
012bdebdd
012f60bee
7ef6105ef
058438668
7f1666ee9
016b90a9c
7e0d15599
7ecb2200a
0186cf02f
7c2354427
7c360fd4a
0494c8684
76ce07c93
006ac34d8
7bab4080b
7fb5f9338
01b41866a
03730ef1b
01d68f521
7e90b41bb
06e6cffc9
001d438aa
09a53b017
7a9bca857
7fe69d8cd
00a9633f9
7d427db0b
7fdd97a11
7db865512
7eb35b7a2
019fcf883
02dd30a3a
7f05543f5
7d4f3bbdd
7dc6103cd
0165ca402
75b4f20db
7fb954e24
7cdefc67d
7ede87b43
7fede32ae
000b0bf74
047cdaf30
7f6367d54
0469c212b
01af0b03c
7f5e23d81
077af3345
00dbb3f0f
7ffc0e1b3
7bee15f81
7fbf6ed8d
774affdee
7fd05e633
7bf7ffa6e
01e33394a
05bbbf9d1
7f1ac6915
011e7c121
7e7a9b628
01d37519b
00472184e
7eee6521f
025f44f69
05833d10a
04a200f27
033e5da91
7d4478c3a
7f48b1904
77918d036
78ce19c51
036707b56
7eb587607
00ca9401e
7cc284482
7ff3f7222
7c7834705
019c50465
05188a7e2
01930f9c2
7ca3db9a7
74bc9803d
033c9e0a1
7da7d3e04
01f131c23
02496764f
7a5e790bd
011eafacc
057e26d44
74d9076e8
0505189c1
7a1435e38
025fbdcfb
03eec4512
7b4993d70
7d473dcc7
04cf16ba5
7f0ab7d0a
7db36c687
0253f8e96
028341289
7c6d1d998
7c34564d3
03afcf725
7e51e5129
01674e380
01ad075df
0188314ba
7e1e943ee
0295639c2
04d383e07
7e19dbd58
032ec7c0e
7cb70ec0d
7971cf65c
02e649d3c
02764b562
7a7d39739
7a1a1729d
0966095e5
7c7b3149d
04cc0e6cf
7ff0584ae
07d873491
7f233dee4
7fa29d68b
09247b785
7b3222ce3
003c87fc9
7d938eb4b
0207c26d5
7d6af1782
7c84fb988
0179b23b0
7f1da581a
7e1df37bd
7f606027d
7a9cac18d
03a738180
7d93aa0ac
7cf832ab3
02c355c36
7d503c5c6
7d93ee6dc
7f14867ce
7e9c4164a
7fcf43d90
026d3b1a7
7f932149d
00401f131
015598be6
7eece19f0
7da0ec3da
081d242f9
779012361
7692384aa
08306e8ba
7eed5cb36
7fc8fadc4
7ec2c9fd8
04209a6ad
003b5f2d9
03aad22ee
77d33bdad
7e218c33a
0119ddcbf
7b6a1bfe5
01269fc6b
08cad9c3e
7ef9517fb
0458c2548
0559d3547
03b3f869f
01d195d6e
7ad362de2
0318ba029
03031f0cd
7b0c21032
05cb46c9c
019d956a0
79a4497c2
0328f34bd
7c3c83497
7e8112326
7e4764775
7d89f17cc
7fd400f91
7bd01fb2b
7d570aeec
7edc270a6
05a603cac
7e183f07e
7ded330e6
0021e8239
7f76ebcaa
7aed26bf3
04184606c
7f2ee9065
0317b2207
7edeaa6dd
01fdaf096
7fe650c8e
7b2bca6ef
752d5051f
7b277f69c
760be10dc
7f16b6696
7f488d3ae
73b4ce3f5
009e483ea
022e06c4e
01e46ed7d
0433090ad
01367fa50
021f4efd1
7d8cb2435
0668dc42a
7b8c48b4a
7b09bc84b
014c2903c
7e4b36424
7f7a6c6ad
7f90856dc
002f39241
027a827e3
7da8e7783
7c4643888
7c8be2c2e
7f4d1f563
7f85eca46
00d5ec787
00c93c2c9
0130899f7
04480b12c
001a78026
0071b812a
08e8f770c
074e3f6e7
7d503dd9a
7e20d2896
02b93e69b
00239372e
03f0319fd
083949068
028a5e0cf
06f99eb91
0145d1ec0
00c2e2c92
0992240df
03d78cda9
04d4f77b8
04b42ad8f
0192fa703
05a02b3aa
025f6bdf4
03a04f565
0027721c2
00bf9b8f5
03a8b7407
0219b4088
7dc8c010a
7da35ed86
7e51e67c2
033bd68be
7d737d738
0364d010f
79af1dff4
7d8c06bcd
01d5a9543
01e47e23f
7f719ae51
7fa110c11
043a58647
7e417733d
7b03e26fb
7bc3442dc
04c2d5792
000c7b90e
01fbb9834
0142fa343
02f368b75
75c2a228d
01d908f84
036f4c8df
7f412ce31
056638b4d
009558af6
7fbb897ea
7ea4b12c4
7add9c6e6
7fd9b12ef
039fe1bb2
7fb9db363
0153de478
7ac9c5cff
028db5cb5
02d08a0d7
7bb1f0206
7e2537604
00817a341
7edb45295
013bbc195
0067d0861
004f48cb8
7d84d4e1a
7e8b493fd
05537e6e4
7db07bea5
035dea2d3
7d4d8ecf5
02f0aeaf4
073d0952e
7bb6c1ed6
784531638
7caf51b84
0448484e3
7e305abb8
01cff1a51
7d1a76c5b
7f6891fa5
01c647507
042257e78
7b750b269
7c87b09fe
76634d5ce
7ee53de1f
7e3f6a0c3
7c9dc419a
7f984a0c7
7d28650e8
7c512a77d
006356cc0
7fb632bed
7ffe798e4
7fdc18d1c
7dba71815
026f5f725
7ed9795b5
7beb40933
01539f839
00d36d4cb
7d8a93db5
021a07b8d
7d529809b
0483edd71
00357754e
7d3b55cc3
00c62ce39
02249223e
7c49bb9dc
0543fde3e
7e5d0aece
0a245868a
7da3ba0a0
021f2c868
079e05ed8
7e2e46b4a
020546ce5
7a56068a6
05e0178db
7e757e50a
7a308195d
03f2a085c
7fe83509a
054b292fc
02aa3ee86
7ad43ff91
02a92159d
7cc922443
7c856e5a2
00437bbd8
7ceb4b4f8
01cd6db2d
0235e09ab
7c5061cc2
7ebf8fef8
7f9cb2752
7e1544188
0104ec5e0
7d0625cad
7cfaef22f
041d1776f
7952cd5a2
002e0fc48
7f0aa87f5
05a70bb85
7b50ed8bf
0065676c6
04ac38e63
01616782e
00b7d20b8
7e52ad2be
030d6ee38
0050ed988
047d8579f
7e82fc013
7dabf7afa
7f2dbfe99
7f4d4c73d
7e77dce29
7d35ea6e1
067dfff61
7e70c25ca
033ea2cf7
0095ffdbf
02b3bb8fd
0024296dc
046938581
04e766172
07b69210f
7da597b6e
7edbb88c6
058dc9d10
035852e15
020e182a4
7b82612e4
02e7f0c84
02870248b
05c213d75
0515f0aca
7bbe98b9a
7e05be82d
006d1e1ad
02a6212bb
7e742f2b6
06681ee79
77886ace6
7e120bbc7
05a4c940c
06cc3b831
0160d0855
776d22338
054de51a0
04e5e9ccc
01dcf954c
002251d19
00d3f5003
058c09703
7f708de4a
007d2c014
0417ff645
7f2d07e23
06a68f33e
0690ba381
7adf712de
7bd6aab4c
7ee166f27
02075fb51
7d05104ff
7d2f8e6fd
7d57c7131
7fe11ac0d
7dcac7c91
06719d293
02797595f
01f85ae36
7ba889b18
7b68d4505
004a1b24f
7dab376ee
054ccd211
02c172db5
7e043791b
7d039b0b0
016610528
789f3d424
7e771bcff
06c8a009c
06a0fb96e
05e2f8f13
7f245b385
048a70250
7a89aa246
051d66423
7b5a5426c
7c163f148
7bc548579
066618c2e
7a600bad1
7d55366d1
7fe76c849
77a62e927
05d303b25
02cca7b35
7febcd3b8
7fbccdb86
04acb4bd0
07e9dc1fe
7fdb41ba2
7c155fde8
7e803592f
7f471b852
02c08b886
7f72b491a
0084ee022
7eec62617
04232558a
79980b11f
00caca577
04b56d0a9
0255d2140
7e696ef59
0511e6b19
05481b6ab
7f75c99b6
7f8b47ba4
7ea9f8f1e
7a1d8391e
764572551
05c0788d6
02d104cd3
026d61274
0186406f3
7f9c94197
7e3213522
0107b725f
7c31ed669
0030ce422
01c4df7be
006143427
7ddea8d16
7d624e365
7d44e5627
7ffa4173c
02e99598b
7d60a8de8
031389f65
7ea16a904
7ffb3e5a2
07a47f713
01bd6bdfb
7d378b51d
7c371a803
7a2433ec0
01e5af00e
79fc921e6
7e7d71bad
022caf150
053240d52
79b11b709
7eb82e418
0169a09f7
00055f71b
064bc365e
00ac33b9e
032957275
7ec220367
7a77c1251
7df769e85
7fc39b6e9
00c26b4bc
0293cfcee
039bceeb8
04218c75e
7d6207bae
02cf218af
7c4eb7beb
0284e7392
012f4db8a
040594c31
7b1de7455
7c8149561
01b1e47c1
004834475
7cc7abb97
011d9c6fd
016eb4e96
00c4cd3c0
7cb1ff1bc
764542915
7d1853576
03cc90f85
03044ba28
0122445bb
02b1f2296
7fe5fbfca
7db5e3afc
01c8355ff
7edcbc519
78d78e3e9
78a4a34ec
0115c066a
0a1dad8fa
7f6183a69
7eef87442
7e8d0c0e1
027998e2d
7ff975eba
7e15f3af2
774d846a1
7d4d5255a
06cc576bc
7892ab7ef
00ee85998
7b263062b
069ff0e1c
7faec6b45
020b51089
0050c63da
7f186fcd8
7ffe85919
0047ac751
049044719
77d9bb602
7fa7088e8
78e0e8e70
0172c73a4
01c50de2d
7d7a734ff
7aeec0e84
042306698
7edf2db98
032e0b9c0
7db5bf417
79f1d9d04
04bebd0fc
7bc3bbc03
024da3507
7afdd9114
7d4c2b936
7c2f82ae2
0556bee2d
066bb10d6
7b951a924
7f2a67864
7bf0c52ce
05bcee36c
77b2a0b36
7fcfc622c
047c48360
7e20ed8ff
7f836fc68
0024a49c5
7cf28845d
0291cc1c6
7e0f37fae
001a007c7
0071f28bd
020d1522b
019023159
05cd9d267
7f9196c9a
7cda1ea08
03e9d2376
79f01fe92
0241e48ee
027ccddb1
01184a332
0293c426a
7e65d2e25
7c2755dad
04d37d32c
7ec259230
7eecdaecb
7d8ab3785
7b4504e7a
7b32659c2
7c8f80323
7e366d3f5
7fbad4fdb
04ab1d92f
7d7af6454
7e902080a
7cf7f9fd5
7a168173e
026db1904
02c70dc0c
7e2ecc4d8
00865c724
7ff50ab6d
7e331e63b
01b6bf039
7d544f076
7c3201359
799a20f6a
085d4a253
79bf2222f
00797d1ba
0067932a8
7bf0f23c9
002a40de8
00d001bbc
7c288c34d
7f98f9005
02b95de4c
7f4c704a6
03cd79817
016aa9a35
02af02289
7eed0cb32
05f7b06b0
7e6dcb9b6
02901939f
0136345e7
797b530de
7f94b49f1
77307a215
78c931a97
022231831
0064d55c4
03143f2da
7bcf793d0
7b2b776c5
78e10e597
7c860d362
01ff54b26
0868ef1b1
7d8c77698
0240fc9c3
7a852238a
0090bfc42
7ada9518e
06c2d617b
02a1c65b6
7c92606f7
7ce392d9f
00b4a29eb
7f3735497
032730b2d
04d4a2b74
7c3a734b7
05ca2a2a1
7e3499fbc
01cb8e228
0457d44ff
7b6bd3c54
7b3f4e3a3
029021a1c
7cafab8a5
7faff82e5
02d1e462c
02ef4f4f4
022649140
02e067dfe
7dbb5b3f8
7919216ef
01528e2b2
03ab4d2e5
07907a904
01a1fe461
05a81bbc2
7c7b39123
00bff824c
7ac61cce6
059097e31
7bb1c8e25
017b2ea8b
7f7f5b0c9
00618068b
02bcefa24
03bbcd99d
74e76d012
031e410bc
7cdc836cc
0164896b9
0158fb662
03fa5624e
0350704ab
0239bb2f2
74101a1c2
0189b0ffd
0185f736e
07042277b
7a971c7e8
0227bb52a
00005ce10
0042c2779
7b2e91eef
03e4e3f18
7e4c4262d
7ed089283
7ef4bae7e
7970cb53b
7ef6114ea
7dd85224d
7d83f8a83
033332eab
05bb7fe25
0462fba28
005efc01c
7dba6129a
79a80ac8a
09a388ff2
76e5558a9
08ff29c67
02aa9335b
0193f459c
008d90a66
00d8d402f
7b6a16d1a
0689a6618
7eb6ff476
05df6403c
7d9ed8b74
01f7fdaab
06b6e6246
78b2f45f9
7e9c5a581
01a4f3e4c
7f6a2703d
0939e059f
05a79b4ac
04b76a0fc
7e67a5177
7d82029a2
010ba36c3
02d6eb5ea
79a756b67
05ccd2522
7d3070829
7d97244b4
7ca58c414
767e6b3d0
7fb017613
01226af73
78afe864a
00cc4401a
00212ca55
7e7210c8e
788c1a46b
7d2fba82c
7c5692cc6
015727267
031ef3568
7e2b5430c
7c6914079
7d8e5eebb
7e1e22160
7cf897903
021be3c1f
7bd308ed4
02ed4e2de
7b850fd51
001bdc7a9
05884cbbe
7fc50914d
7f24d8056
00df56e2e
08cf41a05
0441b2f1d
777329c78
032e89c2a
04bddfbd3
7cf5cc988
7b32aabc7
0353919f0
0261b82ff
7a396498c
7d0185199
7ee50b6b8
7eb521c28
7eb78c7a8
7f9508cbc
017cfb24b
7eab1d2ae
7b44d4423
7e14ab531
7d4d9d37b
7df57551d
03d03a2c2
7eafabd1e
02bbb60c5
79fb110cf
7f2a341d2
03f12774b
015aa0840
002efe5db
7f49ab72b
7f637a5dd
021c779b4
0774b4618
7fb0b2029
7d24fde64
7f803e510
7e7eb95cb
065f9d6e4
7d3b94ca9
05edb4b72
7de0bd7e4
0213e43d4
0493dd9d8
0141b3f0b
029cfc2ce
79b434068
7c05f0da8
00dee3bbb
7a7210a30
78c1f1b63
0302961fc
01d434c2b
7f7b45b34
7c4e15bf1
02beddc77
7b0a24c2f
7e38e93a7
7fbb1514b
0297bd561
01db05f5c
7ef406737
7e8993d2d
0661d0044
07b7771c1
017d11d82
000a496c6
00f096662
76ec00238
025327ee0
040b2e0d0
750d757e3
7ba2ebec8
7e8787da1
01fb9af1a
7ac8b2a08
01e33df5a
059259a9b
7f011eb02
7f0837e90
7fa2ba962
7e8fb8729
7c15d2c7d
008637d96
085dac590
00c5734d8
7ad61b870
07d5b4296
040efda04
00f6e7d36
00c75de1e
02e8bafb0
02c6a229f
7fd4bc0ae
7d5216e56
7fbe20722
7afc0ec6a
7d3aab251
02f3c9a3e
04812d9b1
046038302
0003331e9
0127ad532
04f766dab
00963673e
025bd43d4
790162cc8
0128d869a
7cdf49ac5
00fa02ec7
02b016cd9
7dc62031a
03b753038
7e0b864ef
02f10276c
7c1e7abc7
7be91ecba
7fab36b05
7f42150f1
7b3779704
7a1b61461
7c80f740c
0214dca33
00d1fdb97
7ecd362dc
7dcab9a65
0423fea48
7cafd2a85
7c5220922
00b39ff83
053818243
02aa75149
7c6f160fe
074cd1fea
7940940ce
7dd68d7fa
7fdebcb45
7bfd18f57
7ca33c8fa
7cc126333
7ed5e650e
7d50f28fc
016ddaa73
00c62e050
7fb8af11c
03df3bac5
05eebbd31
001116280
7e4025220
06a657e05
79df34a21
03094f3c0
016688f62
041d8ad10
7f67809c5
79ab4c24a
7e4d2e212
7f89996a5
0078373ae
0191d63c6
0550a90ac
7c6c3ee88
7d422ebb6
01e735605
7db8b6829
7ea8cfed3
7eb7b8667
01a7c339f
7fd92d4d4
07175aaec
04f61d7b8
025842fc9
0130b59d4
7a6ab719b
032784ed4
7f2b4d948
7ee7a0c59
7f920733f
7cc58c6be
07bc9a556
02a0788ee
7d763e162
037776338
7ba7daf7c
7c1317f9f
7dcfdad56
01f638edc
01d6cd65d
7d9f446f6
7bbd20111
06d8fca3b
059d9e457
7c7018998
043cecddf
7d23c47a0
04280ab0c
03f1aa990
7d89d646f
03fb755d6
06242b936
01b3ae427
7d5662d85
7c0effb19
03eedcc08
7b51a2244
017ae88b5
00c38a8e4
7f800b006
050cfaabe
7fe1167b2
012656d59
7cbf54094
0547d572c
7ce6b218e
0099e2fb6
7ff5864f8
031b66edc
7d53db36a
7e5d970ee
01b90812c
7e1001905
799f8a1d2
0451d29a4
7fddbe4b8
7e9310621
7ffde4ec2
022e25c4b
7e078041f
00a462ac4
041f1fce1
7db0afcce
012cf2ea7
7e0ca5f71
7ffa88d0e
7ed486b80
02a3a5414
00fd77410
793d81fe7
025337589
0452a6410
7e164c48a
0343baf6b
006310d35
7d9dc4ef2
04c895395
7e45733da
0229b2125
048e4fefc
7a6c7c558
002c166a1
7bf3c84e3
022564a09
02015a83e
01b34659c
047d179a9
0012325ae
003e0595d
7e96207de
031685b64
0595f1b52
7f3058568
7fa1293e3
7f2260b9f
05435eeaa
7997beee1
7d4bcc469
7e5900859
7d85783fe
7ce597084
00d78ebe7
0024a97ee
00ed686e4
7d8e5f619
7e24e4c46
7f468c171
7c6472f63
7d31453ba
0138af51e
7bd802b3d
7ce922b79
031b8c014
7ee396033
7fc77bc5c
7c3351ea3
7b67cc4eb
01a88cfb5
7f288f9d0
7abc9f233
7d0d65ead
00d764aa5
7bd31989f
7aa5729db
7dac84e54
05b8f86a8
7e1677976
7c5bd29bd
7f376b3d3
7c20c8d31
000963b70
7cfbaa58c
071e77d71
7f3cc0053
00e0a4195
7c501b556
03090fc69
01351d01a
02f60e5b3
0708cb6fb
7ff0d9aa1
7f20fd51f
79ec15eee
036feaaff
01a7e02fa
7b87e83e4
7f1ace71d
001aa5a5c
7f0023126
7f5cc24ed
7911643df
7b555d743
0189e5fd1
7c64ba940
0613cd030
7f78b851d
7eef3be31
797dd70ef
0248f64c8
7c1c7e568
7cf30a1fe
049523a46
7fc92e868
03a175d3e
7cde14a58
058048829
7d0c48ed4
7e4075d23
7cfdbb428
7c054cb1a
029d01b32
003121c2e
7d4a79bbd
0642d1925
020da4d1f
041dcee17
0078036e1
7b4a50176
7e55dcb41
7eca20053
004b4e9d3
01ff93a34
7d15fb882
056eb1cc2
06d98281d
7ed6ccb9c
036305cbb
02a793873
7eed0e49f
7f7a8eaa3
006f25a2e
7ec85de87
7f36e7358
02df523e2
01cbbaf4a
04df01cc6
03f4a5982
7bf975d99
031c92108
041d50a49
7b70f1986
039e816bb
7925c6de8
79d931a0c
7f2fbeaf5
00b6eaeee
7d648e7ca
7ab261e9d
02038b51f
7c28ab788
026f391ef
7db565489
01779d58a
066edffd0
7e46cd916
7f8a602b6
030c8d629
7d0c8afe3
7fd773ad7
033e24cae
7b8fd0c2c
03492d1bd
006d9477a
7cee7837e
7f1e7c77d
7b3ea0730
7f17a3a00
016b794ee
7ab8aae0c
020a578ed
0283c3612
7da6baae2
7b2a71aa4
7bd57f8d1
7cc223113
02980d36a
012a01d48
0016ecf18
02893e39b
00471d93b
0238298b3
03bc5ea4c
064ab5040
036b4ea3b
7ef8e381f
78e00a67f
0353617fe
034c3ec71
7c9d17566
0545cd147
038bafe3e
79fe063eb
7d683eb24
011ac5b03
01a1224fc
7aed769c1
019054b0f
7f11505a5
03f9367b4
00951e0ab
0979d44dc
0268b76b6
798ba9015
7f2541ef8
07e526114
02316ca50
033c1b2c8
01bccbc1e
0324e1a9f
7f9a2696c
7c1f99af4
07b306f08
0378bf131
013726990
7f213727e
7e8c58467
00498878e
008829ed7
002b45834
7e993a454
7baf0ab23
7fec4010f
015c451fd
7c4f8569c
02b53e357
78bc3fced
059d90ed2
0271b40c4
05d601ecf
7e959ac68
02134ab2f
7fda7b850
060e7d356
7fe3ac67f
7e5159125
04f4ddb79
0189a149b
7dcd78fa4
7fdf5c9a3
01de18cb9
010e767a1
038298c7f
7e22cbc19
033fab90a
7f52bd4fe
7d37eaa2f
7e011fd8a
0190e1377
7dad6b4d8
013f7a3c1
00191d4f4
7d53844dd
7c1d89256
037d3e488
010749ad5
7d974072c
79b5ed0b6
01c003b63
00d99a057
000455937
01cf99cbc
00933ca4a
794a30cb3
00d4d20e3
012fcd360
7c17cc134
03c912f19
074e2cc73
04511561f
7d3e6861f
009858c12
7da2aefaf
7fec69361
79240757f
0278f7ece
0050477af
070d1fd07
7e2bd0e67
01d02b8f6
7f561d095
7f86bf228
7fc400902
7e5cf3e91
7f59d4c40
0477d1be3
03b974aa8
792f74b86
00de999bf
7c51adbdd
022fb484c
02d843a5d
01af0085b
0374cabfe
7e268d6fd
7f6415e28
04388674e
0090ae4a4
7ec25fb2d
7e8827c59
01aa64f14
7c63a1738
7e4ff9dc4
062bf409f
792c38b27
09f33bfe9
02c2704bd
032784b22
0718f2cb3
7bf260c8a
7a3ea3571
7cff27d9a
7f33d32ca
7f25f6868
024675c3f
0439fed0f
00d1e9db6
002f504be
7f95ea1d3
040f4b110
7e79a29f5
7cadf8e86
7c853771d
7d063b090
7e61f2d0f
7fcc6c98c
001941d94
7f5c415e0
01e4bbee9
03f46e5cf
0707a3df4
00370efe8
00f68c263
03eefb729
0446ee166
7b30c347d
7c2543efb
7f1b9153e
028c3c000
7fa37c196
7e9441e02
01240001f
03a70e8ab
01309cb18
01b8f1a5e
7a238a8c4
01d7c75f0
06868c619
01bf5c63f
0798c792e
7e58d7731
7dab74b81
7eedfa865
7bb24b9cf
7f8f5814f
02e744922
01d4bc9aa
038b7122e
7ede76860
7a8cd9de7
7c102afed
7e3ada96c
7d60a6d2d
7d2a7ffdf
7f7660d9f
7e3e7491d
7c79a83d4
014805061
7cf3cc045
7ee0a2c65
7a6b8396e
7d325ad9b
7babbd5b9
7d52739de
7ec160c13
030f902e9
7c72f1942
789b25e57
00f2bfa35
068bed02d
7f4f0c885
02c9d17a9
7ad4e1792
7b474d2ee
7c91bd136
032216957
784330b66
0073911c7
7e5532d34
7b11351bf
007c9b1ae
7d4abd3f6
7a96d46f1
02856a8df
7e3c5afc9
7e4a15247
7fb557ba8
00289a5a8
022971a74
045c180a9
0240803d0
063ff6476
032699275
0064b395e
7dbd4834d
7ecc5a529
08a36b95a
7f6e73696
044fed31f
7dfea85e7
054de0c08
07cb74b92
007462314
05b2744c4
7b4fef2dd
7afebad2e
033fd844d
011f57760
7d0147bde
019cbb4ee
02a24bed8
0108611ae
0258e5c4d
7d4fca262
7d9fc4ca8
7d7f14d7b
7eb81ce34
01b6a1104
0134bcb80
025bdb276
7ee343f76
7e1013760
045fc5f41
075e95542
7b24af2b7
7dc9c3c14
008c7cce3
78c827755
0248176d2
03800c872
7bc27a2a9
78158c57d
050b88a2b
7f024fd6e
0182ce3c9
06492735e
7eba9a0f9
018182ecf
7f2f159d0
7e8495d11
7dd43304e
78b25c696
7e2d4aeb5
00f2aa11d
060e48d4f
0057ca438
01d36ddfa
7e014f93e
04a9f33a2
7e324f1fc
0224c89bc
02f296727
7fb8bd979
029765921
7eb027f78
0802aff0f
7fcec62ae
7dc101969
017ed50b5
787a501b7
031879296
05d6e3c63
790bfdb7f
7f4be6076
00ffa3541
08e1017da
797b92c5a
7a6ec920d
01d5417e1
7e9bca5dd
725be114e
04873265e
7fbf99a87
7d4ed33a2
000f1b69a
7f06abc15
7cf29db57
012480f63
03695dc37
02b815b61
04d2c2f87
7cdbadac3
7d8caf847
7c96b9cf5
7d18adb12
03db3c8fc
025c87d55
00ef20985
7a5619012
03779bb42
022cafe18
085198b1e
7b92081b1
7d9ae488e
7fe041e17
0452160e5
7b8cb0140
04eb70147
02f8c3448
03e4d9e6b
780f01df1
00462dca3
7c83826a6
0131adabd
7b2084c6d
7d7665d69
7efcc8ee5
010ec9187
7b887f283
02bf820d5
0457ef138
7b0939d34
7b2419243
00730832a
7ba856f8a
0060b5abc
7b77aea64
02687a0b4
020d437b9
0004610e8
7d60ac1ee
7dfa2b779
01312bda8
0452cfb12
7c8c9b7f6
035272693
0533f1426
03f5591ab
7c0282f69
0057a3c80
001ae2e70
02b472348
013e6ca81
79ae63c4c
7fddcccaa
02edb61db
008f75ccc
7d2545e30
7e6804e48
7b7c76fac
7e9001019
7759b254d
7dd774099
019ce16fc
7dd95374d
019879d21
00080d510
7f57f2c4d
7e2c4021f
7e72957af
7f6b81a1e
014a2712a
0457eb777
015da3e85
7d3dbb6cb
04ad3874c
7aee5a3bf
07579f707
05ea8b1ec
7e23901af
01d26f329
7a2451b34
02dd7a133
7f544aa92
7fa3adf89
7befad449
7edb2d9f9
7852e741e
7d3181e60
7f21a5814
0514cbc77
7dcf50eee
01e54dc5a
02c60b8de
7ad4de198
7d00b0b3a
7e2e30f56
7f4503891
7dc8127da
7dbcef701
00b4d5905
0502ea0fa
7bc0486b1
7fb0bb5af
7b50ab6e1
7cc6f12ce
00af43cff
01904fd90
7e243ca99
7e9d9e7a8
7c5ac35d6
006f847f1
05db629b1
0119ee4aa
7e68e477c
7a73233cd
7b8a1a383
00ca22252
01c0d8da9
02e912cb9
042b4a80e
03517b1e8
7c0edb862
7f708aca9
02999b46f
79684260f
00f09044f
7ca9a9898
7c48278c2
00e5cf1d5
7d46edc26
79fa29671
78d7590bc
06555d0c1
7f7feeb54
014b0650b
7f445d902
021a00eae
7e5c749a4
044c58fd4
04f583fd8
7bcbaad44
7f6f4e45a
0092462b7
01515db16
055c8907b
7c8f5f95c
02e9794da
0874b0990
7cfcb04fc
7fcb6c6dd
01b1e7eb8
7e69328db
7ea950101
03f666104
0282bde79
7c213917a
7cfcc566a
7d89d94f6
005d3523e
01a0f7ca0
7ecb991cf
02acf5e3e
7cf91033a
770c6297f
00b1dd94c
001c155e8
7fca12543
7c3953c1d
7f9c9a942
7a356d07f
7edd27cdb
0094a4df2
7b6764b2b
7df1dcfae
02fc94cd3
0726d7248
7ffda7523
002fca12a
7cdd2f02c
7f14dbe4c
0000242aa
04481bf95
7def44665
7b352d3d4
7df4eb222
008c1d2fc
05c59de9b
01b12ec9e
00e6edb8e
01ccc6f34
00a871aad
7f84e5774
045bd87fa
016da0895
7c97a1b32
000ab4456
04b0a7a5c
0114e5a5f
7f9436741
00d4ef95b
7d29dc5ea
7c9d7b283
7fcc33dd2
00076cb29
7d675b7a0
7d5a6d7e5
7d5f98965
7f769f10d
01e9a0c56
7e1de4fa7
0030dbe89
00a4effb9
01125c9c2
7f3c3bdf3
017f33a69
0059a97a2
7d953900f
02adad0a1
00ef57994
7f380a60c
7c00195a0
7ea312944
7f2791fee
7aeec1f2b
02aa2ca82
7c8441c08
00a9517c1
7c33613af
02dd05b61
7fd933130
009711a6c
03f90141d
7e1f03d4b
7d93d1d5f
02855f534
01389ac86
7cfcdf115
00b0ad30e
7d82befd4
01b54c540
016bd39c5
7fdef1d78
03f41ae04
7f9d2c89f
7da5cd02a
01b0a96ee
0165b3a39
016a3d956
05abac7b7
7ea362f15
00b2aadfb
7ddebaa23
7e3383d38
01b1d89f6
01595cc14
7abd5d2f4
7d941f755
7fceeffac
7cda9f416
7fb946a4e
00754ff0c
7d3647708
012bb17b4
01f4dcf08
01c52806d
7e43ecfe6
036974acf
7f50c3ad2
7fd051f96
017f2a4cb
7e248f08c
798d2233b
7996c000d
02ab4c4bd
7882b049d
02559dc8f
00642a4d2
79d85e454
7c2141623
079d71dab
03cbf49e8
001ec69af
00d9f3636
0365e83f7
00402f21d
01e90c2ea
7bb33af10
057f7f52e
014bca1e4
031e9742a
049fe3385
03155d790
7e9749864
05e45fb85
06c31c29e
00bed5d01
03e91e5e6
7e8f8499a
7ff01ce72
7c0dae8c5
016e782c3
01aad53df
7e92f3c9c
7f16e6a7a
00a01ef49
7d65153f7
7e9d013a9
7c6e8d994
042e42ef2
7ce9cc60b
7d65846d0
7edb78ad1
7d6404bc7
0257748e3
7cd8174f9
7b49a9b27
042cfd680
03ab2e757
7f4256115
7ff716a1f
013a8c218
7dda2f633
02f817c55
7e4e32715
774e35d98
00426854f
7f31fc117
7e85c95e4
7aeafa720
070f19a8a
7d407d374
0396d5d2b
05a8a4163
04dab5c60
77200c90a
00628c7bc
7d6219d0c
0055556ec
05a90b091
799c55e16
01e541de0
03c906f25
7d177471d
7b9fdd866
7bd1a71f5
00cfc6706
7fbc85510
062949c57
7db0f352f
75eb5d7a1
01647c608
7b73288d5
7baac2b26
04ea28f1a
7a2024889
03f73dae5
0a9e09321
0174d8906
04a6fbd1b
7d945a155
7d1fc5f7a
05540e38e
78274cab3
0105c27f5
082dba58e
0784fe29b
02e3927ad
018737aef
0108fe2a2
05bf2ca56
7b0f5c372
7daff5070
7c3872065
7e9960d30
7f1a3c0bb
00630639a
7a5534c36
049b45b3f
7cb24be34
7ffbeb17e
7b34064dd
7fa7d93ec
06a78b786
03004b407
01e1fa94d
0346791a0
7c3b2328d
7ff6a1fb3
7ec105b0f
7dbe4d2fa
7d9b429d7
7c4688b71
07536fb6a
7eb5047ed
0395328c3
7c29c0d2d
02eb6a278
7cbf61bd1
7b4abaa8d
7d66bc685
7f1a1525b
063c435b2
7e7cdbe61
7b1010583
7a46dec5a
038cf28f3
7efbc99c2
7d1e64b04
05fb4eb44
7d5a30131
027d960c2
7ef8f096f
0289a9d6e
01c7a0acf
054125619
00a2dd48c
02ed669fd
7a5cfb66a
7f13b735a
0341ca213
04fc98f9d
7d2727c84
015ef02ec
06e3ec833
002284364
7b97a8f8d
02d8aee76
072ba87b0
054b1bd90
78f66545c
0352093a9
7c6558bf3
7c0b01cc2
032611fd6
7f71a3847
7d8060ff7
7d080b4d3
7b4eed735
00750f701
013551212
011424f52
03e1a5399
7d6506908
03e68ea57
075348a80
0105afa23
055c8623f
7f771b23f
7e98081d3
7f6d084ea
7fdea4c7a
02b5c8c3d
7ee27337b
7ae832432
01ea2e795
048ba1a1e
0188646f9
01bda6231
005ec6124
03e54eaed
7fb3c1aa2
7ff40ffb2
7af9965e7
04c35032f
003aa2e2e
7e76db12f
7f4bf266c
7fb2e79ba
7c7f2baad
01afdcbe7
7fac61cbb
02df7dba0
7f660cee8
0213020b1
7a510078a
02acd34b5
7da50639a
79e2d4768
7f48d4805
029ce5887
01f967c47
7c1129110
7e114fbf5
04ab6a7bb
00830868e
000334eb4
00717cc44
062de4ca8
017e8eaa0
7bab1f2b7
043e1993b
7d81993b9
7c2937a59
043f4cadf
00a7c794a
7b9462cae
7bccfabc1
08a63d8fa
044d6a03f
7ae886e61
02be50cc5
040f88d70
016955d1c
0084ae7eb
023fd7df8
7e8f21706
0130c6054
00e9fd780
7d9795f74
7e8af93d8
00c714103
7c90214ea
7fca1a568
01f3c2a69
7e57d81e3
7fdab6f39
02362d700
030d202e2
7d8c0bf46
7b43f7d3b
7dca32cd5
057630b85
032d91176
7f3feb3cf
03d4da7cf
01aa9562e
7957a6add
7d8e5f3fd
7e58a9e0c
00d77f114
7cef33fec
7dd5fe2b7
79ff4d51a
0070731ac
7c7d36c8a
7b36dc437
7e66b59c0
0534fc80b
03ba47b32
7c22afbfb
02c836cb7
0168eaa01
79f0a5595
01e8e7401
01b5b75e6
7939ed980
7b4fcf984
071f6d93c
068686480
01bfa8dc0
00ef4f911
00b119d81
7ffa2ba54
011611684
01b4eb724
7d8c49b39
7a2f6aa8a
7e0f0f7cf
7d22fc750
0109270c6
7f4f40e1b
7750a3441
7e252787a
0090c1d07
7e3cae672
7ee00e5c6
018237690
053cc1efc
7f7a4aa21
040b70ab9
7f35b48e7
01a96403f
06793c4d0
7eaa06acc
7c495bb06
777d390e0
05482feca
7cadc9bf4
79f39ebe1
0185355fa
7d1b920b1
7fbabffd6
7e310c7f1
7f6f977d6
06dc77ac9
02056238b
7bfc7b043
018ba57ea
7f6d30a06
061a07701
7f30a6c4b
77e92fbb0
7ecedd577
7d744b002
7b8a96b94
039ec3060
0573fdd62
7c4ea8535
7d4639323
035a88d30
03f733159
7ebdef52d
7f5423605
7f18d5d7e
7ac49657f
06ce084ad
00d60283e
7ed282551
042269d45
0299f22b6
020361a29
0396e4e43
019d62c97
031c4ab49
0126f6d79
7897c7e2e
00895802b
01910c94d
01e744496
003d84e1a
7e9437345
7e8527b22
7c7685a29
7ec91e5dc
023f688e8
7681f6f33
0298da04a
7f664a514
005f23ceb
05d771f22
7f9801ff5
76cae10f7
04eab9c93
016fa75bf
038384e0e
798081016
756b62f5d
036d71984
038eb8017
7994f892e
030caa0e7
7a1fd9711
7bac9a641
7c948476a
00e631d8a
073782185
7b3be80a8
78b923792
0352de3fc
7f62a2b40
7b2a7d5c6
01c41e150
083439ae5
03fb18f25
028f922bd
7bdf0482b
7e30616b7
7c68e5594
7f92a91a1
7a4148c8f
7e343b91f
7d171e092
022f7180e
7a4305e05
03e8e2620
0134bb916
7eda59441
7d55238b8
7b3bfe4b2
0617e58ca
7af82d05c
7c345d71f
0121bd4e6
00bba01d7
02964e8b7
7e6892cea
7e8e8406b
7e7464a55
7f96a3461
7bb2b5379
0460e739a
0132142c7
041eb510d
7792fe1cc
7eed57edf
7e7b1e242
7e2ced77f
007f0fef8
02d44da4f
7e9bd074f
7f84da060
00371fd0b
7fe4766c4
003da73ad
02e14ce38
7e112a49e
7c210f8e7
7b83bb2c0
01e178d6e
7ff0c22ab
786ee85b1
03f1c7d53
7d3c27d91
0197ac597
766daab40
02120095c
7f7cc5212
79f24273b
7c8333b88
00f2ec869
0225ad59d
7edfaba70
02e05aab5
7d377f8dc
78d0202d7
004676a03
01fc3023f
7e67c088a
023eccb5b
7ab1d0bfa
7e949c254
7d2b6f2d0
06ea83fdd
7a00c7a1f
7e9c10f6c
03fea3f93
7ded4d1d2
7f5abf61d
768f69abe
0111b9a18
7fb4d8a1b
7b62b6cdf
7da8869be
7e57f7c6c
02d5c5947
7ca1a9c53
7e5ea754f
7ce6d9c93
00a8885b7
76010e6c0
038f0041e
037607af5
00e676b8a
0039c19b0
7e2601589
02a42b3ec
7b86d30fa
032620a7f
7c996a33f
7f3d8bd03
019b691fe
00b7cfe04
7f64298e7
02620ef38
7ec764cfd
7cde158c2
02534455e
7f0dd7351
7e873f7c5
7dfd305e9
0602d8f08
7e309e612
7f76c0890
7a84622f8
079f08f77
07fc3014c
7f32ef25b
7e1b505ba
0244c1730
7d1796e24
02056b00a
00c17e495
013d0fb76
7fe180b0b
00aaf1971
7c8771589
7ec3c3cd6
054005987
7a751b914
00e98df20
7a3e2aebf
01cd87952
7f95e8945
028a06ccf
011d7555d
7ba5fb7b0
002a267eb
7e74df9bc
041cdffa8
016f71504
7cec3dde2
03f2b803f
0174d29d7
031fe54f6
7f0428eb3
7c578ebe8
006b155ed
0161990f4
7adfff6d1
01d90d112
055f7921b
010298d85
7cfa45e1c
7cd65a9e2
03a5cbc44
7dd164bf6
062f3ef0d
7e533a749
79f78f9d8
7b5573a79
021da8c8c
04800feb9
7d88c2ce3
0547d0266
0775b4f57
0489d167b
01c5589bb
7bc3c8269
7c79bfa54
01c92d943
7ea71c81a
02b049a77
7deacca28
015ff547e
04d246751
00b284623
04946364f
01f34dc53
003de579c
0726f9a23
04235088b
0323cae57
7bd0134e6
7dc594f03
73330c47d
7d5f8c86e
034253a2f
7e5963cbb
7fdee98cb
7e7e41103
00526575b
00c5f2819
0c9239455
003ed653a
77e060e72
05ad3cb89
0168778e0
0136fe5c8
0b3fd6ecd
0379de772
784faa241
031b9ff23
09b555d87
022c60d1e
045609c88
03d1143a0
7abc030d7
7ca1fdf66
7f440a320
7ce0d7ac4
76aa826b3
01ade44e1
7f710059b
023fad2fc
77bf5827b
7c47353ae
7fee8f115
7af686e19
7d462d784
7b77aec4a
7832c6d5d
05f6bc134
79ea77aa7
7a263e96c
7c1191e37
009d2bc27
034722fe2
7fa074b65
7d40352ea
7d69c34af
02e4523e7
02afe76af
009be299e
79a659f2e
05bd14c93
7974e7be6
7f24079d9
7bd975f35
048fe9944
7cbd1d929
7feba3c54
7f81463c0
79c17c8d4
01fd62da3
7b5c33978
7dd0b8233
7fb9254bf
014afb736
08cab4036
74364785a
03018ebef
7ec102f7c
05c4cc2da
075ee1ee1
026d483b7
013568d26
7fa82fb48
01c47b697
0414b2f7b
7f59f0df7
0062b4817
7f66ec1a3
7c290e8e4
00e84b07c
7c2dadc9e
01d831c46
0187b8d09
0080af513
7db360391
0138cdae4
011102555
7d332d091
0489a1b96
0177dc8fb
7f484ec96
0264d63b8
7c037e2d8
7d61de292
7aab9a078
7d31dca67
096a8941e
7d1a630a5
7c53171c7
00b8d0cfc
00ab37105
7e79c663f
7ce9505aa
775b77ab5
0324a3760
04dee1cc6
7c587e262
7f7e2fac7
7f3111f62
010baf921
7f11a3977
7bdc7abd1
7ba5c1628
010c0cb47
7f65869b4
00437ec6c
7ba2bd75e
00072d66a
0094d9915
79f612c42
7e7e16864
7c1a2196f
7cc7d517b
7ec326e31
035b5bea7
7ca3c1f55
7d9efae3a
033ecca94
7f6dfe942
03632c20b
7d39f06f0
05730e498
00076a432
02bd1ed16
7e11f18b1
7c75621c0
7ba0c937e
07c49883b
01748fefc
7b8defffb
7b8a81c63
001d322be
076b20050
7c93f4bb1
7bfb3e324
79ab8dedc
7ee70e2d4
726872c16
009ffd0c9
7e43fd568
7c712c86c
7bdc5ddfd
7f739449f
055ca7dbc
7bc94247c
05ea2496f
7f4140207
022abd874
7be59ab4d
7f82d91b1
0210af866
0605b0f4e
7e9172397
0110d304c
79a2e0bcc
0748e0bf2
7e9b1b134
7db197afd
79d57577f
7d299800f
0421b3266
766a8d023
029445665
7ffb692b7
7e938210b
0219f2c0e
0084a9bac
05cd05aff
7a67fb091
0052c4186
7f3ba1506
03e499bb6
0297f5045
7e881d2ad
0535865fd
01dfb29df
024d35c1a
7d2e1d461
031dbddcc
7ebe3fdeb
7f068fb74
7db7b2555
7ca5ad045
7cacfce3a
7c2dfa2b3
08353c979
02215317d
02f6de720
01ea3ebef
02ccd68b6
7fd595a2e
03be5380f
7c2a99670
7ffebcdb9
036d90b80
7e14b67de
7ebb8e305
7d3c7331b
7e323e6f4
00150d1b4
7f0fb3013
065b04240
7fe923fef
7f7acfdaa
7dfcfe286
01cef2c91
7f0a64288
02a74bf01
7e07c8372
00472f500
010ed6af3
0091116c5
7fe45fc51
00bc07469
7c6170eb8
005d769da
7be2fe517
0231e5026
79c25c0ab
0498bb933
7d3d0dc6d
0359ffbb0
7b70277ca
7e1d6c867
002e2b858
7f4815864
7ebe5d4fc
01bb6a72e
0132e147a
01c99a420
7fbd844b7
009892074
03c3b28e0
00378aa98
09536c528
07cd19cfe
7ece1caeb
7ca26ff04
01757b734
7f1961f23
79762a6ef
0034f1607
79d3d05b4
7fc9ce201
00680ffd1
021e61412
01777d650
04346f7ab
00a08882f
7e3abf615
054807bc3
7b1b3676d
7f92e65e6
7b2ad356c
000bbb057
7cc951617
7d76a6c7f
04291142d
041c48ce6
7ece0e937
7f6e31e1f
79ce51397
7d2d88144
78865ee62
7fb3ddf8d
02e9fcb4a
7eca2dcbe
0294e01eb
7ca14bc79
01438efc6
7aa42ce16
7e55bcb6a
00df629ab
7c8ec8b02
7b269dd5c
0345d845a
7fa581b2e
039c8d7d7
008d5b972
046f8696c
7ebc35d8c
7a5fd2836
05e2d38ad
01d751283
79dcc7634
020a5cd7a
7c1f4c56f
7c17ebdd0
025a60f67
7fdf6b922
01716740b
04687fd0c
7b21cc612
7fb6f577a
02cf66f37
7efd2a723
03c6bbe28
05a27027a
00b2dd0bb
7fea767c6
015a77ba7
7c63fdd25
7fe1ae50c
052d24c98
79dba9b24
002b60f14
01e9bc07e
05c1a254d
7dc0fc957
07a279a3d
07f10b0df
0471297f9
7cc1df23d
072055fe4
7dc11e690
790b1b9db
0424f36ee
7a21d4567
78d2ce03e
7d073b387
00f88fa7c
77cd9e2bf
011df2528
04dea61fa
7f3549e31
04e5f6479
061c0f284
03de0c0f1
7cb5d69d3
03270e77d
054579778
7d4473204
0782b206e
793b5fe91
7c779c277
7be344ffc
03cb0489f
7c6785ba8
049e0da66
025c7c102
7d63b8d18
041dcb8dd
025ec5b31
02c63be8b
0081ed7db
07df5daba
7c2a85cb8
7d753b9c9
02e28c7c7
7f03dad91
7d9331473
7a206cdc6
07ba0284a
7e7adb87c
028df40e0
010cfacd6
7b8e2a9f2
00688855c
7e1cd1e29
7c921fe09
7d650ad9c
00b44898d
7f6723a18
7dc41798f
7e967a397
7f05de540
7cd9bbb1f
7df97bb5b
00c7aa35a
7dfd26b0d
037013f77
7f62d32cf
7e4e68046
7efbbb759
017bf2fce
7e73a96ee
7d79173de
0108fc26e
7d7f6ee49
7d550c7cb
0356fdc48
0008f3bde
7e5cfcd2f
0242aad48
06f977112
7ea3f21ce
77b3b8540
01bd1cc22
00a5e36fb
01350b9d3
7c591a640
7e8457f5b
0485145d0
7cd2fb970
7d96f4ae7
0657727fb
01f9a1441
0629355ef
7cf8dfe4e
79eaf97ac
7b2edc595
00140e71a
034d90367
7c955e235
763563d03
7dfbe658d
7e6833699
05a8a89b7
7ab3a115a
7ecf5875c
7ea34d588
7be20839b
7ca2f1e9e
00e6e2f3f
7e1d35692
028f5bcd7
039021a05
7d2a63e35
7cb0a23eb
7b69d903d
7dd4df498
79a52450f
7ab4c403a
7e4c9a35d
7c0f395e6
024b4b482
7efe8b84e
04f69ca6b
006113917
7d77da3ca
7cdec7327
024671bde
7b675cbc4
02ed546a5
08f66f901
7ef94cd9e
7e11e389a
7a2ba3f13
03947b61f
77a76c641
0770d4fb8
7c7dd8b0c
7de4aaa3e
05f148029
04758d766
0283eb6d5
7bd0633df
01640fb28
7b79adcef
04bda7b84
003cac88c
029d0e67c
003fdd227
0045ade98
01a74946e
031050e51
0026f2dca
7fa012b0a
7e5ab4d6d
79ea95ea6
7ce5652a3
01b20740d
018f05c34
7ee28bd69
7b6933a86
0357a183d
7bc85e5b8
7b013cb70
01817ed39
004a0e044
01824fa03
7fde9805d
7dc7e5f0d
7fce4f723
7e7425156
0281243ae
7f3987780
06b8a42ec
002bab448
7fda97979
79c9b8dcc
06b0612d3
0308f7631
04991959d
0232f6670
7dce531eb
030dbe344
7c46961e4
001b7f608
04d71672a
03b3b0c6a
034f66925
7f859c940
78bf6a78d
053dae0a4
00f5d0049
030baa361
7f214e177
00b16d65a
0264887ab
7f97078b6
036bf3ab3
024b1a689
7cd1eb8fb
053495336
7fa373b1e
00f3bb3ce
075e32c15
06843f8b0
0332aee05
7fbe9c03e
7c1f29c52
7c39e500b
068bc60ed
7f32b66d9
03b894e2e
024763166
7fab202fc
7fbe8c1b6
7e9bb16a6
7faf101db
04911985b
000a5584a
0344bff5e
7d6343e1b
7fcdcbc65
007078334
76666093e
7e421182b
0212c1cfe
054f04b6c
00746c15e
7ed84f6bf
017a1ea55
7cb6d00b2
7ed744933
00c6bb863
0306db2b6
07463251f
0400a8afb
012e7071a
7dd11d257
03d5ac9b4
7dad0edae
05b4273ea
04f60f21a
0836af7e7
7a8065d7c
7ff088335
04ee0e133
7d20fbe2f
7e4b38b80
01ff31e3c
7f7136d07
7a723b285
030968423
7b62e633a
044276db1
0300ea38d
009426fa6
0144c981f
7edf9f189
7f5b5ca30
7fa387382
7c9b87cd5
0077c7f14
7cacab20e
7c2973c20
7d81bf374
7f6ffebda
050beaac6
7b5b45cea
004d47054
007feb071
00a05d0d2
03ccc18bb
000459de8
02c86f6e7
78fcefca0
0275d894a
786bebc07
024e61325
01137d938
0120bc93d
7cee85028
00a6c2aad
031a0aebe
7e323448b
012301388
03496697e
00b7d0cb5
005b15630
0393ef1b5
7fcefd3d5
7caf608b4
009f60599
7ecea85cb
7d648b05d
06f21e495
02109bc39
011072c0c
7f78a52e2
79045b964
0723de419
79cc83f3b
0386ba8d3
7d63ef0ee
7c3dfa45c
02cfaa147
7e2c8bd23
041a9bc60
00c47bf0e
00dd67001
01d77d966
002171515
0a5b00288
7b57e3518
7a8861d03
7b3b490ae
03bb5c67e
02092c596
09a760658
024e27b4d
0314bf193
787fc79c6
0333cdcb5
04e9cdbdb
064732e05
003b9258c
07f4a0fa7
7f26d9745
070be38a0
74e002645
7c1505196
7e2891cef
00fe02ab8
7fabbd101
05224d7b2
789068a62
7f57bce70
03db1e428
030b41982
04637676e
06bf7b1f0
7e5d85aa8
0338e9daf
08796e91f
029449090
7eeb391f9
0185701f3
00919fbe5
7f9ab0071
7e8301fa8
016d52ff6
7722233ad
7b2ce08fd
0690be359
07bacc56b
018802b4d
03de668dc
0041e7c8d
041b39b4d
7ffb85d13
7ea3eb574
00d05477a
0898bd7a2
0304f0e31
05a4de51d
7f07015b1
029742bbc
0177d8f81
7d0d9de04
7f3521151
0107aa11c
7516eb787
7eae03485
7fc2191a5
7c51d162f
78c5e4cc5
7f1fcd762
7e52986d2
0645d7934
7a289b952
01f7ab85f
7e5ef05d3
7ef86d70c
7f019babd
00d081981
01ec09e46
07a0e271c
7fe9742ba
035e406d4
7df4ece10
78b486a45
013c738c0
02934504b
7c5bba179
04ff7dbe9
022da6802
7f112bc62
7eff8dfc1
08f1fc6ae
7b434bcf5
7a658ce3d
06d9ebabd
77beb61bc
7e102b2ec
76acf3db8
7debe382a
02c521991
7fc761563
78319593a
03e56b094
7e0bd1c20
7a6f3264e
7c337a853
7ea6a4647
7b42b0076
7c18bfaa5
7b235bd1d
7dda1d6ba
02325bf92
7c528200c
7932e127f
7db77dbd2
7d0147f0d
00dba384a
7ba694aa6
7fa6f0c58
018e88d2b
028998ab2
025083952
7f93240ab
007c27824
015fc4ebc
0703d6668
00299602b
7fd90b187
029065e43
79f00654e
02dce06f4
02436a7bf
7ed9dc3ba
7f7d1ba46
029f16a56
04954b949
005aae9f7
076217ca5
010a0fb9a
7ae95377b
071be1271
7cfa12ad5
01926878c
7bb2ac084
7f9c4063c
7d9fe8ed8
08fad6497
7caf0f910
7b905b65d
00b8acc31
7eeaa112d
0a65e4340
05cd1fef4
7df0d3ede
02c58f49f
0342c91f2
7e4ddb356
7fcf3aabf
795f0a0c3
0626a7797
7eb94b4f0
043e42b41
024ae1c4e
7aecf50b1
7a1663d57
019636b3e
7fcbfd429
074553fba
04231da73
7979ec80c
01b20b905
07e17841c
7b9332b53
009950c9d
7a671f70f
051c57672
05055703f
7b68b2399
05e1f4efb
045f19e24
7f4903f45
7d9820897
7fd91263e
0632b60ec
7d235530b
0096ba120
098cb7ca0
791ca13fd
023c5c6f7
7ed69387a
029f0f8ec
042642c1a
7ad331eb0
7a376743a
7bc9ad9b2
0005c81b2
7d85d2a7d
7c0c394e6
7de7405d8
7f959eb99
7979b47c8
011f32d35
7ef752b12
08ed2f7c1
03be8bead
7f170b236
7dce44fe1
027775793
00aae30fa
7f8d71fdb
04c9b899b
053a947b3
7fdb4a9f3
0504e9cbc
01b922692
0210f13a4
04d7a95bc
02b1de9f1
7b1d4c1af
000079861
7e9f5c4f0
008569ef3
03a70775c
7c60f68a6
04e3f1ed9
7f2a2b2f3
7ba6d31b3
7cd567c2c
7c413dc05
051facb37
0003bb347
7a5443031
7e2eaa821
003c9651a
7f95757ee
01086b23c
7f65dfad6
7d2d89b5b
7f781031e
003a0aa57
7dba9bb2d
0503518c3
7eb43c5d5
0380fe468
04072f9c1
7d20a75d1
7e4f59d6d
0316e3156
04cf5766a
7e78f5748
000725011
7ae525895
7b609dd91
074718fbe
7d9a5253c
7e12d552e
7e140ee11
067d9b655
7c3214e69
00760b574
7a660c1b0
79f748f55
0177d0c6e
7739c48a3
05c4b8e40
7b1e6c10c
7bf2b7a78
7aad05702
7f5425537
04dee01e2
00a1a2ecc
0320d80cc
7d83abb4f
0217510c2
7e0262f88
03a61ab10
7c1979796
7b4775a71
001abedbd
7a548fd22
7bf3f58b5
7f300cf67
000db680b
02e80a1dc
0508a95a3
7f08e7b8b
023767701
012babbd0
02613712a
7a7b489af
7f9f2f470
7f2905f9f
014c4bb3d
04195879b
000a8e8d0
04cc29e3a
01eefdfd1
7dae15f32
030d82b76
7e3acace8
7f8632725
013d0a3ed
7efc2e646
017556c98
064df3185
016b73654
0046ac4ce
7bdbeee0c
7c2363959
00a1d4161
7cd728151
7e1db9ecd
057d02dea
799119af0
7b6ea0190
01aab3d4a
035fd692f
019cb1502
7e924e438
022356e26
7ec20b20b
012d458f6
7e6bb3df5
00def6b3a
0480fa199
02674d02d
7caae1a3b
0691a52e0
079d966ab
7ae960f86
0680876a3
7ec2e6406
044cb9fea
076048d3d
7bb03ae4a
7f864ed18
02784e7a2
7eff67b2b
059b3b043
7e2c72fbb
7c2353ff3
02fa722eb
7dc4f4b46
010716549
786301a95
7fce31f94
7c3d061cf
03ef6a82b
7f52f2b00
7bff06098
00e626ab1
0522ca35c
7f05fcd53
02e154982
7cbef4b67
7ed7a3206
7e5638248
7d92dd180
0930eaaf6
7bd455d34
78ee6c2ce
00117caf3
7b81900d9
7e6dd54ca
02ecd0a17
7a66a881e
0527440c0
789cd83c9
7aec092e2
02c9ceec2
7dce2a9f8
00b37c667
7a3a68557
7dbaf9b58
067c728c4
011a440e8
0348ea1ae
7d0ab0835
7f4bde4b5
035578360
0860dc613
031be5a6f
78c56e32f
015ca4293
01ec188f2
778a7e640
7e64caf21
7ab82a1f4
03bf589a5
0539abb1e
0224dbf80
7e32268e3
7e648b13b
7a8592de5
7bf107b16
7bf7c536a
010f3fe92
02c63e55e
0086178e3
7ce957696
7c88be3fa
00a4205a2
7edaa03d1
7e48039f7
7f94abfaa
02b0ec261
7e9387e32
012cf03ac
7de2f35ce
04ca94971
7f7d0409a
0105b63cf
7e214395b
7cf3b65d5
0063a1cab
0205d4af7
07336de20
7b3690073
04a8176e4
0424baff2
0247af92e
002a5d620
7ea76d79b
7ca564d77
7f4fa083f
03bcddae3
0003757ba
7e4e7309f
041020f87
047e54f06
7f973deda
024ff6e79
7e2039510
7ab724516
7c904001b
7976e16e5
7fe3b1e68
03fc061dc
004176a2d
7f2563c60
05e563470
7d7498d9b
01d1e1d81
019d47ba7
7f5f68180
04019ccbc
7e4373044
7d91cb58a
7747ceee0
7b8e66d62
7d53f1349
7d9bb496b
04705a0b8
0127b6fe6
7e83c7221
7e5acc025
006649f09
7ea78a8a2
7e9ff10b6
010e35ec7
7ecdbbe5f
7c94a23d9
7f7d054e4
7f58be44e
00c3f1fbd
7fc3acfbb
02f007958
7e0d149cc
00f1e292c
014598b16
7bdf8dfd5
7a9ed0907
7b18ff153
7ba2eb93f
02689b669
7b49fea59
0514d5222
0012db8b3
7f54b1356
7af29f848
7e1c86288
7d1c5d2fd
00dd22254
7ae8d080b
02556a63a
00a11d4d5
7d99884b1
7c300fc75
7ecf13e2f
02a390bd5
7d5137d9c
0069c3a1e
019962aae
7e458cb84
0010c1eb5
0035a2fb5
7cb185d37
7c71bfc14
7f8228501
04bde6395
7fad7c287
025f5d3dc
01597e53a
025ea84a6
00cb885d6
0151cd46b
008327bc0
057e95145
007b37119
01d284a44
04fc26a3b
05ec157eb
775f6cb1f
7dde89ca9
06979b79c
7fc05bb9c
7fb803eff
7ff9ec3d6
051e3373a
78ee69912
02e1213ad
78a3fe10b
7db600958
01062d9ed
042267d68
7d7b1a7c1
7b5904d10
7e8e0f8fc
06f99f536
02c57be8a
7b0f293f9
01a76baff
776071001
015ed2ea9
762dba224
063f14f27
7f9badce7
00cd38032
7f2ed5d93
7c8ebd1c0
0603023a0
7efb7b103
052d89795
007328a7e
03c5f9b19
7d241c6a8
7f5706301
7e0279705
7f6e6ab4c
7e55b3785
79708b10d
7d6e20da8
7dcd8421b
7b5ebbe4d
017a80fa9
7ae1369e0
073fd8a8b
7d7f10aed
0408b63a5
7afcd56e2
04ce1b919
7d2463977
789e00256
02863411a
7eebdf361
7f04a9dff
7ef42a1e6
08277dbe0
7f5375e0b
7e9f7f6db
02aa4a4b8
025c1835b
7ea818270
7e35ba881
00b1d1082
7e714b895
791bac588
002a484c4
7b029e657
7f62b8db6
7a169a216
7cd840ab7
02300a6d1
7fd445017
7fdf6a3ae
0050b5372
0151f29cf
7e7f63636
7e3b44a58
7f971cfe7
006fcc501
7cb6bf793
766d151c9
7f7b6eb54
7d7821ff1
005c3218c
7a20079e1
775fa9b2c
056d66a72
03319c392
7fb7532e5
0437dd8de
03149b42d
038d26f55
02b4ea1e0
79f29f304
0012b2326
06098ec30
02ebba1e2
068b39301
062e33197
00ab616b4
058f52c83
7d4ea598a
7fa7dc18e
055bb000b
033fa9945
016b55b2a
7ee0840f5
00312bfb0
0088f3105
06563f7fb
7d9fd266e
7eee582d5
02b018f1e
7f4558ada
7eeabc959
032edb2e4
049db29cc
7e5661687
020945f1b
0131c5a4d
7d2b1393d
01a5030dc
0289f307a
7d7738163
7c717a372
7f74d998f
7a4b2ecfd
7fe428c79
7eabc12b9
7f0d75fd2
0128e4b2b
00891c749
070c9a792
7f8a62b2e
7d97bb8dd
7fbfbe84f
7c6cd45cb
7986371b7
061c387b8
01a1e41a6
7ea1aeed4
78f66dd31
04ce87a86
7bd200c22
05e4a1883
055688d45
78a0af5fe
0012624db
7ff2a9504
073ebaeb8
7a9f1b4c2
01ba89604
051db95d5
010e57d46
7979533cd
054187fbc
0165cb9c9
0559deff1
76c0e5168
02241b463
063e437c4
059b75a92
017d22de1
020efc857
7f3141a92
035616aaf
7dd397401
7f3c577cf
089532c87
7ae480e67
7db9b2655
03b971904
01acd274e
7ea010374
7e16352f7
03a73b445
7e7699cba
7c96ac0b6
03c7a96d4
7e5fc2db0
061cfc51f
798682b69
025b1c458
00fbd055f
7c7e90c9c
75674d706
00deb1445
008c4fc4e
00ef81220
7b7b57554
0319306c8
029742be0
7e59e498c
024db51ff
003bfeb5d
031c11932
032882a31
04b279563
01a619027
028dc5f4a
02e7ad931
0394d2c90
7a0d4a96f
7ed6a0dfe
0349ef482
7aa9548d4
0022cd5a8
0088917ae
0336875cf
03989e80e
7e9a2d5c6
7bcab35a9
7cd719208
7c0ecd8a4
0116b8a15
00c69a919
056181ccd
03aa64d60
7c751b9d5
7eb57e309
7d1b0075b
7d3b183c3
048d31f12
7f4b35ec8
089043ff0
07d07c9ea
795695baf
0011cd207
7e9088b04
77de131aa
062c1b189
0001f0161
7ee159e3a
7895c94d0
7f99020e0
7f6572a9b
08facd2ed
02416505c
7eebabe3c
7a356e2e1
0275d47e2
034747acd
7b6033c48
00a195134
02eb75546
7b60b40dd
003586edf
03c42d88e
0659418d6
06aa47f72
77baef3e3
01eda30c1
038653f01
7864cc41f
05361ea93
7cbd5f0c7
7e56e90f3
02ed7a05e
010ca5166
7e671c664
00e4e675a
7fdb00b5f
7e36166da
054fd49d0
0495f284a
79eec2ac1
7816fe5bf
7900ac5f9
7fe7d7077
065a10643
7d393b9ad
7be1688d3
02a617894
7678755d1
7a5eec66a
016a27737
7e4c1e9b2
7fc90362e
01146460c
7f54886b4
7e17840ea
7e57f685b
03e6b6061
00ca6c4c9
0449e1a22
7c25dec61
7da12a06c
7edc83d16
7c354853b
00b949d14
7ec4892b7
04f404edd
7ed141f72
02b9f10c5
7ef9cd614
7f266d667
7d1f8b899
02d1f0d3d
02f600b43
78d5bc0a9
7cc5fc79c
7bc1a2e94
009ecfaec
7d0b19e7a
7afeaa778
03b8b3600
07b67cf07
7f132e3a3
03adb84cc
7af4ade1e
7dd6e3a7a
7f3b1e06c
02caa0e1b
7cdd62895
762ce5211
7e57edd1a
7e09b8e14
0985b3e13
7bfd62153
7c46936c1
7e02ef1d9
7d8b96cb7
76e1202f6
0934d2ce4
000668766
7d040fcca
7d049a705
784731289
0171d642c
00a6261fa
018229ee0
7e744e2ef
039eda9aa
0ae4b7724
7ec1d703b
033a9983f
05122966d
7a7a0e85b
041c49c4b
799fb7be1
7d5913d89
7af11f896
7dd907892
024ced30d
78f48f836
027e6da46
00bef2b7c
7b570510d
00a6339d9
7dc2bb056
7745c811b
043ced08f
7b56aeccf
037584589
7d7342ca2
7fd7c3c74
7fe203220
00946810f
7ece265fa
00281947f
7d3767526
7c6733cfe
7a54be9e4
044caf421
7ea0b2faf
7d10f6e8c
7b1d2e517
7d4b22923
772917fac
7e7ddb2f8
7e1e05d73
7e336b0a9
7edd59283
04f39b114
7c24012a1
0268ba81a
78e8dea48
7f6c1a440
024e4279b
7d7ed45ea
7fe0b6c1f
0a610985c
011941534
0464e574f
7c9adc58c
038d50900
01c0431fe
7d4040ceb
00a6bc499
7f57826a9
03be00496
05541987c
016cd8fa3
03101eb2d
7fa4c1179
0113acc4b
7dda1345e
7fdf01d78
03650b3aa
018f9a263
7fb0b84ba
7a1f6988e
7bbbda79b
0297ac25c
044e12d27
03b42e937
7aa26c527
75e1e1b95
7d4ebbbc7
0589c9659
0019d7b48
7f47789a6
7fc8c4451
7d2af7def
0211e43ce
002c3db83
7d20886f0
00a86484d
002030c40
03d99bb4b
0065ba512
7d836af0b
029a8a3de
026030e21
7e1353c93
7f1247d84
024f06089
7f18c8303
006cb4aae
7becdd1a2
7f240d7f1
7c1e7b062
01f182fb0
7ff223428
7d0cee7cf
0332b9fcf
002e28731
03094724e
0113f3cae
7f573f497
78e62493d
014109f21
7a86cfa04
0217d4283
004cd897d
7e16af701
7cb73a1a5
781f92ff8
051dad673
78872e7fc
04bccc4fa
0137e68d3
06914a8f5
0025673a5
7cf7c5775
0266a1be4
78a461d19
05919ac25
796af7a72
771f180b0
7b3a71c80
03ae03ca8
06c1e11b6
094d406dc
7c1a64af9
03e07dbfd
7efec9476
7f1cf632d
77dda8632
0355a4bf6
000a7f366
0100f4345
7b0b343dd
006a3ffa4
0219522f5
7d9a66059
7bf8abdc2
03058256c
7d4bdcd1e
7f76ae598
7e5249197
0401c3a7c
794cea820
0046f4798
7e359c5db
046fdb2c4
045dc1924
016000244
7fed614b5
7c997b59e
00ada441c
7b18fd11d
00c55be05
02f03e242
0100f83f8
0aea6fee8
07cf5b89b
7ba312c19
0114719a7
0062c3802
036c72c4e
7815d3270
00c1b43f3
025f22cf9
01f125056
7a4327c40
0529949cc
7ef66291b
0196f6799
7e1d725d7
7be51372e
0252bd460
7daaeac31
7721bf81f
7e1e50d81
7f0341b53
060cd7b38
76ec3b110
016d6f520
03a868db1
032c2f3bc
015a626c7
04908cbd4
7e7da2c1e
7fdac2092
00c0e176b
03c42d730
7aaeda530
7f6b9c077
7753f1f98
7d5f78bd5
7ff56c8ec
7bc97b415
79841dc6c
0035745fa
0393249ad
7a9fb8672
7f625f650
7e67eaf7e
032533724
01eb839bd
7b16d2760
00e9cc45a
7dea96dce
7e8e35afd
032939263
002c187a6
00a5e5948
05891e580
0203b5974
005b6b6f5
7f28b2a77
021799db2
7c15021db
7f31e1102
7ff29f4a8
7cda907bb
7bd0faf2c
005df4bab
00da425c5
7d4632544
7d40b6977
7a326f448
7daceb53b
7d77e3109
7ec120080
7c99f7bf0
054a85543
010640fcf
7c45ecd10
7e908bc90
7c3babbaa
7fcd1452b
003363618
7d9f64284
023997f56
7b5c39d3c
7cb624321
03e23b9d9
7ed428200
7fbab96e7
06784f772
7d297f64a
7ee881b4e
0c5e49b5c
0853c4a3e
7c4aa1bcc
7d8c1034c
7a042f80c
72a401a44
79e7f392d
7d9894d39
01bba9bb3
7b55bed29
02f4015d6
7d0a14734
0074b2d07
7aee72f5d
036d37783
7de34a426
7a181b7bf
017d80fbe
0125c0ef1
0100e12ba
07e2cdb46
036774d0e
03487e59c
0297cb1e0
7d2fab7a1
7c8f31350
7c6c5a90a
0009782ed
7e6baf997
02325566d
0293abfa5
7e4eee61d
04556c1e1
002ef28df
7fe39702c
048bc3ac3
7ab368632
0437a5785
021cab56e
070a74e53
7adea90c1
7e4aa1920
00f307b4a
7fe314a51
046220137
79981b8b2
063784b0c
02d2e4f75
048908527
06149d091
7c474651c
014b63026
0339b2c6e
794e26ab9
7f39e0906
7e588227c
7c83deb25
047d94657
7d0b0f1bb
7ba778aaa
7c3d2e818
77916244d
74ff6320c
7b02d61fa
02a490079
01339b8c0
78755aa16
7ad232a18
7da1ec081
028201ef8
793711cb9
7fca06b98
00a9cc732
7e8d569d4
7ed841963
7d625241b
014f08639
09f3d6283
0072c87bf
0302fb871
03b2a21bb
0328c7af3
7e2d6221b
0122b211d
03d7906a9
7c06d5ce6
07dda4aab
0420f6ae9
7d65a8794
01f1f5bb0
7a378997f
7ec806db7
0024e20eb
003fc0e56
7c3fb4fc9
7ff9a9722
790d12e69
7ce3d1b6b
042e63767
09213e58d
002987349
7db8d3a4f
045fb224f
7f1bd28ca
7cd28feb9
02346c1f7
7c28cc1b6
0190b65c5
7b8458cfb
774ed99c4
78d82ba7c
7b067284a
0751dab74
002d76027
7e144941c
7ab6f7d31
013ab6420
051c3df4a
023bfa650
05320c5d1
092d88cd8
7f1a0c924
034e755ff
7c6b4a097
03c8b0f64
7603d9141
023965d98
7fab0b792
7941a6766
7b659763a
02cf4b883
03df062ef
03425b220
796bbcd14
7e3dfe253
040b381cc
04247fed0
00c5d4416
7d2c078fe
7dc706bea
7ecefaeb6
008743655
0411a026b
00b72b1fe
7cee6afe6
02eb7bbc6
01666433f
7bb2a5978
7e4a505b3
048571989
7bf7fac56
7c7bafb43
01efb6519
00e57f45e
7f943fd60
7d338b6e8
00a1b99ff
7fd7c2146
008e4adaa
7f16bd830
7bbb69d66
06149bf07
79b279fed
7d70f29bb
7f08749e7
0cbb5a708
7fd44ccfe
0215c611d
01363498e
7ccc01fce
01f4a05c0
02a66d08e
7d8ffdf5f
7e6083a81
7e013cabe
7d207e678
7dc30d8f5
01654391e
7e5c2d505
02ff04558
7ca1be446
073e7158f
7e5feff1a
7de8c2f92
7baf37660
7daf94ecd
003b6a364
06145a47d
7b031cfa4
044401424
00d57cf6c
0450c5dd1
7e71f5b0b
7a319db22
7f4543ca7
00a5bd9c7
7ec0b06b9
071d3eb8d
02a502661
0353710af
01711a797
00877bc6b
0035a755d
7e3e512be
7ee5604dc
7cc799b94
013ddb4ad
7e934f87d
03793626f
7e9e73cb0
04407fa28
7ee425de0
00d396dbc
7dd3635a9
05d76115a
7bdb47891
767dd62c0
7b686a8a5
78a16206c
046e7d34c
7a997d951
075603e60
01ab58b30
0667b7201
06ec790bd
03f99ce85
037b734fc
7c74eb676
7ebedb413
79e98d1e8
7bbf078fa
7a1dc1024
7f936a640
782f9ca86
033952ea3
031027250
783af6b52
04865ebc4
049a52fed
021c73c40
7dd58b1b5
7eb9f2d1b
7d1a7a5ab
01c949503
7df0f11dd
05b1aff3b
7dce93cb5
036d39c1d
7e0e35752
0046c7371
032592fde
03935b0da
041de4ed0
7ebb5e9f1
00880a2e5
03d126509
7da13b112
0191522b7
7dccf1ede
7dc4d25a0
7d648460d
7788572be
03bdfbc3d
0605f042c
01d2173ce
7c8689974
7fe388faf
7d38af240
7e6c5dae7
07386d16c
7e8cf310f
7da92ce09
7fe482821
7a8d879fd
008d7dba1
78d666de1
75596a50e
00dfeea7d
025b4fe10
7d62f2474
7c13637d5
7df0ad17c
7ff0b15b2
02420b2f8
7b6102b61
7a2c54b16
024fbd344
003c48159
7c5dfae8f
7dfdcc7fc
02918f657
0293ac4dd
0274e89fe
04dac7bb2
0157bb6dd
03e1c464f
7a256dae0
7ae17a26a
7fc7b6d14
7ff3f3346
7d4f3169b
04757234c
01060eb9b
02cb8657f
7c9a0e24a
0901f306e
01fb54cfc
0af88073c
0894a138c
7df6c455d
02673d1f0
017d4f44c
027d6b6bf
01fb6e60e
7cd3bae31
7f3fe0a91
7d589b082
7fc61e728
03de9718b
034dd496d
00d83848d
014510e1e
7bf56d9f3
02b1e99de
03448c931
7d4b7abfd
0126f4a3b
7b82d215f
7baa58243
00ecef0c1
7ebee6058
010115fe7
010e57df3
0561e9a18
7c54d6040
7dd98dc94
7f32bdd24
7f9865c6f
7705656e3
790168bf2
7e57b894a
79db28737
7d60f38b4
01ada10ce
000322909
025fd89d6
006222926
7a38cb2d0
7c91419bf
7f23f741d
014f9d830
01151e58f
003c078fa
7ed5bfc49
7e679c975
7f074a0f0
033bf3807
7aa6b456b
06bd4dd99
7ec3eebe8
7ea42348c
004ef82d9
0694db598
048b31d13
7e59cab94
07ec698e7
7be064b59
7fac7540f
7c1419e07
7f8fa0b00
7ea3f67fa
7ed8ad1d7
004a44f26
00fb625d5
00c6ffb9a
7e2b4770d
7d86d3ab8
0605332d4
03ebc82fc
7dc4bcec1
7b53c41d4
7b2899eb7
7ba06b14a
02bc48106
013ed7f5a
7fb7fb941
79f5e05a8
7e4cda8cb
7a09d7a42
021c05f9e
02dfa1707
02d1bfc7e
7f4c72a69
00863591e
7b7f2836b
0534b6c5d
7bb7e5640
00c0e1393
7ee3c8bfa
7f6c3136f
7a2db9d89
7de567147
7c95e7b88
02c02101e
7fee0ab23
05fea3896
7df003df5
7ebf2d903
7defe86a5
075741f4a
01e2e30a3
00c4c2c71
7de7bb76d
7d579374b
7b7460960
035b3b86f
006e3f7ed
7de96d56d
05e987655
79661cd63
06516c0f1
7e858f728
7f8912597
01f78c414
79ae84f4b
00d29829a
0b2f81505
7c54a51fb
0406244c8
7b6003ba0
02bc21b1a
7d7d0729f
7ec61c8f5
7f310ccb8
02c4034bd
01b46ca9e
7fc72d3b5
7e4f315bd
045d5a3b4
7995395d7
7e9c09418
7e9ccf1ac
7e5f3cbe8
7d27e28ab
00a1341fc
027c7fe27
7de968c0e
0406fba3a
0034b34af
0535aa0c8
7e5528591
044c13efe
7b5037150
7e82ff118
036e2cfdd
0388d3571
7c45ec762
7ba7fe73b
7d5365d5d
7f7771b92
00c6ea05a
0375b14ba
01afed20f
01413c149
7eb4e86f9
01520ade6
0043d04a5
7d97fd616
030c25d70
7ff9a3050
00f3fd8f3
02011c788
05bb7d6de
01173ad04
7e4bd1587
7d862f4e7
77610564a
021e51813
06e9964ce
7d144b165
7a3200f0b
0199226c4
7c5cea394
7daaad94d
008d7e327
7afde7a79
7f55b19e0
01262703d
7f8766373
04136f3e2
00a0160fe
07e43f5d6
00549b6df
7affeb54b
0173c6574
039580e23
022edda9c
7eb12df27
01d7f8666
7c0b112cd
01f9247a4
7f63ae8a9
7d60ef423
7b515bdb1
7e998a06c
7e5a2c4ed
025738efb
06d96cc11
0129f4fa1
79a438911
7a83f820b
7ba373758
7bc3bdcb8
0433f51f8
7ed7291fa
7aa3fccdf
00e60455e
06274de24
03d650115
08996dc04
7f0b38378
021a7cc38
7caf8b6d4
013a30641
7d1e12d10
0aa8d397b
045d0337b
01cda7bda
010092ae9
7c88e9b62
01cd7e2be
08f011d21
03174a1e8
7b74b2b50
7cfd0da18
7ac77a344
7ec11ab1e
7cbe26bd5
0308e3c0b
008a6f9af
018933f3b
7ccfd1ade
7c59e6ef8
7903c47c4
01e3af133
7fc6ca898
004765a73
0973c84dd
045feea1f
01f4bcc89
7a8a41f0d
789954f9e
015d60486
7fc665a60
7ed3d4f94
006bc1103
7beefe0f4
78a81e0cf
796592e39
79e8129ce
7f3b0fed0
003040e6f
007967a3e
01ebd3801
7fdfe2471
027f922f0
01f727314
02533463b
7c2ca204e
00c15c953
00d24ff95
7bf34c8c6
03805b931
7e6307dcd
03d355c34
0024471d8
7ea04fd32
02ffe6533
7f226168e
00fdef814
043db2de5
0667c459b
78768547f
0777c2592
7dbd75970
09a242625
0224b58c2
7f96f8d32
0158bccb6
016d11a2b
7ac0f77e4
0696babbb
065848e62
7eef49bf4
036ebf251
02b8afe00
009c8e855
00ac46a8b
7f85e4d8b
01c276ea3
00d8ea915
06447e593
7eeffe0ce
7e6b72b23
00d94b218
022bfc1ff
7b3c1f848
006889b2f
04180c9ac
7c9d7f9b7
000a0ac7d
7d445daee
026bec361
7ca2bf0c4
02f06df05
7e11c6487
0184f2e39
0041b700b
01625387a
03d1b4759
7d0a2cf90
07264df68
7c3b058a2
007913a7c
027862226
7b41b2189
7fc27487d
015e2afda
7dc27b810
7c838248f
05011bc50
014d4c07e
030f317e7
7e5167a01
0318af456
7e6fa9615
06bd4ebee
79802f649
7e5a50304
7c6164fbb
7e9a24d48
06b94e879
00bf1b015
0092aa9df
7d7ff3a46
0176b36b9
02cde1e57
0310007f8
7db7a472e
7a311e185
7b3fc2474
012ea1d0d
7d23a7877
0562c9232
7eb46dcec
017bb9e36
00d388274
7f6c78605
7c8aec032
05408350e
02a07e0ea
7aea4561a
0319836cd
7d5e674b1
01f5c03a0
01419d902
058f9f9f0
021476b9b
036537a45
7c5f96c1d
06a99d3fb
7f82a0c44
78c166775
7f443914c
7d557c8bb
7de555d90
7b1e4f100
0746eca5a
02f95ac98
7fb151285
7c6e56da2
014f63fe9
00f115e84
7c2717bf7
04f5c4f88
7ef30ce68
7c5cd4030
7f609a0ff
05cace3b4
055c92bb3
006aca2fb
03838409e
029d8131c
77266a9aa
027fff32a
0103ecb46
052e79a85
7c45775a8
7e6c6dc89
7f7767e30
7ea3554ac
7be15f57e
7d7a056f0
09270e290
7e42ee253
00f628607
036ba83ad
01ae5c66e
7ec571bb4
7e3aafc45
01c2bb27d
015a7a4e2
00886ed58
7d4e2bc3f
04aef1f2d
030070b5f
01a0e3f13
0045697da
0200deb1a
7ec939332
05bc1c1d6
7f70e0e8a
78f63c87b
7e922abd1
025b1208d
7c2749d6f
7c1ffee9f
08117426b
7bc06ecf6
0224837f3
03acf3985
00557f83a
7be17ad43
042571c44
031313a5d
7aa5e0287
00ff05175
066196931
7d1567298
02aafdb02
7fe658e1d
04c98548a
7fd19d147
7b1535173
7f79366ad
7f5c426c8
7bb6145b0
7ff2fe2ab
05fb0f759
7b4ebc611
7fbf32d9b
019bfed38
03caff5d1
7c49265dd
7f57c4d56
016be7522
0124a4b27
7b1ba340c
7e9112571
06e36095f
7a9c92b3e
7c0493a75
069c8d84f
03eb60f18
7925deba4
7f6f81805
02d073e30
00a0d0840
79043a5e7
01f907167
0316d3ca3
047f63a55
7b23ebe33
017e3b662
03baeceec
029692d87
7d4d0a73e
7adb9932c
01eff9191
7e3707bb7
7a264d9f9
7f298e147
0390e62f1
7cf8f28fc
7c7a29b5d
01f71b977
7cc471a27
0038a37b8
793dc6d30
7e02a397e
0268ab9d0
7dbc7159c
7db880a7d
7dbeb6510
01f240431
036d9e6ad
769696ead
7bcd3b0a9
04da9dfe2
79c817b9a
7f8eb6c5e
0303dea75
7d86d1ad4
7d6033837
042f14b66
031c47b58
01de8d694
0199bb288
7d325b962
7f16e6da5
7d9ed040a
7d711d8b3
7eda8d8a3
0170d7bda
0010755b5
03cd259a6
7c7fc2dea
00184d2ea
01ef29b84
01d9032c9
067b82023
02eb654e6
07c9f7b2e
07e4bbf3b
015bb39c8
06394d6b0
04cf207d0
0a7b63618
7e78b912d
7f64c3ccd
02f1b7436
7a7b78d91
0488b3f3d
0ab41b376
00141df89
04ad1bacc
06a3e5db2
01ccae690
044e0bb18
7fd3c7fbc
7f09603c2
78a9dfe13
7dce55674
7b09c8f40
034f7a124
7c3ce6c55
7df885209
01f72562b
01e8248d3
7fad42e19
7c9c9feea
7a32015da
7eb725055
04c6a16df
00b46112e
7f7df8a16
7e41edb38
7ff239ce2
7fa2c0e7e
7ea8423f5
7ba8f2edb
7ceda8822
00ef4f592
058347817
7f5ac2f74
7e9909e0e
0547c2afa
79569517c
009e235f3
0a4c023b3
78e2fa923
00d4732bb
7cd86934a
79edf8d1a
7a4c8c389
7eb1c32e8
79a830450
7bff203a9
7eb912825
7f5a88d80
7d0689ab4
00feadca4
042f5c33d
0305d00e2
7dbc73d7a
7c6422bd3
025f85f77
7f406dcfe
7d01dfd46
7e8eb9e1c
7d1d66878
7fdba170b
7f6ad8de6
02609583f
7e724668c
0374860ea
7e7172ea1
7b7273257
7f7f2e3e0
7ac1fcc25
7ae65b3c2
0215b1cf8
7e3dee633
79acbc4e9
02912765b
779221c9b
01efb4a89
7bdb19771
7c0323d35
037f0dd3e
037a41db4
7ffe72ba0
7ee47f401
010309e89
7ccc9f1a1
7d85d4c86
015efcf14
7fa97d596
7eeb92707
7c867c6b1
7e396c7a2
04fde96c2
01e6e81ff
01463c7ee
05c5f5a40
7c7a3b696
0581457d6
02da9f9ea
0662fe75f
7e80032fb
06ec2f9f4
027a373ad
003fb299a
7d73a5a3e
7f65b1112
00240b791
7ec8aa33e
01aa89235
7da64e79b
7cd93f3d1
03aba3cfb
7e6442e57
7ce8cb3b6
7c453e53a
05247cb9e
7ee9be3ed
036177335
7f8855ed7
0460702a4
7c067f5b2
7cef03a3a
7e550681e
0508f2454
02a3623b5
7bc8cce49
032b6dba2
7b794b237
031b243c9
7fde21323
0392955a7
7cc3e93b5
7fb1ff804
023107463
03a5113f7
7a839e72e
7f2ae892f
7dc60db9d
06084f193
7d4a86c26
0004e9ae3
7aea0dd57
01c91f031
78a6fd811
7aea83180
0607ba36e
043b82e54
03e4159c1
063b661c6
03ae5e9cb
010e2b887
7db5305fe
7e58c8022
7e7177671
79b94f9e5
7f320afff
03c8264ea
05c62f383
0216aa8d7
7ce338b70
7c8bcee93
7b7f13683
01becaf93
7fcf559ec
7c6a405d3
030ab0c11
7ee91aaf1
7f13f9e78
7cc2d7d55
03448917f
7a1b6878b
7f9236ec1
7e8581d84
002be1e1a
7dbf6d3b2
0691a55a5
025ee26d5
7c408926d
0168f2b28
06b608c03
7d9a14752
02e8eca76
017b80e9d
002e1f87b
043179c0a
7cac43c72
7ea7d370a
048e4d5bd
06f0fc829
7c0456c0e
7a3efef7d
7e04633e0
08f97c538
02538382f
7d8e4e914
0bda50697
78c0d86d8
7de078fdf
0013cf421
02542e87f
0174071e8
011a8d00a
7ba38a8e5
04ff3864c
00898161c
00b649e9d
7d9865211
7d9a6e280
00e80e4b3
0315de3e0
77493a6ff
7a9fc7e16
072d22f0c
7eb0c159c
7f2c736a6
7fe2ab853
01525eddb
0398b0a17
7eb982b37
7cc28fc2d
09f27bed3
7f54d5971
7c06024d3
78f499aae
05bb751d2
7ab5c3ec2
04efa19c7
78cf54278
7bdd9dad9
034d9a36c
7fb5b95a7
06f3a8899
7ee776f1f
7d2cea9ae
7f61cb056
091695d0f
02bd975dc
7bd3acaff
7c241d94b
02cfd292f
05d5132ec
01f39cd29
00772e133
03545b2b9
040e4b4cc
7d33a34dd
012d23104
023d536b4
0209bc93a
0172a9578
780b6be2c
7a5a8ae0a
7cadcdf21
02b3243f6
002cda450
7a53c4455
038bdb8c6
00d598bb0
7f60f34f3
016f8490a
7c016bb31
06edd7636
7c2dff76d
039a10427
027162f18
7ba5e54c0
0070507e1
7ff1fbb35
7980bbe20
7df7f3fde
02dd11c4e
7fc656682
038c75474
7a9d8c05a
7fff96b6e
01714a6e1
7d77d6da7
7f120a27a
7dc432e28
7db6a5033
7afb38874
009f1bbc4
025dd3c83
7f2e0cdfa
7c46f4b5f
03a5fc2b6
79109b6f8
00e4f2f84
05fa15921
7e48b5c99
7d565b277
03f1e661b
79f43b568
7f7cab3f9
7a228f29d
7e4a1b9f6
7f549ec9c
7bd6cab96
03af00e46
7e54ad29e
7f16561a7
7ca53b271
052f77a39
0253bda9c
03b7e7f44
7f7ac9a96
7d4e1e7d0
795228631
79417e862
7e9681953
0293e7a0e
7b8210555
06b2ff1e7
0024bdcd1
7a5abcc40
7ed765e20
7fdbbe1c3
03a0ac21b
0466fcaed
00157ff81
7c0d3eba7
7b3875ec2
7d1f7c35c
027be38e2
024cd8459
7d5d89ec4
03b8b8b18
7efa67ae8
7f1ae0e7f
006237c7b
7c704e39f
00c21d119
00ef8407c
7ea9b7f40
7cb80f4bd
02f5d78b0
078e05603
0383a7d45
02b407162
010d3120f
7c8e4a066
03f70db49
0023c5785
7d2a80cf2
7e3c84a26
76a970c8a
7a4bdd5fa
7ff86cba6
7e285b035
7e4bfae1b
00de7d64a
020370ca1
038f32186
01bd41e5e
7d0005863
7cbb19d33
05061ce6d
00ec4bc78
000e0f48d
7a8ad6446
0233b9a18
03cf432ac
047ab1a59
7ce60b69a
7ce630f96
04ed599d9
046412414
7f911fc88
7da9f08af
7bb8542be
7c750d67c
7ba4492f3
7c4dc8f26
7ae669510
06902058f
7e4b719d1
7ed43faa2
7f8129a84
7bc6130fc
00311f297
035c31378
7a7bb0ced
001d10ece
7f533ecb8
7aa630a34
7d3c80702
03e38576a
7c2ae7aa8
7e7a1cfcb
7db056864
01da9085e
02729b946
0084fc698
02dc12687
02359cc02
7e70d3b93
0638b669d
05dda1826
00ee0d7d0
7f4444ceb
7bbe56ca6
7c9892ab8
79ebce6b3
01f4283e7
01ec1410f
055b0e219
7f08cd0a1
7f8f8e942
7ebf7c049
7d34be312
7a7adb51c
7a44c6880
006222ff7
000ec3c9e
006ae6969
012120450
7bcdce761
7ff9736fa
7c224553e
7b7810eda
7f569afac
7eda4a050
0094192e7
0237e635e
7caedfa58
0004e3371
7f3be5311
01d18397e
0a1323865
7ee33db7e
7ba279771
0542f1faf
028e2fe34
008eed4e8
7ad3f49b2
00d2da78f
04daabe94
05ff39df3
7e8b715bb
040dee09f
06ee34dbd
029d75241
7a8dd458d
7dbd1e3f5
0057b9892
01dc182fa
084a7e6f0
7c4c11e80
7c1b7de49
00a5dd1b9
7f7a924a5
017c2c9f9
039618018
7ac75b086
79081656a
00aeaf30c
041a8a860
031fda31c
7e5492902
075c0dbaf
752d12c21
04f30e2a2
00bc7c299
01acbb5b2
7f644d7e6
79cb9d3c3
79c6ea792
7e54fb5c5
00de78d33
7f21648cc
7c9d18825
7dd62beaa
000f5c33c
050052dad
7db4a54f2
02dcf26ec
02df47eac
7c219279f
780fba635
05dae7af9
0290590d6
00c6529e2
056643369
7d3613a29
7dae0f1cd
07135b828
01c9b2f90
01223e431
000ea8735
79b737889
02d5d9bed
0345b1616
7dd49d8f7
7cd38bb16
76dd352f9
7e2433935
03282aead
05ca203fb
7d8bff550
7ce2c9e86
7f4655cee
07072f799
07d9cbb19
7896e8258
7d65d0eae
7fadb313a
00b8505bf
00a02d72a
054e1a22b
7bc119877
7d831b718
7f147107e
7a6ac44ce
064c4d092
7e8468bfe
04495b544
7b6c7c797
00ce82176
7a2c57133
7e95a8467
78dfbfe32
7c1b0dde5
02c97bd7e
7d18bcc07
0243f4961
77ca6f6bb
7dcbbcad6
7e2fb455e
7eea34f46
7c5c589ec
7a0963d37
02e3bd40c
7f9665b69
7afa0007c
7cb61e330
78368432f
7b14dd32d
7efd1c6e6
7df94205f
7d6220e51
02bfaca66
039a3b592
01b329b34
01e488507
07617bd56
015f35d9c
05c7f45a4
03c631633
7d89c5b36
01dcdcbf8
7d2ba6921
7f61e9ad3
7956f5cc4
7dafc7c91
7f691b695
03e700ed5
7d3cea84d
03a12bc31
00b339dd4
01af07711
003b54a24
002ef4680
05de737e0
7e6618e91
7e28f3d25
05408cafc
00ab0a463
0465c47b6
0290865e1
0397851b3
05685c5e0
037b541bc
061772fa7
04f376f59
7ba1da1fa
072d92a94
78481981e
7fb804538
036b4948f
0434db145
7f281695b
045deb111
7e3fdceb4
013a99b59
009f06fd1
7bec6c447
7cef6f25d
7d1c4b7ac
77d96088f
7d13a6bdd
7f47a8a1f
015604466
01ee01685
09d045716
02a40f666
7e1ea2946
79b50b0c1
7ef393f37
07096772f
02b0f4e6a
048de9145
04d0d88fa
7e7d24fe6
7df1ee028
7f7111758
7e7832544
003074610
7ccb4a89c
7dcb2ebfa
7f11c0aea
7f6e91eab
008aa1cb2
7d5952c42
0427d54e0
7db3e515c
7dc7a9037
7cc9206a6
02856567c
03f968bf0
01579bf05
714f800fc
7e6744084
08727f585
03d161ec2
0439e0713
025d9346e
7c9d3a975
0235dfc69
7efe1a17a
7ba492918
01df4a28c
01dbfcd4c
07be8a900
7d55b85c3
78e078afd
7fc9b38b4
08ea2d292
007d010c7
7eb5db356
036f70679
06095a597
7cc88004b
7b7df4510
7fa1c8c8f
7c0c7aee7
011a5d8d2
7b787beb3
7ed119d14
7956c1b18
04d7b31e8
7f6638dac
7e6b7ddfd
7deda07e9
044877f5d
00dd9fc9b
7cf79ea2d
7ef46b58c
04015ee2d
7b62efdd2
7a020a9c9
7e9bc206b
7de7c2213
001ec1a7e
7edd035c5
0222b7da3
05c241a0c
7afad9bfa
7fea08f35
7ca8b9a79
7e5e5936e
7fcdd6b1d
01a857e04
78f430a76
7ebcd9228
050024094
013dd25d2
7ccb9ad0d
7d2cb4b90
7fdd4a1f9
7f04240ad
7cd2049f4
7ca7565c0
034ac3cb2
0395bbbc4
7e81cd0e6
7f42e96ae
00ebf224a
7b3e58c1b
03945a278
7e07b30f3
7c4354d3a
7bffe4ca2
7dbe15056
7dac19c49
017ffbb8b
7d094c6cf
037dedc27
04524d503
7b9ab86c0
7f32555bd
006f9f8c6
006c75a3f
7dee4bfc4
0073a8d8e
005845749
7eda02efa
7c9f2e230
7f9df9edc
7e7e370aa
7eb8a0ccf
7f695bed9
7ec98b66c
7fea386bb
01d66272b
008f2bf44
02055592e
7fe81f6ee
00ea402cf
7b27dd35f
008c2d0af
0164359b4
0221330b2
042441a39
02db56ff8
0499ea13f
00f6a9332
05b7c7f63
02164c3de
029b293c1
02d1920e0
7f56f2b3e
0329ffa5e
04a43ab24
0211e5fd8
0364b6f9b
01b4f07e4
7c8d66f32
034224ee7
7e36b7aaa
05110c05d
030f7efcf
02375baae
7eb24a8e6
7e6908a87
7c1a723f0
04b85c590
030cff2f3
0168fd34d
035e31fd3
7f350c6bf
0097fcc46
0171c8edd
02425faab
7c9944336
019d2a955
016a91766
00579647e
056251a1d
0482bcf11
035e3c24c
796c5eae9
023f9cbe3
01dffc6c0
0671af900
7e9c8789e
79e0ec041
7ae128f5a
02fee792d
7d8ee7d21
7e4cfaa4f
7831e2df0
0180846d4
0569697d3
076201e92
7a5ce0c73
045f84450
7e7911b32
030fd8e63
01c772fd0
038d741de
7f84a027f
002446d50
7af6ab8ab
02cc5c53f
7c1328ecc
06bba0f64
0403c4e19
02c157580
041f1ccbc
023bf73b1
7e1e26dec
03735dd0c
7c278a853
044686c46
7ffb5eae1
034b8f6ea
048c4c450
7ff1105cb
7b416c243
7f010a26c
067b12450
051e827b2
020ca3904
05bf29daf
02a096fc7
7d6d18254
7a09302a5
0233f442c
016367374
067c1382d
7ff0b3056
7c95f161f
78b45beb2
014d97df1
063146da4
012028a4c
7ffdbf468
776feecc2
7fe5917ea
03f631b64
01c8c97b5
7cfffbd92
7e5f23519
7b28fe830
00c9099b3
0466c7cb8
7d1f6701f
02522ae87
7dee6b6fb
7ecd5413f
7ebe9de16
002ae9127
020a233dc
029399d51
7b1cfd1f2
03b150db3
054f6a46a
7e060b93e
7efe26c59
796e6de61
7f5234bd2
00bd38621
7f2f7ff7f
7e0c05eb6
03b8542f5
00dfe2df4
7fa0aa3c8
013c01eed
7b6c5d8cb
7a5045c03
072de1eed
05a2ee1b0
04df2e739
7d497ed71
7e4503878
7f9a86e19
008226878
7ec4f3a90
7a6029e28
03d60a0b3
0079ed660
011ccbf8c
004d019fc
7f4347858
009196b70
0374bc896
7b6c63978
7ba8376b5
06e2b22fe
79314873f
04ffd1fbf
7e81ff6ac
0225740d6
7f924ba19
79a82dd8e
052d336f5
050adcd2a
0133c8a96
02bac57e3
7c7c03d56
7f2c46c50
06712a4bd
7d017ee1f
005939763
061a78d70
7df8b9529
7f9c6866b
7b1b481ae
7be7d0210
7fc18cd76
06a401fad
044e92fd2
762c9618e
7cfbc7c9e
79d93d2bf
00579d304
767e59de1
7e3a84034
033ca51dd
05147f000
7ca935990
7bae5218a
7c1134fc4
072bee63d
7c02dd84e
7c19f15d0
020618946
7cb265a41
0430b6414
7f88eebc8
093ae7fbf
00b4d2b86
7c46e41e3
017517b8c
0133895bc
7d92a06e0
021c30e87
0014e598e
7e06c9909
04108cc55
03bba6c46
7b3e0790e
7d7e2a41b
00a70df52
789266b71
7cb8a20ee
77a9822c7
03c285552
7dd46b446
00c2f4a4e
02fea86ff
7fc417587
7379b0a08
7bcfdf9ca
7917c94db
016aea7e9
76a74b576
00dfbfab0
050d2816a
047a65bf1
7b64d3341
7a43d888e
769e7da55
07e4be099
01c334342
7d494e374
0217bd8de
053502e90
7f83635f3
7a5a8a6b1
02e40cb80
01993c537
7cb3f191e
012b39ffd
044589638
07a679226
01dd253a9
008225a70
04f5abe5e
7ec21f504
01599c8c1
7b003de8d
02eacae76
79ac1bf84
7ce488d50
7e52296ce
7c126c877
7cb5fc549
00ae8cc49
03a55991d
7e01469eb
020c35538
7f9594877
00c31396d
007886f88
00954c91f
7f76d470f
02503c569
001a0016f
78cdb26f9
0474c516d
7ef73148a
7c2f9049a
03af7c51d
0481fae9c
05a4e5368
7cb5f5929
05292abae
017bd2196
7c71fea2f
7d366ec4d
7c5346ff6
01288b646
7c138f574
7e7f5b973
7e151be5c
06822d209
0009a2a43
011e396ae
7c76fcee3
021c09eb6
7d8b935e6
03ec8f2c4
7ff706112
7f58045ba
06d40206e
04e9e918d
08f3ae77f
7d928c903
7f825fae8
032cb2222
02d2de800
7d0515607
7e1c0ed48
0078b6df2
7e81dd7c9
019d6cbba
768063488
7f06e4e84
01b09293b
01e49adff
7dca06014
017e4bd2d
798789c6e
7e63c7755
0489f4439
03cd34254
7d4f6d886
7e5a85592
00796a35a
009c0bde4
07ea95583
021439f68
7d7bcf9ca
7e916cb4f
04a03974c
7f93e5180
7e18305bd
7de24be6a
78b6f644a
7ec1cf324
00e721ff0
01043956f
7f9a6cfc7
0305744f4
7d5a2a7ac
7c2d33e4f
7b1247ab5
7a9d40229
019d984b8
01e9beb17
7ff8e9ff7
00a39bc8f
027175241
005f153c3
0401b9b98
01655f90b
003a27b77
0271e095c
7ed0700fc
02bb3c3c1
7e8bd3374
7cac9a784
7d445be46
7b9f5fbdd
0179a4630
018d9f345
04839d30b
06540df23
07e2d8155
0217fe08f
02d9ad968
7f30d0daf
005ee9848
7f7f49aac
06cbce489
03bff2ce0
7f105e463
00d39c150
7a1696ed8
7c804601e
04bd93c1f
7dc4cc86e
066ece517
7e21e2155
7e6774782
0313aba67
7f118fbf3
015612fa7
03f43ee87
78be2557d
0519e494b
0188d2c5f
0624e4f7a
0640963dd
7f5e01177
0155d4403
02df2754f
78bf5b9fe
0010e8c41
00acc3493
05088cd89
01160e247
011a6784a
075d489dc
0518bc20f
7ff0c8f74
015173d5d
02b617a26
015aec889
0265ad2cb
0939e5a9b
7e8bb5a49
039de915e
77e0535aa
7fd8d32af
7f0ddafd9
02d389304
7fd4cf78a
025490352
040500662
0330ef348
7cbceb0b3
005e6eaaf
044e1b815
053d9c686
016a03566
78769aebf
7e8a67fd8
7d1f8d713
01e4871c6
063a215e0
7e785d3b0
7f1dceece
02be63ca6
0215c43e8
02e4c4868
06ca7116e
754612bce
038e00d29
02682fcb9
000cec77b
085c298c7
7f6f5417d
7921e1b16
030f28700
789ea8c56
7f948a6b9
01992cfab
7d6be35b9
03b3d6bcf
01f3edf21
7df4110cd
02a11f36c
7b98de739
017cb25b9
7f5f68bbb
7e73f22b9
0251e3095
7ccfac281
007becfa1
000243758
786edf691
7b240a004
0131962a9
7888f9502
7e4816d26
7f806b0b2
00a89eda8
7d7e839ff
7aed1c606
016d85172
7dc078a99
00b50842e
012b0867b
784ea5241
0093c5e3d
029abd259
7d5b37b69
03db99b52
7d3b55325
023ba8de3
009699a01
7d638e6ab
0432f50c9
0050f7428
02e653c79
79c8b2dcf
021543ade
7c81de0aa
7c324e2e0
7b44bd135
066682a10
0710cedb9
7d3651534
7f2b24b5a
7d5010e21
7f872fa6a
7df22f73e
79cf0dd87
01e8f91b2
047c10ee8
016ce0448
7cdcecaed
033578808
7fb93192a
7fe6fd3f9
0620f5939
013a7f3d6
07544a953
0683d6b32
7f4f7cf44
011548e3f
0321d6d63
0026e8ea1
7e5782f7e
0048f93d5
7db16968b
7ede507d6
05b907028
7f20280ad
7af54af3c
7b1bf5058
7d46ab4a8
00dc9b00d
7f4fce8b1
019018dbd
00f9f0f82
042eb32c4
7ffa8cc5b
7e3e27cf4
7de34a228
00f6c847c
7e5340105
7e33550df
00374a2d5
0268382e9
7ed6c95f0
0143be479
7d242c771
00d7145e9
01e86fb35
01d1d2240
79549028f
7d279eeec
0503f7988
07f2cccea
0125c5e71
0201eb4a1
7c368c818
784c0a3ae
03c752f92
7e0b4635d
7436e9e88
7cf820541
0241ec3da
01b7876a4
7d1fbb064
009b977a3
06d0c9e35
026dfe2be
794a30491
7703e6d23
0029e9fcd
7ee049c39
003a7c786
038054403
06c091852
04af52b60
7d414148e
7a4db342d
7eddd75ae
0263bac6d
026d4f5c9
023d6a2d9
00afad5cf
00233a7d0
04318a539
7e9531ae7
0106c627a
7e57cd2cd
7c3ea8dd5
7c0388441
002d07851
7ec0c976d
7bfcc69aa
022e181a8
7d54eed8b
7fdce1946
032acec78
0504ae191
7eabbf63c
7c9be3127
0229b3502
7f89ca6fc
01b8fcfe3
018b0432d
032e93f28
7ccab0f04
7a89f3c57
02a5810b3
00020a74f
015a42055
040525fa2
044383874
056d645e9
7d60cd855
7f32073d4
02fa4c21b
7af2892f1
7fe2f577d
7f14eee4d
02eb4a4d5
02c82c0e9
03d21de71
0016bd111
01683ad93
00a7b882d
02874e7d3
7c9e817a0
7d350bec4
7f75c7002
7eb4335ef
7eb21d750
03e278314
04bfd9b6c
01b26fa01
02b118f84
7ee6d59dc
7df650891
779f13f05
076d721b9
7f43bb3fe
020344f07
01d8a7e3f
7b3f1b439
7e856265a
7e9f0872f
00b9aab3f
01b3db638
00b2c1aac
06582e11e
7f578ddb3
0155cb3f0
7ee37030e
7def17805
03a9268cf
03b55e8c0
0758f284e
067f9f93a
7f1a227c2
7cf6f0f16
00033ef68
7f1cc8706
01e6d2a7c
7e6ffbaf1
03aedad03
0032ab8c8
7a5d9dc62
76d2c2cb4
7fd11317d
036685d62
03fd4b240
00ae3069d
7f5d56c51
7ca4e973f
0017b8e11
0848ae91a
015045059
7b047b804
7b0a93050
0539b0e87
03b49824b
021ff479e
78df948d4
00fdb0572
0785cd240
01152b3cb
7a83901e2
7a96c56eb
78bff3941
7da6b8291
0777589da
042025dc0
7ea175137
795685a68
03cbd9569
03e3baf47
78f3481ec
0211b55ee
02a530bf3
098c566b4
053a69171
7ea608e83
7ab617e5f
008b72018
078f4a372
057a471de
79a41a05f
7a34d438c
7cef251f4
01a9316df
05389441f
7e81fa938
04297ebc4
7c3d6b09c
00121072c
7d031ffe1
053cbc812
7c6aad9a1
7ac285a33
7e8011833
7f8cba2eb
053d01e00
7f7e513f4
7f8dd10fd
79b50cf92
7d5746931
00aee1d91
7c76214be
79edb5d5e
05d9a01ca
0567cd968
7e4c26836
7d4366c27
00d04f5de
0704f1713
00a49df1b
7ed1527ef
7dcd1c4df
7fc28c30e
014964a9b
004292403
04b67b721
0335661b9
043d2c3bb
7d9513df4
7ea45d642
77dd93484
01799ef75
7e44e0bc0
00ea735a2
019850483
01761f313
086b70691
7bdcfff42
7fce0785e
7f27c5198
00c20695c
7db68eb30
7c4cc47ad
0287838ce
02e6a7f9f
7cca5cfa2
7e3632a8e
797044abd
0413a0bbe
7ddac9798
0117dfeb2
01ccef6b8
7d73856df
7a9818aea
794880952
000d1d663
01914aac4
00974d665
01a6718c9
0261ec0eb
02804f314
02df85e4d
7ee3905e2
7cf26f6fc
04c7458a2
00de0a2b5
7f63715ca
03191bdf8
05e61ed07
7d0b28e9b
059bb7246
7b70986f2
07c8bb1a0
056f2cdd3
00f19d9aa
7cc142b69
0101a17a9
007d98938
0197eea2a
014be9e9d
7e75d6b44
7c99c07bf
7f21d7bef
7dcc663e4
7652228e5
00036c22d
007753127
7bdcdebc1
76fc3dfe6
7aa5c1a81
7d007b885
03d7948a3
7f9123d42
7a1db7bd3
7ccdfbf09
01427bab2
03f73b8a5
004379ebf
006cddd13
7fc6c3770
08836239b
094cc9726
0296c85a1
7d0eefa15
05dd367fc
03cb23c3d
7d34dcc08
03ebabf43
7f7311172
7cf72fb19
7d76158c3
01ff8a215
0363448b4
7f4cf6a17
03517ca36
02087f8ef
7cf9157c7
7eaed89a9
7dcb0211b
7f3bd5c45
7f319552d
7fb254a4f
7f2d6007b
00b4e3cb4
7f29e1503
02d8746c7
07845f735
018f35fdc
017c4f506
0537524c3
7fdf897bb
02c644d51
79c55ad52
0242cdbe5
7d75a53f9
7a27de44a
00f179221
033827013
044294875
7b42303eb
02287c95b
7c2279924
7ecbe52f0
033eee182
009ee1151
7f840cf80
7d7b16298
7b3a406fc
003f7ecc5
053c572de
0030a7c29
06432bf9a
032a08c46
0342fcd23
00bc29f7b
001853fbb
04038c65a
79a7459f7
7edfda129
7e68a9721
7b68da00b
798bdfafd
7cb013460
7cb0ddf8b
7958aba6f
033a89d6a
7a2965581
7fbf68020
0598aa8d4
04007d684
0382da08b
79bf02ead
7bf21b2fb
01a9343bf
7d1125bcf
02ad3a2b3
022b78e10
057318813
050f2a89c
04f1a8b78
02a449200
006178481
043577671
7c39fa657
7b9883f5c
014ba360b
00f340d61
78bf362f9
011b5c2c2
010de9270
077aa8eb0
7e682e8b8
7f8166f21
00d0ac73d
7ea0a8a58
7d0234050
7a82b383a
7e56b585f
014e05551
7df1800f7
7e783751d
088f2eb69
7f12e26f1
01608bff1
0590a1e7f
7e585d6fa
7d39ccc34
01181d3d5
000b26c64
77767ff7a
7fcae8060
05a9bff0c
060c10e08
03cdbb1b1
014ec0e96
7ef271c0a
035194ed0
790e5aa19
7be306926
058e851a1
7c7ec9e87
033f29846
7e8c5699a
7f1a4be54
019099544
0010918e6
00a079099
7a407983c
009f46614
7d3c4739a
01395bddb
028c1a2df
00f32a2da
7aae9af55
0345607b2
7ccb30307
039738cbc
01649930a
0248f087c
02023285e
7e3c3f141
7e06d0a69
04b63aa17
00bd53f33
055f0ecac
7e20df7fe
7f7bd3988
7f07c2fac
7f0c65913
79767d125
7d67a7204
0361a7c9f
0379768f9
04196e88e
00d722f4f
7c26d03af
7e5682213
0016feefb
010fdc219
7fb95536f
7c2824e5b
7c8122b2f
7cf3ff09d
046f84a88
7f15c62ed
7e97ac5f7
7c0f60b1c
03b49a4c4
7b540e2f3
032e44388
02cecd2d9
7ac03f5f1
031e6463f
0121eea09
00f322749
01237890a
0437d16ac
7ee389a5b
036ed8547
7e6c35903
02bac35db
0294d2d98
03e042431
7fd28eff0
7e34dd28c
01cc94844
034b9a58e
7ed815bbf
7a5adddb0
7bebda43a
014d579f5
7eb8b6019
7b9d26944
03c0d429d
082433832
75431284b
7efde10b6
0312bfd85
016a371f5
7e7c7c761
7fc3facdb
7e6b64dc2
043417c30
7dd192a79
00ee9e382
00ffb8f37
017e30d7f
03c737a7a
023ce2be4
00e032782
78f749c28
05f8d3d78
013dc6372
7fea72958
03bb6b35c
7be2ddc8f
7fb28d2d6
7b22f0720
7d9273eb4
7af797cdf
7efe9c1d1
0197634d1
001f8e8e5
014108f4c
037deccbb
0310b1c40
00efa7fa3
05f8a362f
05d4d7eef
7ff96a85f
79ba61d1b
7a2698f8a
018ec2300
7bad42051
7e220655d
023e824fe
082684880
7e17dc36c
7fa5cf612
01ccf0d87
06e5ba2f3
03170b8c6
7ecaaf52f
7bc80cfee
7f8bcd2fc
7e8c575ed
0000642c5
00d949af1
003ec26fb
01467f55c
7d22f2bc5
78f573bd7
7a95caf8b
04eaa7b3f
036fce4be
04acb1ad7
06cd87407
7eb4861cc
015a4e975
7ace25c40
764154a79
7f98518a1
02372e039
02a843011
7b68d152c
085294462
7f2ea5ab4
7f1c8d0fe
7cf14651a
049e02274
00c549237
00924ecdf
057fe7e47
00c189ae8
7e46ae981
05fbdb0d8
066fceca2
012a591b0
7ad708cc7
03a25dc7c
7fab9d1fc
043c8cc71
04546acfd
04a37cf55
7de67ba5c
0398beeb3
7c84340c8
02a2517f0
06f4bfa0b
02c80e77f
7a1ea8895
7c417f352
7f9325459
02413a8c7
768c6c3e4
07dd3f7d2
7f9101293
069fa951f
048d900b8
7b36c1e84
067f80134
00498888d
7de6a4c49
02c190054
7ff8b825f
7ae5125db
023406378
7da11e552
7e2be8365
03272d77c
7b7c680db
05c7a9342
0110d62ca
045c24b68
00a4f1353
7bf0fe888
01fe48b30
049ee1773
7a6658023
7e315b390
7fe0def4f
7d910fa94
07d91ca51
7f8e227a6
7abb26456
086723c9b
00882c72d
0045b24b4
7fabeb03b
05be1dea5
06eef1f38
027a17146
03048f8e0
7c080e203
0212b37f7
03a04e6c7
03f441022
004707eb2
7f567d0ec
7bbfca4a5
009500866
7f7e21915
7bb3c7dab
0200d5509
053526a2c
7e9462158
03e257998
040b3f32d
025a157e0
05959b282
025176c7d
7bb0bbb19
7fb7b2cc0
00b1e726a
008e1a3db
79ea3c504
7e3ede2aa
0177496f8
7f298fdfd
7f4463ccb
7e6bd8dd8
01c234de0
01e3530ce
7ccf78280
7c7c39ae2
042bc4d55
7f8ab4ed0
7ee291c03
7f37ffa94
0097b6067
7d6959bcc
03a9c25bb
7e85a3b7a
02be5f524
06e1d9219
00bb7401a
7c7189c18
7bc41c8f9
0304f2f18
781413ebd
7fa72ae07
00af3c3a6
0344478c2
04b07d8ad
01ace03f3
783f4a296
0382d01ae
7ede35d57
0249f01e0
7f1a57c7c
047fe4300
04529b41a
7d35111a5
7f4e01e49
063f72356
04622a0ae
05b5cc178
7f0f26464
7d7107201
7c22d2bf9
7f27ce4b1
03c0a31ec
7f000f155
7c78cb9b0
011fef34f
7c509195c
788f32bd8
01bc5b6e3
7e29a9c32
7d9920b5e
01126641d
0122f7b52
0191d364b
7ead94016
01bc7c972
0493aeb25
7d5f92445
7d65323d2
00e87020a
7e5f50449
0051144be
7955b6410
004b5b554
00d2ace86
7ad316fd1
7ad4853a5
78257dc58
03a8926ed
06afd76c4
02c17f4ad
79478c857
0617195b8
05952525f
7f1cdfb66
7cb97915c
004c08563
032c0e546
7f775b2fb
7d9d09d35
052bb631c
08f783e2d
039a3b3f2
7fc8b316c
00e463b18
7d79390e7
7cee013d8
7e3a40581
00c4bfb48
03a5c23b7
04d958ea1
7e8fba733
7c723e7ef
7e998a021
7fa35e298
7ef3c36d0
0236ebcf6
049fcc3e4
7f32c5ad4
7b5f96335
04940ccf7
7c344de70
7df84e9bf
7fcd52892
7cb3c2af0
019e0b594
78aaa5fd3
7b5dd122a
058448e26
024ce51e4
07effecdf
01e8841cb
7d3897542
07342dcf2
7c3dd2f22
7a03b0e09
7882bf506
7bea23ce0
7ca027508
065d5f78b
03a67c791
7eba3c32a
00ab2603b
02ca9332a
7bf25cac7
7d21fee8f
7f632f90b
05d2329f2
014a2afdf
7e8b34d8c
7f7d764ab
04a266d2f
0228a6c45
0460dadd5
7e1ce1751
7c832a0b3
00719aefd
7e0205b92
053cf2228
0154bc43d
7e2f65b18
7c02d4548
06d92f0f1
7f1fb55d3
0078fbf9c
066bbde8d
06c156b5c
7e7e9170a
020dd39c6
7c8d3b83f
04b039d11
7b08e7a2b
00dfe542d
7aaaa8ea0
7c5d93a7f
7f5e26bca
05c3ccf29
081b62a25
7a4ad2ba1
79aa6855c
01b9f9d9d
039032a32
7e10cb4d7
022e32df2
039933e95
03d75a653
7a52ad853
7f6808d86
7f5f9b9a0
028dff554
022444be3
052be4f4f
00f25b573
049858b71
7f672b106
04d4680b6
7f1156f62
7c80e6146
00ec552ee
02d20a52a
0645a8ab8
06affc96e
022ddb840
016ffd681
02b75e9d2
7aa3a9ba6
77b885f83
7ae7653f8
791971c79
7975e6f2f
7cb8b3ce9
7fc714a67
7efb3d43d
7c094f30c
0265ceac7
79be58c41
0552c1a56
7c3e819a0
06e83471f
035244d7b
7f0df9044
7e617c205
7a39c2eb3
7d8a438d3
7ada06590
038310cd7
79c6d80b3
7b06bb96b
0568a7bf0
081a8ba7b
01c1790c2
04323ffa4
7b63e713f
0267cf19c
7e4b3908d
7f668185b
05f5b3d88
7ee889258
7ed83c89f
011da7889
017af66bd
085880a5d
7dec4e3e6
01217af85
0067d8184
080e7457e
05ec1ccf0
011a28675
025b9813a
7efbf0d64
0844c770f
7dabc476e
7b2ffb04b
7e0c8af19
00840bdaf
026175a0e
087bb8c58
0235d3980
046c2cda0
001a401ff
7e5870789
7d111b721
7c7eefc72
013d4005c
794092356
030addd66
7f25399fc
7cbc632a6
7f10be9f8
7ba2c7cd2
7ecd755af
00fdeb9b1
78dca5384
7fe0e4629
7edf0184e
7b1018a43
7d68afed5
038f91d43
04a4f7968
7c1bc2a19
07719e57b
7e6a790b2
7c9bee547
01b5311cb
030ca11b3
7e5637c98
02234fe3b
013cd54ac
7b44258ef
01b85131b
08409992e
02de65e64
7e1b44e00
7cece0a3d
7c39e50ce
7e0a203c6
7cca8086e
00e01c74c
7eee4617d
7eb224df8
02dc113ca
7bd18dded
7cec9217c
7fbe9120d
7cb9f9bbd
03cc7de6f
7bd39fbc1
7d6e48579
7e41b273b
02323da61
7ea08d07a
7f6fd4fee
00d4e0413
051f3caff
00c34840c
0664ac056
7f09d84a2
02a31afb9
02e428bc9
7e5a3dd6b
00609eb8c
034a41ec4
07d3bb8e5
044e6d5df
7b513289e
7ea8ea46d
06060ac51
7e3c31c99
79e5ad9e3
081c8c182
7e25d948b
02760ee3d
7d834a055
7f303d68c
7e3513f93
03143eeaa
00f738497
792f6a4b0
0602b1a4c
04e32c859
01f1206c3
7a1d20c4a
7f1332cc1
0bbee7db2
7c7991b76
7a3fcc6cb
7ebee4ddf
7bd14237a
004f66984
7f25f292e
0237e8688
02ec34c12
7d2636755
7db32fa19
7f93bb8f9
05861a9f0
7f059c082
7baeee963
7ad0555f9
7ea86f805
011e5c928
7f678e931
02e395b33
7a8ad9fc5
7fdbf345a
7a746ed22
7dd179e78
002d768a7
7f416257d
7bc2aa84f
051312e20
7c815ad87
7bfd7e4e0
011d5aa81
027122501
7a51feaf3
01500026c
027fec642
081755f95
0377c84f7
7dca69ede
01fa3dc91
053ff987f
7e1e7de02
7f0e3acd7
05bb036fb
020548f82
0218b1773
071497638
7b8ca6ec4
005d7c500
7e5b71722
0487ff765
7d0697abd
7e950174e
7b415b867
7ec91ce7d
05ae4d420
0424946a3
7b56760ea
7c2d76a4d
7c76f38a2
019ed3a36
7efb9d643
045b3f604
79ada0261
77f1c91ca
7f9ac4ad2
0140e10a7
0461a77f6
7da3acbfc
00d0a9650
00fd3f563
7efbf4bc6
7feb253db
7cc430f47
7db0283dc
7ee6cc099
7c6ce0612
010a9af4c
0622f835a
7d7bb28a5
7dca74bd3
7e4a5ee95
7efd07b1d
005c3c0ca
03122d42b
7d3378632
7c35ba6da
006a05057
7e55bad37
021463c7c
7e3d3ab03
045d8a8f8
014f05c66
02d768b02
7d6238a13
003f8e2a2
0002ac2a9
0414b49ac
0146309ed
02ee17493
0253f8c9c
01ec6d72b
7c78323d1
00012363c
0222259eb
0349ef3a6
7dc0d001a
0577b6e48
022c68b4d
062b69706
05aaa7321
7fec07e47
788430768
01de525a1
7a24177d6
7bb30bc48
7e52a1b66
01e8c860d
7b5e390cc
039c03d12
06c3eaea4
00640282c
05bb7bbe9
035858cfb
03c4b8aae
7d84fa57a
036f85d3b
7ca84446b
7bf85d4f3
7ea2391d6
7921476d8
05e7fbf5b
004f8d016
7fdfefe9a
7bdda3ab7
7fd3ba8bd
00b2ad305
7b11776a3
005efe3eb
7b91c734f
0183dd51e
01ad8e9da
7d17bc0b8
7909b4d31
7e4290bc5
789d6a6b9
0501704ef
014e7674a
7bac895cf
01140be74
7db300425
0117d226f
7ef3c6e07
7d1b29e57
03b61ae14
78c72b9e8
7dfc23972
011c6abdc
06fec1fbb
053a987b4
010151276
046f13530
7d3ac060f
0196c8c15
021804a8f
7c8f114f4
063a36eb3
0030efe9d
7cc0d2ae8
024206ee2
7cf640d14
7aac6b2f2
7d5823f74
7e8bdf9d9
7d4242161
03bdf3441
02ef20b46
7a1bdab72
7f3b6af4e
016a5a2e2
7f3a95590
0ab372cbd
0293cadf0
7b330f9f7
7d3e6f06d
7d1cb93f1
7c936510d
7c99efd3d
7b91b8689
0229c4c87
7e148b38b
7d484b654
7a2ac823f
7f89df8a5
7e1e06e24
7ae9b5a5c
03aae904b
06fc23e24
7b2cc0b88
000613fbf
7c9495d1c
0132cdb51
7d52bfba7
7ceea8be7
043593bef
086d495c6
0209b702a
7f44ddcf5
030193721
7d7ee87df
031e3a9f1
05296ad29
01e5a609c
0298cc7e4
7dfd393e4
00664cf43
0232e74a3
78b3df0f6
7e3ba62eb
7a4283edd
79ac76b0a
042eb5787
020f4baa3
015c6d3f6
045675c67
031b033bc
0189f1402
0498c1686
7e888ec2a
7a44a513a
03b3503ba
00c78f1d6
017092fba
7b8018268
0139f383b
0400caa24
7ba9ab890
7a5b0a3e1
06beb6093
7f3da2ee3
04a9010bb
7dc733bae
0466447ee
00f1b540b
7f79e89a1
7cb3256ec
7a64ad515
7e29755ba
7cf9c11b0
0402974a6
79eb233ef
7ea277cf7
01239a418
001e527fd
021a0417b
07ac0aad3
7d0f9275a
011d90a0f
008546e4c
00d180fae
7e8ce4375
786a52901
7f8b8a3df
799b9d978
7d473af5f
078092ca4
01c4f3b0d
00997aa50
009ba61e5
02bee4bb6
01be5a90c
0101b1b11
76ecf3513
0712591e8
02513fe3e
034fbe6e1
0e30fb199
7ff796b40
7f75ab6fa
7a4215fb2
095d51f20
79e80142d
7feb286ae
0077acad0
77129a9a0
02e23daa1
7e24767de
0111b0882
7d4c52820
01212127e
7c1e00ea2
7a8aed0c6
7b65a3cbf
7f72bb8c1
7c1ffcbfe
7e08d9a16
073bd7b2f
79381a32e
0219944f1
7fb19f255
7a7a45965
097ca9bce
02ec4a0e4
04eb1f340
7c4d9fe6d
02ae0c8b8
7e059f14e
7c37e4ab8
7a69884e7
7c3944094
026f5481c
00ab525a2
0008c44a8
7ab29e911
7a2375002
05a241686
7a2b5ba70
7dfe0cff5
7f01cc095
7e443a814
7c288e96a
039fb598c
7d2946c5f
7d3475c09
0269181c5
01c54ed9f
013e94e79
00ba6af86
015125d15
7c7b46a02
019d70db1
0223ac73f
7bf474f7b
7d7ce05a2
7e727e03b
012d0dccd
030e39c42
04814e69e
021404c06
058f24e10
026622550
00046d8a2
7fdca205c
7d83c4705
045da63e6
7ee012b08
7faacf885
03c867161
022a55c2b
018825bb4
7f3b8d367
7d9f044ac
7d3bf7288
7e03cc891
7ed82465d
783dd44f5
7d899b876
7ef224a6e
01aaf80d4
7d4d79a7c
7ac542144
7db30ab93
7c6849cef
74b56fbf3
7945ad576
7b8e42785
7fcdf6c2f
00d47b4de
7e5b2c7ed
01f857bb7
7fb3c9db0
7f159194f
00506a7a9
0122f80c7
00c39c817
7bda1a4e5
7da8d9b50
7db02d591
030b27f38
06a88f90a
06be7d334
05f52cb31
7ba331779
7c81efbb1
7e8d02ee9
7e45e8ed8
00771a474
05fa380ac
032811a3a
7dc32ec83
00022b1ef
7e7259c03
037b24248
7df8b6f9b
7e03f8f38
7e17ea1b5
7e4d048c1
7d2c14103
05c6774ef
02cd5d91a
7e962ca08
09b2d5b6b
07952a5e0
7cf3cbcdf
010134bf7
03b83d87a
06773c950
043d28d55
00f818cd4
03c5a0cb7
00c898f01
78995e369
7ab0d80a7
01a3a8a5b
7daef1fbf
009a82ca5
7fe981397
775b61cff
7731d075f
00151bf36
7e6fd2006
00b3f5f4d
7b2ecc21b
7e5c0ca8c
7e4e8904c
7e4513ab7
7e821c25a
03742e2ec
01420344f
0af16fb71
7af269401
7fd1d5878
7ff0066ad
04ca3b8ef
7e3117ca0
023411c67
7fcb58964
7c875372b
7a991f08b
01137d73a
0327f5c8d
7fd52e4ad
0591146fd
7e005b04d
7cdf0e97c
79cbd0b03
7f2ae1ca1
000f07799
7e824a555
03e7cbed0
01501660b
017d010e4
7f93e166c
015e413b5
05ff55b54
00f4e18f9
788c4a7fc
7f4cdab82
7dd851f74
7e1186630
7936fed74
0221a5278
7f0a2d85a
7e7b2b406
02fad35f3
7f9170b9b
7f3446d9b
7f7fdae8d
02b42148f
7fe60b793
098daed2d
7ce318709
7f16d7aab
778a95a7b
029a6abe9
7f1512f80
00f1893a7
03c2975e9
7f6a1981f
7c62d9250
02f335804
7d59ba7c9
03b99202b
7f0ce97e3
00b97bf23
7b429a188
79d95b6a4
0127614f5
019eadacf
014fec484
031d9aa7e
7ceb0e47b
06847510f
7f87527ab
008127136
06ecf99cf
7ed6afb18
095b377ac
047f6062d
7be13e9f6
7ec5f950e
0358786a7
7ebc85f9a
7eeb21313
0280a3d91
02f52194f
7e1ac3e78
7bd1daf21
014933e01
7c156570b
7db2d2297
7c7d1cebe
003e9553a
7d85981a1
0253cab55
00cf44128
7e3ae8cfa
7c0a08177
7fe56bb8f
01b0aa59e
7ca04add6
018afc8b4
068205622
02c3b8ceb
7e3d6b98e
03b133c2e
7b2a3889f
05955c9b1
7b9ac96a1
08d78d7d5
7ffdb6857
01a05adc4
023a58ae7
043b65181
017e8ab27
7eeddd22a
7ee8725af
7fe9bd6b5
00416be1f
7e4b4d0b3
7e2b43406
024588dd0
0213a8101
01788cb7f
03c098078
0389e7627
0049c29a3
006aba8c2
001f9d943
0464ed42e
00a2ff47c
7cc742f34
7c8c659f2
04100abe6
7f97e614b
7dd745496
7a3606815
0176d3bb8
0587a0982
00744083f
03cfc5e3a
022a3cf1c
7c6dfeb6d
015d0c335
7b4511a13
7cd0bacef
7ccdd7d83
0559340d6
7ca193b42
0258cbccd
03baa44df
7c493c6f7
7d9030504
7e11d9b7c
016a86d83
7b534fd64
0023f8012
019f6f127
0159b5058
0033e0704
0287dc0cb
7b83e4f7d
0338afc50
7fdca57f5
7eb820c27
018359465
022063fde
036265a09
7c8e483b3
7934a5521
04dbd340f
7b35fb87e
03cec4035
7f6841d92
7da55eaa4
7ee797660
014c3e513
0094bf8e1
06b93c491
7e54e5679
048d2dba9
7d0aa5922
031244593
7feefdec6
7cb0c5043
7d91c5ff0
075d91d8f
7facbcba1
063bb0f35
018fa394e
7b686dc1c
05532cad3
7a65d1e91
7abed7eb3
7d6af04c3
008155b89
7f28298b2
7cb138ce1
7deaf2fcf
7fdd66e85
04f96e0a7
02b6f7d55
778c5c6cd
096936ca0
754dd5f91
02a03cb58
03594c1bf
7fdff673e
7dae384d9
07e93c8ce
7e2f07864
0085bdfa3
0440543e3
7ee362865
03ca99054
0039f22cd
7c60f142e
7ec51c3f2
021c1f421
7c10c2236
0025c14c2
7e7786639
7da4bfbbf
7f35daf7d
01c82dfa9
7cb9bb87a
075f21103
7957a6d48
08f78fb8e
7e73a9309
7b8f2cab8
008bf6364
03dd74519
78e6b69a8
7e20f4930
7d2a0ee5d
07d3df46e
7eb04953d
7e9f71594
041fe7d28
7afd64e7d
7fbcebf49
7e08f3cef
04a334244
74feefbf9
7e7ef8add
00ea5fbd3
7e90a3e62
0330ca3ac
00c95978b
007b5f28f
7c235e1a5
05822624d
7ed19274b
7cd92c902
02a600de6
7e972984c
7dc3bcd3d
003cfc673
00b76ca06
7f7c1c115
0085742ea
7f72d17a8
7fda86520
00478c205
013bbf712
0748f3229
019fafa48
01a2baf1e
7d815d0d7
7d0328357
02a6621c5
7bbeb47bb
7f56dfcbc
028d959fc
022dbd588
007d8d68e
015926aa7
7cfafc0bc
7e21ed4aa
7c528df58
7f00db6fc
799e374b9
7d9ef5728
7de214e52
044fc127b
00dd8f630
79893a3a2
0153424fe
013e40076
7fb4c266c
7cc4a8932
015d70162
014f19ba2
7cecb3e82
7a38b3998
036b2f72d
0290c803c
00f505632
7be559ae8
7b968556a
7ff87ada1
7c641f6d6
7e3fa410d
7d85329f3
043e93387
0241f4d7b
01eee115a
7e1c61c83
7ddb15d54
781b426b2
7e4bd4166
7efbda19f
024c0faa3
7c665ba59
046e7b5cb
7f228a6a9
7f56b2df9
009b314d7
0368de826
0429ab90c
7f5e56898
0138de09e
04313413e
0310f27e8
7cfc372a6
7c1408d3e
7e74d0452
7f3a6c05b
7add44300
7cbd271ea
7d62c49f0
01f5cb0c4
7d91d5645
03ef0d999
0204fb349
7ef1f29d6
7eef7b56d
0726650e8
7c6e31343
7b3d7dd77
000f4003a
7e00eb85c
7cde6b9ab
06973d01d
79b63af21
013ba5493
7cfcf1d65
7ad80ca3e
7e8dfe4f9
01cb503b6
7dd79c22e
0244827ce
7fafc7fcd
7de516754
03d8b20f5
0042db1eb
7e7914252
7e3cb68dc
7fb43b732
7e398f872
7ecae1bfc
08ce64804
7c61ac458
042510efe
04ca070ce
7b85cab12
7f1e604cd
04432c713
01ce8109f
7f0385f5a
010735ff6
017a15f99
7a984965f
7bcae2963
7cf32e93f
7d7949a38
08d0d4bf0
036f56583
793150a14
7c98a3656
7e67d2b53
0306b73a4
7c429cee1
030955337
7e21affb7
023a754e6
0282790b3
0305a97e2
021c64801
7e22374fd
003035317
048d91529
037c0ba94
7f16c0ff0
000bec389
01d9bce08
050ed9422
7baab7fa3
7cdd6a3d5
7cf569384
02053ae5c
7e7172354
7f76f8338
01533107d
022975b7b
7e307233a
7c890c6b5
7e6035724
0188a7da4
016532c5b
7e47089c6
7d61de18a
7f52f20eb
7ead57d1a
7bffb93d4
0455417a7
058d55a65
00bf3deb0
7ed77708c
03f0a92c5
04c79265b
7fb95f666
7f64f71f3
79b37f3e9
7dde86ded
0107e5261
7c3836354
00ba6e318
03f439238
7d79a4b3b
0309d2fad
00b8353ee
7a32aa11f
074991135
7d91d4c49
7ee0157a0
00eac4a62
7e426c679
740f32357
0381da1ca
0ac3be8e0
7dc1b2f3c
00008f60b
7e1670bf4
7f54c6257
7fa674356
03f206939
7f9e71067
7dcd10f44
0523a280e
7e4185ed6
7d5202a1e
027e18c4d
7b4c77f12
75b57a9e9
7f465bf74
059e158ac
04c22ff8e
7c32c9acc
7f1c85d26
7e9afa081
00f55ca93
7cdb96e9a
7e413e622
0360bc078
7f4f0070f
79d8af97d
7cde0b3be
7dd74077f
00dfd4cb3
7f5473503
0071951d3
7de67207d
01f920adb
00788d5a1
7be440915
7da236826
030455608
7ece7ba8f
792d9ac69
0121134b8
01aa931df
78435be94
7c6cffebe
7b2630e24
04a175efc
7b7506f7c
7e6f50a2a
7fd56c11b
001e27f0c
06bb8914b
026efe9a9
0170bc5e4
7fd49abe2
010847fd3
7de51243f
7fc6b9c8d
008f0153f
7f6c4d6f2
7e0b9c833
7cba6aab1
7e48c4430
00d66b2ec
7c31de7e8
7d4434f54
018830897
01854128d
00afc8e9e
00cadd2ac
067ea36c1
7c8b95a3e
0070b5530
04781adea
059fd1290
7ecb36e3e
7bf4066b7
7b177d904
7d53b0139
0211eb491
7d859d8f0
7f2b54036
768c0c6a3
06847a4c9
00707740d
7f806f139
78f2d6aa6
0313aca27
01b975476
7bb2d58d1
7eb5a72ca
7a3707035
78487cfcf
7f3a622d4
7dd062453
7e35b89f8
00f8b15c1
7a6f6a106
7759cd2ed
04eef315b
04ddf0bb9
03162d887
7cc9c9089
066f0f286
024457d74
7c8d868a3
05f616321
7fc4453b5
7c03e1bcc
7e8beadc6
019fe0ae2
77392943f
021d6ad7a
0228b5fbc
7a4281188
005047198
7b3df05bb
02e4892c8
7e5417e87
000bac4a3
00f999d69
77fe2813e
000c64e04
79f48137b
77d7e74c8
005d6c133
011517912
7ea257905
01da4f175
7e78438a3
7f7ecfb4b
7e7440326
7dc9f0337
7dfd7e99a
02f059bdf
7951bd25d
7b288c271
79c8f70d8
02b3ee7f8
7ad4bc917
7c8c896e0
01df29ba8
05780cf45
78a78de77
7dae96fc7
7a8f9a6a8
03b7ebe62
7ee171239
7aa91f1af
75e708098
0167f3366
79ea6926f
7d90aa87f
7f32c87c2
02bad8a30
01dd80802
7eb3a1443
7e4b1b6fd
002e9f45c
7daf24f42
005463791
004f737da
7de8273b5
00f6ff255
040144f2d
029bd4b6b
0215bc939
0267e478f
00e64ca64
7f5f206b8
7b96346d0
7e43dbf20
7fcfc6df9
7ae3c0cc1
01bdce1bc
00ff6074e
0268dd003
7d695b4f5
055e3d263
0293ab62a
7e361854c
0323e12ab
021ffc9b7
7e388be5c
02944b7fd
7aaf043d4
054e9a961
04210fb93
7cd4c384c
0131f8903
017eb759e
7d77cb184
00da923b5
7d9857eaa
7ec826dd1
7fc9b9971
03fe1e40d
02b6f875e
7d54d0233
01867514b
7fde373b4
053fab21b
002b1dbc7
7f2524b71
00eb5e0e3
7ea5d6423
01d97fec5
7cd869eec
0287f55c8
7e329c3b6
060681858
7f075aef7
78b55ae32
7f517c0b9
029dff62e
7e2d05e13
7f0a9a268
7a4ee74b7
7c95a8af4
080f208a4
0882ffd25
0063c1294
7e8ee5b43
7dd4ae1e1
0173fac5c
7f8d0b706
7e7afaa2c
01e4ed861
080808ff6
0525c4155
0208d020c
025378414
7f47e8973
0105812a5
0040393e0
02c463bbc
095726bb8
003d39e79
7e4279283
7d7f78e26
7fd68f07e
7e21f4edc
037c8ab39
0086319c1
79f3ec289
7c1c0ec86
02337ba66
7ce09a106
023fab3a3
7a894ab10
025cb3ec2
059228b4e
7d0d61ff6
7fade90f2
7f921abcb
799b5d6f4
01d6c2dc2
7d03af276
7f7731135
7e2bbca73
77aab3f0b
7daa75a1a
01a60617f
0219c9412
03fcccde5
7cb560ed2
020bf9fb1
01eb0fde8
7d39a1cd2
005696225
01dd0129c
005df2b56
03c809530
7e64b3114
053a5d586
7eb755328
029caac20
7aa93725b
0261850da
00c000873
00a924f7a
0202c9646
034c6ff85
02bcba6cf
03928b3bd
75148fa63
01b4d050b
02d07788c
00bccf9e0
06a09c6ae
7fb5b08a7
00363ab87
04c8b0e1d
7899653e8
7e9d80e91
055e258f5
7dc0e70ae
0342d5872
7df7acb43
02fa25ab1
067a545ca
7d3cd2820
7d6cd493b
010160d8f
7bd2ec315
02b72e781
7e51969aa
7d12b75c9
7fe6a5dae
040c6d88a
7dcd8eba8
006f58377
7fb2945ce
7c66e476d
7ce43657d
7dce719cd
0162ab439
074d2c5a7
760113c9e
03e7d2f89
78de77bc6
7b595ef5c
02948d08f
031c7ca9a
00e1458d2
7be27bb42
01df028da
7f31f49cb
007a5859b
03b1b088c
7bf05e75d
786af6aaa
7e71c94b0
07c7eb846
7e7dc727e
7e2d769ad
7d58cd901
7a941173e
7a83cf5b7
00ebfa7a5
054fbea2b
00691255c
7f916bf2d
7ed711e23
0086098e5
02f8216d7
7d9840bd8
001e0e05c
062f85145
7d375f242
00fe05132
7f2abbb56
7cbdf6baa
011a68011
7d6c3421c
7fc385202
03d185e7f
7d4984534
7b84c09c6
7d9bb3c5b
7bc4cc31c
000907dc3
7c30f1541
0091aecc4
7f7a6b282
7b4c85064
7d6800a3b
7b6d7d9ae
7c7bc4de2
7c1ab116b
7e53a1df3
7a61b5018
0198b14f0
0042f8733
7b319beef
032fbd4c9
06b0b5be3
005f72389
0396e3446
7e30e6669
7dfb0857d
01d706311
7b8db3e35
7ee3c83ed
006fa5c99
03a191263
79b5aac19
7d7299c8b
0294154ee
79f7ea1fb
7f0052913
016a905dc
7e45182fa
7d89aa08e
021af5883
7aee1cf52
7dd00f2d6
00ffaa23a
779a61bb4
013c63c5f
04a7234f5
015981d28
058a07f24
01c3bf6e1
7d31fb1ee
01bfbb798
00cda00c9
04092f4b0
7f0566746
7d24eb6ff
0143ac21e
06d6e6223
7fb693a8a
7b282371c
7ec68c770
033a5dae0
00d8402b7
7cd0ef346
025c07184
7c9c21493
776b133b5
0742dc672
03ce754f3
093c89afa
06b4af283
7b6810c02
7f14dc4ee
7f2514b5e
7ddcdc5d1
016cfe8d3
7dd24c05f
0423bb5ef
00a591836
01181eace
7f68208d1
027c04e42
006febcdc
7b2c9cbce
7a91d4a93
001dcb123
7f47acc96
01af73515
0637baf50
043b0fccb
7d1897608
0268d65fc
7feec9c29
02ea3000f
0338fac4d
0004286fc
0529eaa6f
7ea5ca1c2
7be7dab1b
02ed04189
7fbdebb2b
05628f024
0027543a9
7f7d040f7
7ff0d0564
78a854f82
7d8454888
04b7d72a6
026462329
021e26bc1
012817d66
012a494b4
7fbdfaed2
04f9008be
047c86650
01526d74d
001aab310
02e826a54
7d2de27ce
008953e8d
7d143b463
7e5e8d6ca
003f0f8ac
7db9fadc0
029b3a003
053970b03
7e6aa91d7
065f0ebca
007a4dba0
04117c98b
041e4eae4
02ef9494c
7eff9a67b
057ec7183
010b61af8
060cc46f7
0142a1081
798362081
7c043558e
7f24e93c8
00b6397c5
77b6af64c
02923dffc
79e2848fb
7f49975f7
037622fa6
0153c3819
7f94ef98a
0176ee716
03d5bd81a
7b2e9e899
015f12677
7d28d964b
0674b0bdb
05d7055c2
030c004d0
0102f6ff0
0655dacad
7ade2d5a1
07782468a
7f2f31350
001e44b68
7b9a904c8
7c23fb13b
0418b7ab6
01a80a49c
79ff6002d
7b30a0e9e
017a4150e
7ed24d841
7c3995c4c
7e12f290b
7a0d8d58c
7fed2dfe7
06a489ce6
0060e0871
7b58e4825
0373e404d
020904843
7a76c2710
79529c26c
7813c96b7
047807d09
00eb5b074
02dd5d721
019d55a3c
0889bb735
00eee4b52
7ae289e2a
7449eb99a
031b2e502
04b1fa788
7adf42948
042068f48
7e251ed66
7ec5af00c
77fbc02be
78380be5f
04480e51f
010956307
003c0a7e0
00593f444
0357b818f
7fe635041
7f7785d97
792dca4bb
7cc86e937
010b733c4
032d42881
7dba6bc73
7ebeeddea
045621fd8
02fa78c17
01352a85f
7c59dc808
7ee6727c6
099b9f699
7cc469116
02b1eb3d9
066ab48ea
06bfd708a
03ccbf923
7cb779af7
012d52282
7cb272586
055bb58f6
0101aea0f
00b400370
7876286e1
7808bf47e
01f22a6af
02a6074e3
0315368ea
7ea34f2b6
021bf478b
02a40f54c
042319dad
021de63a4
7c3499632
019b4dbc2
7c50fab33
7b9589f3c
79b9286c9
7fe5c9923
787fcdd4d
7f184b7a4
7a7fdc39f
7a508c09a
06dcc226f
083d7d0bc
02867638f
77dfad1f5
047302240
07a353c3a
0488629cf
01bc0c338
036375956
7fe12dc8c
7da1ac080
7f9533273
04c902837
0467905b7
7d873ecc9
7ca4074fb
032fe3d24
01451217f
04a3fa26d
7d6d5900b
7c06cda29
7d0901841
7a4aa76d2
015e28f2a
7fe658545
7f40dc5a8
7ff0c551e
7dba9da5f
7bff65d34
7d2c1098d
7a4b5b7ea
7e7766fda
7fee7e5e3
7fe51eb5e
037e4affd
7ffa4c8e2
7c4b0ae55
7d02af87f
7fbeb7c37
02972ef1b
7a7c91601
7e99ef5ea
7b841eb76
76eed7452
78c246bd5
7bf0f665f
7ce253a6b
7c3c87f26
7fecde611
0234c710c
7a3bcadaa
7cac0c352
038bbdd9d
05b7543b6
03d4c04df
7c3a2b657
79d2782f0
01181dc80
7e68673ac
7684f4c38
0234af830
7d2d2da35
0136b1fed
010876fb2
7e4e86af4
7a55de428
018470936
0601563a8
791eacafd
019766641
04a986bed
7c4598615
7fc7eab84
039c89242
7f1c50d5f
08df5e718
7b1baecd5
7e714a092
00c0da1b4
791a66e90
012a11a23
7f5015272
7fa332c7b
7c2b411a9
052ec7216
00e01cab3
7ff06ee03
065e8b689
0194a98b4
00813914a
7e07b3e4e
7eda12c21
00d771156
7f02319a8
7c004c032
02688471a
039f7b2c1
0122cd370
00d926926
017f9f8cf
034a30b83
7ffee4923
778559e28
01fac5982
0bc38b082
7def765f7
0268a2e23
0756c5e83
0277bae6b
7e4de5736
7c805f74b
7fd9dc194
7d2d1a95e
0340b3405
7e4010076
0120f7bdb
008540ab4
7986f0f4f
79b21033c
7c15a9ff5
05dc71977
03241754a
7fc69ba48
7c768ecee
7df1a2d85
7d24e014a
05216e4c7
7e8f663fe
7a1e6de7f
7e2ed21f5
7f52e636e
7cc6b4f46
018343294
03f69ef66
7cf78b439
02fd71ec3
7c1f3dd4c
7d357cdb2
7fb3697fc
0173e64a9
00b8e7bbb
7faaa987f
7a4cb380f
7ca46d77e
7ef6e71ef
7fcc28e1e
0095ed0ae
7d7b62970
024921e91
7e03e8f48
07606dee5
7f2dfbf4a
770417c29
7fbbc9638
774be19e0
04356d205
7d9f700e7
072c732a2
7fd061557
001da36bd
7cc0a84b9
7c9d8c3f2
021d8dfbc
7fc63a5ff
02096d12e
00fef7f63
7ca822b2d
7b8d337c7
79de25c2c
7ecf5d05d
7d9fa60ec
013e41900
7f5559fae
00e098fc5
7f3a8656c
7d5dcf455
7d6fdf56a
79ad097ef
08aaf41ec
7dde5f3a5
070f4b9bf
7cdfc15dc
7a2b900bc
0363abd6a
06c8ad320
7feccdea2
059977864
787ec3731
7a10c0f28
02fc6a85d
04e1f098c
06841057d
01d57429a
7c300cefa
052d9dade
7a5c4464f
7cd738999
7e2a735be
007b672b0
05a43a579
76b100f30
797419d55
7bc84c81d
062a6807e
077dd1988
01c461ed2
7c9eb6ab7
7d46f67cf
7a7d8288f
7d59c4e0b
7c8d83029
0520fbed2
0bd7989ee
09f39c94e
7a2e2fe14
00657c367
012afb642
7e58df7d9
7ff8cb41f
78e034f45
7f09232f9
013b6dafd
052a3ea11
06666b6e3
7dbdbb032
0193e1cab
79a8c880b
00cb68bf8
7f549791d
00638ec5b
04f856001
7ec96e91f
05c27cd2a
02944a979
070c14449
7a6a5c784
7765d28bc
799c18b01
01444428f
017e652ae
7f89e509e
7dafe259d
7aad03d8a
7f288ef51
006ac9d1e
7e9bb274b
7f055d346
000a91452
0371a094c
7f6f04934
024404f6f
01a3060d7
01351df32
7bfcb44d0
058b053d3
067020e4c
01ad50327
01acbfff6
044d64378
0202a13a7
073fc3b4c
7e8cfbf62
084e053c5
02604334c
79c729009
07043c445
7ee2a4b38
006ba5a32
03f1cd66f
7dc508955
7dd60c7bb
7f17a2cd9
014263c70
7eed12fef
7c3c05f22
00b518df7
7e2cb0a14
025535b68
01b3672a7
7ed1d7498
7d6b4a963
7ac2a3e6e
7d476d775
7b37de4af
034795ac0
03af378c4
7cf122063
7dfd48494
7c2189409
0429d3869
010395d8d
00a5ffc51
037c7db7f
7e009b33f
7f3f150e8
7dff159d4
010eae061
00dd86076
7c38e5b40
013b4c1e6
7c35fd004
009391037
046e2e543
0271b2420
7b25c7bcd
7ca18df24
7a1a92633
03a45d564
018f6f188
043229c2b
02afe1f53
002baf3d7
7e10ad184
045a673b3
7cac48304
0523d8c1b
000bb757a
035bc4167
7f1d0b40b
0246b4a3c
03b62a2b0
0733f4860
00603fd8b
02f33eda0
7fcec0d10
7b59b7887
01336012e
043066bed
014d403c9
029c972c7
007285d15
0379fcd22
02621e854
7e6ff5805
02e410b38
02c3a0619
7e437982a
7ed28d408
7a1a08f63
7f53e157f
7c747aa82
045e3585a
7cd80ce9a
7f44aa67c
7b1024b92
01a1e7638
0277109ef
7dc704fc2
7aed8d9ee
7d7d44cab
7c313bf2c
7eb5de8ec
02a03e57c
7dcf0f8de
010ea5c19
056833da6
057143ce8
05fd781c2
7c354fdd8
03063495d
7c8ed1f1c
039cedb58
0087c587f
038c922c0
0508fcc16
03ab2cec2
0000b8d0d
01558ffe3
03075d6ae
7e0fe9ed2
7e43cf7d5
7b45557ed
00b0e05ee
7ca7b3460
03739b30b
016c97f4f
0180c88f2
01801a7b2
7efb1802e
0413c78f5
79bc40e73
7f4b434a8
7d16c8d24
0818e6453
7ea3ecbec
7adda604e
01286c720
7e2591b38
041d34a94
7eac37045
020335fbd
02c32c73a
01f641bd7
785392cd8
7aef4f99b
7e364c7b5
7fc555917
054cb92cf
038c27128
7f5fca149
7e067fafa
01d86d2ca
7bfc66b9a
7e8a1a7ce
7f945c6b0
7f3d26188
7f335eafa
00a293e4b
004ca266a
006b147d1
7ed1521c9
7da9ac5e3
7d14362b2
02c13945a
79884949a
7c7a7068d
0111f6970
00f97235c
7faaef258
05691ac54
00f6c1285
7d486295a
7e4b81b78
04dc2f009
0223b0507
7d3117c12
7d14c2d31
0036bcda6
00a76b7ba
011eccc2b
04c8a8454
7ee6f55e5
03fe48a3d
76c64a153
7e1117fd6
7c803d81e
7c0bf015e
05fe3d107
7ef62f3e7
7f0842a47
7bbe25dac
011a774c5
05616701e
07f564d6a
7d5d2eab7
04fbfd84d
04702085a
7e4388565
03f85f971
7e85a9005
7e53056da
7ec871676
01308705a
7a299fa42
7e202bf6b
7dee760e7
7ff793a98
0228eb6dc
061d1b2b3
066818537
7cb42f3be
02874e4d5
05c153a47
7d9f6878c
7c3f91d06
021656799
00f763bbe
0160b4c24
024758a48
7dabd30f9
7eb407a18
0212f7a17
7e2073d6c
0394703c8
01f8ad98c
030064bd5
0102351d4
00ffada17
7ea0a827c
01513f544
7edf5de2e
0404cc528
7f7804877
02db01548
7d7a5fefa
7dcaf0d09
012809144
7dd184e92
7e4cc3e05
014ac0dbe
7e9448add
7fe3e541c
7e1dd3c29
02ad1a625
049369a44
037615b2e
7c8fea5bb
00b317b3f
048c0d3db
03e77dbf0
055c81174
7c9b73ee3
7b87f8e11
7db72240d
015839796
7f6902d1a
7a17be095
7c9cf8ae6
7e649cd62
02a4eac8e
0004f5647
7c3d6102f
05adeb975
024ccea5b
00a3031c4
084a5a0df
04d5d6e89
7a4ddd1af
002f1506e
06147105b
7da88a787
7e7b81689
7ee2bff73
7ee5a348a
0062a938f
7e6d45a1a
005118fdf
7b695b204
04787697c
7e9983b05
0210e0b6c
013eb5cb1
7fcaa3896
0091b3a7e
7d0ca689d
04417be35
00d8b1e29
00990e3a7
7c5c25321
7df456217
7fad7db7d
002a30395
0006d1344
7b74db12b
0415ba8e5
7ebc85034
7da75258f
06d71b95e
7ebeca663
7d6a72c70
0624f8ef4
0426ac4db
003c85f52
7ce09b1da
7ead46f7e
02c2a369b
7d0a0a646
7e78ace12
05cf7d508
7ef2377ea
02c94fcdd
0103a79fc
05399a33f
06af98b50
02335239f
7dd3f918e
009757cf6
09a170b3a
7f0c5a687
02b93fd4a
7dd5771b3
7dc0f6aa2
05e3d552f
7eabb1516
7e183bae6
7d132f537
7e555a149
00dd8ba1a
7d0ff06c8
7a1eab530
04adf35ee
79c256fb5
010873b76
0106fa8d0
027b72c49
00bd6eec7
7b7dc8f29
06971e0a6
00dc7364c
02464ecf3
7f15ad119
7a78c05c2
0197213fc
7cd2cc1f8
7bdef1ba0
07c0d130d
78e127bf5
7c81a880f
00f0e54cb
00c966b8a
058dd321b
7e57de6fd
7b1f456ab
7dfb4f976
0201c5a90
7cd817adc
7b58c4a65
7de41c81f
048c0191b
01280775d
7cfe74936
7d7925aaf
02c7ee67f
7e12fa81f
7f11f4925
7fe229b8d
7d94d65e2
7ce70a8e7
01ef819b6
7d5123a10
7b8cc0934
7e07cbfda
7f49f23ad
02d482287
7ad657910
070e9fa94
0018dc648
01abe15d8
7ed10295d
0280a9526
04fc3967d
7f3be69e6
0149d31a6
7ea716587
0573e3363
7a1162bbd
75849ef18
7fdd6d041
0506d5260
7c0d23641
043f35655
7f457e64f
04f30b43e
7c6e76d0a
796b740c8
02db47b69
0108acdca
7d7d95fa5
7f82c279a
0286d458b
7ae2ed6db
032740edf
053ab472a
7fccc9503
01c1367b4
7f6353608
076ea5170
7ceb36ad4
7ea8fe4dd
08e445761
0096549f8
043f08260
7e08f8d32
7e8349547
7fad70f18
7c355d83e
7da1aa5ad
02074bf6b
006b8c44b
05995b324
05f3baed3
7e9c767fc
00578aad3
7e64a4f5b
02c5159a3
7c7c59c9f
01276dee3
066f0dd9f
0066c5aec
7b927e791
01b3ca3f5
7c78241b3
0026771cc
0388a6cb3
7dc8922ea
7e1a30421
7f37f664f
0677f63ce
04e987d71
7f0bac9cf
011e49f69
02bf51f81
7d02a7682
0289f2bea
7de90f0b3
0087452c0
7e0235f28
7d96d7d59
05983ed29
009fadc11
0211f905d
7fbe0075e
7d93a65e3
7dd40f825
016395f1b
7b95b2191
006e39e3c
7d81a30e9
7ea6a7a34
7ccba408b
7a55d9e22
7bf78a63f
013e7799f
0085361d0
06e97ef2f
063296c4b
7d0c00b3a
7ef9165cb
0398a5fc3
77a4835b9
7ec643ff3
7bcad2621
7ed04ae9f
7f57ceee3
01ab7797e
7e5f33840
7e3fd1181
7f3007045
7ea8b301e
7b8aa62e8
7f4db91c3
7c240ffed
03331e02b
7e35483d4
7b44a978b
0000d7b12
7dbd5dfd4
00dd15525
0067fd17d
00988e851
023a5fb0a
01251b880
040aa9002
033c534ac
7e30cd473
7abd69b23
7bf45336e
02480cae9
055e9eb37
00caf221f
7f3a7c621
0008de33a
7c1f54e2b
7e4b5973e
7d10618fd
7a96895c1
03cebf8a2
0030cd202
0127bcfbb
09193aee9
7f4c7058f
79dfe43c0
7dba23277
0228d7574
7e93fa712
053c863ea
7e6c8a227
0474cbc65
7f968ab02
05f7636a2
7bc20554e
01cf76277
03244b9a5
0011c7cf6
0027cbdef
7f1079f9e
02ef5b2ce
7f8acfb59
7e70704e1
01d2023f0
7e7faa413
0369f6aab
7fac84b2b
06e33767b
055ddad58
7e6bc7616
7baa11e52
7cba14545
7de3d1526
7b7f215ed
7ac4d6dfa
0468271a4
01317925b
7d039e00a
7de5168f8
060bf4ca9
04150f695
02e51ae85
7e0a30f35
00238fde7
002053fec
7de546f09
07f8a331f
053c83ab4
7dd8325f5
065b8b5b2
7be16bdd0
05a77d4c2
7c26987ba
78bf7ac1f
7df973163
00bc302c1
7fcf936f5
06396a2be
07296af60
00ab105dd
7e173f56e
0328a926e
011abeb45
02b570c37
011f0e664
7fd315fa5
7e0f7f04e
7f609bed0
76e4bea48
7938e494c
02d2bcb52
7d90d34c7
7ae3f6c16
7faace7f9
7d1e42447
0620481c9
7933ab6dc
7a5404f68
01598a0e1
7deaffa28
79b25f11a
7e1558e8b
7a8e17045
036c98926
0018abe84
7f713f796
7d3e8e7e1
010c3ab8d
7edc1dfa6
7ec502f93
009296fa6
0103d89c5
04ce5b114
06247264d
01ce7dff7
031d7544e
0047cc717
00caccfb6
7b7c8f827
7e2541e76
03fa6e80d
03ad58cd8
7c14a7e1e
03a6d65e0
01eb974b6
7e5876022
014eeb4aa
7d2135dac
7ed92e659
7d6b216b3
7e239fcd3
7f14afd1d
7fc847460
7dcffad7b
00012aeec
7b550549b
7b63c9a02
7e509771b
7d9f4ec4a
7ef716dfb
7f3211103
7e52c70d4
7f91eb08e
7da7c4ee3
7e5ae683f
7d5fb1de7
006e4a8d4
7c79a883c
01300b8e1
7ec677571
03326b789
7ec42056d
00371d028
7afa3b72e
7da656b67
025d8af8e
786cc05cc
040a70a38
7f3df9c43
00d101dff
057a13a61
032638d49
04bea370a
7ceb5b2f4
7dfbbdb29
079614bdf
7c51b3a1e
06be66f29
029876819
7cc961768
03e9231ec
798512fc9
0612f7fb2
7a66a0d1e
00ead3708
76ecd2e6a
79e315c23
00471b6d2
7c822b2cb
0609a1950
00926254c
7bdd0f73c
7e8257aef
02ca26d7d
03e91ecec
06f7c61bf
7e5d31a96
7d3304898
00033ddf4
05878cd1e
002028875
00481aa75
003fb51f5
00e4db2ae
7d74bfcf3
04d9bf1fe
7fa72a42a
00b9d6622
03d8ca77d
014c22831
0418fde8a
03a963891
01a0f0367
06ed82c90
7e45f1f29
02c4eb7a9
7be055531
049e758ec
00925b64c
7fac13bf6
054999665
7e7d2703b
7ee43188b
7cd0b70bf
05dc2961a
7f9675b0d
7e4c8432c
7ed4fe25b
7fdcdc762
0590d6cc7
7fd3ab33c
054c1e2f0
7f08f004d
03aaed302
7c77d045e
01c8986f9
7d94e4db2
01762681c
7d284ab38
7d9cf50ba
7e1636973
7c8c47d84
01fa1e6cc
03a978de7
7e8a5c4ab
055321ee7
7befc65e4
025a8ef2b
79487ffac
060f5dd0d
01cde90ae
04c413014
001833fef
7da9b5925
7fa8ceb64
00e91fc2f
035f0d2c5
7fcbba28a
7d9dcbbc8
758d22295
7c9108a17
7b546f64d
0a97bebc1
7e2d32bdb
015bfa4c2
7f106b6d4
78905ad00
7e4532e1e
7b6637c36
064354b18
020b3c7c9
0172c1dea
7f138ea6b
0005ca3e8
7b4678e88
7ad3fa5ed
7ca3ddbb4
7b7350459
06a7d0829
7e0a5a19a
02e877f9b
0093ea4c0
018406282
7eebfe291
7ec0899b3
7a114f96b
02d428be4
01c490ad8
05cd733a4
7a691f2de
7a7cbd16c
7c689833f
02936a0ab
02227b802
007af1df3
7f616c62e
0191436ae
7e07edb07
7e0c59697
0238a3d3c
7f97d6864
7f3bdbd90
02548573c
7e0df4104
7dfc5eec4
7ff8cae81
78a6db400
0077b27fa
0247df1f0
00b2460fb
026e95d9e
7c841a2e7
7faaafea8
7dafc0615
7cb4fdac0
7df25b98d
7ff208c23
0537f91f9
0171cbc0b
00aedf89e
7e57b0c87
01d88f4fb
7ac51b64a
793f3b2f1
01e374551
06b879f28
025978d89
009b4e85d
7e76027fd
0314dc272
00d235be6
018b8968b
7dea405e1
7e7c13f32
008bba3cb
7fe3a0b3e
002de511d
7f9559763
014bd2244
7f1168dac
048735270
0296a72f1
05083d4ae
023fe1e34
03c034921
00496af02
7e1454a58
7fa81b46e
00e5f12aa
008c91e5b
7e22f8ad9
7e1ce4fe0
7f094bc50
01248a299
7d0aae02e
7f90046bc
008dc95da
7d51ea289
02be8a43f
044b5432c
7f8706d35
046f090b7
01040bcec
79726f3de
7fe611dda
7ad7d5d4d
007a76bf3
0645a8766
00ab509d3
00ef39e9c
01abb59d4
00214f99a
7e697e0fb
06661d176
029558df4
014d30fb2
7f0bb20e6
0515909d8
003afa674
000fa0d9d
7ef91bc33
00a3db0fd
003957444
7cd659ff9
7d85916f3
7ea03fe18
7c70de1b4
7e956da76
79d73238a
04f6a8253
0079b568e
04fcd0431
057ce0cb9
08dda211b
05acddc4e
7fd325bc5
051f0ba74
013204fda
008d6d316
0038ee885
7dc7fd54d
7c05a6851
02e0b5660
064aa6680
04f17529c
7eab2ea70
7f55bfae1
7d2c90907
7f3287b4a
7bb41b2d6
008fe681e
031ad225e
7fb765244
049328fc5
7e063b6e6
7a6b9b247
0094da65d
7bc543c4d
03b838caf
046caed44
0075fa144
0013648e8
02518de91
0164bde7e
7c54bcd7d
7fd84e5ca
7f09862f1
7b1bb97a1
01faff561
7be30de97
00327b42f
00651758d
018a7feb6
01ece9397
03377e141
7de1f93d6
03dc49979
022f2d35d
7f5972ae7
7c2fecc85
05c0c191c
048ae90ff
7d3c36576
7fdcf9fac
797cfd42d
0288a0302
092ddbe3a
7d855c731
018b17c40
01ae86f1e
7b2822723
7a26d4faa
7e7cba9a7
7efd9d610
0193b8266
03e5228fa
7ee21ab80
79fca97c3
7ed6736cf
7cbda5f5c
0309b902e
795424670
02cf1d22f
7f3405785
0257a10be
7b3960e40
011e39a0b
040e666ba
7be08df9d
04057b9cb
032814146
7c3b54a12
0014aa2be
0258fe961
7e634817a
7b2b9b38d
0168dc93e
7fb28076b
06a3fe336
7f2e2fbf3
085b61055
087e95f1a
000800b6c
02b722264
7e4181ebc
01891bc4c
00d809f69
7fda0e956
001c1ddcc
7f2bca426
7f22cd6af
02d3c68f1
0233d9d7d
7e6b215c4
00409625d
00665dae7
022c91916
7c7e97741
7fdea0709
00362d88e
013def00b
79954b065
042e20051
7fdcf4aa3
02fc134fe
0232ce448
7eeec5b2b
00ecff375
0080e5b09
02864c23a
7f191f489
004454265
7f4dca881
7d2ec4f39
793cb95dd
04b2ce858
0c58d9ace
0733d3798
7b0ce2e0f
779bbe93a
01ddde491
017e7689a
02f9187d3
7bd711695
03f6e6939
03ab650a4
00d8906d0
7ed6034cd
01cae37ac
7fd80532f
7f3d8bc8f
7f003c965
05d8f7eee
7c27a9873
7e1d42a36
00d88aed1
7e4046751
7a02cbb2d
0323b94ea
7eecd8127
764af6a77
7bc730df8
06d19e49f
034ca58f2
03b330857
037d006cc
01837e416
7f43a3ead
034e8155d
79a18ad89
033db89d6
7c2ed38e0
000ec3c2c
028c1eadb
7cd7c4a8c
023a57d24
02725895d
035669f3f
0320b6654
7d99975cc
7e7cfe591
00d9e656e
06f30bb82
7bf28b611
7e650c824
7b7cbf1cc
0003995f6
035555fc5
03ffb569e
01178b654
7de6a6306
04d0aa0f4
040e40ac3
7bc9cb28d
7f9263ab3
7ae6f7b65
7f07d9b91
01b56c5d0
0704c0ff5
7f4332edd
7ac19dbec
00949df26
7d44ac537
06b9e6e10
06f2cf0b7
0214a29b0
0168b6d7a
7b9e9ecfc
01d7fb0ec
7d16f5205
059f53582
7e0cc3a13
7aaac5e92
7a4350454
7cd66e4fd
02d9efa24
7c9bce338
0607ab243
00ae39670
006ebf688
7c014e9da
7e84e13e9
03dca1a85
7e5d5b0e4
7bea129e9
7e20fffe9
06493a5f0
00a9f8db5
7d3ad8345
7cb9111ed
02ee0afef
7dce14561
012056d21
7aa1d7278
00fc511e3
7afafa28d
7e48e17e2
7d4cde024
008f18df9
039168ada
7b02e779b
7b18ae7b0
0141c1b1b
79f3a8417
018bf5095
7cebecc2c
00ee11608
032d70a6b
7dc2a3e6f
7b2b68958
7f84d8f6e
7ecc18cfb
7f2b14e1c
7b0555b06
7ca747271
7dbfb5206
0452e97f5
7e04b8848
019811c29
00f38c4b3
7e2ba21d3
012d7223c
7e3b3d2c5
7a0cf33e6
0270b8c30
020c2c1af
07c47a4e9
7829eb925
04fe854ac
032e3c48c
024fc9d95
7cdcc13de
001bc06f2
03a3e63d6
006059391
002afca5b
0306ea1a0
067c69534
00cd7fbff
01667bf1e
7d41abcac
01b4415be
7d449ac5c
7df02e472
037e63f1f
03247dfc6
03291f7dd
0156aa5b0
7ce7c8804
0030796b6
01945b51a
0015b784d
7bdecfe11
7cec0e77c
01c0dcf22
7e9e904ab
0148babc7
037cadec1
0042ac916
7b223b49f
0a61ecfc5
7f19c1554
7c57dc886
00087b634
7dc7953a7
7ffe7e790
7db505f7b
0370f3679
7a2345118
00f6dd945
7ba38fa68
7bddd90c3
7dd7160b0
067321a11
7bf36ab0d
00ee4ed8f
0220e3b8f
00293d211
7a59227b3
7e72a2c91
7a5f136b5
0194e8e5e
7c70ee8ad
023a3dd7a
7de5177c2
0250bfef0
099498b0c
0298bfb38
03232a520
7fea43320
04ee140c8
7fe06c142
0514ccd6a
78ccc01bb
7b5fef37c
01b2bb7bf
7aaf64342
014f3a08c
00c9b1b28
011de9ed5
7e9a33766
014a2e1c9
75dc27a53
7ede50ffa
7f21e3140
7c5741605
7bf1dfb8a
03827deff
78a5212b0
075ceeab0
00f30ecbd
0a02f9ddf
7e91ba10b
7f1039759
0751df384
7e8178cac
01c1314ed
7cf619777
039c54d86
7eb89243a
03e941487
7ca890d08
04c110800
0151031e4
062d40b9c
7e73398f0
7b7f537cf
7fb572af6
016fbd761
7d0172c12
7aaa232ba
0149b7852
7d05bd198
0113aef02
7ed731922
7e83ac4dc
048f46133
03c9cca6d
7fe35054a
7eb49bf6e
03e01cd20
06b170f3b
073017084
7ec0fd5e0
7fe3e1607
013e50ba1
0806936fa
04d809973
053234e18
04621358f
01ac0cfab
07a61396f
7b6d4eeb0
00cda4870
03fa2201a
00a066e7e
7d21bccdb
05271f293
020a2b848
7b9741227
7e62cd27d
001aa41da
7f1cdf83a
7e90d2308
7ec13f99c
7bf3150ad
7e0359135
7b90b0178
014cc92bf
7efd8a6c4
7c296ff3e
7b9585164
7d980ea3f
7bb6f54da
000b48e31
7f6ecf510
0027fc985
031587fa7
7e782c914
79f3ce81e
7d3dac3c8
08bb64d2f
7da6f83be
7e7253aad
09586933d
7bdd2652f
7b136060d
0627a59f9
7b42938f9
7fa1c4b13
00380efb7
7eb0c6691
0159bfd1f
7d3333e94
7d79d4ce7
7f809169a
7c8db5dd1
00e62a1e9
036213dd1
7f825283f
7ab436aee
03438b268
050e50a36
790e1a200
02e578441
01eff64a6
7f39798c4
01bb954cc
015e2854c
033366f0b
7fb216520
7bb8653fe
7fd16af21
7cdf59543
7e2ec3e27
0252204b8
7fef58c83
7f8277397
003caab4a
04e213509
7c3bf8c34
02e7987f4
0164bf877
010f69431
7f81a7195
015804bd1
08590121e
7e8e1c40c
021a6132d
07d19bd13
0077b942c
7f9dbb251
794b75948
7e1c3dab3
7f1da7c53
7fb3f4e5e
02e1d7c2e
7f108862c
01afbe216
7b76dfa3c
7f92b89a2
7820bf8f5
7faf43d8e
7f7945e9c
012f0bb08
04e4bd967
7dbcbb63b
04bad5972
0116acf31
027e367fe
053fc6aba
7f7a0de5e
7ef022b88
79a5d8534
00e2453b9
010849261
7f464860c
7b696fa23
7dd89fe02
7b42d1164
015185333
7ec214739
03c479482
018756fa7
044cd9a34
02acd5650
05346a8fe
7daacc641
0266367e1
7586c2ee7
7f6c83a65
047ae88a0
04a4a8aa3
7a9b8bfd7
06aeb7808
7eb2d8678
02cc730a0
7d610081e
7dd75e05e
7d17eb522
0560fe40b
7f7a7f9db
7c95c3095
0228fbb96
7d9e55809
7cb2bb016
7ce891311
7e7e0137d
010244de9
7b8b303c5
7d3ea54e1
026ec9aa8
7e4d5f962
016ab8118
7eb625344
7d9e256b1
0229a537e
7ff78420d
012d7f10c
05bb85d84
7f31dee6a
02e92fd62
7d184c269
039e4c9d1
7abc35a3f
060a8e929
020964f1c
7c59f874c
7caa36128
03d5aad28
7f110d8b5
7f265a5ed
0395a0083
7a3508763
05ae8b5e7
766f3a907
7ce23edaf
7c74049ba
7a1acd084
03d720d45
0184be757
772bf5368
7d62f8d28
7f4b270c1
01d831cae
7c25bdfae
0010f86cd
74ede67dc
7eb140959
05cc2e965
06fc66516
796024224
019a5b741
7efe7334d
7ebe273a0
09ad7d791
7f9755323
7743f3214
79722262c
7fb169c4a
7e2b1eaf8
7f7213a21
01da5b615
7f438ebb9
7e898c9e7
00a1aba50
7ce147ef0
7fac6f70b
01784543a
7f5c9b626
0791805fe
76f2deee8
056ba6705
0502f85ba
0203e5b1a
7dd6cc403
7d5605df6
0243bcd5a
02c57caaf
02e8126ed
0cf1d04d2
7d89778f5
046691fea
7cb5082ba
7fbf21e9e
794671e03
783e81155
05a8e69e5
7e4f867eb
7a2289906
05f6c6552
7cfe56259
040c10c6c
7a198e521
0228df25b
063717a29
7c9ab8ddd
7d8f89306
7d3b2c84c
7ecba351d
006913f1c
0896db4d0
7a5de5b7a
7d2189697
76ee25573
7a9803d78
069259e66
05cb4dce5
7cb479152
01ab660bd
00957e34b
03348c62a
7ac446a1e
00b11ef6a
0062fb5ea
7dcfb54fb
024f3afdc
05c30a726
00b1a3b44
048043e80
05ef6fdda
7a76a5d35
7abcd011f
7c6eb31df
7dd5af69d
01b3c495c
011b2961f
060ec2a80
7e0380676
7b931cf5c
010d3c3c4
7969d2ef1
7fefbc64f
034f02016
02c8d453b
042318e67
7ff34ac8b
7e1da1f11
000193a13
799837c37
77f2f0991
0292bafb8
02c739c70
7f528b3ee
7d696f1f2
068ea6010
004f6649b
02f11833c
0635b8eaa
005bf2b25
00f0fcf1e
0234c6345
7f29f8e7a
00f05cb67
7d06eefbf
7912abeaa
789d11a0e
05069e466
7f0fb9b7e
023d82e12
00446d1f2
0362a1912
7f041a25c
7f2a2b7c3
7f615ff7d
0082619c8
7b88801a3
01485c0db
7f27fe8eb
7eea8a99a
00d1d2c22
060e0bd3e
071fbf154
00a2de117
013e4fad2
0663f7adc
7fee5dad9
0286f1cb6
055c25d0c
0a2e1c22e
046563c0b
00a5f461e
7846cc7b1
7f95d61e2
035e12f8f
7e7cf08e9
01c3233c6
037751ccd
0614c97af
7f1cddff7
013417b4b
050849329
0002c2f9e
03b029bda
77b2726d4
7dba01d7e
7ad299e85
7d41df5a8
7eb2fc864
7fd1b7e60
7dbfe0e26
036df44c8
7a6abdb0a
777e01cbd
7b1aa75d9
7fb2e931b
7bc2db865
018e9c366
7e1ac0ace
057a5448f
7c89e8ec4
026c3de45
01146d88a
7ec7859f2
7f3dec3e6
020dab00c
025e835eb
03c40d4ee
7ecdcd116
7de987d7f
7aacbec2a
78b302900
7611ad7f8
77fc4c822
015be2720
7b31bee9b
7e60fc7a6
01bb2cfbe
01a4409ac
0182db8b7
0634ce18f
03c33c627
7e260eb4e
798eb205a
7e3a09371
00efd6b0a
03441eb06
00aba1a20
03812c422
01ad826b4
7f7567940
7b76dac88
00516b22f
05e717420
005d1eb56
7d9518aa6
014ee891a
008826fc8
04212c104
771f9f766
04d3dfb01
065038088
7d51eb831
059d08ed7
7f43b6cdc
7ac3702ef
042756e1f
799181fbb
7fef5779a
7e1f88c0e
7eab63efe
074d51359
7d9611c8d
0259ed08c
02904a4b1
7f38d465d
7f805a4d1
7751689d0
7ebbc5c43
7b5f40ec1
0324b006b
7eb6f01b9
046ee65c8
7cabc4cd6
02bbf8bd3
020bbd67c
7b1204909
06aec3fcb
001730020
039c502e3
7becc1e9d
7fe9d896e
7dfda9dfb
03c1e6989
04f3c2e03
7b079281e
7bdd8e301
7ff97f3f6
7bd83931d
022c8c0b6
008fca1c7
026342250
7df6f381b
02c99697a
013dcae5a
7d9833d94
06338ac12
7c8f2bb94
04f6e11d3
782664ef2
0489c21e4
79813eb62
7d969f81f
7dc78bd19
072edcd09
7e25286d5
02131b353
7fc78032e
030f52fe7
04d7903c4
7ebeb9938
0139724c9
06de83012
7f8aa2de7
026b7fde8
7d0bfa123
7d08eef36
7f0d7b887
7bb7d18f8
7e30d830f
7ebd5c76e
7f285cd6a
00f5e23bf
04616a1aa
7fa1e6115
0722e06ba
029a3bccd
7ee0ee8a4
7e9f1074d
7e6fae1f4
7efc41e74
03bffe76b
7cb43414d
02fd92de7
7f6a912e8
7982de1f5
068f5f1a0
002b79443
03c94006c
7d88534b5
0646660fa
00fc8c0d1
7c0c86d54
7aafaf7a8
7fc5adb63
7fd059b64
038e53b83
0060abbf9
7cab9caaa
054d8b09d
00170ed66
7b47ccfc5
7f21f2fed
7ff892d85
035c89e1b
7cd332341
7ab609791
7d8401847
01bb64cb2
7d65d86ea
030d5cb5d
025fc8e31
7fd8f6842
7dba58b08
0441a0490
02fa04b3d
7d0c588fa
01a3e7850
0103385e5
7f862c5b0
00078a681
004f25f85
003d8fc36
018c54a4e
04bb77afb
062c35411
02250fa7a
0060040af
7bfbe6a5c
00a22c017
0058c4c2c
00ebc0512
026cddde1
7de58b503
7c1f66002
005e5ff26
009ebefda
7b775c9f3
7ef7936cc
00ff6b5d0
7f63b5003
029919b3f
045e10c12
7eccd6ce8
7ee2f3f4f
021ccc1d9
00f2a0814
7be5bbb4d
7f84ded76
7bc94ab0b
000ea50b5
04f12beff
02ee4a6bc
7bcd20720
032b8e67f
0268dec58
7ddf58a63
7b1583398
00076c507
016eaca98
03886ebbd
7d2a59184
03e6af8a1
001c083df
01b674b08
01e91c545
05a3e74d1
046c803e8
012b7325d
06597f894
7a6363d58
023d650d4
02c692740
7d27eff1f
7b696b99c
7d7062239
009f3a180
7d2f1db2c
035c4bc95
7c1b0c376
7e36d75b7
03c6c5811
007655b65
029413968
002613e9d
7ff32c9f5
042d771b3
02336e625
0057acdb3
0376ba083
7ff189afa
07ab2aae3
78e8bca8a
02629cb59
025cbc4d5
03dd98eb7
7f08c9637
7eebca656
7b3deeb3a
78ca7f018
009a760dc
791e68095
047ce4e27
0025cd782
019ce66b1
01d516c79
0361c5ba4
00ff6aa2b
00ceeffb2
02894f8a5
7bcfa758a
02057b737
011a0bf7a
7f1a52138
00a3af798
015a12ce2
002c8c99a
033261775
00f23ae12
01cfacde3
00c427c26
7e77001bb
7e16cf925
7e1f380d2
026bfcda5
04a829a50
04b223790
05df39a01
021344ba3
02484ce1e
03ced388f
06e5a4550
7f1395862
081c51896
0026b9ba6
7f0a57d74
7dcb70def
046f73875
7fc0af894
7f9494ee8
7d9f592f0
7933b0e85
033a4da15
7e4b34794
7ed19f21c
00e39fc6f
7a11efa48
01503e7b7
7f42e4cfa
7d35cc4c0
00f052f58
0169378eb
00633306f
088d5241e
0142bc38e
7ef545050
7c0ecd462
78cf76b8e
06f76d0b0
7cab2f735
01e64444d
78daa037e
0086489fd
7d57f1168
04f40848d
7efe7be3b
7aa91c765
00df949a9
0090d149e
015b3c5e3
7ee496605
7b2c3009f
7e7bb86b4
7eeb58095
00cc3b3bc
022fb9b6f
7c871a52f
018a6de72
7ad49c88c
02b688da7
7edbab10b
7e3b1b30a
7abd8f816
0402bd9f3
02c853c4e
7e5015038
00f6992a0
01132ec98
01c78d7f8
02ba65546
024f400da
7d9c192e7
